employee_id,department,manager_leadership_style,pers_openness,pers_conscientiousness,pers_extraversion,pers_agreeableness,pers_neuroticism,work_flexibility_preference,years_at_company,p_o_fit_score,fit_eligibility_class
EMP_0001,Data Science,Supportive,2.56,3.41,2.71,3.73,3.33,1,2.2,50.4,Moderate
EMP_0002,Product,Democratic,2.81,3.74,2.89,3.96,2.71,5,10.0,40.9,Low
EMP_0003,Marketing,Autocratic/Micromanagement,3.87,4.69,2.37,2.97,3.22,3,1.2,44.8,Low
EMP_0004,Sales,Supportive,2.78,4.11,2.49,2.37,1.89,2,3.9,26.0,Low
EMP_0005,Engineering,Autocratic/Micromanagement,4.38,2.82,3.55,2.98,2.81,4,1.3,14.4,Low
EMP_0006,Engineering,Supportive,3.55,2.74,3.31,3.91,2.14,3,1.3,46.9,Moderate
EMP_0007,Engineering,Autocratic/Micromanagement,3.66,3.76,3.59,4.77,1.72,3,6.5,35.4,Low
EMP_0008,Product,Autocratic/Micromanagement,3.41,3.07,3.37,3.24,2.01,4,5.4,41.5,Low
EMP_0009,Marketing,Supportive,4.14,4.19,3.76,4.87,2.26,5,1.2,50.6,Moderate
EMP_0010,Marketing,Democratic,4.15,3.83,3.9,4.0,3.7,1,0.5,43.2,Low
EMP_0011,Engineering,Supportive,3.83,3.9,1.81,2.66,2.24,2,1.5,54.4,Moderate
EMP_0012,Product,Democratic,4.0,3.38,2.52,3.63,1.68,1,5.0,39.9,Low
EMP_0013,HR,Democratic,3.45,4.84,3.01,4.02,2.81,1,0.5,39.8,Low
EMP_0014,Engineering,Democratic,3.98,5.0,3.18,2.04,2.72,5,3.9,43.6,Low
EMP_0015,Engineering,Supportive,3.36,3.63,2.66,3.89,2.31,5,7.7,50.3,Moderate
EMP_0016,Engineering,Supportive,3.6,4.01,3.93,4.2,2.57,4,0.7,63.9,Moderate
EMP_0017,Data Science,Supportive,3.41,3.86,4.78,3.74,3.48,4,6.9,39.8,Low
EMP_0018,Sales,Supportive,3.28,3.64,3.35,3.46,3.24,5,0.5,44.4,Low
EMP_0019,Sales,Democratic,3.12,3.3,3.27,3.4,3.17,1,3.8,32.3,Low
EMP_0020,Data Science,Autocratic/Micromanagement,3.93,3.15,3.88,3.36,1.75,2,5.5,37.5,Low
EMP_0021,Marketing,Democratic,4.52,3.12,1.71,2.79,5.0,3,2.1,30.9,Low
EMP_0022,Engineering,Democratic,4.42,4.04,3.22,3.09,3.54,5,0.8,54.2,Moderate
EMP_0023,Data Science,Autocratic/Micromanagement,2.72,3.49,3.98,3.25,3.11,3,9.1,38.6,Low
EMP_0024,Data Science,Democratic,4.5,2.25,2.69,3.57,1.77,3,0.5,24.8,Low
EMP_0025,Sales,Autocratic/Micromanagement,3.38,4.07,2.22,3.17,3.46,2,2.8,16.1,Low
EMP_0026,HR,Democratic,4.02,3.78,3.05,2.98,2.3,4,1.6,37.6,Low
EMP_0027,Engineering,Supportive,2.97,4.61,3.15,3.96,2.54,5,2.2,62.5,Moderate
EMP_0028,Sales,Supportive,3.7,4.02,2.47,3.72,1.36,3,2.7,34.5,Low
EMP_0029,Sales,Democratic,3.82,2.91,4.88,3.18,1.71,4,2.7,59.6,Moderate
EMP_0030,Engineering,Supportive,2.56,2.46,2.82,3.8,3.05,3,0.8,30.3,Low
EMP_0031,Marketing,Supportive,4.03,3.37,2.28,3.23,3.5,4,4.0,48.1,Moderate
EMP_0032,Engineering,Democratic,4.54,3.42,3.13,3.54,3.25,3,0.5,28.4,Low
EMP_0033,Engineering,Democratic,3.48,4.37,3.93,4.09,3.22,3,0.5,47.1,Moderate
EMP_0034,Product,Democratic,4.55,3.79,3.21,3.14,2.65,3,2.3,42.4,Low
EMP_0035,Product,Supportive,3.47,4.48,3.59,2.8,2.37,1,2.7,53.7,Moderate
EMP_0036,HR,Supportive,4.19,3.01,2.5,3.41,2.93,5,1.1,40.8,Low
EMP_0037,Data Science,Democratic,2.05,4.38,4.39,2.68,3.36,5,2.8,51.4,Moderate
EMP_0038,Engineering,Autocratic/Micromanagement,5.0,4.23,3.65,3.33,2.7,3,2.5,36.5,Low
EMP_0039,Marketing,Democratic,4.65,2.59,4.04,3.33,3.67,2,1.5,29.9,Low
EMP_0040,Sales,Autocratic/Micromanagement,3.4,4.59,3.49,2.02,2.53,4,3.7,40.4,Low
EMP_0041,Engineering,Autocratic/Micromanagement,2.22,3.86,3.86,3.82,1.92,3,11.1,33.5,Low
EMP_0042,Sales,Democratic,3.8,4.04,2.5,3.39,2.69,3,2.4,18.3,Low
EMP_0043,Engineering,Supportive,2.59,3.28,2.81,4.21,2.78,1,5.4,50.5,Moderate
EMP_0044,Product,Democratic,3.91,4.57,4.28,3.63,2.63,5,1.0,38.3,Low
EMP_0045,Data Science,Democratic,3.89,3.09,4.45,3.94,3.72,4,5.0,33.7,Low
EMP_0046,Marketing,Democratic,2.94,4.3,2.28,4.21,3.34,5,3.7,34.1,Low
EMP_0047,Data Science,Democratic,4.38,4.29,3.4,3.42,1.56,3,3.6,60.7,Moderate
EMP_0048,Sales,Democratic,4.16,3.22,2.86,3.5,3.93,4,7.8,20.2,Low
EMP_0049,Sales,Supportive,4.28,4.99,2.64,2.56,1.0,4,0.9,44.5,Low
EMP_0050,Engineering,Democratic,3.61,3.94,3.43,4.24,4.42,3,1.6,30.7,Low
EMP_0051,Product,Supportive,2.61,4.19,4.11,3.41,2.47,5,0.5,46.9,Moderate
EMP_0052,HR,Autocratic/Micromanagement,4.28,2.88,3.56,2.9,2.55,5,4.5,17.7,Low
EMP_0053,Product,Supportive,3.41,5.0,2.94,3.94,2.65,5,6.5,42.8,Low
EMP_0054,Product,Supportive,2.63,3.07,3.61,2.19,3.01,4,1.8,44.4,Low
EMP_0055,Sales,Democratic,4.55,4.41,2.91,3.24,2.7,4,1.5,19.8,Low
EMP_0056,Product,Democratic,5.0,3.2,3.53,4.04,2.59,4,3.8,46.4,Moderate
EMP_0057,Engineering,Democratic,3.57,3.43,4.32,3.24,3.75,5,0.5,27.9,Low
EMP_0058,Engineering,Supportive,5.0,4.27,1.54,3.07,3.15,3,1.2,66.0,Moderate
EMP_0059,Engineering,Democratic,3.66,4.42,3.84,3.25,1.93,2,1.6,55.0,Moderate
EMP_0060,Data Science,Supportive,3.33,3.04,1.97,2.29,3.29,4,2.6,44.2,Low
EMP_0061,Data Science,Autocratic/Micromanagement,3.16,4.45,4.18,3.93,3.12,5,2.3,53.0,Moderate
EMP_0062,Data Science,Autocratic/Micromanagement,4.75,4.43,2.69,3.43,2.26,3,0.8,29.7,Low
EMP_0063,HR,Democratic,3.05,3.24,2.23,3.34,3.33,4,2.7,31.0,Low
EMP_0064,Data Science,Supportive,4.11,4.76,3.76,3.34,2.57,3,9.1,57.2,Moderate
EMP_0065,Data Science,Democratic,3.21,2.93,3.49,3.51,2.52,5,0.5,36.8,Low
EMP_0066,Sales,Supportive,3.28,3.43,2.4,3.89,2.5,4,4.0,29.2,Low
EMP_0067,Engineering,Democratic,4.32,4.09,2.2,3.47,1.0,4,3.4,67.1,Moderate
EMP_0068,HR,Supportive,3.33,3.29,3.05,2.68,2.28,4,9.0,46.8,Moderate
EMP_0069,Engineering,Autocratic/Micromanagement,3.32,3.96,2.24,3.85,3.27,5,3.6,23.4,Low
EMP_0070,Product,Supportive,4.39,3.94,2.35,3.8,2.68,5,3.4,46.3,Moderate
EMP_0071,HR,Democratic,4.72,3.69,3.29,3.62,1.67,5,5.1,46.5,Moderate
EMP_0072,Engineering,Democratic,4.05,4.3,2.43,4.15,3.47,1,1.1,57.5,Moderate
EMP_0073,Engineering,Democratic,3.14,3.66,3.54,3.52,2.46,2,3.2,37.8,Low
EMP_0074,HR,Supportive,3.24,3.94,4.39,4.17,1.72,5,2.6,49.7,Moderate
EMP_0075,Marketing,Autocratic/Micromanagement,3.66,4.49,3.08,4.34,4.46,5,2.0,29.9,Low
EMP_0076,Marketing,Democratic,3.82,4.27,3.3,3.85,1.86,3,0.5,43.7,Low
EMP_0077,HR,Democratic,2.91,4.27,4.81,3.05,3.4,1,1.2,29.1,Low
EMP_0078,Engineering,Supportive,4.11,3.11,2.25,3.42,2.08,3,1.1,49.4,Moderate
EMP_0079,Data Science,Democratic,3.66,4.11,4.15,4.24,2.81,3,4.5,52.1,Moderate
EMP_0080,Engineering,Democratic,2.4,3.27,4.06,2.6,1.98,4,8.9,41.3,Low
EMP_0081,Product,Supportive,2.95,3.03,3.88,3.26,1.71,1,0.9,51.6,Moderate
EMP_0082,Marketing,Supportive,3.25,3.76,4.23,3.29,3.12,2,0.5,41.3,Low
EMP_0083,Data Science,Autocratic/Micromanagement,3.55,3.26,3.42,2.98,3.02,5,15.0,38.1,Low
EMP_0084,Engineering,Supportive,4.92,4.27,2.73,4.02,3.62,2,4.1,58.5,Moderate
EMP_0085,Data Science,Supportive,3.77,4.29,4.08,3.73,2.67,4,7.6,62.7,Moderate
EMP_0086,Data Science,Democratic,3.01,2.66,4.11,3.07,4.48,3,0.5,24.4,Low
EMP_0087,Marketing,Autocratic/Micromanagement,3.75,3.3,4.08,3.86,2.91,4,5.6,40.1,Low
EMP_0088,Marketing,Supportive,3.35,2.92,3.24,3.4,3.15,1,5.9,41.1,Low
EMP_0089,Product,Democratic,3.83,3.52,2.63,2.97,1.61,3,0.6,50.8,Moderate
EMP_0090,Sales,Supportive,4.01,4.07,3.35,3.07,2.21,3,0.6,44.2,Low
EMP_0091,Engineering,Supportive,4.45,3.65,3.95,3.76,3.12,5,1.2,49.8,Moderate
EMP_0092,Marketing,Supportive,3.58,3.45,4.02,4.06,2.63,4,0.9,38.6,Low
EMP_0093,HR,Autocratic/Micromanagement,4.75,4.58,2.86,3.21,2.85,1,13.0,7.9,Low
EMP_0094,Sales,Supportive,4.24,2.42,3.45,3.83,2.05,5,1.6,48.0,Moderate
EMP_0095,HR,Supportive,3.1,4.54,2.15,4.45,2.8,1,5.0,36.1,Low
EMP_0096,Sales,Democratic,5.0,3.47,3.99,2.74,2.79,5,5.7,41.1,Low
EMP_0097,Sales,Autocratic/Micromanagement,3.83,3.75,2.57,3.71,1.76,2,1.7,27.0,Low
EMP_0098,Sales,Supportive,3.02,3.48,3.83,4.0,3.21,3,4.0,52.6,Moderate
EMP_0099,Engineering,Democratic,4.76,4.73,2.28,3.44,1.34,1,0.5,58.1,Moderate
EMP_0100,Engineering,Supportive,5.0,3.06,4.03,4.24,2.85,4,1.8,48.4,Moderate
EMP_0101,Engineering,Democratic,3.58,3.81,3.46,4.82,4.11,3,12.0,30.2,Low
EMP_0102,Marketing,Democratic,3.25,4.12,2.57,3.71,3.24,3,0.6,31.1,Low
EMP_0103,Data Science,Democratic,3.48,2.83,3.75,3.36,3.24,1,1.7,33.4,Low
EMP_0104,Sales,Supportive,4.1,3.25,2.73,4.09,1.98,5,5.5,30.1,Low
EMP_0105,Product,Supportive,4.49,3.71,3.8,4.01,4.12,5,3.8,43.4,Low
EMP_0106,Engineering,Supportive,4.0,3.27,2.98,1.99,3.8,4,3.5,41.4,Low
EMP_0107,Sales,Supportive,3.67,3.31,1.82,3.5,2.03,4,6.7,35.4,Low
EMP_0108,HR,Supportive,4.65,3.59,2.41,3.26,2.32,4,0.5,63.7,Moderate
EMP_0109,Engineering,Autocratic/Micromanagement,3.38,4.19,2.86,3.74,3.7,2,5.2,46.3,Moderate
EMP_0110,Engineering,Autocratic/Micromanagement,4.32,3.59,4.29,3.38,4.14,5,7.5,14.9,Low
EMP_0111,Data Science,Autocratic/Micromanagement,3.4,4.45,3.92,3.45,1.69,3,0.5,57.1,Moderate
EMP_0112,Engineering,Autocratic/Micromanagement,3.9,3.2,4.5,2.98,1.9,4,2.9,47.2,Moderate
EMP_0113,Product,Democratic,3.52,3.05,4.52,3.94,2.58,4,1.5,39.6,Low
EMP_0114,HR,Democratic,3.56,4.96,2.77,4.49,1.0,4,0.5,44.1,Low
EMP_0115,Marketing,Supportive,3.34,3.41,3.05,2.99,2.72,5,1.9,59.2,Moderate
EMP_0116,Product,Democratic,4.54,3.01,2.87,2.66,3.65,3,3.6,29.3,Low
EMP_0117,HR,Democratic,3.09,2.75,2.66,3.51,1.55,4,8.8,42.1,Low
EMP_0118,Engineering,Democratic,3.08,4.45,1.73,3.48,2.8,4,3.4,57.0,Moderate
EMP_0119,Product,Autocratic/Micromanagement,5.0,3.6,3.19,4.2,2.23,1,6.8,17.9,Low
EMP_0120,Sales,Supportive,4.28,3.65,2.17,2.76,4.01,3,0.5,30.8,Low
EMP_0121,HR,Supportive,1.93,3.7,3.17,3.18,2.24,5,0.8,47.5,Moderate
EMP_0122,Product,Autocratic/Micromanagement,3.2,4.41,4.89,2.21,3.92,3,12.3,37.4,Low
EMP_0123,Data Science,Supportive,2.33,3.69,2.79,4.32,2.22,3,7.6,54.9,Moderate
EMP_0124,Engineering,Democratic,2.93,5.0,3.36,3.65,3.32,3,0.9,49.6,Moderate
EMP_0125,Engineering,Autocratic/Micromanagement,1.4,3.88,3.93,3.22,2.9,4,3.4,31.9,Low
EMP_0126,Sales,Democratic,3.5,4.44,3.42,2.71,2.59,5,1.6,36.4,Low
EMP_0127,HR,Democratic,2.8,4.28,3.43,2.76,2.07,2,2.2,40.6,Low
EMP_0128,Product,Supportive,3.64,3.78,2.91,3.75,2.96,3,6.9,51.1,Moderate
EMP_0129,Engineering,Supportive,2.46,3.45,3.01,2.84,2.35,3,4.7,51.0,Moderate
EMP_0130,Sales,Autocratic/Micromanagement,3.66,4.0,2.43,3.56,2.15,3,1.0,28.0,Low
EMP_0131,Sales,Democratic,3.31,4.11,3.88,4.73,3.88,5,1.3,34.3,Low
EMP_0132,Engineering,Democratic,4.65,3.46,1.81,3.29,3.14,1,1.2,40.1,Low
EMP_0133,Engineering,Supportive,4.59,3.9,3.98,2.92,3.21,2,5.3,44.6,Low
EMP_0134,Data Science,Supportive,4.15,4.54,2.08,3.73,2.39,4,2.4,65.1,Moderate
EMP_0135,Product,Autocratic/Micromanagement,3.37,5.0,3.97,2.76,2.55,3,10.5,38.7,Low
EMP_0136,Data Science,Supportive,4.99,4.31,2.92,4.53,2.5,4,5.9,61.6,Moderate
EMP_0137,Sales,Democratic,2.51,4.92,2.21,4.34,2.97,5,0.8,26.7,Low
EMP_0138,Marketing,Supportive,2.62,3.42,3.66,3.4,3.21,3,5.4,50.5,Moderate
EMP_0139,Data Science,Democratic,3.54,4.22,3.94,2.96,2.68,2,2.5,59.0,Moderate
EMP_0140,Product,Autocratic/Micromanagement,5.0,4.6,2.85,3.24,2.07,2,1.0,18.9,Low
EMP_0141,Product,Democratic,3.46,3.26,3.78,3.32,3.31,2,1.6,36.9,Low
EMP_0142,Data Science,Supportive,3.47,3.51,1.37,3.73,2.73,3,12.5,53.2,Moderate
EMP_0143,Sales,Democratic,2.59,4.84,2.14,4.12,1.55,5,2.3,35.5,Low
EMP_0144,Data Science,Autocratic/Micromanagement,4.26,3.21,4.23,2.88,1.0,4,4.5,20.0,Low
EMP_0145,Data Science,Democratic,4.27,3.0,3.02,4.11,2.94,1,2.3,36.8,Low
EMP_0146,Engineering,Autocratic/Micromanagement,4.15,4.72,1.71,3.87,2.04,5,1.6,36.9,Low
EMP_0147,Marketing,Democratic,3.16,4.52,2.64,3.2,3.04,1,5.6,44.3,Low
EMP_0148,Sales,Autocratic/Micromanagement,3.11,4.06,2.46,2.85,2.08,4,6.6,14.6,Low
EMP_0149,Engineering,Democratic,2.69,3.77,3.07,3.57,2.81,2,0.5,32.1,Low
EMP_0150,Data Science,Supportive,3.66,3.54,2.9,2.86,2.4,1,1.1,56.4,Moderate
EMP_0151,Product,Supportive,2.84,3.97,3.34,4.11,4.1,4,2.5,39.2,Low
EMP_0152,Engineering,Supportive,2.78,4.75,3.14,2.83,3.46,3,1.3,52.9,Moderate
EMP_0153,Engineering,Autocratic/Micromanagement,3.3,3.94,4.29,3.83,3.78,4,5.4,40.6,Low
EMP_0154,Sales,Autocratic/Micromanagement,3.26,5.0,3.54,3.45,2.72,3,0.5,30.6,Low
EMP_0155,Product,Democratic,3.22,3.26,3.57,3.16,3.36,1,5.6,40.0,Low
EMP_0156,Engineering,Supportive,3.93,3.79,4.13,3.44,2.77,4,3.4,39.7,Low
EMP_0157,Marketing,Supportive,3.66,3.58,2.89,4.15,3.88,5,1.2,35.3,Low
EMP_0158,HR,Autocratic/Micromanagement,3.4,3.15,2.19,2.78,2.64,1,1.5,39.1,Low
EMP_0159,Engineering,Democratic,3.73,3.71,4.17,3.25,1.58,3,0.7,38.6,Low
EMP_0160,Marketing,Supportive,2.91,4.05,3.31,3.05,1.1,4,1.0,56.4,Moderate
EMP_0161,Data Science,Democratic,3.67,4.11,3.31,3.48,4.03,4,4.4,55.9,Moderate
EMP_0162,Marketing,Supportive,3.71,5.0,2.69,3.09,3.08,4,1.6,45.4,Moderate
EMP_0163,Marketing,Supportive,2.55,4.08,2.71,2.44,3.14,4,4.1,54.0,Moderate
EMP_0164,Sales,Democratic,4.3,4.49,3.88,2.87,3.89,5,2.5,34.1,Low
EMP_0165,Engineering,Supportive,2.98,3.84,3.99,4.48,1.38,3,0.5,58.6,Moderate
EMP_0166,HR,Autocratic/Micromanagement,3.66,4.81,3.83,3.65,2.41,4,2.4,27.4,Low
EMP_0167,Data Science,Supportive,4.42,5.0,3.83,3.63,2.51,4,4.9,66.9,Moderate
EMP_0168,Engineering,Supportive,4.25,4.12,3.66,3.33,3.29,4,1.2,62.6,Moderate
EMP_0169,Engineering,Supportive,3.62,3.2,3.31,3.47,2.15,3,3.7,48.5,Moderate
EMP_0170,Sales,Autocratic/Micromanagement,3.35,3.47,3.06,3.24,1.74,4,0.8,51.6,Moderate
EMP_0171,Marketing,Democratic,4.26,3.97,4.17,3.82,1.73,4,0.5,39.7,Low
EMP_0172,Engineering,Democratic,4.07,4.07,2.9,3.56,3.62,4,1.6,40.7,Low
EMP_0173,Sales,Supportive,3.17,4.22,3.5,2.8,2.11,2,1.7,54.4,Moderate
EMP_0174,Engineering,Supportive,3.04,4.08,2.56,3.65,2.26,3,5.0,57.7,Moderate
EMP_0175,Marketing,Democratic,2.15,3.8,2.67,2.02,3.21,5,2.2,35.9,Low
EMP_0176,Engineering,Autocratic/Micromanagement,3.71,3.42,3.01,3.75,2.14,5,0.5,47.1,Moderate
EMP_0177,Marketing,Autocratic/Micromanagement,3.54,4.04,2.56,2.65,1.34,4,3.5,46.5,Moderate
EMP_0178,Data Science,Supportive,4.4,4.91,3.84,3.44,1.43,4,2.2,67.3,Moderate
EMP_0179,Product,Democratic,3.85,4.41,2.12,2.78,2.65,2,1.4,36.3,Low
EMP_0180,Engineering,Autocratic/Micromanagement,4.53,4.12,3.28,3.5,3.1,3,5.7,39.4,Low
EMP_0181,Data Science,Supportive,3.11,4.42,3.31,3.85,2.54,2,0.6,57.5,Moderate
EMP_0182,Engineering,Autocratic/Micromanagement,4.4,3.58,1.75,4.4,3.04,5,8.6,22.2,Low
EMP_0183,Product,Supportive,3.23,3.5,2.85,2.58,1.41,3,1.4,64.6,Moderate
EMP_0184,Product,Autocratic/Micromanagement,4.14,3.35,3.4,4.09,1.46,4,2.2,28.1,Low
EMP_0185,Data Science,Autocratic/Micromanagement,2.58,3.72,3.54,3.58,4.5,5,9.3,28.6,Low
EMP_0186,Marketing,Autocratic/Micromanagement,3.76,3.55,3.04,3.23,3.69,5,5.0,32.6,Low
EMP_0187,HR,Democratic,2.21,4.52,3.74,3.96,3.32,4,0.5,32.7,Low
EMP_0188,Sales,Supportive,3.41,3.51,3.11,3.36,2.17,4,3.0,47.0,Moderate
EMP_0189,Sales,Autocratic/Micromanagement,3.91,3.32,3.21,3.93,2.51,4,1.3,39.3,Low
EMP_0190,Engineering,Supportive,3.24,4.97,3.4,2.9,2.7,3,2.5,66.2,Moderate
EMP_0191,Engineering,Supportive,2.86,3.53,3.94,3.12,3.75,2,4.8,51.2,Moderate
EMP_0192,Product,Democratic,4.19,3.89,2.66,4.07,3.02,2,2.4,26.6,Low
EMP_0193,Product,Autocratic/Micromanagement,3.53,4.07,2.81,4.39,3.12,2,0.5,23.8,Low
EMP_0194,Marketing,Autocratic/Micromanagement,3.26,3.12,2.66,3.48,2.57,5,2.6,46.6,Moderate
EMP_0195,Data Science,Supportive,3.63,4.54,2.93,1.83,3.33,2,0.5,60.3,Moderate
EMP_0196,Data Science,Autocratic/Micromanagement,5.0,4.18,4.34,3.38,2.94,4,1.5,34.3,Low
EMP_0197,Marketing,Democratic,4.41,4.74,3.66,3.52,2.74,2,2.3,40.2,Low
EMP_0198,Product,Supportive,4.41,3.39,2.3,3.36,2.11,5,3.6,49.6,Moderate
EMP_0199,Product,Supportive,3.9,3.86,2.72,3.7,2.61,3,2.5,58.1,Moderate
EMP_0200,HR,Supportive,3.72,3.82,3.5,3.21,1.84,3,0.6,54.2,Moderate
EMP_0201,Marketing,Supportive,1.92,3.96,2.47,4.0,2.67,3,9.4,45.7,Moderate
EMP_0202,Engineering,Autocratic/Micromanagement,3.12,2.93,2.62,2.8,2.77,5,3.7,35.7,Low
EMP_0203,Engineering,Democratic,3.26,3.87,4.28,4.24,1.0,2,1.3,44.8,Low
EMP_0204,Product,Democratic,2.29,2.94,2.71,4.43,2.52,5,11.8,34.8,Low
EMP_0205,Marketing,Autocratic/Micromanagement,2.79,4.02,3.96,2.95,1.76,4,7.5,50.5,Moderate
EMP_0206,Engineering,Supportive,2.21,2.52,4.2,2.95,3.1,2,0.5,46.7,Moderate
EMP_0207,Engineering,Autocratic/Micromanagement,3.57,2.69,2.61,3.75,3.21,1,3.7,29.7,Low
EMP_0208,Marketing,Democratic,4.17,4.29,2.49,2.79,2.36,4,2.9,41.4,Low
EMP_0209,Engineering,Autocratic/Micromanagement,4.37,3.47,2.98,3.2,3.14,2,0.7,25.1,Low
EMP_0210,Engineering,Supportive,3.89,3.21,2.33,4.16,3.17,5,0.9,51.0,Moderate
EMP_0211,Sales,Autocratic/Micromanagement,2.93,4.56,3.3,3.94,2.52,2,2.9,34.9,Low
EMP_0212,Marketing,Supportive,2.25,4.0,3.04,4.69,3.93,4,1.4,36.8,Low
EMP_0213,Marketing,Supportive,2.37,4.32,3.49,3.6,2.12,4,6.3,57.6,Moderate
EMP_0214,Engineering,Autocratic/Micromanagement,2.71,3.7,4.32,3.13,3.88,4,0.5,24.4,Low
EMP_0215,Marketing,Supportive,2.98,5.0,3.85,3.53,2.52,3,8.6,50.5,Moderate
EMP_0216,Engineering,Democratic,3.49,3.44,3.59,3.41,2.03,5,6.4,38.0,Low
EMP_0217,Data Science,Democratic,2.89,4.85,1.63,3.42,2.42,4,4.7,60.7,Moderate
EMP_0218,Marketing,Democratic,3.84,3.76,3.55,3.49,1.82,3,1.1,36.5,Low
EMP_0219,Marketing,Supportive,3.44,2.81,4.58,2.94,3.33,4,4.4,41.0,Low
EMP_0220,HR,Supportive,3.61,4.09,1.0,3.67,1.42,4,2.0,56.7,Moderate
EMP_0221,Marketing,Supportive,4.4,3.99,3.75,2.65,3.81,5,3.5,46.8,Moderate
EMP_0222,Sales,Democratic,2.77,3.17,3.07,3.07,1.95,5,1.3,48.0,Moderate
EMP_0223,Engineering,Supportive,3.89,3.25,2.52,3.43,3.37,2,6.3,47.2,Moderate
EMP_0224,Data Science,Supportive,3.59,3.79,3.84,2.14,2.72,3,0.5,49.5,Moderate
EMP_0225,Data Science,Supportive,3.37,4.01,4.57,3.96,2.92,5,4.1,67.1,Moderate
EMP_0226,Engineering,Supportive,4.22,2.32,3.82,2.27,2.23,2,6.2,28.1,Low
EMP_0227,Product,Democratic,4.22,4.43,2.9,3.9,2.98,5,3.6,32.2,Low
EMP_0228,Data Science,Autocratic/Micromanagement,2.94,3.5,2.45,2.72,2.81,4,0.7,30.9,Low
EMP_0229,Product,Supportive,3.47,3.0,3.32,3.26,1.53,1,1.2,39.7,Low
EMP_0230,Marketing,Democratic,3.8,4.36,3.9,3.81,1.93,3,2.5,45.5,Moderate
EMP_0231,HR,Democratic,3.41,3.79,2.89,4.82,2.27,3,1.4,46.9,Moderate
EMP_0232,Sales,Democratic,4.01,4.53,2.97,3.57,2.1,5,0.5,28.3,Low
EMP_0233,Sales,Democratic,3.8,4.06,5.0,2.31,3.7,3,0.5,47.3,Moderate
EMP_0234,Sales,Democratic,4.88,3.8,4.06,4.07,2.71,3,5.1,50.2,Moderate
EMP_0235,Engineering,Democratic,2.53,3.71,4.12,3.36,2.08,5,0.5,40.9,Low
EMP_0236,Marketing,Supportive,3.51,4.09,2.03,3.54,2.31,1,9.2,58.1,Moderate
EMP_0237,Data Science,Democratic,2.96,3.55,2.63,3.83,2.3,4,2.0,47.4,Moderate
EMP_0238,Engineering,Democratic,4.02,3.29,3.26,2.16,2.47,3,5.0,36.0,Low
EMP_0239,Marketing,Supportive,2.47,4.17,2.4,3.5,1.84,1,0.5,57.3,Moderate
EMP_0240,Engineering,Supportive,3.84,3.71,4.48,3.25,2.05,1,9.1,56.9,Moderate
EMP_0241,Product,Autocratic/Micromanagement,3.16,3.82,4.33,4.23,3.31,3,0.5,38.4,Low
EMP_0242,Product,Democratic,3.09,4.45,2.77,3.94,2.85,2,0.5,39.1,Low
EMP_0243,Product,Democratic,2.59,3.73,4.63,2.52,2.58,3,0.5,40.2,Low
EMP_0244,Data Science,Autocratic/Micromanagement,3.27,3.81,3.2,4.26,2.7,4,0.5,30.4,Low
EMP_0245,Engineering,Democratic,4.36,3.44,5.0,3.77,2.66,4,2.3,30.2,Low
EMP_0246,Product,Democratic,3.58,4.06,3.32,2.57,2.53,3,5.4,42.5,Low
EMP_0247,Sales,Autocratic/Micromanagement,4.04,4.01,3.66,3.53,3.11,3,1.2,12.5,Low
EMP_0248,Product,Autocratic/Micromanagement,4.77,4.34,4.32,4.12,3.05,2,4.8,11.3,Low
EMP_0249,Product,Democratic,3.78,3.45,4.22,2.77,1.44,2,5.2,33.1,Low
EMP_0250,Product,Democratic,3.21,3.53,3.61,4.33,2.59,3,8.4,36.0,Low
EMP_0251,Data Science,Supportive,3.93,4.28,3.09,2.59,1.5,5,0.6,70.1,Moderate
EMP_0252,Data Science,Autocratic/Micromanagement,3.22,3.95,3.61,3.03,3.21,2,0.5,37.8,Low
EMP_0253,Product,Democratic,3.25,3.26,2.55,2.93,3.31,3,0.5,39.4,Low
EMP_0254,Data Science,Supportive,2.54,4.58,3.32,4.33,2.21,4,1.6,63.1,Moderate
EMP_0255,Engineering,Autocratic/Micromanagement,4.25,2.78,2.31,3.21,2.61,4,2.4,20.8,Low
EMP_0256,Sales,Democratic,3.33,4.27,1.78,2.8,1.01,5,2.2,34.7,Low
EMP_0257,Product,Supportive,3.73,3.04,3.24,3.77,3.48,2,1.0,46.7,Moderate
EMP_0258,Marketing,Democratic,2.87,4.93,4.21,3.9,3.27,1,3.4,32.4,Low
EMP_0259,Sales,Democratic,3.91,2.87,3.94,3.9,3.62,3,1.4,35.2,Low
EMP_0260,Engineering,Autocratic/Micromanagement,3.07,4.49,3.13,3.34,3.89,2,1.6,37.6,Low
EMP_0261,Marketing,Supportive,3.5,3.75,4.6,3.65,1.72,3,0.5,52.3,Moderate
EMP_0262,Product,Autocratic/Micromanagement,4.21,3.58,2.74,3.11,3.41,5,3.1,13.6,Low
EMP_0263,Engineering,Democratic,4.15,3.91,1.67,4.5,3.88,4,3.7,40.1,Low
EMP_0264,Sales,Supportive,3.58,4.18,1.45,4.19,1.5,2,5.0,33.4,Low
EMP_0265,Product,Autocratic/Micromanagement,2.36,3.26,2.26,4.15,2.56,2,8.2,39.1,Low
EMP_0266,Marketing,Democratic,5.0,3.31,3.85,3.98,2.41,5,5.1,37.0,Low
EMP_0267,Marketing,Supportive,4.82,4.19,2.69,3.81,3.38,3,0.9,42.0,Low
EMP_0268,Marketing,Democratic,4.11,2.78,3.57,2.75,1.0,5,0.9,47.4,Moderate
EMP_0269,Data Science,Autocratic/Micromanagement,3.07,3.45,4.52,3.88,4.15,4,8.6,29.2,Low
EMP_0270,Data Science,Supportive,3.52,5.0,2.32,3.57,2.61,5,5.5,72.5,Moderate
EMP_0271,HR,Supportive,3.22,3.22,3.58,4.26,3.43,5,5.3,34.7,Low
EMP_0272,HR,Supportive,4.48,4.49,3.63,3.98,2.65,3,4.5,51.2,Moderate
EMP_0273,Product,Supportive,3.78,3.45,2.51,3.83,3.09,4,1.1,45.7,Moderate
EMP_0274,Product,Autocratic/Micromanagement,3.05,4.11,4.28,2.49,1.0,3,6.6,45.2,Moderate
EMP_0275,Sales,Democratic,3.27,4.19,2.97,3.45,2.39,2,0.5,25.8,Low
EMP_0276,Sales,Supportive,4.38,4.48,2.89,3.17,3.38,2,1.5,34.8,Low
EMP_0277,HR,Supportive,4.72,3.68,4.89,3.65,2.93,3,1.5,48.1,Moderate
EMP_0278,Marketing,Supportive,4.67,4.99,3.62,3.25,1.39,2,2.9,58.8,Moderate
EMP_0279,Marketing,Autocratic/Micromanagement,4.13,3.45,3.94,3.33,2.75,2,2.2,19.9,Low
EMP_0280,HR,Supportive,3.42,3.94,4.28,3.78,2.05,3,2.2,45.6,Moderate
EMP_0281,Product,Autocratic/Micromanagement,1.33,3.95,2.68,3.24,1.98,5,2.8,40.6,Low
EMP_0282,Data Science,Democratic,3.81,3.13,4.2,3.57,1.48,4,1.9,49.1,Moderate
EMP_0283,Data Science,Supportive,3.6,3.63,2.8,2.59,3.19,3,1.0,43.6,Low
EMP_0284,Engineering,Autocratic/Micromanagement,3.7,3.9,2.76,3.0,3.59,2,3.8,28.4,Low
EMP_0285,Sales,Democratic,3.64,3.54,2.98,3.89,4.4,2,5.5,18.3,Low
EMP_0286,Engineering,Democratic,2.67,5.0,2.7,2.76,1.52,4,2.3,59.8,Moderate
EMP_0287,Sales,Autocratic/Micromanagement,3.99,3.3,3.86,4.25,3.31,5,3.7,31.3,Low
EMP_0288,Sales,Supportive,4.04,4.51,3.41,4.08,3.37,3,2.7,43.7,Low
EMP_0289,Data Science,Supportive,4.08,4.31,2.81,3.34,2.24,4,0.5,64.0,Moderate
EMP_0290,Sales,Democratic,4.26,3.79,3.74,5.0,1.97,4,1.9,41.2,Low
EMP_0291,Engineering,Supportive,4.02,3.28,2.98,4.25,1.83,1,0.5,55.0,Moderate
EMP_0292,Engineering,Supportive,3.31,3.34,2.94,2.93,2.28,3,3.8,47.7,Moderate
EMP_0293,HR,Supportive,3.55,3.49,3.24,3.95,2.86,4,2.5,50.6,Moderate
EMP_0294,Data Science,Supportive,3.66,2.73,3.57,3.54,3.79,4,0.5,40.3,Low
EMP_0295,Engineering,Autocratic/Micromanagement,3.68,3.2,3.51,3.03,3.58,1,2.7,42.2,Low
EMP_0296,Sales,Supportive,4.3,2.91,2.91,2.86,1.41,2,8.0,47.1,Moderate
EMP_0297,HR,Democratic,4.05,4.61,3.88,4.1,2.07,4,1.5,36.4,Low
EMP_0298,Engineering,Democratic,5.0,4.17,3.02,3.14,3.74,3,14.1,42.0,Low
EMP_0299,Marketing,Democratic,5.0,4.27,2.68,3.44,2.12,5,11.2,45.4,Moderate
EMP_0300,Engineering,Supportive,3.66,4.15,2.03,2.95,2.65,1,5.4,64.4,Moderate
EMP_0301,Engineering,Autocratic/Micromanagement,1.0,3.9,3.99,3.05,1.34,2,5.9,46.7,Moderate
EMP_0302,Sales,Supportive,4.47,4.68,3.21,3.42,3.62,3,1.8,40.4,Low
EMP_0303,Sales,Autocratic/Micromanagement,3.22,3.43,3.37,3.73,1.17,5,1.8,44.1,Low
EMP_0304,Marketing,Autocratic/Micromanagement,3.04,3.86,4.04,1.95,1.39,4,10.8,42.0,Low
EMP_0305,Marketing,Democratic,3.32,4.25,2.82,3.51,3.54,5,1.6,35.6,Low
EMP_0306,Product,Democratic,3.29,3.01,2.1,3.05,4.24,3,0.5,24.7,Low
EMP_0307,Sales,Democratic,4.03,5.0,3.26,4.34,2.47,5,0.6,38.4,Low
EMP_0308,Data Science,Supportive,2.51,3.82,3.45,5.0,2.66,5,4.3,41.8,Low
EMP_0309,HR,Autocratic/Micromanagement,2.85,3.89,2.99,3.28,3.43,3,1.7,32.0,Low
EMP_0310,Data Science,Autocratic/Micromanagement,3.84,4.55,4.38,2.47,2.93,5,0.8,51.3,Moderate
EMP_0311,Sales,Supportive,4.04,4.35,1.21,3.57,2.4,5,5.9,36.7,Low
EMP_0312,Engineering,Democratic,4.05,3.82,4.1,3.38,2.31,5,2.3,42.6,Low
EMP_0313,Engineering,Autocratic/Micromanagement,3.05,3.88,3.83,4.68,1.45,5,2.9,47.3,Moderate
EMP_0314,Product,Autocratic/Micromanagement,2.92,2.9,3.57,4.5,2.89,4,0.6,29.6,Low
EMP_0315,HR,Democratic,3.25,3.47,1.0,4.02,2.63,5,0.7,44.5,Low
EMP_0316,Marketing,Democratic,3.77,4.11,4.23,3.15,2.35,3,0.5,36.2,Low
EMP_0317,Sales,Supportive,4.64,4.07,2.38,3.91,1.9,4,2.5,33.6,Low
EMP_0318,Engineering,Autocratic/Micromanagement,2.17,4.53,2.79,3.66,1.98,2,5.2,57.4,Moderate
EMP_0319,Engineering,Supportive,3.45,3.73,3.06,3.64,3.19,4,4.6,44.0,Low
EMP_0320,Data Science,Democratic,2.67,2.97,3.53,2.57,3.41,4,1.1,36.5,Low
EMP_0321,Sales,Supportive,2.44,4.43,3.71,4.14,2.44,4,6.7,51.8,Moderate
EMP_0322,Marketing,Supportive,4.28,4.66,3.91,3.56,2.35,5,0.5,45.6,Moderate
EMP_0323,Marketing,Democratic,3.98,4.34,3.85,3.44,2.02,3,0.5,40.0,Low
EMP_0324,Data Science,Autocratic/Micromanagement,3.91,3.7,3.4,3.14,3.45,3,6.6,33.7,Low
EMP_0325,Product,Supportive,4.24,4.43,3.53,3.02,2.72,1,1.0,52.6,Moderate
EMP_0326,Marketing,Democratic,3.26,5.0,2.33,3.69,2.99,2,4.3,34.2,Low
EMP_0327,Sales,Supportive,3.3,3.87,2.6,2.45,2.99,4,0.5,29.0,Low
EMP_0328,Marketing,Supportive,5.0,3.01,3.92,3.97,2.45,4,0.5,43.9,Low
EMP_0329,Sales,Democratic,3.43,3.45,3.87,2.87,1.77,2,3.3,37.5,Low
EMP_0330,Engineering,Democratic,4.11,4.18,3.78,2.26,1.9,2,0.7,49.7,Moderate
EMP_0331,Data Science,Supportive,3.6,2.84,2.79,4.59,3.6,3,0.5,40.3,Low
EMP_0332,HR,Supportive,2.31,3.9,3.93,2.99,2.12,4,2.2,58.4,Moderate
EMP_0333,Engineering,Supportive,2.17,4.03,2.27,3.07,2.37,4,1.4,67.8,Moderate
EMP_0334,Engineering,Supportive,3.19,4.72,4.06,4.18,1.79,1,5.7,73.3,Moderate
EMP_0335,Engineering,Autocratic/Micromanagement,4.34,4.59,2.99,4.61,1.73,4,6.0,34.5,Low
EMP_0336,Engineering,Autocratic/Micromanagement,4.15,4.32,4.55,2.58,2.08,3,3.3,27.9,Low
EMP_0337,Product,Supportive,4.24,2.5,1.98,2.93,4.05,4,1.2,43.4,Low
EMP_0338,Marketing,Democratic,2.91,4.35,4.61,2.97,3.23,2,2.2,44.7,Low
EMP_0339,Sales,Autocratic/Micromanagement,4.73,4.22,2.91,4.06,2.28,5,4.2,4.3,Low
EMP_0340,Engineering,Supportive,2.92,3.95,2.9,4.48,3.57,1,0.5,44.4,Low
EMP_0341,Sales,Autocratic/Micromanagement,3.75,2.76,3.36,2.85,2.58,4,1.4,30.5,Low
EMP_0342,Sales,Autocratic/Micromanagement,3.59,3.33,2.64,4.35,3.78,3,6.0,18.1,Low
EMP_0343,Engineering,Supportive,3.48,3.1,3.14,3.07,4.47,1,1.8,39.3,Low
EMP_0344,Sales,Supportive,4.54,2.59,2.61,3.7,3.52,1,3.4,18.7,Low
EMP_0345,Data Science,Autocratic/Micromanagement,3.11,3.8,2.64,2.74,2.78,3,0.5,32.3,Low
EMP_0346,Marketing,Democratic,2.66,3.32,3.59,3.43,3.26,5,5.3,29.7,Low
EMP_0347,Marketing,Supportive,3.61,5.0,2.48,3.43,2.71,1,0.5,39.9,Low
EMP_0348,Engineering,Supportive,3.32,3.7,2.59,3.31,1.23,4,6.9,50.8,Moderate
EMP_0349,Data Science,Democratic,5.0,4.58,2.1,3.73,2.18,4,0.5,57.7,Moderate
EMP_0350,Marketing,Democratic,4.07,2.86,2.8,2.9,1.94,3,7.8,38.1,Low
EMP_0351,Sales,Democratic,3.31,3.48,4.25,2.97,2.16,1,1.6,58.0,Moderate
EMP_0352,Product,Autocratic/Micromanagement,2.86,3.86,2.52,3.76,4.13,5,3.4,29.6,Low
EMP_0353,Marketing,Supportive,2.28,3.26,2.61,4.31,3.6,3,6.6,45.4,Moderate
EMP_0354,Engineering,Democratic,2.88,3.55,3.36,3.49,3.05,2,0.5,38.8,Low
EMP_0355,Engineering,Democratic,3.68,3.67,2.9,3.8,3.35,4,1.1,42.6,Low
EMP_0356,Marketing,Democratic,4.6,3.66,4.98,3.95,1.19,2,8.4,41.1,Low
EMP_0357,Engineering,Supportive,4.39,4.91,3.07,4.0,3.28,3,1.7,62.5,Moderate
EMP_0358,Sales,Autocratic/Micromanagement,3.76,4.03,3.47,2.93,3.45,1,4.3,29.7,Low
EMP_0359,Product,Autocratic/Micromanagement,3.37,4.09,3.96,3.03,1.0,5,0.5,54.1,Moderate
EMP_0360,Sales,Democratic,3.79,4.12,3.94,3.09,3.31,3,4.0,29.9,Low
EMP_0361,Data Science,Democratic,3.24,4.17,3.39,4.66,1.56,5,0.5,59.9,Moderate
EMP_0362,Marketing,Supportive,4.8,3.75,3.07,3.8,1.12,3,4.4,62.8,Moderate
EMP_0363,Sales,Democratic,3.47,3.61,4.82,3.78,3.76,3,1.4,39.1,Low
EMP_0364,Sales,Democratic,3.54,3.9,3.12,3.72,1.89,5,2.2,44.5,Low
EMP_0365,Product,Democratic,2.05,4.49,2.85,2.71,2.13,3,0.6,35.5,Low
EMP_0366,Data Science,Autocratic/Micromanagement,3.46,4.48,2.68,4.66,3.49,3,3.5,60.9,Moderate
EMP_0367,Product,Democratic,4.19,3.66,1.82,3.79,2.46,1,1.4,29.5,Low
EMP_0368,Product,Supportive,2.85,4.26,3.86,3.93,2.56,5,1.7,40.9,Low
EMP_0369,Engineering,Autocratic/Micromanagement,3.07,3.68,1.32,2.44,2.54,1,3.7,33.0,Low
EMP_0370,Engineering,Supportive,4.15,3.82,3.2,3.97,2.98,4,0.7,41.1,Low
EMP_0371,Engineering,Supportive,2.57,3.52,3.04,3.29,2.52,3,6.7,51.3,Moderate
EMP_0372,Engineering,Supportive,4.34,3.69,4.99,2.71,2.79,1,4.7,56.4,Moderate
EMP_0373,Engineering,Democratic,3.23,4.6,1.73,2.93,2.3,1,3.0,60.4,Moderate
EMP_0374,Marketing,Autocratic/Micromanagement,3.33,3.86,2.48,2.74,2.98,5,0.5,37.8,Low
EMP_0375,Engineering,Democratic,2.81,3.88,3.09,2.73,2.95,4,4.1,36.8,Low
EMP_0376,Data Science,Autocratic/Micromanagement,3.86,2.93,3.04,3.54,4.22,4,0.5,28.0,Low
EMP_0377,HR,Democratic,5.0,3.61,2.76,3.27,2.39,3,5.7,41.2,Low
EMP_0378,Engineering,Supportive,4.15,3.66,3.14,3.7,2.55,2,1.3,47.5,Moderate
EMP_0379,HR,Autocratic/Micromanagement,3.0,3.3,2.19,4.51,2.89,4,0.5,37.9,Low
EMP_0380,Data Science,Supportive,4.39,3.81,3.49,3.42,3.47,4,0.6,40.7,Low
EMP_0381,Engineering,Supportive,3.38,3.54,1.34,2.15,1.83,4,11.6,45.8,Moderate
EMP_0382,Marketing,Democratic,4.56,3.85,3.18,3.35,2.78,3,5.2,37.6,Low
EMP_0383,Marketing,Supportive,4.16,3.87,2.72,4.22,1.0,5,1.0,55.5,Moderate
EMP_0384,Product,Supportive,1.54,3.23,4.01,3.45,2.48,1,11.6,45.9,Moderate
EMP_0385,Marketing,Democratic,2.9,3.56,4.6,4.42,3.56,1,0.5,30.1,Low
EMP_0386,HR,Democratic,4.26,3.85,2.94,3.77,2.12,5,4.6,43.3,Low
EMP_0387,Data Science,Democratic,3.71,4.51,4.31,2.4,2.84,4,3.7,54.5,Moderate
EMP_0388,Engineering,Autocratic/Micromanagement,2.88,3.95,2.95,3.57,2.28,3,6.0,49.1,Moderate
EMP_0389,HR,Democratic,3.16,3.4,2.43,3.68,2.01,4,1.7,47.9,Moderate
EMP_0390,HR,Autocratic/Micromanagement,2.27,4.04,4.6,4.15,3.48,3,1.8,28.4,Low
EMP_0391,Product,Supportive,3.54,4.82,3.62,4.59,1.86,1,3.4,50.7,Moderate
EMP_0392,Sales,Democratic,5.0,4.35,3.2,4.04,2.93,4,1.8,30.0,Low
EMP_0393,Data Science,Autocratic/Micromanagement,4.16,4.13,3.75,3.76,2.95,2,0.5,24.5,Low
EMP_0394,HR,Democratic,5.0,4.24,3.42,3.91,2.02,2,4.6,51.9,Moderate
EMP_0395,Data Science,Democratic,4.22,4.66,3.14,3.4,2.82,2,3.6,59.7,Moderate
EMP_0396,Product,Supportive,4.32,4.45,2.14,2.62,1.95,3,1.9,48.1,Moderate
EMP_0397,Product,Supportive,4.98,4.14,2.98,3.52,3.12,1,1.3,52.2,Moderate
EMP_0398,Sales,Democratic,3.86,4.44,3.7,3.72,1.65,5,1.4,49.5,Moderate
EMP_0399,HR,Supportive,3.47,3.15,3.1,2.78,2.43,4,4.7,39.5,Low
EMP_0400,HR,Autocratic/Micromanagement,4.32,2.9,3.92,4.3,2.5,3,4.6,25.0,Low
EMP_0401,Engineering,Supportive,4.62,3.89,3.51,4.1,3.59,4,6.0,41.4,Low
EMP_0402,Product,Autocratic/Micromanagement,3.26,3.84,2.5,2.68,2.81,5,5.0,39.3,Low
EMP_0403,Sales,Autocratic/Micromanagement,3.09,3.47,2.14,4.32,3.46,4,5.0,34.5,Low
EMP_0404,HR,Supportive,3.7,4.3,3.07,3.32,3.14,2,1.0,53.8,Moderate
EMP_0405,Data Science,Supportive,4.18,2.68,2.78,3.03,3.14,2,0.5,45.2,Moderate
EMP_0406,Product,Autocratic/Micromanagement,4.16,3.48,3.47,4.15,2.43,5,5.0,28.2,Low
EMP_0407,Data Science,Autocratic/Micromanagement,2.6,3.51,2.63,3.47,3.52,2,0.5,24.5,Low
EMP_0408,Engineering,Democratic,4.94,2.82,2.71,4.64,2.42,1,14.1,41.6,Low
EMP_0409,Product,Supportive,3.15,4.7,4.04,2.99,1.32,4,7.3,56.7,Moderate
EMP_0410,Engineering,Democratic,3.41,2.98,3.32,2.46,2.53,2,2.7,42.1,Low
EMP_0411,Data Science,Democratic,2.97,3.45,2.64,3.33,3.06,5,1.5,33.7,Low
EMP_0412,Product,Supportive,5.0,4.34,3.21,3.97,1.41,5,2.6,55.6,Moderate
EMP_0413,Product,Democratic,3.77,4.19,4.3,2.94,1.99,4,4.6,45.3,Moderate
EMP_0414,Sales,Supportive,3.0,3.14,3.44,2.7,1.72,5,4.9,40.6,Low
EMP_0415,Marketing,Supportive,4.2,4.21,3.67,3.64,3.33,3,0.5,43.4,Low
EMP_0416,Sales,Supportive,4.14,3.97,2.6,2.62,4.04,4,5.7,22.3,Low
EMP_0417,Data Science,Supportive,3.47,5.0,4.02,3.68,2.53,4,3.6,66.9,Moderate
EMP_0418,Data Science,Supportive,4.19,4.04,5.0,3.3,3.13,1,0.5,67.8,Moderate
EMP_0419,Marketing,Democratic,3.02,3.72,2.57,3.8,3.1,5,1.3,33.0,Low
EMP_0420,HR,Supportive,3.25,3.29,2.25,2.67,3.94,5,2.5,36.8,Low
EMP_0421,HR,Supportive,2.19,3.35,3.34,4.28,2.18,5,0.7,50.8,Moderate
EMP_0422,HR,Supportive,2.67,3.3,3.9,3.39,2.52,4,0.6,42.9,Low
EMP_0423,Engineering,Autocratic/Micromanagement,4.87,4.62,3.13,3.96,2.43,3,0.5,34.9,Low
EMP_0424,Sales,Democratic,4.75,3.81,2.36,4.08,2.76,2,8.5,20.9,Low
EMP_0425,Engineering,Democratic,3.65,4.14,3.11,2.81,4.7,2,0.5,46.8,Moderate
EMP_0426,Sales,Democratic,4.76,4.71,3.68,4.03,2.72,2,1.6,39.3,Low
EMP_0427,Sales,Autocratic/Micromanagement,3.49,2.38,2.87,2.64,2.02,2,0.8,26.7,Low
EMP_0428,Product,Supportive,3.43,4.57,3.69,2.68,1.78,4,4.7,60.2,Moderate
EMP_0429,Data Science,Democratic,3.64,3.83,4.13,4.68,3.7,4,4.3,34.7,Low
EMP_0430,Engineering,Democratic,3.51,4.06,3.39,4.17,2.01,3,5.7,53.9,Moderate
EMP_0431,Engineering,Democratic,3.45,3.3,3.18,4.74,3.23,3,3.4,34.0,Low
EMP_0432,HR,Supportive,4.4,3.35,3.86,3.28,2.16,3,3.1,46.5,Moderate
EMP_0433,Marketing,Democratic,3.71,4.09,2.52,3.56,1.69,4,1.8,37.3,Low
EMP_0434,Engineering,Supportive,4.1,5.0,2.44,3.82,3.18,5,3.5,53.7,Moderate
EMP_0435,Engineering,Democratic,4.32,4.4,2.99,3.49,2.2,4,0.5,60.8,Moderate
EMP_0436,Marketing,Democratic,3.87,4.56,2.81,3.05,3.04,1,4.0,32.7,Low
EMP_0437,Engineering,Supportive,2.92,3.68,2.56,2.96,3.1,3,0.5,47.6,Moderate
EMP_0438,HR,Autocratic/Micromanagement,2.65,3.44,4.66,3.63,3.14,4,6.9,34.4,Low
EMP_0439,Marketing,Supportive,3.7,3.33,4.94,2.86,2.49,3,2.5,48.6,Moderate
EMP_0440,Engineering,Autocratic/Micromanagement,3.48,3.51,2.92,2.84,3.25,5,2.6,41.1,Low
EMP_0441,Engineering,Democratic,3.66,2.57,3.27,3.74,1.96,1,3.1,42.1,Low
EMP_0442,Product,Supportive,3.59,3.37,3.05,3.44,1.0,3,5.2,50.9,Moderate
EMP_0443,Data Science,Supportive,5.0,3.46,4.09,4.06,3.27,2,2.3,42.5,Low
EMP_0444,Data Science,Autocratic/Micromanagement,2.67,3.69,4.24,3.25,2.83,4,2.0,41.6,Low
EMP_0445,HR,Supportive,2.21,3.88,1.78,3.15,2.21,3,1.2,52.5,Moderate
EMP_0446,Product,Supportive,3.83,4.02,3.58,3.75,1.52,2,0.5,57.8,Moderate
EMP_0447,Product,Supportive,3.34,3.79,2.15,3.01,1.07,3,0.7,54.0,Moderate
EMP_0448,HR,Democratic,3.82,3.45,4.61,3.11,2.74,3,0.5,30.7,Low
EMP_0449,Data Science,Democratic,4.01,2.62,3.55,3.13,4.02,5,7.1,34.4,Low
EMP_0450,Engineering,Supportive,4.5,3.45,2.54,3.37,2.59,3,5.1,49.6,Moderate
EMP_0451,HR,Supportive,2.54,3.22,3.01,4.56,2.41,2,0.9,50.6,Moderate
EMP_0452,Sales,Supportive,3.21,4.08,2.97,2.67,2.68,3,0.5,26.0,Low
EMP_0453,Sales,Supportive,3.9,4.35,3.62,4.28,4.44,3,2.4,36.8,Low
EMP_0454,Product,Democratic,4.14,4.36,4.03,3.94,3.3,4,1.9,30.5,Low
EMP_0455,Engineering,Democratic,5.0,4.25,2.28,4.44,1.95,3,5.2,58.2,Moderate
EMP_0456,Sales,Supportive,4.27,3.72,4.67,5.0,2.72,4,1.8,61.9,Moderate
EMP_0457,Engineering,Supportive,3.56,3.49,4.48,4.36,2.97,5,7.0,46.4,Moderate
EMP_0458,Sales,Supportive,2.98,3.35,2.5,4.06,1.85,2,0.5,41.5,Low
EMP_0459,Engineering,Autocratic/Micromanagement,3.2,2.9,3.26,2.71,3.31,5,1.6,42.6,Low
EMP_0460,Engineering,Autocratic/Micromanagement,3.19,4.4,4.57,2.79,2.05,5,9.5,57.5,Moderate
EMP_0461,Engineering,Autocratic/Micromanagement,4.06,3.7,4.19,3.72,1.49,3,0.5,28.7,Low
EMP_0462,Marketing,Supportive,3.78,3.05,2.93,2.48,2.76,2,1.7,44.9,Low
EMP_0463,Marketing,Supportive,2.67,3.3,3.85,3.87,2.63,5,1.1,44.5,Low
EMP_0464,Sales,Supportive,3.29,3.28,5.0,2.22,2.7,4,2.7,64.9,Moderate
EMP_0465,Product,Supportive,4.21,3.83,3.28,4.19,2.09,2,1.1,46.2,Moderate
EMP_0466,Data Science,Democratic,3.85,4.44,2.69,3.31,2.2,3,7.1,58.6,Moderate
EMP_0467,Data Science,Autocratic/Micromanagement,4.0,3.59,3.34,3.58,3.6,4,9.7,42.4,Low
EMP_0468,Product,Autocratic/Micromanagement,3.87,2.45,3.4,3.05,3.05,2,6.6,39.5,Low
EMP_0469,Engineering,Autocratic/Micromanagement,4.74,3.69,2.78,2.36,1.93,4,1.8,22.9,Low
EMP_0470,Product,Supportive,3.77,3.71,3.55,4.24,1.14,4,15.0,48.2,Moderate
EMP_0471,Engineering,Democratic,3.33,3.67,2.2,4.3,1.97,5,4.6,42.0,Low
EMP_0472,Product,Supportive,2.96,3.42,2.67,3.29,2.83,4,1.5,52.3,Moderate
EMP_0473,Engineering,Supportive,3.77,3.93,3.81,3.9,2.19,4,0.5,49.3,Moderate
EMP_0474,Product,Democratic,1.89,3.84,1.8,3.27,2.13,4,3.8,45.5,Moderate
EMP_0475,Sales,Supportive,3.47,3.79,3.92,3.67,2.23,3,4.6,51.8,Moderate
EMP_0476,Product,Democratic,3.46,4.05,1.59,3.96,2.64,4,0.5,39.6,Low
EMP_0477,Engineering,Supportive,2.64,3.54,1.81,3.83,3.33,4,2.8,43.4,Low
EMP_0478,Sales,Democratic,2.95,3.51,2.8,4.3,2.7,5,15.0,15.6,Low
EMP_0479,Product,Autocratic/Micromanagement,4.17,4.63,3.43,3.81,2.75,4,1.4,17.5,Low
EMP_0480,Sales,Supportive,3.76,4.14,4.26,3.52,2.52,4,1.3,58.5,Moderate
EMP_0481,Marketing,Autocratic/Micromanagement,3.67,4.3,3.25,3.04,2.3,2,8.2,42.5,Low
EMP_0482,Marketing,Supportive,3.81,4.54,3.0,3.21,3.42,5,0.5,44.5,Low
EMP_0483,Sales,Democratic,3.66,4.12,3.66,3.99,3.29,3,9.5,40.6,Low
EMP_0484,Marketing,Democratic,4.47,4.36,2.5,2.6,4.34,5,5.3,31.9,Low
EMP_0485,Sales,Democratic,3.69,2.85,3.31,4.16,3.19,3,1.7,33.1,Low
EMP_0486,Product,Autocratic/Micromanagement,2.58,3.92,2.24,3.33,2.3,2,0.5,35.6,Low
EMP_0487,Engineering,Supportive,4.74,3.69,3.27,3.01,1.98,5,0.5,48.1,Moderate
EMP_0488,Data Science,Democratic,3.86,4.81,3.1,2.84,3.46,4,1.6,50.2,Moderate
EMP_0489,Product,Democratic,3.19,4.36,2.56,3.9,2.05,4,4.3,38.9,Low
EMP_0490,Product,Autocratic/Micromanagement,2.72,3.42,3.33,3.49,3.35,1,2.3,29.5,Low
EMP_0491,Sales,Supportive,3.88,4.02,3.33,4.45,2.09,5,4.7,55.6,Moderate
EMP_0492,Marketing,Autocratic/Micromanagement,3.52,3.9,4.14,2.74,2.98,4,3.9,37.4,Low
EMP_0493,Data Science,Democratic,4.7,4.07,1.92,3.15,1.85,3,3.0,58.0,Moderate
EMP_0494,Engineering,Supportive,3.36,3.19,3.14,3.44,3.32,5,12.0,40.9,Low
EMP_0495,Sales,Democratic,3.01,4.02,2.59,3.05,1.71,4,4.6,22.1,Low
EMP_0496,Data Science,Supportive,4.23,3.66,3.9,3.5,2.92,2,8.6,46.0,Moderate
EMP_0497,Sales,Democratic,4.25,3.97,3.8,3.69,2.54,3,1.0,28.4,Low
EMP_0498,Engineering,Autocratic/Micromanagement,3.72,3.37,3.61,3.79,2.78,4,4.4,41.4,Low
EMP_0499,Product,Democratic,4.07,3.45,2.64,4.4,2.38,5,3.2,35.8,Low
EMP_0500,Product,Democratic,3.57,4.5,3.91,2.72,2.36,3,9.0,38.0,Low
EMP_0501,Marketing,Democratic,3.76,3.17,1.98,3.7,2.82,4,2.5,39.4,Low
EMP_0502,Sales,Supportive,4.42,3.21,1.81,3.11,1.9,4,1.1,35.3,Low
EMP_0503,Data Science,Supportive,4.04,3.77,2.18,3.76,1.89,2,1.7,45.7,Moderate
EMP_0504,HR,Democratic,3.48,3.34,3.17,3.76,2.41,1,0.9,46.7,Moderate
EMP_0505,Marketing,Supportive,4.55,3.27,3.74,2.91,2.38,4,0.9,41.6,Low
EMP_0506,Engineering,Supportive,1.94,3.86,1.0,2.96,1.9,4,2.2,40.3,Low
EMP_0507,Product,Democratic,5.0,2.9,4.26,3.81,3.44,4,7.8,38.9,Low
EMP_0508,HR,Supportive,2.41,3.2,3.3,3.51,2.43,5,0.7,41.8,Low
EMP_0509,Product,Supportive,3.16,5.0,1.95,3.37,2.52,4,1.2,54.9,Moderate
EMP_0510,Marketing,Democratic,3.57,4.08,3.28,3.89,1.64,4,6.7,44.5,Low
EMP_0511,Marketing,Supportive,3.5,3.35,4.07,3.94,4.36,1,1.5,41.8,Low
EMP_0512,Sales,Autocratic/Micromanagement,4.3,4.05,3.68,3.18,4.64,1,11.5,8.3,Low
EMP_0513,Product,Autocratic/Micromanagement,2.86,4.14,4.08,2.99,2.08,4,1.1,36.5,Low
EMP_0514,Product,Democratic,3.78,4.4,2.11,2.74,3.68,4,2.0,31.6,Low
EMP_0515,Engineering,Supportive,3.2,3.72,2.87,3.52,2.63,3,0.5,43.8,Low
EMP_0516,Engineering,Autocratic/Micromanagement,3.81,4.39,2.46,2.65,3.98,4,15.0,53.1,Moderate
EMP_0517,Data Science,Autocratic/Micromanagement,3.55,2.58,4.57,3.56,2.97,4,7.7,32.9,Low
EMP_0518,HR,Autocratic/Micromanagement,3.67,3.17,3.71,4.23,2.78,2,6.0,40.0,Low
EMP_0519,Product,Supportive,3.22,3.9,5.0,3.29,1.0,4,0.6,60.5,Moderate
EMP_0520,Engineering,Democratic,3.24,4.0,2.83,3.18,2.0,3,12.2,51.6,Moderate
EMP_0521,Sales,Autocratic/Micromanagement,3.8,3.25,2.62,4.7,2.72,4,9.3,24.6,Low
EMP_0522,Data Science,Democratic,4.26,3.96,3.09,4.41,2.86,4,2.0,32.7,Low
EMP_0523,Product,Democratic,3.18,3.43,4.3,3.04,1.73,4,4.0,41.3,Low
EMP_0524,HR,Democratic,2.99,3.63,2.91,3.58,2.12,3,15.0,38.2,Low
EMP_0525,HR,Democratic,4.03,4.41,3.3,3.7,3.14,3,1.8,32.4,Low
EMP_0526,Sales,Supportive,3.58,4.35,3.28,3.62,1.59,3,0.5,53.6,Moderate
EMP_0527,Sales,Democratic,4.18,3.2,3.23,4.59,2.81,4,7.1,31.3,Low
EMP_0528,Data Science,Supportive,2.97,3.17,2.68,3.55,3.69,3,2.3,48.0,Moderate
EMP_0529,Engineering,Democratic,2.35,3.55,3.09,3.64,3.01,2,15.0,31.0,Low
EMP_0530,Product,Supportive,3.23,3.78,3.06,3.91,2.97,5,2.8,40.3,Low
EMP_0531,HR,Democratic,3.06,3.41,3.19,4.21,1.08,3,0.5,43.9,Low
EMP_0532,Product,Supportive,3.54,4.42,3.95,4.06,2.04,2,2.4,49.0,Moderate
EMP_0533,Product,Democratic,3.15,4.01,4.61,3.82,4.34,4,4.4,32.2,Low
EMP_0534,Sales,Autocratic/Micromanagement,4.12,4.04,2.53,2.56,2.22,4,0.5,7.4,Low
EMP_0535,HR,Supportive,3.4,3.04,2.89,3.21,3.71,3,1.9,35.2,Low
EMP_0536,Product,Supportive,3.71,4.5,2.54,3.99,2.21,4,0.6,55.0,Moderate
EMP_0537,HR,Supportive,3.71,2.11,3.35,3.65,2.48,2,3.6,47.5,Moderate
EMP_0538,Engineering,Autocratic/Micromanagement,3.74,4.3,2.77,4.0,3.11,3,11.0,52.2,Moderate
EMP_0539,Sales,Democratic,3.58,4.36,3.39,4.63,2.78,2,3.4,48.5,Moderate
EMP_0540,Engineering,Democratic,3.96,3.54,4.08,2.79,3.01,3,4.2,42.9,Low
EMP_0541,Product,Supportive,3.04,4.56,1.18,4.18,2.05,4,1.8,51.8,Moderate
EMP_0542,Marketing,Democratic,4.58,3.76,3.59,3.3,1.79,3,2.9,35.1,Low
EMP_0543,Engineering,Autocratic/Micromanagement,3.43,3.84,2.83,4.06,1.99,4,2.7,34.3,Low
EMP_0544,Marketing,Autocratic/Micromanagement,2.68,4.0,3.57,3.48,2.27,3,5.0,45.6,Moderate
EMP_0545,Marketing,Democratic,3.73,5.0,2.48,4.78,2.52,3,6.8,36.7,Low
EMP_0546,Data Science,Supportive,3.0,4.61,4.16,3.58,3.53,2,3.8,58.3,Moderate
EMP_0547,Engineering,Supportive,4.07,4.22,3.93,3.12,2.77,3,13.7,56.8,Moderate
EMP_0548,Marketing,Supportive,5.0,3.25,3.65,3.75,3.09,2,6.2,48.3,Moderate
EMP_0549,Sales,Supportive,3.05,3.89,3.83,3.69,2.81,4,0.5,53.1,Moderate
EMP_0550,HR,Supportive,3.83,3.31,2.6,4.18,1.81,5,2.5,59.5,Moderate
EMP_0551,Sales,Supportive,2.37,4.29,2.7,3.77,2.71,4,8.2,30.6,Low
EMP_0552,Product,Supportive,3.92,3.88,3.8,4.99,2.8,4,10.1,50.6,Moderate
EMP_0553,Sales,Autocratic/Micromanagement,2.98,3.13,2.59,3.43,3.31,3,1.7,19.6,Low
EMP_0554,Sales,Democratic,3.16,3.85,4.36,3.44,1.85,4,4.5,58.1,Moderate
EMP_0555,Product,Autocratic/Micromanagement,2.83,3.29,2.94,3.14,1.07,4,1.8,45.2,Moderate
EMP_0556,Sales,Democratic,4.11,3.89,3.6,3.55,2.84,1,0.5,33.1,Low
EMP_0557,Engineering,Supportive,4.31,3.28,4.88,3.64,2.98,5,7.6,53.2,Moderate
EMP_0558,Engineering,Democratic,3.62,3.82,2.64,3.67,2.56,1,9.4,39.0,Low
EMP_0559,HR,Supportive,2.99,4.25,3.26,3.54,2.72,3,2.5,46.0,Moderate
EMP_0560,Marketing,Democratic,4.71,3.77,4.04,3.13,3.4,3,0.5,35.6,Low
EMP_0561,Marketing,Supportive,3.07,3.57,3.96,2.97,2.33,5,5.9,45.8,Moderate
EMP_0562,Engineering,Autocratic/Micromanagement,2.09,3.92,2.94,3.27,2.48,5,2.3,40.9,Low
EMP_0563,Engineering,Supportive,3.92,4.22,2.79,4.18,2.76,5,0.5,61.6,Moderate
EMP_0564,Engineering,Supportive,2.83,3.14,3.01,4.31,1.72,4,0.7,48.3,Moderate
EMP_0565,Data Science,Autocratic/Micromanagement,4.29,3.96,4.36,3.45,2.58,4,0.6,32.3,Low
EMP_0566,Sales,Supportive,3.33,4.59,2.98,2.94,2.65,1,4.1,28.0,Low
EMP_0567,Data Science,Democratic,4.02,4.14,3.26,3.45,4.01,3,1.2,48.7,Moderate
EMP_0568,Sales,Democratic,4.58,3.83,2.86,4.75,2.46,5,0.5,24.2,Low
EMP_0569,Product,Autocratic/Micromanagement,2.75,4.18,3.76,4.1,2.86,3,8.7,32.0,Low
EMP_0570,Data Science,Autocratic/Micromanagement,3.2,4.07,3.32,3.83,3.43,1,11.0,47.9,Moderate
EMP_0571,Sales,Autocratic/Micromanagement,3.55,4.25,2.4,4.08,2.03,2,0.5,19.2,Low
EMP_0572,HR,Supportive,4.68,2.59,2.42,4.42,3.8,3,0.9,53.2,Moderate
EMP_0573,Data Science,Autocratic/Micromanagement,3.14,2.87,1.6,2.81,4.11,2,3.1,30.2,Low
EMP_0574,Marketing,Democratic,3.18,4.4,2.53,3.26,2.68,3,0.6,37.0,Low
EMP_0575,Product,Democratic,3.93,2.9,3.84,3.18,2.27,3,0.6,49.5,Moderate
EMP_0576,Product,Supportive,3.2,4.04,4.26,3.85,4.0,3,1.4,37.9,Low
EMP_0577,Engineering,Democratic,3.71,3.59,3.75,3.6,3.34,1,10.4,41.4,Low
EMP_0578,Product,Autocratic/Micromanagement,2.51,3.2,3.64,3.95,2.77,5,11.5,40.5,Low
EMP_0579,Sales,Autocratic/Micromanagement,5.0,4.01,3.1,3.2,3.84,4,6.5,4.8,Low
EMP_0580,Data Science,Democratic,2.66,3.92,3.82,4.32,3.76,4,4.2,31.2,Low
EMP_0581,Sales,Supportive,3.37,5.0,3.43,3.46,2.43,4,4.5,51.2,Moderate
EMP_0582,Product,Supportive,3.58,3.43,4.64,3.92,2.9,3,2.2,47.1,Moderate
EMP_0583,Sales,Autocratic/Micromanagement,4.94,4.66,3.12,4.22,3.16,5,2.6,18.0,Low
EMP_0584,Data Science,Democratic,2.67,4.01,4.27,4.17,2.72,5,3.5,49.7,Moderate
EMP_0585,Marketing,Democratic,4.99,3.4,3.9,3.72,1.59,1,4.6,39.3,Low
EMP_0586,Engineering,Supportive,4.13,4.28,3.79,3.99,1.95,1,0.5,64.7,Moderate
EMP_0587,Engineering,Democratic,3.89,4.14,1.59,4.54,1.61,4,0.9,67.6,Moderate
EMP_0588,Engineering,Democratic,2.91,3.82,3.94,3.81,3.09,2,11.5,31.6,Low
EMP_0589,Engineering,Autocratic/Micromanagement,4.0,3.96,3.1,3.06,1.75,5,1.4,39.7,Low
EMP_0590,Engineering,Democratic,3.09,3.44,2.84,3.85,2.85,4,1.1,37.3,Low
EMP_0591,Engineering,Supportive,4.49,3.3,2.01,3.48,4.17,3,1.9,33.9,Low
EMP_0592,Marketing,Democratic,2.92,4.26,3.2,2.09,3.84,3,1.2,34.9,Low
EMP_0593,Engineering,Supportive,3.52,3.67,3.23,3.78,1.23,4,0.5,48.0,Moderate
EMP_0594,Data Science,Autocratic/Micromanagement,3.21,3.75,2.16,3.57,1.68,2,0.8,37.0,Low
EMP_0595,Product,Supportive,2.91,3.97,2.02,4.19,2.08,5,3.6,45.0,Moderate
EMP_0596,Sales,Democratic,4.12,3.96,3.59,3.05,1.76,1,0.9,33.9,Low
EMP_0597,Marketing,Supportive,3.97,2.94,3.9,2.6,1.38,5,3.7,60.1,Moderate
EMP_0598,Engineering,Democratic,4.45,4.57,3.35,3.6,2.69,2,0.5,55.5,Moderate
EMP_0599,Engineering,Democratic,2.35,3.87,4.12,3.73,3.26,4,0.5,39.9,Low
EMP_0600,Engineering,Democratic,4.34,3.68,3.13,3.56,3.46,1,6.9,38.6,Low
EMP_0601,Engineering,Supportive,5.0,4.06,3.16,3.51,2.32,3,5.0,63.7,Moderate
EMP_0602,Data Science,Supportive,3.28,3.94,2.47,2.86,2.48,4,3.8,48.7,Moderate
EMP_0603,Engineering,Supportive,4.93,4.26,1.95,3.42,2.98,1,0.5,66.7,Moderate
EMP_0604,Engineering,Democratic,3.42,4.12,4.68,3.29,2.61,3,1.0,61.4,Moderate
EMP_0605,Engineering,Supportive,2.64,4.23,4.11,4.14,3.35,3,5.9,53.6,Moderate
EMP_0606,Sales,Democratic,3.39,4.61,2.09,3.73,3.04,3,0.5,33.9,Low
EMP_0607,Engineering,Autocratic/Micromanagement,4.33,4.33,3.32,3.33,2.4,3,5.9,29.6,Low
EMP_0608,Data Science,Autocratic/Micromanagement,3.01,3.7,3.12,4.53,1.21,4,3.1,42.2,Low
EMP_0609,Sales,Democratic,3.18,3.13,2.98,3.34,3.9,2,4.7,17.8,Low
EMP_0610,Marketing,Democratic,4.02,4.8,2.87,3.83,2.15,1,3.6,41.2,Low
EMP_0611,Engineering,Supportive,3.6,3.66,3.51,3.4,2.99,3,1.9,56.4,Moderate
EMP_0612,HR,Democratic,4.01,3.52,3.85,4.48,1.17,5,1.2,49.8,Moderate
EMP_0613,Marketing,Autocratic/Micromanagement,3.77,2.76,3.52,3.55,2.69,5,3.9,40.0,Low
EMP_0614,Engineering,Supportive,3.94,4.0,3.1,3.57,2.78,4,5.8,67.7,Moderate
EMP_0615,Product,Democratic,3.3,3.89,3.07,3.42,2.82,5,0.5,39.0,Low
EMP_0616,Product,Autocratic/Micromanagement,3.76,2.89,3.95,3.62,5.0,5,1.7,24.1,Low
EMP_0617,Engineering,Autocratic/Micromanagement,2.95,4.07,3.57,4.22,2.2,3,1.5,57.5,Moderate
EMP_0618,Data Science,Supportive,4.5,3.5,3.26,4.01,3.36,2,2.9,45.2,Moderate
EMP_0619,HR,Democratic,3.16,5.0,3.17,3.52,3.12,3,0.5,31.7,Low
EMP_0620,Marketing,Supportive,4.39,3.46,3.48,4.52,2.16,2,9.5,56.6,Moderate
EMP_0621,Engineering,Supportive,3.44,3.54,2.83,4.02,3.34,4,2.8,44.7,Low
EMP_0622,Engineering,Autocratic/Micromanagement,3.74,3.28,3.86,3.24,2.57,4,9.0,32.8,Low
EMP_0623,Data Science,Autocratic/Micromanagement,3.25,4.57,2.34,2.67,3.4,4,5.9,44.9,Low
EMP_0624,Sales,Autocratic/Micromanagement,2.89,3.58,2.87,3.25,4.27,2,0.7,18.5,Low
EMP_0625,Marketing,Supportive,2.38,3.37,3.69,3.75,2.82,4,0.5,52.6,Moderate
EMP_0626,Data Science,Autocratic/Micromanagement,2.86,4.22,2.29,3.86,2.48,3,6.9,56.2,Moderate
EMP_0627,Sales,Democratic,3.37,2.97,1.94,4.32,3.54,3,2.7,21.5,Low
EMP_0628,Marketing,Supportive,3.75,4.18,3.25,2.84,3.82,5,0.5,38.8,Low
EMP_0629,Engineering,Democratic,4.31,4.87,1.84,3.24,1.99,3,9.5,56.5,Moderate
EMP_0630,Data Science,Supportive,3.29,4.14,2.16,2.79,2.34,3,2.2,62.8,Moderate
EMP_0631,Marketing,Autocratic/Micromanagement,2.98,4.18,3.81,2.7,3.24,4,1.3,34.4,Low
EMP_0632,Product,Democratic,2.59,4.32,3.04,3.12,2.59,5,2.5,37.8,Low
EMP_0633,Sales,Supportive,3.94,4.83,4.23,3.72,1.94,2,6.1,60.0,Moderate
EMP_0634,Sales,Supportive,4.57,4.53,2.24,3.96,3.13,4,0.5,34.7,Low
EMP_0635,Engineering,Supportive,4.49,4.06,3.12,2.93,3.24,5,1.6,55.4,Moderate
EMP_0636,Sales,Supportive,4.1,4.34,3.52,3.01,2.43,3,1.3,42.6,Low
EMP_0637,Sales,Democratic,4.05,3.27,2.26,2.43,2.75,3,6.4,18.7,Low
EMP_0638,Engineering,Autocratic/Micromanagement,4.79,4.27,4.03,3.63,2.24,4,5.3,41.3,Low
EMP_0639,Data Science,Supportive,3.83,3.2,3.61,3.06,1.82,2,1.8,53.5,Moderate
EMP_0640,Data Science,Supportive,4.05,3.58,1.91,4.5,2.3,3,3.8,40.7,Low
EMP_0641,Engineering,Democratic,3.38,1.95,3.17,3.75,2.76,5,1.8,25.6,Low
EMP_0642,Data Science,Autocratic/Micromanagement,2.65,4.04,3.51,3.4,1.52,4,3.0,57.9,Moderate
EMP_0643,Engineering,Supportive,3.12,3.41,2.73,3.12,2.36,1,15.0,47.3,Moderate
EMP_0644,Data Science,Supportive,3.59,4.47,2.02,2.6,2.77,3,2.7,61.3,Moderate
EMP_0645,Engineering,Democratic,3.64,4.03,3.42,2.68,3.66,4,15.0,41.9,Low
EMP_0646,Product,Supportive,4.95,4.47,4.97,3.13,2.45,3,4.8,49.8,Moderate
EMP_0647,Sales,Supportive,3.66,3.15,2.89,3.08,1.7,4,0.5,31.0,Low
EMP_0648,Marketing,Democratic,4.43,4.42,4.46,2.9,2.53,4,5.6,36.9,Low
EMP_0649,HR,Democratic,3.3,5.0,2.6,3.73,2.25,3,0.6,38.1,Low
EMP_0650,Sales,Democratic,3.38,4.26,3.37,3.81,3.14,5,2.7,39.7,Low
EMP_0651,Engineering,Democratic,2.67,4.27,3.82,3.22,2.43,5,3.3,54.3,Moderate
EMP_0652,Sales,Democratic,3.08,3.9,3.19,4.66,1.0,1,7.8,49.0,Moderate
EMP_0653,Sales,Supportive,3.97,3.49,2.96,2.45,5.0,3,0.8,16.5,Low
EMP_0654,Marketing,Supportive,3.61,4.26,3.78,3.53,2.81,3,7.3,46.8,Moderate
EMP_0655,Sales,Supportive,4.26,2.9,4.71,3.37,2.77,2,9.5,62.2,Moderate
EMP_0656,Engineering,Supportive,3.73,3.55,3.44,3.17,1.47,3,0.5,59.6,Moderate
EMP_0657,Data Science,Democratic,3.35,2.74,2.79,3.08,1.53,3,7.6,37.4,Low
EMP_0658,Data Science,Autocratic/Micromanagement,5.0,3.38,3.05,3.5,2.63,1,1.0,16.0,Low
EMP_0659,Marketing,Autocratic/Micromanagement,3.53,4.19,5.0,3.36,2.97,2,0.5,39.2,Low
EMP_0660,Sales,Democratic,4.41,4.1,3.31,3.26,3.26,1,11.1,43.4,Low
EMP_0661,Data Science,Supportive,3.32,3.83,2.72,2.72,2.89,1,1.7,48.4,Moderate
EMP_0662,Product,Supportive,4.1,3.9,2.28,2.53,1.75,3,3.4,46.6,Moderate
EMP_0663,Marketing,Autocratic/Micromanagement,4.25,2.67,1.74,3.33,1.0,3,2.8,22.0,Low
EMP_0664,Engineering,Democratic,3.75,3.58,3.49,3.26,2.62,5,0.8,38.9,Low
EMP_0665,Engineering,Democratic,1.95,3.39,3.72,3.38,2.27,2,3.9,41.6,Low
EMP_0666,Engineering,Autocratic/Micromanagement,3.61,3.4,2.88,3.43,1.69,5,0.5,41.3,Low
EMP_0667,Engineering,Democratic,4.46,4.16,3.19,3.19,3.36,1,0.8,44.5,Low
EMP_0668,Engineering,Autocratic/Micromanagement,3.97,3.28,2.26,3.37,1.44,4,10.1,49.0,Moderate
EMP_0669,Engineering,Supportive,3.91,3.44,3.31,2.99,3.19,2,10.7,43.9,Low
EMP_0670,Data Science,Democratic,2.39,2.55,3.59,4.41,1.57,5,2.3,45.6,Moderate
EMP_0671,Engineering,Autocratic/Micromanagement,3.1,3.62,2.77,3.02,2.81,1,0.6,28.5,Low
EMP_0672,Product,Supportive,3.89,3.15,4.55,3.28,3.45,5,1.9,50.5,Moderate
EMP_0673,Engineering,Democratic,3.89,3.85,2.53,3.07,2.43,1,7.3,35.6,Low
EMP_0674,Sales,Supportive,4.45,3.23,3.43,3.06,4.05,2,0.5,48.5,Moderate
EMP_0675,Sales,Autocratic/Micromanagement,3.5,3.86,3.88,3.51,4.23,3,0.5,34.0,Low
EMP_0676,Product,Supportive,3.88,3.71,3.14,3.44,2.89,4,7.9,39.9,Low
EMP_0677,Engineering,Democratic,3.61,4.8,3.05,3.22,3.13,5,1.9,52.1,Moderate
EMP_0678,Data Science,Supportive,2.91,4.1,2.06,3.33,3.55,3,0.5,67.3,Moderate
EMP_0679,Product,Democratic,2.02,2.7,4.29,3.07,3.14,4,0.5,32.9,Low
EMP_0680,Product,Supportive,3.9,3.04,3.06,3.74,3.05,4,7.5,54.6,Moderate
EMP_0681,HR,Supportive,3.72,3.83,3.63,4.73,2.28,4,2.4,51.7,Moderate
EMP_0682,Data Science,Democratic,3.17,3.24,3.74,2.98,1.35,4,0.6,50.6,Moderate
EMP_0683,Engineering,Autocratic/Micromanagement,2.47,2.02,2.7,3.74,1.59,1,7.9,28.6,Low
EMP_0684,Marketing,Supportive,4.04,4.61,3.04,3.53,4.61,3,6.5,38.6,Low
EMP_0685,Product,Supportive,3.41,4.23,4.27,3.9,2.96,4,0.5,55.9,Moderate
EMP_0686,Sales,Autocratic/Micromanagement,3.99,4.11,2.31,3.92,2.5,3,3.0,27.4,Low
EMP_0687,Sales,Democratic,4.9,3.44,4.9,3.62,3.71,5,1.0,44.1,Low
EMP_0688,Data Science,Autocratic/Micromanagement,2.1,4.06,2.6,3.48,2.1,5,2.7,57.7,Moderate
EMP_0689,HR,Supportive,3.11,3.38,2.26,3.24,3.17,5,1.1,42.9,Low
EMP_0690,Engineering,Democratic,3.45,3.92,3.31,3.04,2.76,2,1.3,38.1,Low
EMP_0691,Data Science,Supportive,4.62,3.25,4.97,3.44,3.07,2,3.2,52.2,Moderate
EMP_0692,Sales,Supportive,2.45,4.71,1.67,2.73,2.43,1,2.7,33.3,Low
EMP_0693,Sales,Democratic,4.96,2.86,3.09,3.14,1.93,5,1.8,36.9,Low
EMP_0694,Engineering,Democratic,3.7,4.54,3.58,4.16,2.04,2,0.5,51.0,Moderate
EMP_0695,Engineering,Autocratic/Micromanagement,3.53,3.82,3.23,3.56,2.07,3,12.2,41.1,Low
EMP_0696,Marketing,Supportive,3.46,3.51,3.51,4.04,2.7,3,0.7,43.8,Low
EMP_0697,Data Science,Democratic,3.29,3.9,2.63,4.38,1.46,1,3.5,36.3,Low
EMP_0698,Sales,Democratic,4.33,4.24,2.72,3.39,1.7,3,0.5,21.4,Low
EMP_0699,Engineering,Autocratic/Micromanagement,2.85,4.62,3.08,3.62,2.81,1,4.1,58.2,Moderate
EMP_0700,Sales,Supportive,3.84,3.99,2.3,3.32,2.6,3,0.5,32.6,Low
EMP_0701,Sales,Supportive,3.33,3.27,3.16,3.01,2.85,5,0.9,47.5,Moderate
EMP_0702,Engineering,Supportive,3.07,3.83,2.89,2.93,2.66,4,3.6,43.2,Low
EMP_0703,Data Science,Democratic,5.0,4.89,2.82,4.01,4.72,4,1.2,40.9,Low
EMP_0704,Engineering,Supportive,3.89,4.61,3.46,3.63,2.8,3,2.7,59.3,Moderate
EMP_0705,Engineering,Autocratic/Micromanagement,4.03,4.35,1.74,4.61,2.4,5,0.5,34.8,Low
EMP_0706,Product,Supportive,4.4,4.28,3.02,4.08,2.78,5,0.8,39.2,Low
EMP_0707,Data Science,Autocratic/Micromanagement,2.61,4.22,5.0,3.06,3.52,5,4.6,54.6,Moderate
EMP_0708,HR,Supportive,4.83,4.5,2.33,4.0,2.66,1,0.5,47.9,Moderate
EMP_0709,Data Science,Democratic,1.84,3.53,4.23,3.32,3.25,5,0.5,36.4,Low
EMP_0710,Marketing,Autocratic/Micromanagement,3.06,2.99,3.24,4.23,3.02,2,0.8,41.0,Low
EMP_0711,HR,Supportive,3.28,3.84,2.72,3.21,2.47,3,0.5,53.1,Moderate
EMP_0712,Sales,Autocratic/Micromanagement,4.01,3.31,2.14,2.87,2.79,3,0.5,1.6,Low
EMP_0713,Sales,Democratic,3.75,3.17,3.31,3.02,3.98,4,1.2,35.1,Low
EMP_0714,Sales,Autocratic/Micromanagement,3.48,3.37,4.36,3.05,2.89,4,0.5,52.0,Moderate
EMP_0715,Data Science,Democratic,3.59,5.0,2.89,3.0,1.91,2,7.0,58.0,Moderate
EMP_0716,Product,Supportive,2.92,3.88,3.14,3.16,2.44,4,0.5,54.3,Moderate
EMP_0717,HR,Supportive,2.55,4.02,4.01,4.01,1.01,3,6.9,59.5,Moderate
EMP_0718,Product,Supportive,4.11,3.07,3.47,4.58,2.81,1,6.1,51.0,Moderate
EMP_0719,Engineering,Supportive,4.09,2.69,1.94,2.7,3.75,3,0.5,50.0,Moderate
EMP_0720,Marketing,Supportive,4.71,3.31,3.28,4.26,1.63,3,0.5,52.8,Moderate
EMP_0721,Product,Supportive,3.05,4.66,4.41,3.21,2.82,1,0.5,47.6,Moderate
EMP_0722,Engineering,Democratic,4.08,4.0,3.17,3.71,3.49,2,3.1,53.4,Moderate
EMP_0723,Engineering,Autocratic/Micromanagement,3.4,4.16,1.01,2.51,3.57,5,3.9,48.0,Moderate
EMP_0724,Marketing,Supportive,4.43,4.24,3.51,3.81,3.72,5,3.4,45.7,Moderate
EMP_0725,Sales,Supportive,4.32,3.45,3.04,2.3,1.21,2,2.7,51.8,Moderate
EMP_0726,HR,Democratic,3.75,4.63,1.74,3.69,3.1,4,0.7,24.7,Low
EMP_0727,Engineering,Supportive,3.36,3.42,1.86,3.65,1.5,3,6.4,56.2,Moderate
EMP_0728,HR,Supportive,4.27,4.64,3.98,3.61,1.9,3,1.4,43.7,Low
EMP_0729,Engineering,Supportive,4.05,4.07,2.61,3.06,3.36,3,15.0,56.4,Moderate
EMP_0730,Engineering,Autocratic/Micromanagement,3.12,2.73,2.47,3.83,2.83,1,1.7,41.4,Low
EMP_0731,Engineering,Autocratic/Micromanagement,2.67,3.35,3.17,3.73,3.28,3,1.1,39.4,Low
EMP_0732,HR,Supportive,3.4,2.73,2.68,3.37,1.96,2,7.9,57.1,Moderate
EMP_0733,Marketing,Democratic,4.66,4.5,3.28,3.9,3.88,3,2.9,22.4,Low
EMP_0734,Sales,Democratic,4.4,3.79,3.04,3.44,3.25,5,4.5,36.9,Low
EMP_0735,Data Science,Democratic,2.82,2.46,2.24,3.82,3.41,5,1.8,18.4,Low
EMP_0736,Product,Democratic,2.78,4.03,2.79,3.42,1.84,5,7.6,46.7,Moderate
EMP_0737,Data Science,Democratic,4.49,3.48,3.55,3.63,3.64,5,8.7,41.0,Low
EMP_0738,HR,Supportive,2.81,2.91,3.23,3.84,2.45,1,2.0,42.4,Low
EMP_0739,Sales,Supportive,3.96,4.81,3.13,3.26,2.21,4,1.0,50.1,Moderate
EMP_0740,Data Science,Democratic,3.17,3.86,4.75,2.76,3.2,3,3.7,39.8,Low
EMP_0741,Sales,Autocratic/Micromanagement,4.73,3.62,3.78,3.67,3.17,5,10.8,16.0,Low
EMP_0742,Data Science,Democratic,3.06,3.56,3.88,4.21,2.02,5,3.4,49.6,Moderate
EMP_0743,Marketing,Autocratic/Micromanagement,4.4,2.89,3.07,3.68,4.35,3,10.8,10.4,Low
EMP_0744,Sales,Autocratic/Micromanagement,3.73,3.02,3.38,3.69,4.15,3,1.5,29.8,Low
EMP_0745,Engineering,Supportive,3.78,4.57,2.86,3.47,3.18,3,8.6,55.3,Moderate
EMP_0746,Product,Democratic,2.22,3.52,3.82,3.94,3.04,3,0.5,37.1,Low
EMP_0747,Data Science,Democratic,2.06,3.81,3.11,3.39,2.96,5,1.6,21.6,Low
EMP_0748,Sales,Autocratic/Micromanagement,3.45,2.57,3.38,3.23,1.46,5,2.4,42.2,Low
EMP_0749,Product,Autocratic/Micromanagement,3.77,3.01,3.33,4.16,2.79,2,3.7,43.8,Low
EMP_0750,Marketing,Democratic,2.81,4.17,3.19,3.18,2.78,3,1.2,30.5,Low
EMP_0751,Engineering,Supportive,2.84,4.03,5.0,4.03,2.24,2,9.0,56.8,Moderate
EMP_0752,Product,Autocratic/Micromanagement,3.99,4.85,2.67,4.16,2.45,5,8.2,44.6,Low
EMP_0753,Marketing,Supportive,3.99,4.61,2.66,3.84,1.0,5,5.6,61.8,Moderate
EMP_0754,Data Science,Autocratic/Micromanagement,3.5,3.66,3.76,2.75,1.82,4,0.5,35.0,Low
EMP_0755,Engineering,Autocratic/Micromanagement,4.15,4.08,2.72,3.52,3.44,4,0.5,40.2,Low
EMP_0756,HR,Supportive,2.78,3.61,2.97,3.38,4.08,4,2.4,43.8,Low
EMP_0757,Marketing,Democratic,3.35,5.0,2.33,3.2,1.95,2,5.1,46.5,Moderate
EMP_0758,Sales,Democratic,4.75,4.49,3.59,3.59,2.85,5,0.5,33.2,Low
EMP_0759,Product,Democratic,3.65,3.9,3.6,3.96,3.58,3,3.6,41.3,Low
EMP_0760,HR,Supportive,3.69,3.92,2.95,3.22,2.28,1,2.6,48.4,Moderate
EMP_0761,Engineering,Autocratic/Micromanagement,5.0,4.67,3.77,3.4,3.24,3,4.5,30.9,Low
EMP_0762,Data Science,Autocratic/Micromanagement,2.62,4.15,1.71,3.36,2.67,4,2.0,55.4,Moderate
EMP_0763,Engineering,Autocratic/Micromanagement,4.16,4.74,2.63,4.2,3.65,3,4.1,28.6,Low
EMP_0764,Marketing,Supportive,4.76,2.48,3.06,3.35,1.67,4,0.6,44.9,Low
EMP_0765,Engineering,Autocratic/Micromanagement,3.37,4.08,2.26,2.76,1.82,5,0.8,57.5,Moderate
EMP_0766,Sales,Democratic,4.2,3.49,1.8,2.56,2.92,4,8.2,20.3,Low
EMP_0767,HR,Supportive,2.91,4.85,2.95,3.72,2.78,4,1.4,43.7,Low
EMP_0768,Product,Supportive,3.12,4.73,3.76,3.04,2.65,3,14.8,54.3,Moderate
EMP_0769,Data Science,Supportive,3.87,3.82,4.23,3.9,3.16,3,0.5,57.7,Moderate
EMP_0770,HR,Autocratic/Micromanagement,4.16,4.72,2.76,2.7,1.96,3,2.4,18.6,Low
EMP_0771,Engineering,Democratic,4.38,4.87,3.79,3.18,1.6,3,1.4,58.8,Moderate
EMP_0772,HR,Democratic,4.7,3.84,3.71,2.7,2.3,5,15.0,37.7,Low
EMP_0773,Engineering,Supportive,3.55,5.0,4.17,3.76,2.39,5,15.0,75.7,High
EMP_0774,Data Science,Democratic,4.44,3.78,2.92,3.89,2.47,2,0.9,41.3,Low
EMP_0775,HR,Supportive,3.36,3.67,1.76,3.7,3.72,5,1.1,47.9,Moderate
EMP_0776,Engineering,Supportive,4.23,4.32,3.26,2.85,3.32,4,4.8,66.0,Moderate
EMP_0777,Engineering,Democratic,3.75,3.59,2.39,3.05,3.13,5,7.7,36.6,Low
EMP_0778,Marketing,Supportive,3.91,3.85,2.62,3.64,2.88,3,3.8,46.1,Moderate
EMP_0779,Marketing,Autocratic/Micromanagement,3.9,4.65,2.96,2.49,2.35,4,7.0,47.0,Moderate
EMP_0780,Marketing,Supportive,2.48,3.81,2.93,3.36,2.02,3,0.5,54.8,Moderate
EMP_0781,Marketing,Democratic,2.81,2.78,3.31,4.41,1.74,1,3.6,37.9,Low
EMP_0782,Sales,Democratic,3.67,4.02,3.76,3.39,2.14,1,4.2,36.7,Low
EMP_0783,Data Science,Democratic,2.42,3.38,2.91,2.61,2.67,2,0.7,36.0,Low
EMP_0784,Data Science,Supportive,4.18,4.32,3.52,3.14,1.78,3,5.3,72.8,Moderate
EMP_0785,Engineering,Supportive,4.21,4.22,3.21,3.12,2.84,3,10.1,69.6,Moderate
EMP_0786,Product,Autocratic/Micromanagement,3.83,4.68,3.95,4.78,2.54,4,8.0,49.3,Moderate
EMP_0787,Sales,Supportive,2.82,4.34,3.05,4.5,2.38,4,1.0,45.7,Moderate
EMP_0788,Sales,Autocratic/Micromanagement,4.57,4.45,3.14,3.94,3.63,5,1.4,16.4,Low
EMP_0789,Sales,Autocratic/Micromanagement,5.0,3.4,2.9,3.29,1.0,3,2.4,10.5,Low
EMP_0790,Product,Supportive,3.7,4.28,3.07,4.22,2.39,5,0.6,48.3,Moderate
EMP_0791,Engineering,Supportive,3.96,4.98,2.57,2.82,1.0,4,10.8,75.1,High
EMP_0792,Sales,Democratic,3.74,3.39,2.49,4.15,2.89,3,0.6,21.8,Low
EMP_0793,Sales,Autocratic/Micromanagement,3.97,4.88,3.82,4.06,3.31,4,5.0,41.7,Low
EMP_0794,Marketing,Autocratic/Micromanagement,3.52,3.47,2.33,3.41,1.62,4,1.5,40.1,Low
EMP_0795,Engineering,Democratic,3.58,3.29,2.94,4.18,1.72,2,3.0,46.0,Moderate
EMP_0796,Product,Autocratic/Micromanagement,4.23,3.98,4.01,3.23,1.34,4,0.5,23.8,Low
EMP_0797,Product,Supportive,5.0,4.23,2.92,2.74,2.75,4,0.8,38.4,Low
EMP_0798,Sales,Autocratic/Micromanagement,2.62,4.35,3.86,4.09,2.43,5,2.1,34.0,Low
EMP_0799,Marketing,Autocratic/Micromanagement,3.53,3.22,2.73,3.45,2.48,5,4.0,39.5,Low
EMP_0800,Product,Supportive,2.77,4.06,2.36,3.86,2.41,4,5.3,58.8,Moderate
EMP_0801,Marketing,Supportive,4.71,3.39,1.92,4.59,1.92,4,0.5,49.1,Moderate
EMP_0802,Engineering,Supportive,3.19,2.91,4.25,3.07,3.61,5,0.6,42.9,Low
EMP_0803,Sales,Supportive,2.59,3.24,2.29,3.41,2.92,5,4.6,34.3,Low
EMP_0804,Marketing,Autocratic/Micromanagement,4.05,3.35,3.8,4.44,1.75,5,5.9,21.1,Low
EMP_0805,Sales,Supportive,4.82,4.11,2.4,3.9,2.14,4,0.9,33.0,Low
EMP_0806,Marketing,Supportive,4.06,4.49,4.25,3.08,2.0,2,0.9,51.4,Moderate
EMP_0807,Product,Supportive,3.74,2.92,4.97,2.93,3.82,5,0.5,40.6,Low
EMP_0808,Product,Autocratic/Micromanagement,3.89,4.01,1.85,3.18,3.27,3,0.6,26.4,Low
EMP_0809,Sales,Democratic,4.59,3.09,2.33,3.06,2.6,4,0.5,20.0,Low
EMP_0810,Engineering,Democratic,2.99,4.18,3.82,3.64,4.07,3,3.1,49.8,Moderate
EMP_0811,Product,Supportive,3.52,3.43,3.61,3.55,3.86,3,8.2,45.9,Moderate
EMP_0812,HR,Autocratic/Micromanagement,3.28,3.17,3.82,3.67,2.52,3,0.6,45.3,Moderate
EMP_0813,Engineering,Autocratic/Micromanagement,2.78,4.28,2.74,3.0,2.37,5,4.9,60.6,Moderate
EMP_0814,Product,Supportive,3.37,3.45,4.79,3.46,2.41,4,3.0,44.7,Low
EMP_0815,Product,Supportive,4.38,3.61,3.29,2.27,1.94,3,9.8,47.5,Moderate
EMP_0816,Sales,Supportive,4.0,2.47,2.23,3.59,4.09,4,5.6,23.1,Low
EMP_0817,Sales,Supportive,4.05,4.37,3.0,4.21,1.89,5,6.7,50.7,Moderate
EMP_0818,Data Science,Democratic,3.7,4.29,2.24,2.65,3.39,3,3.6,46.6,Moderate
EMP_0819,Engineering,Autocratic/Micromanagement,3.97,3.8,4.47,3.79,3.25,4,5.8,34.5,Low
EMP_0820,Data Science,Democratic,3.04,2.88,2.67,3.13,2.46,3,1.5,34.6,Low
EMP_0821,HR,Autocratic/Micromanagement,3.38,4.53,3.59,3.98,4.15,5,0.8,35.2,Low
EMP_0822,Engineering,Democratic,3.73,3.4,2.82,3.6,1.45,3,8.5,38.7,Low
EMP_0823,Data Science,Democratic,3.79,3.53,2.71,3.74,2.64,5,4.6,33.1,Low
EMP_0824,Data Science,Democratic,3.82,5.0,1.67,3.54,2.31,3,0.5,57.2,Moderate
EMP_0825,Sales,Supportive,3.5,3.38,3.68,4.3,3.47,2,7.1,48.0,Moderate
EMP_0826,Product,Supportive,3.34,4.25,4.24,3.71,2.98,2,1.5,45.5,Moderate
EMP_0827,Data Science,Democratic,5.0,4.14,2.47,3.08,1.32,3,1.2,63.4,Moderate
EMP_0828,Data Science,Supportive,4.23,4.03,1.96,3.56,3.69,4,3.4,62.4,Moderate
EMP_0829,Marketing,Supportive,3.89,3.97,3.84,3.28,3.09,3,2.9,55.6,Moderate
EMP_0830,Sales,Democratic,3.44,4.03,1.88,3.6,1.87,3,2.7,30.2,Low
EMP_0831,Engineering,Autocratic/Micromanagement,3.28,3.96,4.18,3.25,2.42,4,1.0,47.6,Moderate
EMP_0832,Sales,Democratic,3.51,3.77,2.48,3.09,1.66,5,11.2,27.8,Low
EMP_0833,Engineering,Autocratic/Micromanagement,3.8,4.71,2.32,3.62,2.56,5,10.5,60.5,Moderate
EMP_0834,Engineering,Democratic,2.28,3.01,3.4,3.53,2.82,4,0.5,44.4,Low
EMP_0835,Sales,Autocratic/Micromanagement,2.5,4.41,2.37,4.14,2.43,5,1.4,23.4,Low
EMP_0836,Sales,Democratic,3.15,4.29,2.63,3.25,2.34,4,0.5,21.0,Low
EMP_0837,Product,Autocratic/Micromanagement,3.74,4.22,3.48,2.31,1.41,1,6.6,41.1,Low
EMP_0838,Data Science,Democratic,3.43,4.47,1.26,3.28,2.97,3,7.6,53.7,Moderate
EMP_0839,Sales,Democratic,4.63,3.74,4.51,2.52,1.16,3,2.6,51.0,Moderate
EMP_0840,Marketing,Democratic,2.56,2.68,3.23,3.75,2.72,3,6.4,35.5,Low
EMP_0841,Engineering,Democratic,3.07,3.76,2.17,2.5,1.26,5,4.3,50.3,Moderate
EMP_0842,Marketing,Supportive,4.66,3.21,2.39,2.91,2.74,5,2.4,51.0,Moderate
EMP_0843,Engineering,Supportive,3.69,3.36,3.99,3.28,2.7,2,1.6,36.1,Low
EMP_0844,Product,Supportive,4.22,3.05,3.68,4.43,3.02,3,1.1,39.7,Low
EMP_0845,Engineering,Autocratic/Micromanagement,5.0,3.51,4.31,2.86,3.39,4,1.1,27.5,Low
EMP_0846,Sales,Supportive,3.11,3.44,2.65,3.51,3.54,5,2.9,35.0,Low
EMP_0847,Engineering,Supportive,3.53,2.37,3.44,3.85,1.41,1,0.6,35.7,Low
EMP_0848,Product,Democratic,3.41,4.22,3.54,4.39,2.65,3,0.7,30.6,Low
EMP_0849,Sales,Supportive,2.23,5.0,3.76,3.97,4.31,5,0.5,34.4,Low
EMP_0850,Sales,Democratic,3.38,4.16,4.1,4.16,2.8,5,3.3,51.9,Moderate
EMP_0851,Engineering,Supportive,4.22,3.68,2.63,4.02,2.03,3,15.0,60.7,Moderate
EMP_0852,Marketing,Autocratic/Micromanagement,3.98,3.77,3.11,2.77,2.64,1,7.7,47.7,Moderate
EMP_0853,Engineering,Autocratic/Micromanagement,4.03,3.55,2.71,3.72,2.39,4,4.3,13.4,Low
EMP_0854,Product,Autocratic/Micromanagement,3.34,3.85,3.16,4.01,1.76,5,5.4,40.6,Low
EMP_0855,Engineering,Democratic,3.14,3.78,3.76,2.93,3.4,3,1.9,30.4,Low
EMP_0856,Engineering,Autocratic/Micromanagement,4.49,3.3,1.88,3.15,3.17,5,1.2,18.4,Low
EMP_0857,Engineering,Supportive,3.25,4.81,4.09,3.02,1.63,3,1.6,61.0,Moderate
EMP_0858,Sales,Supportive,3.81,2.91,2.29,3.96,2.63,4,0.5,30.4,Low
EMP_0859,Sales,Supportive,3.71,4.23,2.95,3.46,2.25,4,3.5,30.5,Low
EMP_0860,Engineering,Democratic,4.62,3.74,4.2,3.31,1.42,3,0.7,46.2,Moderate
EMP_0861,HR,Democratic,4.28,4.94,3.46,2.73,1.57,3,5.0,40.4,Low
EMP_0862,Sales,Democratic,2.69,4.0,3.47,3.46,1.69,3,0.7,40.5,Low
EMP_0863,Sales,Supportive,2.77,3.58,2.26,3.16,2.65,5,0.9,35.6,Low
EMP_0864,Sales,Democratic,4.01,3.65,2.36,3.65,2.33,2,11.0,32.7,Low
EMP_0865,Sales,Democratic,3.55,3.82,3.95,2.81,1.93,4,0.5,51.9,Moderate
EMP_0866,Sales,Democratic,3.28,3.11,2.73,3.61,2.39,4,2.4,26.5,Low
EMP_0867,Engineering,Democratic,4.31,3.34,2.8,3.24,3.3,4,0.5,34.7,Low
EMP_0868,Engineering,Supportive,3.73,2.73,3.97,2.75,2.99,5,0.5,53.1,Moderate
EMP_0869,Product,Autocratic/Micromanagement,3.64,3.25,2.36,2.7,3.5,4,3.5,40.1,Low
EMP_0870,Product,Democratic,4.15,3.86,3.42,2.79,2.52,4,3.5,43.1,Low
EMP_0871,Data Science,Supportive,3.34,3.98,3.23,3.38,3.98,4,0.8,34.2,Low
EMP_0872,Data Science,Supportive,4.7,2.61,3.2,3.57,2.98,4,7.2,52.6,Moderate
EMP_0873,Marketing,Democratic,3.05,3.72,2.79,3.66,2.31,2,4.2,41.4,Low
EMP_0874,Sales,Autocratic/Micromanagement,4.06,4.14,2.74,3.68,2.77,5,1.3,0.1,Low
EMP_0875,Engineering,Democratic,4.6,3.7,2.34,3.04,1.7,1,1.0,39.0,Low
EMP_0876,Engineering,Supportive,2.64,3.42,3.59,4.14,2.46,4,4.9,51.8,Moderate
EMP_0877,Marketing,Autocratic/Micromanagement,3.36,3.55,2.67,3.23,3.04,4,4.6,23.8,Low
EMP_0878,Marketing,Democratic,4.4,3.48,3.97,3.77,3.19,2,0.6,35.0,Low
EMP_0879,Engineering,Democratic,4.41,3.42,3.02,3.4,2.37,1,1.5,36.1,Low
EMP_0880,Engineering,Democratic,3.48,3.9,2.35,3.73,4.89,2,0.9,24.2,Low
EMP_0881,Engineering,Supportive,3.09,5.0,3.01,3.37,2.56,3,1.2,61.2,Moderate
EMP_0882,Marketing,Democratic,4.27,3.35,2.87,3.74,1.36,5,1.2,36.5,Low
EMP_0883,Engineering,Supportive,4.43,3.61,4.01,3.5,3.67,5,13.1,48.7,Moderate
EMP_0884,Engineering,Autocratic/Micromanagement,2.78,3.77,2.9,3.99,3.19,1,4.9,25.0,Low
EMP_0885,HR,Democratic,2.76,3.39,2.98,3.01,2.89,3,5.3,37.8,Low
EMP_0886,Engineering,Democratic,3.76,4.46,4.33,2.44,2.33,5,1.1,50.3,Moderate
EMP_0887,Marketing,Democratic,4.04,2.38,3.61,2.92,3.01,2,0.5,46.4,Moderate
EMP_0888,Engineering,Autocratic/Micromanagement,3.39,3.48,4.53,4.14,4.0,5,0.5,32.1,Low
EMP_0889,Engineering,Autocratic/Micromanagement,4.08,4.29,4.21,3.41,2.86,3,2.8,23.5,Low
EMP_0890,Engineering,Democratic,3.1,3.62,2.49,3.56,1.52,4,1.2,45.9,Moderate
EMP_0891,Marketing,Democratic,2.12,3.31,3.99,2.87,1.0,3,0.8,40.0,Low
EMP_0892,Product,Democratic,3.3,4.06,4.42,3.54,3.01,2,0.5,41.4,Low
EMP_0893,HR,Democratic,3.64,4.34,4.43,2.89,1.91,3,7.3,44.5,Low
EMP_0894,Data Science,Supportive,3.41,3.93,3.99,2.97,2.62,4,3.2,55.6,Moderate
EMP_0895,Marketing,Democratic,2.79,3.32,3.97,3.26,2.05,3,0.5,41.7,Low
EMP_0896,Engineering,Supportive,2.33,4.07,2.96,3.77,2.0,4,5.1,70.1,Moderate
EMP_0897,Data Science,Autocratic/Micromanagement,3.24,3.56,2.53,3.83,2.09,2,4.9,40.8,Low
EMP_0898,Product,Supportive,4.23,4.25,2.92,3.85,2.16,3,1.2,47.3,Moderate
EMP_0899,Engineering,Autocratic/Micromanagement,4.48,4.69,1.87,2.55,3.32,3,0.7,37.4,Low
EMP_0900,Engineering,Democratic,4.43,2.24,4.27,3.5,3.16,3,5.9,14.6,Low
EMP_0901,Engineering,Democratic,3.03,3.87,2.97,3.38,1.73,2,1.4,42.0,Low
EMP_0902,Engineering,Democratic,2.79,2.76,4.23,2.58,1.84,3,6.6,38.9,Low
EMP_0903,Engineering,Supportive,3.95,5.0,2.21,3.51,3.0,4,0.5,65.7,Moderate
EMP_0904,Sales,Supportive,4.04,3.52,4.07,3.35,3.54,5,2.4,51.3,Moderate
EMP_0905,Sales,Supportive,3.88,4.25,2.8,3.81,3.53,4,0.7,27.1,Low
EMP_0906,Product,Democratic,2.19,3.78,2.17,3.55,1.9,2,3.9,41.7,Low
EMP_0907,HR,Democratic,2.99,3.32,4.5,3.17,3.49,3,15.0,41.7,Low
EMP_0908,Data Science,Autocratic/Micromanagement,3.58,3.25,4.09,4.06,1.28,1,1.9,41.6,Low
EMP_0909,Data Science,Supportive,3.94,4.75,3.37,2.17,2.54,2,0.5,61.6,Moderate
EMP_0910,Data Science,Supportive,4.14,4.37,3.23,3.46,3.09,3,1.3,54.4,Moderate
EMP_0911,Sales,Democratic,3.7,4.97,3.55,2.44,1.04,2,7.8,40.4,Low
EMP_0912,Data Science,Autocratic/Micromanagement,3.83,3.83,3.36,2.95,4.37,2,5.1,32.4,Low
EMP_0913,Marketing,Democratic,3.66,3.97,2.57,3.81,3.76,2,0.9,33.2,Low
EMP_0914,Sales,Democratic,4.08,3.64,2.87,2.74,3.22,3,10.7,20.8,Low
EMP_0915,Sales,Democratic,3.82,3.63,4.77,2.65,1.93,2,3.4,62.0,Moderate
EMP_0916,Sales,Supportive,3.65,3.17,5.0,4.93,2.65,3,0.6,51.7,Moderate
EMP_0917,Data Science,Autocratic/Micromanagement,3.41,3.85,4.45,2.68,3.33,4,3.0,46.6,Moderate
EMP_0918,Product,Democratic,3.66,3.33,3.58,4.49,1.8,2,2.1,47.8,Moderate
EMP_0919,HR,Supportive,3.94,4.07,2.93,3.4,2.56,2,6.0,46.9,Moderate
EMP_0920,Engineering,Democratic,3.79,3.9,2.56,3.19,3.43,1,1.5,36.5,Low
EMP_0921,Product,Supportive,3.87,3.97,2.61,3.84,1.5,3,7.3,49.8,Moderate
EMP_0922,Sales,Autocratic/Micromanagement,4.54,4.81,2.76,4.3,2.97,5,5.8,5.2,Low
EMP_0923,Product,Supportive,3.79,3.78,4.92,2.81,1.3,1,3.9,64.9,Moderate
EMP_0924,HR,Democratic,3.15,4.25,4.65,3.19,1.94,3,1.0,38.0,Low
EMP_0925,Sales,Supportive,4.22,5.0,3.8,4.01,2.3,4,12.3,48.5,Moderate
EMP_0926,Engineering,Democratic,2.64,4.58,2.43,3.67,3.11,4,2.8,47.2,Moderate
EMP_0927,Data Science,Autocratic/Micromanagement,2.84,4.49,3.91,4.16,2.14,5,8.3,52.4,Moderate
EMP_0928,Sales,Democratic,3.84,3.62,3.01,3.81,2.8,5,0.9,35.4,Low
EMP_0929,Marketing,Democratic,3.96,3.94,1.48,4.58,2.15,1,14.3,34.9,Low
EMP_0930,Data Science,Autocratic/Micromanagement,2.73,3.01,3.43,3.61,2.28,3,5.9,38.4,Low
EMP_0931,Engineering,Supportive,3.33,4.1,2.53,3.63,3.7,4,10.4,58.6,Moderate
EMP_0932,HR,Supportive,3.18,3.96,2.55,3.69,1.78,5,0.8,50.0,Moderate
EMP_0933,Product,Supportive,3.26,3.81,3.0,3.41,3.31,5,2.0,33.6,Low
EMP_0934,Sales,Autocratic/Micromanagement,4.26,4.42,2.8,4.01,2.7,2,0.5,4.1,Low
EMP_0935,Engineering,Supportive,4.09,3.08,3.17,3.64,2.24,3,0.5,49.7,Moderate
EMP_0936,Data Science,Democratic,3.59,4.78,3.13,3.97,1.73,4,1.2,66.7,Moderate
EMP_0937,Engineering,Democratic,3.22,4.34,1.7,4.07,1.78,3,10.6,57.1,Moderate
EMP_0938,Product,Supportive,2.66,3.76,4.42,3.76,2.11,3,3.9,55.2,Moderate
EMP_0939,Engineering,Supportive,4.59,3.71,2.41,3.8,2.58,4,1.3,46.3,Moderate
EMP_0940,Sales,Supportive,4.01,4.09,2.44,2.89,3.18,2,10.8,37.2,Low
EMP_0941,Data Science,Democratic,3.11,4.71,2.94,3.17,2.46,5,4.7,49.2,Moderate
EMP_0942,Sales,Supportive,4.1,3.86,3.11,4.01,2.51,5,8.3,51.2,Moderate
EMP_0943,Marketing,Supportive,3.55,3.89,4.37,4.35,2.63,3,9.2,52.4,Moderate
EMP_0944,HR,Autocratic/Micromanagement,3.4,3.81,3.42,2.34,3.08,4,4.9,39.6,Low
EMP_0945,Engineering,Autocratic/Micromanagement,3.9,4.87,3.65,3.16,3.22,4,1.0,61.3,Moderate
EMP_0946,Engineering,Supportive,3.08,3.58,3.42,3.51,1.59,2,15.0,49.9,Moderate
EMP_0947,Engineering,Supportive,3.36,3.78,3.39,2.97,2.47,2,1.4,56.0,Moderate
EMP_0948,Product,Supportive,3.69,4.68,3.45,3.01,3.68,1,3.9,49.2,Moderate
EMP_0949,Product,Democratic,3.25,3.89,1.65,3.78,1.65,5,6.5,42.8,Low
EMP_0950,Sales,Autocratic/Micromanagement,4.07,4.48,3.0,4.45,2.76,3,0.7,28.8,Low
EMP_0951,Marketing,Supportive,4.91,3.25,4.13,2.28,2.56,1,3.3,47.7,Moderate
EMP_0952,Marketing,Supportive,3.07,3.68,5.0,3.4,2.25,3,1.6,50.0,Moderate
EMP_0953,Engineering,Autocratic/Micromanagement,2.43,4.69,2.24,3.78,3.97,1,1.0,47.1,Moderate
EMP_0954,Product,Democratic,2.2,3.39,3.54,3.97,2.73,1,0.5,31.3,Low
EMP_0955,Sales,Supportive,3.49,3.71,2.74,3.69,3.91,3,7.2,31.2,Low
EMP_0956,Data Science,Democratic,3.14,3.95,4.84,4.56,2.7,3,0.5,40.9,Low
EMP_0957,Sales,Supportive,3.75,3.21,2.12,3.52,3.07,4,7.4,30.7,Low
EMP_0958,Engineering,Supportive,3.69,3.55,3.7,4.29,2.24,4,3.2,58.7,Moderate
EMP_0959,Engineering,Autocratic/Micromanagement,2.48,3.87,2.07,3.11,2.25,4,3.4,37.7,Low
EMP_0960,Marketing,Autocratic/Micromanagement,2.33,3.83,2.95,3.53,3.03,3,6.2,27.7,Low
EMP_0961,Engineering,Democratic,3.81,4.57,3.17,2.77,3.04,4,2.5,60.8,Moderate
EMP_0962,Marketing,Autocratic/Micromanagement,3.69,4.72,4.06,4.04,3.18,3,1.5,40.7,Low
EMP_0963,Engineering,Democratic,3.3,3.29,2.34,3.43,3.0,3,0.5,39.6,Low
EMP_0964,Data Science,Autocratic/Micromanagement,2.44,3.87,3.73,3.71,1.63,3,3.0,41.0,Low
EMP_0965,Data Science,Democratic,3.93,4.2,3.22,3.31,2.05,3,2.8,57.5,Moderate
EMP_0966,Data Science,Autocratic/Micromanagement,4.49,4.71,3.42,3.85,3.38,2,1.2,25.5,Low
EMP_0967,Marketing,Autocratic/Micromanagement,3.79,4.23,3.97,3.74,1.13,1,3.2,43.8,Low
EMP_0968,Data Science,Supportive,3.01,3.97,2.17,2.9,2.93,3,2.0,42.3,Low
EMP_0969,Sales,Autocratic/Micromanagement,3.63,4.2,3.85,2.94,2.61,3,5.7,39.6,Low
EMP_0970,Sales,Autocratic/Micromanagement,2.64,4.2,2.74,3.48,3.38,3,2.9,24.4,Low
EMP_0971,Marketing,Autocratic/Micromanagement,4.34,3.24,4.08,3.9,3.03,5,9.5,13.1,Low
EMP_0972,Product,Supportive,3.66,3.92,3.47,4.62,2.17,4,2.6,53.9,Moderate
EMP_0973,Marketing,Autocratic/Micromanagement,2.36,4.68,3.03,3.68,2.13,5,7.6,41.4,Low
EMP_0974,Engineering,Autocratic/Micromanagement,3.39,3.68,2.73,4.1,2.28,4,2.6,43.2,Low
EMP_0975,Engineering,Supportive,3.92,3.88,3.86,2.53,3.16,2,2.9,44.6,Low
EMP_0976,Data Science,Autocratic/Micromanagement,3.37,3.65,4.21,4.71,1.0,5,1.6,49.0,Moderate
EMP_0977,Sales,Supportive,3.41,2.41,2.77,3.86,2.83,5,1.8,28.8,Low
EMP_0978,Engineering,Supportive,2.74,3.81,2.29,3.47,1.99,3,9.5,42.6,Low
EMP_0979,Sales,Democratic,4.0,3.98,3.76,3.4,2.85,2,0.9,29.9,Low
EMP_0980,Sales,Democratic,3.15,3.49,2.04,2.84,2.98,2,0.5,19.1,Low
EMP_0981,Data Science,Democratic,2.09,3.11,2.16,3.01,1.37,5,6.2,35.8,Low
EMP_0982,HR,Supportive,3.34,3.27,2.35,4.65,2.52,1,3.0,56.4,Moderate
EMP_0983,Engineering,Autocratic/Micromanagement,4.29,4.26,2.87,2.91,2.82,4,1.2,33.9,Low
EMP_0984,Engineering,Supportive,3.33,4.98,2.13,2.9,2.77,4,2.0,67.1,Moderate
EMP_0985,Marketing,Supportive,4.82,4.63,1.65,3.08,2.6,2,2.6,52.2,Moderate
EMP_0986,Sales,Supportive,3.9,2.99,2.29,2.78,1.72,4,3.1,37.3,Low
EMP_0987,Marketing,Democratic,3.84,4.31,3.71,3.51,1.85,4,6.0,59.4,Moderate
EMP_0988,Sales,Autocratic/Micromanagement,3.51,3.4,2.18,4.15,1.6,3,1.8,42.4,Low
EMP_0989,Engineering,Democratic,3.55,3.45,2.93,3.13,3.14,3,3.9,42.8,Low
EMP_0990,HR,Autocratic/Micromanagement,3.42,3.52,4.76,2.68,2.61,5,6.3,33.7,Low
EMP_0991,HR,Supportive,3.39,4.22,3.16,3.68,2.66,3,6.5,55.2,Moderate
EMP_0992,Marketing,Democratic,3.97,4.38,3.47,3.47,1.34,4,1.0,35.2,Low
EMP_0993,Data Science,Democratic,2.94,3.74,2.44,4.1,2.67,3,1.5,45.0,Moderate
EMP_0994,Sales,Democratic,2.85,3.75,4.93,3.23,3.21,2,3.2,34.8,Low
EMP_0995,Data Science,Supportive,2.81,4.08,2.77,3.34,1.23,5,7.6,67.9,Moderate
EMP_0996,Engineering,Democratic,5.0,4.14,3.02,3.41,2.27,3,5.5,60.8,Moderate
EMP_0997,Product,Democratic,3.97,4.51,4.25,3.55,1.44,3,3.1,45.4,Moderate
EMP_0998,Engineering,Autocratic/Micromanagement,3.81,3.03,3.05,3.26,2.36,4,14.4,32.0,Low
EMP_0999,Product,Democratic,2.86,3.81,3.24,3.17,1.98,4,2.0,41.9,Low
EMP_1000,Sales,Supportive,4.04,3.16,2.97,2.39,3.0,2,6.5,33.4,Low
EMP_1001,Engineering,Democratic,3.52,3.77,2.98,3.16,2.84,5,6.0,38.2,Low
EMP_1002,Sales,Supportive,3.75,3.66,3.5,3.93,3.73,1,8.4,41.2,Low
EMP_1003,Product,Autocratic/Micromanagement,2.92,3.77,3.64,4.01,2.66,4,15.0,42.3,Low
EMP_1004,Marketing,Democratic,3.71,3.32,2.69,3.22,2.97,3,2.4,42.4,Low
EMP_1005,HR,Supportive,3.3,2.91,2.59,4.28,2.25,3,0.8,49.1,Moderate
EMP_1006,Marketing,Autocratic/Micromanagement,3.06,2.54,2.71,3.48,1.82,5,2.2,49.4,Moderate
EMP_1007,Marketing,Democratic,4.11,3.72,2.08,2.7,3.37,4,6.7,34.1,Low
EMP_1008,HR,Supportive,2.52,3.54,1.93,2.51,3.69,4,6.3,40.9,Low
EMP_1009,Engineering,Democratic,4.0,3.39,3.44,4.23,3.26,3,1.4,42.1,Low
EMP_1010,Sales,Supportive,4.08,4.59,3.95,3.28,2.8,5,0.5,54.0,Moderate
EMP_1011,Engineering,Autocratic/Micromanagement,2.98,3.28,3.9,2.77,1.92,3,2.5,38.3,Low
EMP_1012,Product,Autocratic/Micromanagement,3.03,4.65,1.29,2.14,3.61,3,2.2,29.9,Low
EMP_1013,Product,Autocratic/Micromanagement,3.44,4.77,3.0,3.26,3.16,5,0.5,44.6,Low
EMP_1014,Engineering,Democratic,3.8,2.63,2.32,3.74,4.32,1,5.5,30.0,Low
EMP_1015,Marketing,Democratic,3.49,3.86,3.31,3.08,1.78,2,1.2,42.0,Low
EMP_1016,Product,Autocratic/Micromanagement,3.9,3.56,2.87,2.87,3.39,5,3.6,33.5,Low
EMP_1017,Engineering,Supportive,4.83,2.05,3.67,3.17,3.14,5,0.5,37.5,Low
EMP_1018,Sales,Democratic,3.24,2.93,3.18,4.25,2.43,4,6.9,49.8,Moderate
EMP_1019,Product,Democratic,2.4,4.26,1.68,2.66,3.79,3,4.7,33.3,Low
EMP_1020,Engineering,Supportive,4.18,5.0,2.43,3.11,3.02,3,1.7,73.5,Moderate
EMP_1021,Marketing,Democratic,4.78,4.34,3.2,4.23,1.95,3,3.5,38.5,Low
EMP_1022,Data Science,Autocratic/Micromanagement,3.87,3.99,3.27,3.8,2.61,3,0.7,36.8,Low
EMP_1023,Product,Autocratic/Micromanagement,2.84,3.79,2.08,3.61,1.94,3,14.8,44.6,Low
EMP_1024,Product,Supportive,3.51,4.81,1.97,3.11,2.33,1,5.6,45.4,Moderate
EMP_1025,Product,Supportive,2.82,5.0,3.24,3.52,3.26,3,5.4,48.6,Moderate
EMP_1026,Sales,Supportive,4.05,3.45,2.08,3.18,3.49,3,0.6,26.7,Low
EMP_1027,Product,Autocratic/Micromanagement,2.65,2.6,1.87,2.98,2.88,4,0.5,29.3,Low
EMP_1028,HR,Supportive,3.39,2.54,2.84,2.85,2.1,3,3.1,41.8,Low
EMP_1029,Data Science,Democratic,2.9,4.59,2.81,3.97,3.01,5,0.5,49.8,Moderate
EMP_1030,HR,Supportive,3.69,3.77,2.5,3.46,3.28,3,5.3,47.3,Moderate
EMP_1031,Engineering,Democratic,3.34,3.91,2.64,3.69,1.12,3,1.9,38.2,Low
EMP_1032,Sales,Supportive,3.72,2.73,3.21,3.59,2.79,4,1.4,48.3,Moderate
EMP_1033,Engineering,Autocratic/Micromanagement,3.62,3.35,2.62,3.76,2.55,2,0.5,39.4,Low
EMP_1034,Engineering,Supportive,2.91,3.62,3.26,3.35,3.46,3,15.0,43.6,Low
EMP_1035,Engineering,Democratic,4.04,3.92,2.9,3.21,3.01,4,10.9,31.8,Low
EMP_1036,Marketing,Supportive,3.57,3.56,3.33,3.01,3.09,3,0.5,47.3,Moderate
EMP_1037,Data Science,Democratic,2.91,3.18,3.9,2.65,2.31,5,1.4,38.9,Low
EMP_1038,Marketing,Autocratic/Micromanagement,5.0,3.33,3.87,2.83,2.7,4,1.7,24.8,Low
EMP_1039,Engineering,Supportive,3.93,4.52,4.23,3.28,3.45,2,1.2,53.0,Moderate
EMP_1040,Data Science,Autocratic/Micromanagement,3.49,3.95,3.87,2.54,2.65,3,9.5,38.6,Low
EMP_1041,Sales,Democratic,4.59,4.17,3.39,2.67,2.84,4,4.5,30.9,Low
EMP_1042,HR,Supportive,4.89,3.26,2.85,4.13,1.47,4,10.9,52.2,Moderate
EMP_1043,Data Science,Democratic,3.5,2.03,2.89,3.63,2.65,5,7.3,17.6,Low
EMP_1044,Marketing,Supportive,3.84,3.49,2.5,3.23,1.09,4,4.9,50.5,Moderate
EMP_1045,Product,Democratic,2.91,3.28,3.2,4.86,2.29,1,4.2,39.7,Low
EMP_1046,Marketing,Autocratic/Micromanagement,3.5,4.01,3.76,2.51,2.75,2,7.0,34.8,Low
EMP_1047,Engineering,Supportive,3.46,5.0,2.62,4.09,3.31,4,4.0,67.4,Moderate
EMP_1048,Engineering,Democratic,3.73,4.22,3.17,3.43,1.9,2,0.7,62.3,Moderate
EMP_1049,Product,Autocratic/Micromanagement,3.83,5.0,2.66,3.97,3.0,4,3.7,40.5,Low
EMP_1050,Engineering,Autocratic/Micromanagement,3.99,4.14,3.37,3.57,3.87,4,2.5,51.5,Moderate
EMP_1051,Product,Democratic,3.77,3.42,2.76,2.38,2.19,4,14.0,40.8,Low
EMP_1052,Sales,Autocratic/Micromanagement,2.75,4.01,2.61,3.56,1.46,3,2.5,35.0,Low
EMP_1053,Product,Democratic,2.94,4.87,2.66,3.7,2.93,4,0.5,35.3,Low
EMP_1054,HR,Supportive,3.22,4.9,3.6,2.18,1.75,2,1.1,62.7,Moderate
EMP_1055,Product,Autocratic/Micromanagement,3.4,3.45,3.12,4.67,2.04,4,8.7,36.1,Low
EMP_1056,Data Science,Democratic,4.34,3.95,2.86,3.69,3.44,4,11.5,28.9,Low
EMP_1057,HR,Democratic,2.79,2.94,3.41,3.9,4.2,3,4.6,24.1,Low
EMP_1058,Sales,Democratic,3.35,4.29,2.87,2.8,1.9,3,0.5,20.3,Low
EMP_1059,Sales,Autocratic/Micromanagement,4.27,4.73,4.1,3.91,2.11,4,0.5,26.4,Low
EMP_1060,Marketing,Autocratic/Micromanagement,3.39,3.82,2.42,4.15,2.35,3,2.3,40.5,Low
EMP_1061,Product,Democratic,3.92,3.4,3.05,3.65,2.26,1,15.0,44.1,Low
EMP_1062,Product,Supportive,3.5,4.02,2.08,3.49,4.25,5,7.1,41.0,Low
EMP_1063,HR,Democratic,3.78,4.05,2.92,2.96,2.28,4,9.5,32.8,Low
EMP_1064,Sales,Democratic,3.44,3.85,1.86,3.37,2.39,4,3.4,21.9,Low
EMP_1065,Sales,Supportive,4.07,3.91,3.8,3.19,3.99,3,6.9,46.3,Moderate
EMP_1066,Marketing,Autocratic/Micromanagement,2.52,3.7,3.81,3.84,3.16,5,1.3,34.1,Low
EMP_1067,Engineering,Democratic,3.35,4.4,3.83,2.99,3.49,4,0.5,45.3,Moderate
EMP_1068,Engineering,Supportive,3.81,4.24,3.22,3.84,1.98,3,8.8,58.5,Moderate
EMP_1069,Data Science,Supportive,3.97,3.21,2.5,3.0,2.28,4,0.9,47.6,Moderate
EMP_1070,Data Science,Supportive,4.65,3.19,2.56,3.34,1.87,3,4.6,48.1,Moderate
EMP_1071,Data Science,Autocratic/Micromanagement,3.33,3.65,4.42,3.87,3.34,2,3.8,34.5,Low
EMP_1072,Engineering,Supportive,4.64,4.24,4.35,3.08,3.68,3,0.6,60.8,Moderate
EMP_1073,Engineering,Supportive,3.14,3.89,3.3,3.89,2.22,3,0.8,48.6,Moderate
EMP_1074,Engineering,Democratic,4.53,3.41,2.79,3.83,2.41,4,1.4,40.1,Low
EMP_1075,Product,Supportive,4.17,3.96,4.29,3.34,2.44,2,5.0,51.4,Moderate
EMP_1076,Sales,Supportive,2.96,3.6,2.64,4.2,1.46,4,0.5,32.3,Low
EMP_1077,Data Science,Supportive,3.81,4.33,3.38,3.55,2.16,3,1.8,74.7,Moderate
EMP_1078,Marketing,Democratic,3.56,4.0,4.28,4.16,3.32,3,3.8,31.4,Low
EMP_1079,Engineering,Democratic,4.04,3.61,2.53,4.58,2.0,3,0.7,43.6,Low
EMP_1080,Product,Supportive,3.44,3.94,3.86,3.36,2.77,3,0.5,41.9,Low
EMP_1081,HR,Democratic,3.38,4.59,3.62,3.89,1.65,3,1.7,43.1,Low
EMP_1082,Engineering,Autocratic/Micromanagement,4.56,3.46,3.17,3.12,2.58,3,1.2,21.1,Low
EMP_1083,Sales,Supportive,3.53,4.04,2.41,2.88,2.25,4,3.7,43.2,Low
EMP_1084,Product,Supportive,4.18,3.76,2.62,3.38,1.72,4,12.2,51.1,Moderate
EMP_1085,Product,Supportive,3.44,4.06,3.43,2.68,3.33,4,0.5,51.5,Moderate
EMP_1086,Sales,Democratic,4.77,3.41,2.06,2.94,3.38,4,8.1,21.2,Low
EMP_1087,Marketing,Autocratic/Micromanagement,3.13,3.87,3.3,3.85,1.92,5,2.0,50.6,Moderate
EMP_1088,Engineering,Supportive,3.17,4.46,3.63,3.19,2.53,2,3.8,54.7,Moderate
EMP_1089,Product,Democratic,4.67,3.24,3.99,3.93,2.74,5,6.7,40.1,Low
EMP_1090,Engineering,Supportive,3.29,3.0,2.08,3.68,1.25,3,3.0,41.0,Low
EMP_1091,Product,Democratic,4.72,3.03,4.25,4.61,1.58,4,0.5,42.6,Low
EMP_1092,Marketing,Autocratic/Micromanagement,4.22,3.1,4.56,3.81,3.73,4,0.5,20.3,Low
EMP_1093,Marketing,Supportive,3.49,4.16,3.53,4.17,1.85,4,5.5,58.9,Moderate
EMP_1094,Sales,Democratic,2.33,2.96,2.37,3.74,3.71,5,0.9,22.0,Low
EMP_1095,Engineering,Supportive,3.59,3.62,2.94,3.69,1.62,2,2.9,51.3,Moderate
EMP_1096,Engineering,Democratic,3.67,4.17,3.16,4.2,3.23,3,2.0,53.2,Moderate
EMP_1097,Engineering,Supportive,4.42,4.05,3.42,3.9,2.45,2,1.3,76.6,High
EMP_1098,Engineering,Autocratic/Micromanagement,4.71,3.57,3.22,3.63,2.56,2,5.4,20.9,Low
EMP_1099,HR,Supportive,3.12,3.91,3.42,3.62,4.18,4,4.6,46.0,Moderate
EMP_1100,Data Science,Autocratic/Micromanagement,4.16,3.86,3.13,3.82,1.7,1,3.6,22.2,Low
EMP_1101,Engineering,Supportive,4.14,3.67,3.41,3.1,3.18,5,1.6,51.0,Moderate
EMP_1102,Product,Democratic,4.35,3.67,2.83,3.07,3.14,4,0.9,40.4,Low
EMP_1103,Product,Supportive,3.95,5.0,2.93,4.36,5.0,3,2.5,34.4,Low
EMP_1104,Product,Autocratic/Micromanagement,2.24,4.29,2.74,4.62,1.84,3,5.9,45.6,Moderate
EMP_1105,Product,Supportive,3.49,5.0,4.73,2.94,2.2,2,3.0,54.2,Moderate
EMP_1106,Engineering,Supportive,2.79,3.5,4.37,3.1,3.35,5,12.3,48.6,Moderate
EMP_1107,Data Science,Democratic,3.46,3.75,3.64,4.19,2.54,4,0.5,38.4,Low
EMP_1108,HR,Supportive,4.29,3.0,4.26,3.82,2.33,3,15.0,55.7,Moderate
EMP_1109,Marketing,Supportive,3.81,3.31,3.84,3.91,3.47,1,4.1,39.7,Low
EMP_1110,Engineering,Autocratic/Micromanagement,4.4,4.94,3.35,4.04,2.49,3,6.3,35.8,Low
EMP_1111,HR,Autocratic/Micromanagement,3.84,3.49,2.0,3.36,1.99,2,1.4,41.6,Low
EMP_1112,Engineering,Supportive,2.69,4.95,2.99,3.7,3.28,4,2.5,66.1,Moderate
EMP_1113,Engineering,Autocratic/Micromanagement,1.84,3.05,2.93,3.65,3.0,4,5.6,31.7,Low
EMP_1114,Sales,Democratic,3.7,3.17,2.29,2.98,2.45,3,5.0,25.2,Low
EMP_1115,Sales,Supportive,3.45,3.6,2.01,3.69,2.41,5,1.4,31.7,Low
EMP_1116,Sales,Democratic,2.92,3.76,3.59,4.24,1.97,2,1.4,41.7,Low
EMP_1117,Engineering,Democratic,2.41,4.35,3.46,3.3,3.28,3,3.8,52.2,Moderate
EMP_1118,Product,Autocratic/Micromanagement,3.09,4.07,2.27,3.59,2.41,4,9.5,32.8,Low
EMP_1119,Data Science,Supportive,3.46,3.55,2.6,3.62,2.08,1,2.0,57.0,Moderate
EMP_1120,Engineering,Democratic,4.07,3.72,4.13,3.33,1.67,3,1.5,44.6,Low
EMP_1121,Product,Supportive,3.73,3.61,2.5,3.91,3.01,4,7.9,42.2,Low
EMP_1122,Product,Supportive,4.73,3.25,3.34,3.09,2.29,3,4.0,48.0,Moderate
EMP_1123,Product,Supportive,2.88,3.27,3.05,4.3,1.09,3,1.7,62.6,Moderate
EMP_1124,HR,Autocratic/Micromanagement,4.22,4.42,3.61,3.88,1.74,4,0.5,26.2,Low
EMP_1125,Marketing,Autocratic/Micromanagement,3.63,2.7,2.52,2.94,2.51,3,4.5,33.9,Low
EMP_1126,Sales,Autocratic/Micromanagement,4.09,4.77,3.27,4.52,2.54,2,1.5,16.7,Low
EMP_1127,Engineering,Democratic,3.29,3.59,3.33,3.6,2.51,2,0.5,41.8,Low
EMP_1128,Sales,Supportive,4.35,3.34,3.38,3.07,2.39,3,3.3,53.0,Moderate
EMP_1129,Data Science,Supportive,3.81,4.24,3.26,4.16,1.52,2,1.4,70.0,Moderate
EMP_1130,Data Science,Supportive,3.12,4.69,3.48,3.8,2.0,5,1.4,64.5,Moderate
EMP_1131,Marketing,Supportive,3.59,4.47,4.95,2.44,3.65,5,2.3,47.6,Moderate
EMP_1132,Sales,Autocratic/Micromanagement,3.43,4.1,5.0,3.18,3.53,3,4.4,44.6,Low
EMP_1133,Engineering,Democratic,3.94,4.45,2.69,3.67,3.16,5,1.1,46.5,Moderate
EMP_1134,Engineering,Supportive,2.77,2.77,1.35,2.2,3.09,3,0.5,54.0,Moderate
EMP_1135,Marketing,Supportive,3.58,3.49,3.68,3.55,3.42,2,1.9,47.1,Moderate
EMP_1136,Engineering,Supportive,3.88,3.25,3.35,3.59,1.8,4,0.5,48.0,Moderate
EMP_1137,Product,Democratic,3.62,4.53,4.05,2.79,2.73,4,4.2,38.4,Low
EMP_1138,Sales,Autocratic/Micromanagement,4.54,3.57,3.43,3.66,1.8,1,11.2,24.0,Low
EMP_1139,Sales,Democratic,4.14,4.31,3.25,3.5,1.82,3,3.8,40.1,Low
EMP_1140,Sales,Autocratic/Micromanagement,3.59,4.12,4.1,2.79,2.99,1,1.1,49.7,Moderate
EMP_1141,HR,Democratic,3.75,3.28,4.22,4.05,3.46,3,0.7,29.8,Low
EMP_1142,Data Science,Supportive,3.81,3.45,2.09,4.0,2.54,3,0.9,52.9,Moderate
EMP_1143,Marketing,Supportive,3.88,4.58,2.55,3.33,4.02,4,0.9,41.9,Low
EMP_1144,Sales,Autocratic/Micromanagement,2.32,3.33,3.12,3.38,2.87,2,1.3,29.0,Low
EMP_1145,Data Science,Autocratic/Micromanagement,3.39,3.87,3.28,3.94,2.08,1,0.5,39.5,Low
EMP_1146,Product,Supportive,2.56,3.33,3.02,3.38,1.83,3,7.9,48.7,Moderate
EMP_1147,HR,Democratic,4.49,3.61,3.55,2.34,3.51,5,7.6,19.3,Low
EMP_1148,Marketing,Democratic,3.56,3.77,4.0,3.79,2.8,3,3.3,36.6,Low
EMP_1149,Product,Democratic,3.46,3.33,4.58,3.01,3.24,3,0.5,40.6,Low
EMP_1150,Product,Autocratic/Micromanagement,4.23,3.22,3.66,3.27,1.0,3,5.7,27.0,Low
EMP_1151,Marketing,Democratic,3.9,3.97,2.52,4.37,2.9,4,0.5,40.5,Low
EMP_1152,HR,Democratic,2.81,3.29,3.08,3.42,2.29,3,0.5,39.7,Low
EMP_1153,Marketing,Supportive,3.55,3.31,3.14,3.5,1.58,1,1.4,50.6,Moderate
EMP_1154,Marketing,Supportive,3.37,3.24,3.61,3.81,2.65,2,2.0,44.4,Low
EMP_1155,Marketing,Supportive,2.38,3.75,3.51,3.8,3.57,2,1.5,37.5,Low
EMP_1156,HR,Supportive,3.12,4.37,4.84,2.95,4.51,3,0.6,44.3,Low
EMP_1157,Engineering,Democratic,3.47,4.7,2.83,3.46,2.89,1,0.5,55.6,Moderate
EMP_1158,Product,Democratic,3.52,3.36,3.51,3.52,2.13,3,6.9,39.0,Low
EMP_1159,Product,Supportive,2.56,5.0,5.0,3.66,2.08,4,1.6,40.5,Low
EMP_1160,Engineering,Autocratic/Micromanagement,4.41,3.2,2.73,3.67,3.47,3,0.9,18.7,Low
EMP_1161,HR,Supportive,3.53,4.45,3.32,5.0,1.9,4,2.3,46.9,Moderate
EMP_1162,Engineering,Supportive,3.63,3.37,2.44,2.79,3.2,3,0.5,46.3,Moderate
EMP_1163,Data Science,Supportive,3.88,3.28,3.27,4.09,2.93,5,3.2,39.1,Low
EMP_1164,Marketing,Supportive,3.05,3.35,2.58,4.21,2.85,5,1.0,47.6,Moderate
EMP_1165,Engineering,Supportive,3.92,3.77,4.04,3.8,1.45,4,3.2,52.8,Moderate
EMP_1166,HR,Democratic,3.34,4.15,3.32,3.11,2.41,5,3.3,27.1,Low
EMP_1167,HR,Democratic,2.97,4.2,2.45,4.5,1.53,2,5.8,51.2,Moderate
EMP_1168,Sales,Autocratic/Micromanagement,4.0,3.23,3.87,2.18,2.23,4,0.9,38.3,Low
EMP_1169,Engineering,Supportive,4.64,3.21,3.34,3.09,3.43,3,2.2,43.3,Low
EMP_1170,Data Science,Supportive,4.11,3.25,3.96,4.2,3.68,4,11.4,46.1,Moderate
EMP_1171,Marketing,Supportive,4.25,3.73,2.28,3.28,2.87,3,4.5,46.8,Moderate
EMP_1172,Product,Democratic,3.24,3.67,3.5,4.46,2.24,3,13.0,41.7,Low
EMP_1173,Marketing,Supportive,2.48,3.23,3.82,2.59,3.97,5,9.2,36.4,Low
EMP_1174,Data Science,Autocratic/Micromanagement,4.64,3.96,2.86,2.83,2.23,2,3.3,21.3,Low
EMP_1175,Marketing,Democratic,5.0,5.0,2.19,3.18,1.79,4,1.1,32.4,Low
EMP_1176,Sales,Democratic,4.68,3.5,3.17,3.75,3.26,4,5.0,34.1,Low
EMP_1177,HR,Democratic,3.36,3.54,4.18,3.37,3.07,3,4.2,43.4,Low
EMP_1178,Engineering,Supportive,2.79,4.14,4.1,3.21,2.27,3,3.1,57.3,Moderate
EMP_1179,HR,Supportive,2.85,3.46,2.86,4.35,2.78,2,4.2,45.7,Moderate
EMP_1180,Sales,Supportive,2.42,4.2,2.17,4.41,3.05,5,3.3,20.7,Low
EMP_1181,Product,Democratic,3.52,3.37,2.86,3.25,2.86,5,2.6,37.2,Low
EMP_1182,Data Science,Supportive,4.72,4.9,2.83,2.47,3.07,4,1.9,63.5,Moderate
EMP_1183,Marketing,Supportive,3.5,4.01,3.56,2.21,2.3,5,0.5,51.6,Moderate
EMP_1184,Product,Autocratic/Micromanagement,3.81,3.43,3.12,3.64,3.12,1,7.0,33.0,Low
EMP_1185,Engineering,Supportive,4.56,3.45,2.6,3.89,2.71,3,7.0,37.1,Low
EMP_1186,Product,Autocratic/Micromanagement,3.32,3.49,4.08,3.54,2.32,3,3.2,33.4,Low
EMP_1187,Marketing,Autocratic/Micromanagement,5.0,4.62,3.31,3.46,2.5,4,1.1,27.0,Low
EMP_1188,Engineering,Supportive,4.99,3.04,3.55,3.02,2.62,2,0.5,52.6,Moderate
EMP_1189,Data Science,Supportive,3.51,3.4,1.82,3.89,1.54,4,0.5,52.6,Moderate
EMP_1190,Marketing,Supportive,3.2,3.46,1.26,4.51,2.19,4,0.5,51.0,Moderate
EMP_1191,Engineering,Democratic,4.09,3.79,2.05,2.17,2.75,2,1.6,32.5,Low
EMP_1192,Sales,Democratic,3.36,3.64,2.82,3.45,1.62,2,0.7,34.2,Low
EMP_1193,Data Science,Autocratic/Micromanagement,2.79,2.91,3.66,2.92,2.2,1,1.1,36.5,Low
EMP_1194,Marketing,Autocratic/Micromanagement,4.5,3.56,1.33,2.61,4.61,4,4.2,13.4,Low
EMP_1195,Engineering,Democratic,4.45,3.74,4.47,2.82,1.8,3,11.2,35.3,Low
EMP_1196,Product,Supportive,3.71,3.42,3.34,3.73,2.39,2,0.8,48.4,Moderate
EMP_1197,Product,Supportive,2.72,4.21,4.29,3.74,2.03,4,2.2,57.1,Moderate
EMP_1198,Product,Autocratic/Micromanagement,2.74,4.35,2.49,4.38,2.61,2,15.0,33.5,Low
EMP_1199,Marketing,Supportive,3.68,3.75,3.6,3.51,2.05,3,9.4,54.5,Moderate
EMP_1200,Engineering,Supportive,3.25,3.94,3.27,2.45,2.51,4,1.5,43.3,Low
EMP_1201,HR,Democratic,3.36,2.5,3.85,3.36,2.13,4,1.3,35.9,Low
EMP_1202,Engineering,Democratic,4.32,3.55,3.01,2.67,3.54,4,1.0,34.0,Low
EMP_1203,Engineering,Autocratic/Micromanagement,4.11,4.4,3.58,2.78,2.77,2,0.6,39.4,Low
EMP_1204,Data Science,Democratic,4.56,3.55,4.08,3.85,1.9,2,2.2,40.0,Low
EMP_1205,Sales,Supportive,2.91,3.36,2.68,3.62,3.37,4,1.5,32.9,Low
EMP_1206,HR,Autocratic/Micromanagement,3.36,5.0,3.39,3.85,1.93,1,4.8,47.0,Moderate
EMP_1207,Marketing,Supportive,4.13,4.89,1.69,3.29,1.45,5,0.9,49.6,Moderate
EMP_1208,Sales,Supportive,3.91,4.08,3.76,3.97,2.7,3,4.7,40.2,Low
EMP_1209,Data Science,Democratic,4.67,4.48,4.76,3.25,4.23,3,1.2,44.2,Low
EMP_1210,Product,Supportive,3.89,2.46,2.2,4.17,1.24,3,3.1,60.8,Moderate
EMP_1211,Sales,Democratic,4.89,3.33,3.13,3.71,1.64,5,3.6,38.6,Low
EMP_1212,Sales,Supportive,3.98,3.52,3.9,3.38,3.3,4,3.9,50.2,Moderate
EMP_1213,Engineering,Democratic,4.34,3.66,3.23,3.63,2.19,3,0.7,38.8,Low
EMP_1214,HR,Supportive,3.37,3.51,3.33,3.49,3.19,4,1.2,54.4,Moderate
EMP_1215,Marketing,Autocratic/Micromanagement,3.61,2.27,2.89,4.46,2.03,3,1.0,52.1,Moderate
EMP_1216,Engineering,Autocratic/Micromanagement,4.24,4.03,2.86,3.65,2.81,3,3.0,39.5,Low
EMP_1217,Engineering,Supportive,4.73,4.13,3.13,3.5,4.1,3,0.5,48.3,Moderate
EMP_1218,Marketing,Supportive,4.11,4.76,3.23,3.36,1.74,3,2.6,40.2,Low
EMP_1219,Marketing,Supportive,3.54,3.33,2.25,4.01,3.52,3,0.5,44.5,Low
EMP_1220,Data Science,Supportive,4.56,3.28,3.15,3.92,3.24,1,1.4,50.0,Moderate
EMP_1221,Product,Autocratic/Micromanagement,2.07,2.19,4.45,3.34,1.51,1,4.1,45.7,Moderate
EMP_1222,Engineering,Democratic,2.6,3.62,2.86,2.81,3.15,2,1.9,32.2,Low
EMP_1223,Sales,Supportive,4.08,4.34,2.21,2.96,2.76,3,1.2,25.2,Low
EMP_1224,Product,Supportive,3.61,3.43,3.08,3.39,2.77,5,3.3,52.2,Moderate
EMP_1225,Sales,Supportive,4.02,5.0,2.63,4.31,2.97,4,4.7,40.9,Low
EMP_1226,Marketing,Democratic,3.65,3.65,2.13,3.35,2.42,5,1.0,35.8,Low
EMP_1227,Data Science,Supportive,4.0,3.89,3.31,3.14,2.76,3,1.2,51.7,Moderate
EMP_1228,Data Science,Autocratic/Micromanagement,3.03,2.98,2.63,2.44,2.89,3,3.6,50.0,Moderate
EMP_1229,Product,Autocratic/Micromanagement,4.0,3.97,2.7,4.41,3.3,4,11.8,34.2,Low
EMP_1230,Sales,Supportive,4.3,2.61,3.32,3.84,1.48,4,0.8,52.5,Moderate
EMP_1231,Product,Democratic,4.45,4.22,1.97,3.98,3.73,3,3.7,36.0,Low
EMP_1232,Engineering,Autocratic/Micromanagement,5.0,4.23,1.81,4.08,1.78,4,8.3,37.6,Low
EMP_1233,Engineering,Democratic,3.77,4.62,3.74,3.4,3.31,4,2.2,56.8,Moderate
EMP_1234,Engineering,Supportive,3.79,3.19,1.66,3.55,2.76,4,1.3,45.6,Moderate
EMP_1235,Marketing,Supportive,2.53,3.9,2.42,4.39,1.68,4,3.8,52.3,Moderate
EMP_1236,Data Science,Autocratic/Micromanagement,3.23,4.14,1.76,3.61,3.12,5,0.5,43.7,Low
EMP_1237,Product,Democratic,3.46,4.07,2.81,3.85,1.94,5,1.6,40.1,Low
EMP_1238,Sales,Democratic,4.34,3.28,3.54,4.02,3.56,3,1.0,28.9,Low
EMP_1239,Product,Autocratic/Micromanagement,3.17,2.36,3.29,3.89,2.13,1,0.9,42.1,Low
EMP_1240,Engineering,Autocratic/Micromanagement,4.16,4.01,5.0,3.42,1.5,1,0.7,31.9,Low
EMP_1241,Product,Autocratic/Micromanagement,3.6,3.71,4.07,3.48,3.93,2,4.7,37.2,Low
EMP_1242,HR,Supportive,3.48,3.46,2.46,3.97,2.85,1,10.9,42.8,Low
EMP_1243,HR,Democratic,3.77,4.26,2.24,3.97,3.39,3,1.7,43.7,Low
EMP_1244,HR,Democratic,3.33,3.77,5.0,4.2,2.02,1,0.5,47.8,Moderate
EMP_1245,HR,Autocratic/Micromanagement,3.3,3.01,4.05,3.83,1.19,4,4.4,47.3,Moderate
EMP_1246,Marketing,Democratic,2.41,2.64,3.67,3.86,4.04,2,2.7,24.1,Low
EMP_1247,Engineering,Supportive,3.43,3.12,3.26,3.23,2.69,3,4.5,44.8,Low
EMP_1248,Engineering,Autocratic/Micromanagement,3.26,5.0,3.42,3.15,3.09,2,3.7,46.6,Moderate
EMP_1249,Product,Democratic,3.24,4.23,2.01,3.97,3.23,5,8.3,31.6,Low
EMP_1250,Marketing,Supportive,3.89,3.91,3.33,3.16,2.43,4,0.5,56.9,Moderate
EMP_1251,HR,Democratic,4.06,3.69,3.26,3.49,2.88,3,0.6,36.3,Low
EMP_1252,Sales,Supportive,3.76,3.65,2.48,4.33,3.98,5,1.5,23.8,Low
EMP_1253,Engineering,Supportive,4.3,4.5,2.77,4.23,2.67,2,2.4,59.2,Moderate
EMP_1254,Engineering,Supportive,4.0,3.51,4.41,3.68,3.45,5,9.1,41.8,Low
EMP_1255,Marketing,Democratic,3.39,4.15,3.1,3.32,1.11,3,8.3,47.7,Moderate
EMP_1256,Sales,Democratic,3.28,3.59,4.86,3.43,3.6,3,7.2,37.7,Low
EMP_1257,Engineering,Democratic,3.82,4.96,1.81,4.02,1.48,1,0.9,58.8,Moderate
EMP_1258,Sales,Democratic,4.0,4.25,2.78,3.48,3.51,2,4.6,21.3,Low
EMP_1259,Engineering,Autocratic/Micromanagement,4.58,4.55,1.96,3.17,3.01,5,1.7,24.8,Low
EMP_1260,Sales,Supportive,4.43,3.45,2.23,4.23,2.62,4,9.4,26.1,Low
EMP_1261,Data Science,Supportive,3.22,4.43,2.54,3.61,2.62,2,0.8,63.0,Moderate
EMP_1262,HR,Autocratic/Micromanagement,3.53,3.61,3.45,3.15,2.5,3,0.5,46.0,Moderate
EMP_1263,Data Science,Supportive,4.07,3.87,3.41,3.79,2.04,2,6.5,56.8,Moderate
EMP_1264,Sales,Autocratic/Micromanagement,4.35,4.78,2.66,4.08,2.54,1,4.4,2.5,Low
EMP_1265,Engineering,Autocratic/Micromanagement,4.26,3.17,1.42,2.9,4.47,5,6.0,18.9,Low
EMP_1266,Engineering,Democratic,3.56,3.92,4.38,3.38,3.74,3,0.6,31.6,Low
EMP_1267,Data Science,Autocratic/Micromanagement,2.72,4.06,2.97,3.35,2.0,3,7.6,54.4,Moderate
EMP_1268,Sales,Supportive,2.9,4.11,2.31,3.77,2.91,5,4.0,32.4,Low
EMP_1269,Marketing,Supportive,3.79,3.53,3.42,3.88,2.78,3,3.7,51.7,Moderate
EMP_1270,Data Science,Democratic,3.84,5.0,3.36,3.17,2.59,3,3.1,50.3,Moderate
EMP_1271,Marketing,Supportive,2.83,3.02,2.94,2.6,1.9,3,5.1,49.5,Moderate
EMP_1272,Product,Autocratic/Micromanagement,3.63,4.68,3.32,4.12,3.06,4,1.9,30.0,Low
EMP_1273,HR,Supportive,4.04,4.53,2.28,2.83,3.38,4,0.5,46.5,Moderate
EMP_1274,Engineering,Democratic,2.79,4.94,3.81,3.66,2.03,1,2.7,60.5,Moderate
EMP_1275,Sales,Democratic,4.37,2.85,2.4,3.42,4.26,4,4.8,20.8,Low
EMP_1276,Engineering,Democratic,3.34,3.28,2.72,3.6,3.92,4,0.6,25.5,Low
EMP_1277,Engineering,Supportive,4.48,4.7,3.72,4.49,3.14,4,0.9,59.0,Moderate
EMP_1278,Product,Supportive,3.23,2.67,4.16,5.0,1.71,5,4.2,58.5,Moderate
EMP_1279,Engineering,Autocratic/Micromanagement,2.88,2.84,4.47,2.52,3.02,3,1.1,37.6,Low
EMP_1280,Sales,Supportive,3.28,3.51,4.04,4.09,2.93,2,0.7,59.0,Moderate
EMP_1281,Marketing,Autocratic/Micromanagement,3.53,3.92,2.94,3.41,3.11,4,7.7,36.1,Low
EMP_1282,Marketing,Democratic,3.33,4.76,1.97,4.13,3.97,2,0.6,34.8,Low
EMP_1283,Sales,Autocratic/Micromanagement,3.45,3.69,4.32,4.07,2.56,1,1.5,51.9,Moderate
EMP_1284,Engineering,Democratic,3.83,3.44,4.3,4.35,4.34,1,2.0,27.6,Low
EMP_1285,Data Science,Supportive,3.48,3.99,2.66,3.67,3.03,4,2.3,50.8,Moderate
EMP_1286,Sales,Democratic,3.55,4.08,3.94,2.97,2.47,1,1.6,32.9,Low
EMP_1287,Engineering,Autocratic/Micromanagement,2.4,4.06,2.93,4.06,4.62,3,8.5,50.8,Moderate
EMP_1288,Data Science,Democratic,3.87,3.69,4.4,3.57,3.36,2,3.8,30.4,Low
EMP_1289,Engineering,Autocratic/Micromanagement,3.54,2.63,2.79,3.36,2.34,4,1.6,42.2,Low
EMP_1290,Engineering,Democratic,4.73,3.25,4.78,3.21,2.77,3,1.5,36.7,Low
EMP_1291,Data Science,Supportive,2.94,4.65,3.83,4.1,3.21,2,2.4,58.2,Moderate
EMP_1292,Engineering,Supportive,2.33,3.91,4.64,4.46,2.58,4,0.5,55.2,Moderate
EMP_1293,Sales,Autocratic/Micromanagement,4.03,3.61,2.83,2.78,2.81,4,9.1,8.1,Low
EMP_1294,Marketing,Supportive,3.84,4.47,3.52,3.87,2.05,3,0.9,50.5,Moderate
EMP_1295,HR,Autocratic/Micromanagement,2.89,3.12,2.42,3.28,1.35,3,4.2,52.7,Moderate
EMP_1296,Engineering,Autocratic/Micromanagement,2.53,3.66,3.88,2.62,2.79,4,5.3,42.3,Low
EMP_1297,Engineering,Supportive,4.68,3.88,3.92,3.59,2.81,5,6.1,43.3,Low
EMP_1298,Engineering,Supportive,4.59,3.54,5.0,3.0,3.12,1,0.6,34.7,Low
EMP_1299,Marketing,Democratic,1.86,3.86,3.59,2.55,2.24,3,2.7,40.5,Low
EMP_1300,Marketing,Supportive,3.28,3.69,3.78,3.03,1.63,3,0.5,59.6,Moderate
EMP_1301,Engineering,Autocratic/Micromanagement,4.76,2.96,2.82,2.88,1.93,4,5.7,26.4,Low
EMP_1302,Product,Democratic,3.27,3.91,3.63,3.11,3.54,4,2.3,41.9,Low
EMP_1303,Engineering,Democratic,3.26,3.0,2.9,2.7,2.17,2,0.6,37.2,Low
EMP_1304,Sales,Autocratic/Micromanagement,3.4,3.9,3.29,3.26,2.35,2,4.4,38.8,Low
EMP_1305,Marketing,Supportive,2.82,4.62,3.34,3.07,2.45,5,1.4,48.5,Moderate
EMP_1306,Product,Democratic,2.41,3.63,2.92,3.73,2.2,4,0.5,41.3,Low
EMP_1307,Marketing,Supportive,4.34,3.1,3.25,3.86,2.15,5,2.2,54.2,Moderate
EMP_1308,HR,Supportive,2.31,3.72,2.9,3.66,2.0,5,0.9,59.2,Moderate
EMP_1309,Data Science,Democratic,3.77,3.3,2.9,3.36,3.82,3,10.5,42.0,Low
EMP_1310,HR,Autocratic/Micromanagement,4.22,4.16,4.06,3.34,3.24,2,1.6,25.8,Low
EMP_1311,Engineering,Supportive,2.58,3.71,3.34,3.0,3.7,4,3.0,46.7,Moderate
EMP_1312,Product,Democratic,2.95,4.83,3.48,3.01,3.86,3,10.4,30.9,Low
EMP_1313,Sales,Democratic,4.45,4.5,2.03,3.92,1.0,3,1.8,31.6,Low
EMP_1314,HR,Supportive,3.97,3.71,3.54,2.44,2.97,3,1.6,49.9,Moderate
EMP_1315,Sales,Supportive,3.17,4.23,3.62,3.45,2.23,5,0.6,50.6,Moderate
EMP_1316,Marketing,Autocratic/Micromanagement,4.44,3.56,2.88,3.31,3.59,1,9.7,11.3,Low
EMP_1317,Sales,Democratic,4.44,3.82,4.87,3.86,2.11,2,5.6,50.2,Moderate
EMP_1318,Marketing,Democratic,3.79,3.58,1.37,2.64,1.86,4,0.9,46.0,Moderate
EMP_1319,Engineering,Democratic,2.97,4.26,3.83,3.51,1.55,5,1.4,56.8,Moderate
EMP_1320,Engineering,Supportive,3.31,4.66,3.77,3.71,2.46,5,8.6,64.1,Moderate
EMP_1321,Engineering,Democratic,3.8,4.28,3.63,2.36,3.43,4,2.7,49.2,Moderate
EMP_1322,Engineering,Democratic,3.47,4.35,3.34,2.86,2.9,1,2.8,47.5,Moderate
EMP_1323,Product,Democratic,4.26,4.35,3.64,3.44,1.74,3,3.7,41.3,Low
EMP_1324,Engineering,Supportive,2.53,4.13,3.89,3.81,4.42,5,5.0,52.8,Moderate
EMP_1325,Product,Supportive,2.55,3.12,2.62,3.61,3.22,3,9.8,42.1,Low
EMP_1326,Data Science,Supportive,3.73,4.82,3.44,3.84,3.32,4,5.7,54.8,Moderate
EMP_1327,Engineering,Autocratic/Micromanagement,3.26,4.88,3.05,2.85,3.73,3,9.5,47.7,Moderate
EMP_1328,HR,Democratic,3.16,3.66,2.32,2.55,1.39,1,6.0,46.8,Moderate
EMP_1329,Marketing,Democratic,2.36,3.58,3.77,3.55,1.97,4,0.5,46.7,Moderate
EMP_1330,Sales,Supportive,3.61,4.17,2.75,2.76,3.36,5,0.5,22.9,Low
EMP_1331,Sales,Supportive,3.56,4.13,2.0,2.98,2.05,5,7.6,43.8,Low
EMP_1332,Marketing,Democratic,4.06,3.68,2.77,4.06,2.48,5,0.5,40.3,Low
EMP_1333,Engineering,Democratic,3.65,3.05,2.56,3.61,2.64,4,5.5,32.5,Low
EMP_1334,Product,Democratic,3.51,3.98,4.02,3.16,1.68,4,6.6,40.4,Low
EMP_1335,Product,Supportive,4.42,4.13,3.32,3.08,2.41,5,1.9,39.8,Low
EMP_1336,Marketing,Democratic,2.68,4.24,4.31,3.87,3.43,1,1.5,26.5,Low
EMP_1337,Engineering,Supportive,3.98,4.01,2.67,3.63,3.28,5,0.8,68.8,Moderate
EMP_1338,Marketing,Supportive,2.43,3.64,3.9,2.77,3.59,3,0.5,40.3,Low
EMP_1339,Engineering,Democratic,3.01,4.4,5.0,2.33,3.51,5,4.8,51.9,Moderate
EMP_1340,Engineering,Supportive,2.75,3.84,3.48,4.63,3.02,4,0.5,45.9,Moderate
EMP_1341,Data Science,Supportive,4.15,3.52,3.89,2.77,2.96,2,10.1,46.8,Moderate
EMP_1342,Sales,Democratic,3.55,3.69,3.75,3.82,2.9,2,1.2,38.8,Low
EMP_1343,Product,Democratic,3.59,2.75,2.06,4.41,2.2,3,5.5,29.7,Low
EMP_1344,Marketing,Autocratic/Micromanagement,2.83,3.69,3.67,3.59,1.88,3,0.5,48.1,Moderate
EMP_1345,Marketing,Democratic,3.39,4.21,3.45,3.14,2.15,3,2.7,39.8,Low
EMP_1346,Sales,Supportive,3.07,4.0,2.99,2.64,2.44,4,1.5,31.5,Low
EMP_1347,Data Science,Supportive,3.87,4.71,2.49,2.64,2.18,3,0.5,67.5,Moderate
EMP_1348,Data Science,Autocratic/Micromanagement,2.91,3.64,3.76,3.73,3.03,1,3.7,32.8,Low
EMP_1349,Product,Democratic,4.53,4.09,2.42,4.37,2.86,5,10.0,38.2,Low
EMP_1350,Engineering,Democratic,2.43,4.28,4.91,3.26,2.95,3,0.5,50.9,Moderate
EMP_1351,Product,Supportive,3.04,5.0,3.29,3.17,2.98,5,1.1,50.1,Moderate
EMP_1352,Sales,Democratic,4.77,3.89,2.22,3.92,3.66,1,4.3,17.5,Low
EMP_1353,Sales,Supportive,3.3,3.17,2.79,3.09,2.69,5,7.2,27.7,Low
EMP_1354,Marketing,Democratic,2.68,4.31,2.98,3.66,3.51,2,0.7,36.0,Low
EMP_1355,Sales,Autocratic/Micromanagement,3.75,4.92,5.0,3.53,3.11,4,0.5,46.7,Moderate
EMP_1356,Product,Autocratic/Micromanagement,3.27,3.61,2.49,3.25,3.6,4,0.5,24.7,Low
EMP_1357,Product,Democratic,3.01,4.3,3.11,3.49,3.99,5,0.8,33.0,Low
EMP_1358,Sales,Democratic,2.83,4.54,2.77,4.56,3.16,3,0.5,18.1,Low
EMP_1359,Data Science,Autocratic/Micromanagement,5.0,4.41,3.6,3.86,2.78,2,1.6,36.2,Low
EMP_1360,Sales,Democratic,3.42,3.88,2.78,4.16,2.78,5,2.0,18.2,Low
EMP_1361,Product,Supportive,2.25,3.38,2.29,2.95,2.32,3,2.3,43.5,Low
EMP_1362,Engineering,Democratic,4.65,3.75,3.04,4.16,2.3,2,0.5,45.6,Moderate
EMP_1363,Marketing,Supportive,4.03,4.08,2.96,3.88,3.42,3,2.2,48.8,Moderate
EMP_1364,Marketing,Democratic,3.06,4.34,2.73,2.6,1.93,2,0.5,41.3,Low
EMP_1365,Marketing,Democratic,2.95,4.0,2.77,3.82,3.99,3,1.0,34.2,Low
EMP_1366,Engineering,Democratic,4.07,3.57,4.15,3.19,2.58,3,1.6,42.4,Low
EMP_1367,Marketing,Supportive,3.43,4.13,2.94,2.57,4.99,3,0.5,37.5,Low
EMP_1368,Product,Supportive,2.25,4.32,2.29,3.58,2.15,3,5.9,44.3,Low
EMP_1369,Engineering,Democratic,4.85,4.03,2.83,3.82,2.9,3,0.8,53.4,Moderate
EMP_1370,Engineering,Autocratic/Micromanagement,3.3,3.3,3.24,3.59,2.42,4,4.9,44.1,Low
EMP_1371,Product,Democratic,4.65,3.69,2.13,3.43,2.07,5,2.2,43.7,Low
EMP_1372,Engineering,Supportive,4.49,4.37,4.5,3.3,3.55,2,2.3,59.3,Moderate
EMP_1373,Product,Autocratic/Micromanagement,2.9,2.97,3.89,4.98,1.82,5,3.6,44.6,Low
EMP_1374,Sales,Autocratic/Micromanagement,4.32,2.54,4.34,2.79,2.16,5,0.5,33.2,Low
EMP_1375,Engineering,Supportive,3.14,4.7,3.51,4.02,3.17,4,0.5,66.0,Moderate
EMP_1376,Product,Supportive,2.29,4.11,1.53,3.51,3.3,5,1.4,51.9,Moderate
EMP_1377,Sales,Democratic,3.3,4.16,4.43,2.99,1.59,3,1.9,48.4,Moderate
EMP_1378,Sales,Autocratic/Micromanagement,3.88,3.15,2.51,3.47,3.17,5,2.0,26.3,Low
EMP_1379,Data Science,Autocratic/Micromanagement,3.28,4.24,2.57,2.66,2.8,4,4.0,63.6,Moderate
EMP_1380,Sales,Autocratic/Micromanagement,3.39,3.97,3.33,3.14,1.97,3,0.5,43.8,Low
EMP_1381,Engineering,Democratic,4.4,2.85,4.3,3.47,2.07,4,11.2,45.6,Moderate
EMP_1382,Data Science,Democratic,3.67,4.65,4.04,2.57,1.07,3,0.7,56.9,Moderate
EMP_1383,Product,Supportive,3.01,3.9,3.93,3.8,4.07,2,1.0,39.2,Low
EMP_1384,Data Science,Supportive,4.09,3.56,2.95,2.92,3.51,2,8.3,43.2,Low
EMP_1385,Marketing,Democratic,3.74,3.57,2.94,2.63,1.67,4,0.5,40.5,Low
EMP_1386,Data Science,Democratic,1.83,2.59,3.48,2.85,3.34,4,15.0,28.4,Low
EMP_1387,HR,Democratic,3.9,4.16,3.1,4.81,2.24,3,0.5,39.1,Low
EMP_1388,Engineering,Democratic,3.87,3.96,3.91,2.31,3.43,3,0.5,38.7,Low
EMP_1389,Product,Supportive,3.61,3.68,3.86,3.76,2.3,2,1.0,43.2,Low
EMP_1390,Sales,Democratic,4.22,4.57,3.67,3.05,2.41,3,2.0,40.1,Low
EMP_1391,Engineering,Supportive,3.13,2.97,1.18,3.29,2.47,5,2.6,49.6,Moderate
EMP_1392,Engineering,Democratic,3.84,3.44,3.3,3.86,2.17,5,0.5,38.7,Low
EMP_1393,Engineering,Autocratic/Micromanagement,2.5,3.29,3.11,3.83,3.82,4,0.5,35.3,Low
EMP_1394,Sales,Democratic,3.88,3.63,3.33,3.09,3.42,5,0.5,36.6,Low
EMP_1395,Data Science,Autocratic/Micromanagement,4.97,3.84,2.6,2.69,2.79,5,1.0,17.6,Low
EMP_1396,HR,Supportive,2.9,4.06,2.14,3.87,3.52,2,8.9,49.5,Moderate
EMP_1397,Sales,Democratic,3.07,3.59,3.57,3.83,1.4,3,1.7,46.5,Moderate
EMP_1398,Engineering,Supportive,3.1,3.27,2.91,3.33,1.72,2,5.1,60.1,Moderate
EMP_1399,Marketing,Democratic,3.69,4.81,3.66,3.77,3.08,3,0.7,35.8,Low
EMP_1400,Marketing,Autocratic/Micromanagement,2.86,5.0,2.66,3.23,3.29,4,0.5,33.6,Low
EMP_1401,Engineering,Democratic,3.89,3.89,4.33,3.0,2.92,2,2.8,35.8,Low
EMP_1402,Engineering,Autocratic/Micromanagement,4.19,3.35,4.0,3.5,1.19,5,6.0,32.5,Low
EMP_1403,Engineering,Supportive,3.97,4.69,3.44,3.81,1.85,4,8.0,65.9,Moderate
EMP_1404,Marketing,Autocratic/Micromanagement,2.36,2.93,3.03,3.69,3.03,4,2.8,35.9,Low
EMP_1405,Marketing,Supportive,4.3,3.6,3.88,3.81,4.64,1,1.2,48.9,Moderate
EMP_1406,Sales,Autocratic/Micromanagement,4.26,3.38,3.51,3.04,3.67,1,0.5,8.8,Low
EMP_1407,HR,Supportive,4.18,3.1,3.39,4.45,3.96,4,3.9,44.0,Low
EMP_1408,HR,Supportive,3.86,3.63,4.03,3.29,2.97,5,1.2,46.3,Moderate
EMP_1409,Sales,Democratic,3.75,3.28,4.34,3.43,2.97,5,6.5,47.4,Moderate
EMP_1410,Product,Autocratic/Micromanagement,4.32,3.81,2.2,2.71,1.87,4,3.3,18.8,Low
EMP_1411,Engineering,Supportive,4.95,3.82,2.36,3.38,3.46,2,6.9,41.1,Low
EMP_1412,Engineering,Supportive,2.93,3.43,2.58,3.82,2.64,2,2.9,46.1,Moderate
EMP_1413,Data Science,Autocratic/Micromanagement,4.35,3.58,2.0,3.96,3.25,5,5.2,19.9,Low
EMP_1414,Engineering,Supportive,3.54,3.66,3.15,4.44,2.72,2,1.2,52.0,Moderate
EMP_1415,Sales,Supportive,3.51,4.29,3.68,3.81,2.92,4,2.4,38.0,Low
EMP_1416,Product,Democratic,2.52,3.71,3.18,3.67,2.63,3,0.5,32.2,Low
EMP_1417,Engineering,Supportive,3.4,4.29,2.77,3.23,2.88,3,3.3,64.8,Moderate
EMP_1418,Engineering,Autocratic/Micromanagement,2.9,4.15,4.1,3.1,3.5,3,2.7,52.4,Moderate
EMP_1419,Sales,Autocratic/Micromanagement,3.28,4.14,3.31,4.08,1.69,5,4.9,35.1,Low
EMP_1420,Product,Democratic,2.83,4.63,3.47,4.07,1.51,5,4.6,47.6,Moderate
EMP_1421,Data Science,Autocratic/Micromanagement,3.29,3.13,4.12,2.85,3.04,5,3.5,36.3,Low
EMP_1422,Sales,Democratic,3.32,3.52,3.1,3.93,3.85,3,0.5,36.4,Low
EMP_1423,Engineering,Supportive,3.67,4.86,4.85,3.89,4.05,2,8.2,52.5,Moderate
EMP_1424,Engineering,Supportive,2.47,3.65,2.84,2.83,1.72,5,0.5,45.3,Moderate
EMP_1425,Product,Democratic,2.59,2.11,4.8,3.82,2.38,2,5.7,37.7,Low
EMP_1426,Product,Supportive,3.85,3.68,2.42,2.87,1.52,3,2.3,51.8,Moderate
EMP_1427,Engineering,Autocratic/Micromanagement,3.04,3.88,3.61,2.04,2.26,3,6.0,38.2,Low
EMP_1428,Product,Autocratic/Micromanagement,4.35,2.23,2.69,3.4,3.6,3,2.2,13.8,Low
EMP_1429,Marketing,Supportive,3.76,4.6,4.1,3.65,2.69,3,3.6,56.4,Moderate
EMP_1430,Product,Democratic,4.02,3.37,2.82,3.43,2.4,5,1.6,30.7,Low
EMP_1431,Sales,Democratic,4.59,4.0,3.43,5.0,3.14,5,4.8,31.6,Low
EMP_1432,Sales,Autocratic/Micromanagement,3.38,3.66,2.68,3.73,2.06,3,1.0,23.6,Low
EMP_1433,Sales,Autocratic/Micromanagement,3.2,3.03,3.95,3.59,3.97,1,4.4,32.3,Low
EMP_1434,Marketing,Democratic,4.21,3.16,2.68,3.76,2.71,4,0.8,41.4,Low
EMP_1435,Engineering,Autocratic/Micromanagement,3.96,3.24,4.55,3.24,2.38,3,4.5,43.6,Low
EMP_1436,Engineering,Democratic,3.47,4.45,2.4,4.06,3.17,5,1.2,56.1,Moderate
EMP_1437,Data Science,Democratic,4.57,3.71,2.12,3.72,3.45,1,1.1,36.9,Low
EMP_1438,Marketing,Supportive,3.45,3.49,3.96,3.69,3.98,2,5.8,33.4,Low
EMP_1439,Engineering,Supportive,3.62,3.24,2.73,3.13,2.53,4,5.9,40.3,Low
EMP_1440,Marketing,Democratic,3.61,4.52,3.19,2.56,3.57,4,4.1,39.7,Low
EMP_1441,Product,Supportive,2.95,4.68,2.94,3.2,2.78,3,9.0,52.9,Moderate
EMP_1442,Engineering,Supportive,3.65,4.51,2.15,3.67,2.21,3,0.6,68.2,Moderate
EMP_1443,Marketing,Democratic,4.58,4.1,3.14,3.23,2.08,3,1.1,36.5,Low
EMP_1444,Sales,Supportive,3.91,3.97,4.21,3.68,1.82,3,1.2,62.2,Moderate
EMP_1445,Product,Democratic,3.62,3.07,4.0,3.36,2.11,2,1.3,38.5,Low
EMP_1446,Engineering,Democratic,3.49,3.65,3.39,3.76,3.59,5,1.4,28.7,Low
EMP_1447,Marketing,Autocratic/Micromanagement,3.83,3.39,4.09,2.91,3.27,1,4.2,36.6,Low
EMP_1448,HR,Democratic,4.12,2.7,2.35,3.62,1.71,3,1.1,53.1,Moderate
EMP_1449,Product,Supportive,4.03,4.43,2.94,3.12,1.3,4,1.2,51.7,Moderate
EMP_1450,Marketing,Democratic,3.37,3.38,3.52,2.58,1.81,1,3.0,48.3,Moderate
EMP_1451,Sales,Autocratic/Micromanagement,3.83,4.52,3.1,3.4,2.08,5,0.8,36.2,Low
EMP_1452,Marketing,Autocratic/Micromanagement,3.94,4.33,3.0,4.42,2.46,4,1.6,31.2,Low
EMP_1453,Product,Democratic,2.89,4.13,2.24,2.62,3.64,1,0.5,38.6,Low
EMP_1454,Sales,Supportive,3.72,4.17,1.53,3.57,2.26,5,10.7,33.7,Low
EMP_1455,Engineering,Autocratic/Micromanagement,2.09,3.43,3.85,3.98,4.04,3,1.3,38.2,Low
EMP_1456,Product,Supportive,3.94,4.91,3.39,4.88,1.36,4,6.6,61.2,Moderate
EMP_1457,Marketing,Democratic,4.06,3.83,3.92,3.2,2.42,5,2.6,37.7,Low
EMP_1458,Marketing,Democratic,4.12,3.98,2.85,3.12,3.33,5,0.9,41.7,Low
EMP_1459,Engineering,Supportive,3.32,3.41,2.63,2.8,3.38,3,0.8,40.4,Low
EMP_1460,Marketing,Supportive,3.82,3.24,3.21,4.18,2.43,2,4.2,44.6,Low
EMP_1461,Data Science,Supportive,4.6,4.09,3.88,2.98,3.5,3,11.7,64.6,Moderate
EMP_1462,Marketing,Democratic,4.59,3.93,3.01,3.28,3.35,4,0.7,27.2,Low
EMP_1463,Engineering,Autocratic/Micromanagement,3.58,3.33,3.84,2.39,2.15,5,0.5,40.3,Low
EMP_1464,Marketing,Supportive,3.7,2.94,2.39,4.03,2.95,1,1.7,53.0,Moderate
EMP_1465,Product,Autocratic/Micromanagement,4.38,3.04,3.07,4.19,3.26,1,1.8,23.9,Low
EMP_1466,Engineering,Supportive,2.55,4.52,3.14,4.01,2.21,5,5.7,62.9,Moderate
EMP_1467,Product,Democratic,3.37,3.43,4.18,2.54,4.06,3,2.2,36.8,Low
EMP_1468,Sales,Supportive,4.53,3.6,3.37,3.86,2.03,3,0.5,45.3,Moderate
EMP_1469,Product,Autocratic/Micromanagement,4.28,4.67,4.6,2.5,2.82,2,8.9,16.0,Low
EMP_1470,HR,Autocratic/Micromanagement,3.86,3.13,2.12,3.53,1.7,3,1.6,43.5,Low
EMP_1471,Sales,Democratic,2.55,3.36,3.3,3.62,2.78,5,3.9,39.4,Low
EMP_1472,Marketing,Autocratic/Micromanagement,3.57,3.34,3.34,3.69,1.85,5,3.9,36.4,Low
EMP_1473,Product,Democratic,3.19,4.77,3.7,3.82,2.46,3,0.5,48.2,Moderate
EMP_1474,Sales,Autocratic/Micromanagement,3.83,5.0,2.55,3.5,1.43,5,0.5,19.2,Low
EMP_1475,Data Science,Democratic,3.03,4.25,4.55,2.32,3.34,3,0.5,50.2,Moderate
EMP_1476,Marketing,Autocratic/Micromanagement,2.88,4.27,3.21,3.82,2.99,5,11.0,37.5,Low
EMP_1477,HR,Democratic,2.15,3.45,2.33,3.56,3.57,2,5.5,25.2,Low
EMP_1478,HR,Supportive,4.46,4.97,3.19,2.96,2.42,5,0.5,55.7,Moderate
EMP_1479,HR,Democratic,3.32,3.96,2.95,2.56,3.61,3,3.3,30.1,Low
EMP_1480,Sales,Supportive,3.71,4.31,5.0,4.42,2.73,2,3.3,60.2,Moderate
EMP_1481,HR,Democratic,3.6,3.74,4.04,4.24,2.79,5,0.5,39.1,Low
EMP_1482,Engineering,Democratic,2.85,3.64,3.24,3.92,4.39,2,2.0,23.0,Low
EMP_1483,Sales,Democratic,2.72,4.8,3.11,3.09,2.31,5,4.4,34.2,Low
EMP_1484,Engineering,Supportive,2.9,4.12,3.96,1.99,3.68,2,0.7,66.3,Moderate
EMP_1485,Data Science,Supportive,3.09,4.67,4.0,3.96,3.08,1,6.7,60.8,Moderate
EMP_1486,Data Science,Democratic,3.86,3.95,1.0,3.72,2.24,5,3.8,26.4,Low
EMP_1487,Data Science,Autocratic/Micromanagement,3.04,3.29,3.71,3.28,1.65,4,0.5,41.1,Low
EMP_1488,Marketing,Supportive,4.82,3.45,3.22,4.17,1.87,3,6.8,51.4,Moderate
EMP_1489,Data Science,Democratic,4.32,3.86,2.15,4.01,3.6,1,0.5,34.9,Low
EMP_1490,Sales,Democratic,4.17,3.42,3.9,3.61,4.09,4,7.7,21.6,Low
EMP_1491,Engineering,Democratic,3.52,3.14,5.0,3.52,2.77,3,1.4,37.4,Low
EMP_1492,Data Science,Supportive,4.66,4.52,3.65,3.53,2.82,3,4.2,58.1,Moderate
EMP_1493,Engineering,Democratic,3.45,3.47,4.08,3.91,3.32,4,5.4,36.2,Low
EMP_1494,Engineering,Supportive,3.58,3.88,4.64,2.99,2.76,4,1.2,50.1,Moderate
EMP_1495,Marketing,Autocratic/Micromanagement,3.72,3.98,2.54,3.76,3.58,5,1.5,35.9,Low
EMP_1496,Marketing,Supportive,4.09,3.45,1.71,2.95,2.93,4,2.5,53.8,Moderate
EMP_1497,Marketing,Supportive,4.05,4.67,3.73,4.3,2.81,3,3.1,58.3,Moderate
EMP_1498,Sales,Supportive,3.27,3.13,3.0,3.82,2.14,3,1.2,44.7,Low
EMP_1499,Data Science,Supportive,3.23,3.96,2.1,3.09,1.94,3,15.0,49.4,Moderate
EMP_1500,Product,Autocratic/Micromanagement,4.05,3.95,3.14,3.55,1.0,3,4.7,31.2,Low
EMP_1501,Sales,Supportive,4.1,3.77,3.78,2.99,3.69,3,1.1,42.8,Low
EMP_1502,Sales,Supportive,3.32,3.02,3.08,4.4,2.58,5,3.6,34.8,Low
EMP_1503,Engineering,Democratic,2.49,4.32,2.57,4.47,2.38,5,2.0,53.3,Moderate
EMP_1504,Data Science,Supportive,3.45,4.25,3.02,3.92,1.14,4,6.9,76.0,High
EMP_1505,Data Science,Supportive,4.04,3.39,3.18,4.43,2.19,4,1.4,43.2,Low
EMP_1506,Data Science,Autocratic/Micromanagement,4.86,4.22,1.66,3.59,2.08,3,0.7,38.7,Low
EMP_1507,Sales,Autocratic/Micromanagement,2.76,4.02,3.09,3.96,2.06,4,0.5,31.2,Low
EMP_1508,Sales,Autocratic/Micromanagement,3.3,3.03,2.12,4.23,2.97,5,14.5,26.0,Low
EMP_1509,Marketing,Autocratic/Micromanagement,3.33,3.29,3.73,3.5,2.8,4,1.6,38.6,Low
EMP_1510,HR,Democratic,4.55,4.48,1.95,3.54,1.61,1,0.9,39.9,Low
EMP_1511,HR,Supportive,3.58,3.99,4.01,4.06,1.66,4,2.4,50.4,Moderate
EMP_1512,Marketing,Autocratic/Micromanagement,2.96,3.46,2.87,3.89,1.66,4,1.2,35.0,Low
EMP_1513,Product,Autocratic/Micromanagement,3.99,3.28,2.77,3.05,4.15,1,0.9,36.4,Low
EMP_1514,Engineering,Autocratic/Micromanagement,3.32,3.49,3.44,2.19,3.89,2,3.4,28.5,Low
EMP_1515,Engineering,Democratic,2.74,3.53,2.51,3.39,2.02,4,0.5,43.4,Low
EMP_1516,Engineering,Supportive,2.98,3.29,3.42,2.24,1.12,4,2.5,50.2,Moderate
EMP_1517,Marketing,Autocratic/Micromanagement,4.81,2.75,2.61,2.91,2.8,5,1.7,30.4,Low
EMP_1518,Product,Democratic,3.87,4.48,2.75,2.98,2.74,2,2.7,45.5,Moderate
EMP_1519,Engineering,Autocratic/Micromanagement,3.68,4.38,3.52,3.16,2.95,1,1.4,62.1,Moderate
EMP_1520,Product,Supportive,3.43,3.04,2.29,3.99,3.29,2,3.0,56.1,Moderate
EMP_1521,Engineering,Supportive,3.8,3.88,2.19,4.12,3.06,3,0.5,43.1,Low
EMP_1522,Product,Supportive,3.8,3.26,3.4,3.81,1.81,3,1.7,47.4,Moderate
EMP_1523,Data Science,Autocratic/Micromanagement,3.8,3.64,3.18,3.88,2.94,5,0.9,46.9,Moderate
EMP_1524,Engineering,Supportive,3.68,3.59,3.33,3.89,3.38,4,2.0,44.1,Low
EMP_1525,Sales,Supportive,4.21,3.54,3.46,2.0,2.12,5,1.8,54.6,Moderate
EMP_1526,Data Science,Autocratic/Micromanagement,3.62,5.0,3.25,3.51,2.94,1,3.5,48.7,Moderate
EMP_1527,Data Science,Supportive,2.92,3.54,3.69,2.42,2.26,2,3.5,46.8,Moderate
EMP_1528,Data Science,Autocratic/Micromanagement,3.17,3.32,3.28,3.81,4.3,1,1.9,34.8,Low
EMP_1529,HR,Supportive,2.21,3.34,1.59,2.24,1.64,3,0.7,42.8,Low
EMP_1530,Sales,Autocratic/Micromanagement,5.0,4.43,1.8,3.39,3.62,3,3.1,4.6,Low
EMP_1531,Data Science,Democratic,4.2,2.81,4.74,3.83,1.36,4,11.9,46.5,Moderate
EMP_1532,Marketing,Autocratic/Micromanagement,3.02,3.34,3.2,2.83,4.13,2,0.7,28.8,Low
EMP_1533,Marketing,Autocratic/Micromanagement,3.4,4.67,3.96,4.08,1.79,2,0.5,42.1,Low
EMP_1534,Data Science,Supportive,3.15,3.95,2.92,3.8,2.85,3,1.1,48.1,Moderate
EMP_1535,Sales,Supportive,4.68,3.92,3.15,3.73,1.4,3,1.9,54.9,Moderate
EMP_1536,Engineering,Supportive,2.61,5.0,2.84,3.92,1.62,5,1.3,71.2,Moderate
EMP_1537,Engineering,Democratic,3.68,3.95,5.0,3.28,3.42,5,6.3,30.5,Low
EMP_1538,Marketing,Autocratic/Micromanagement,3.52,3.38,3.4,3.59,3.52,2,2.4,47.6,Moderate
EMP_1539,Engineering,Democratic,4.18,3.63,2.77,3.51,2.89,5,1.0,36.0,Low
EMP_1540,Sales,Democratic,3.53,3.12,1.88,3.49,3.29,4,10.5,19.5,Low
EMP_1541,Marketing,Supportive,2.37,4.55,4.78,3.1,3.54,3,0.5,53.8,Moderate
EMP_1542,Engineering,Autocratic/Micromanagement,3.42,4.14,3.07,2.75,2.15,1,0.5,46.2,Moderate
EMP_1543,Sales,Autocratic/Micromanagement,2.92,4.47,3.8,3.3,1.58,4,1.0,52.6,Moderate
EMP_1544,Data Science,Supportive,3.66,4.53,3.88,3.26,2.69,1,0.5,63.4,Moderate
EMP_1545,Product,Democratic,4.6,3.55,2.83,3.06,2.24,3,4.9,37.3,Low
EMP_1546,Sales,Supportive,2.38,3.23,3.74,4.01,3.01,1,1.3,40.9,Low
EMP_1547,HR,Democratic,3.04,3.77,2.72,2.8,3.14,3,4.6,29.5,Low
EMP_1548,Sales,Democratic,3.21,3.28,2.41,3.4,2.15,4,5.0,23.6,Low
EMP_1549,Engineering,Supportive,3.33,3.9,4.13,4.2,3.26,5,0.9,46.7,Moderate
EMP_1550,Marketing,Democratic,4.12,4.48,3.07,4.05,3.22,4,2.6,38.6,Low
EMP_1551,Product,Supportive,3.48,3.7,3.61,4.23,3.28,5,2.6,46.6,Moderate
EMP_1552,Marketing,Democratic,3.89,3.89,3.53,3.15,2.37,4,7.2,36.8,Low
EMP_1553,HR,Democratic,3.16,3.74,3.71,3.97,3.32,3,0.5,41.8,Low
EMP_1554,Product,Supportive,3.76,4.28,1.95,2.86,3.12,3,1.3,59.3,Moderate
EMP_1555,Engineering,Autocratic/Micromanagement,4.14,3.4,2.73,3.33,3.21,3,7.5,25.0,Low
EMP_1556,Engineering,Democratic,3.09,2.48,2.94,3.39,4.04,4,0.9,15.0,Low
EMP_1557,Marketing,Supportive,4.15,4.08,2.53,3.15,2.96,4,0.5,49.2,Moderate
EMP_1558,Sales,Supportive,3.64,4.39,3.54,3.28,2.21,4,3.0,52.9,Moderate
EMP_1559,HR,Autocratic/Micromanagement,4.33,4.07,4.15,3.2,1.81,1,1.3,31.9,Low
EMP_1560,Product,Autocratic/Micromanagement,3.46,3.42,4.28,2.91,3.6,4,2.2,32.1,Low
EMP_1561,Data Science,Supportive,3.87,3.12,2.93,4.01,2.99,2,6.0,41.7,Low
EMP_1562,Engineering,Supportive,3.57,4.1,3.43,3.39,4.04,1,2.6,62.5,Moderate
EMP_1563,HR,Supportive,3.53,3.88,3.56,3.62,1.08,3,2.5,57.2,Moderate
EMP_1564,Data Science,Democratic,3.78,3.72,3.7,3.6,3.43,4,1.1,29.0,Low
EMP_1565,HR,Supportive,3.98,4.89,2.5,3.53,2.49,1,5.5,52.3,Moderate
EMP_1566,Sales,Supportive,2.73,3.23,4.66,3.56,2.42,3,4.7,70.3,Moderate
EMP_1567,Marketing,Democratic,4.6,4.87,3.94,3.32,2.09,3,0.9,37.1,Low
EMP_1568,Engineering,Democratic,2.3,3.82,3.96,4.35,3.42,1,1.3,30.2,Low
EMP_1569,Marketing,Supportive,3.12,2.7,4.16,3.96,3.19,4,5.4,45.8,Moderate
EMP_1570,Sales,Democratic,3.53,3.69,3.63,3.51,1.79,2,1.5,45.3,Moderate
EMP_1571,Sales,Democratic,3.89,4.38,2.38,3.23,2.83,4,1.8,21.9,Low
EMP_1572,Engineering,Supportive,4.7,3.58,3.09,3.43,3.26,3,1.6,51.0,Moderate
EMP_1573,Marketing,Supportive,2.3,2.92,1.88,3.75,2.84,3,0.6,48.5,Moderate
EMP_1574,Product,Autocratic/Micromanagement,3.24,3.7,3.53,4.4,3.59,5,1.5,38.9,Low
EMP_1575,Engineering,Supportive,2.11,3.29,3.06,2.68,2.47,5,5.7,45.3,Moderate
EMP_1576,Engineering,Democratic,3.62,4.1,3.17,3.9,1.0,4,2.4,54.4,Moderate
EMP_1577,Engineering,Autocratic/Micromanagement,3.79,4.26,4.16,4.18,2.85,2,2.1,50.5,Moderate
EMP_1578,Marketing,Supportive,4.71,3.17,2.83,2.61,2.84,1,0.6,40.5,Low
EMP_1579,Marketing,Supportive,3.68,3.38,3.0,3.39,2.95,4,0.7,48.8,Moderate
EMP_1580,Sales,Democratic,4.33,4.25,3.22,2.86,3.59,3,0.5,23.8,Low
EMP_1581,Engineering,Autocratic/Micromanagement,4.01,3.28,1.73,3.76,1.14,5,0.5,24.6,Low
EMP_1582,Data Science,Autocratic/Micromanagement,3.3,3.15,2.99,3.28,2.51,3,2.3,37.3,Low
EMP_1583,Sales,Democratic,2.61,3.09,1.21,3.42,1.96,3,1.8,20.9,Low
EMP_1584,Sales,Supportive,3.79,4.01,2.73,3.25,1.73,3,1.1,35.7,Low
EMP_1585,Product,Democratic,2.56,3.99,3.88,3.93,2.64,4,15.0,38.1,Low
EMP_1586,Engineering,Democratic,4.51,3.39,3.56,3.64,3.26,3,1.8,41.7,Low
EMP_1587,Marketing,Democratic,3.49,3.8,2.72,3.64,2.94,5,5.4,31.6,Low
EMP_1588,Sales,Supportive,4.44,4.72,3.23,3.6,2.15,3,0.8,52.1,Moderate
EMP_1589,Sales,Supportive,3.26,3.22,2.34,3.84,2.58,5,1.0,36.2,Low
EMP_1590,Marketing,Autocratic/Micromanagement,3.79,2.63,3.2,3.34,3.44,3,2.9,34.4,Low
EMP_1591,Marketing,Democratic,3.75,4.07,5.0,4.52,3.25,4,0.5,32.9,Low
EMP_1592,Product,Supportive,3.57,3.73,4.68,2.76,2.26,1,0.5,44.1,Low
EMP_1593,Engineering,Supportive,3.3,3.37,3.24,2.46,2.21,4,0.5,59.5,Moderate
EMP_1594,Engineering,Autocratic/Micromanagement,3.87,4.19,3.33,2.41,1.33,3,0.9,59.4,Moderate
EMP_1595,Marketing,Democratic,2.95,4.3,2.42,2.25,2.36,3,2.6,37.8,Low
EMP_1596,Sales,Supportive,2.75,2.48,2.56,3.9,1.31,2,4.1,49.7,Moderate
EMP_1597,Data Science,Supportive,4.47,3.41,3.49,3.83,4.35,4,1.3,41.5,Low
EMP_1598,Engineering,Supportive,4.11,5.0,2.78,4.22,2.02,2,1.0,78.6,High
EMP_1599,Engineering,Autocratic/Micromanagement,3.65,4.15,3.92,2.87,3.59,2,6.1,41.8,Low
EMP_1600,Product,Democratic,4.77,4.21,4.46,3.95,4.15,2,0.6,30.1,Low
EMP_1601,Engineering,Democratic,3.41,4.5,3.47,3.53,2.87,1,4.0,45.2,Moderate
EMP_1602,Data Science,Democratic,4.53,3.81,3.28,3.6,2.62,4,9.4,37.6,Low
EMP_1603,Engineering,Supportive,3.72,4.28,1.86,3.88,1.64,3,0.9,67.0,Moderate
EMP_1604,Data Science,Autocratic/Micromanagement,2.88,4.23,3.8,3.05,2.3,2,0.5,52.4,Moderate
EMP_1605,Engineering,Democratic,4.89,4.12,2.29,5.0,3.98,3,13.7,47.4,Moderate
EMP_1606,Sales,Supportive,4.29,3.61,2.87,4.3,2.98,3,1.1,29.5,Low
EMP_1607,Engineering,Supportive,3.52,3.9,3.97,3.18,2.72,3,1.1,47.2,Moderate
EMP_1608,HR,Democratic,4.11,3.45,4.02,2.85,3.75,3,2.3,29.3,Low
EMP_1609,Engineering,Autocratic/Micromanagement,3.32,3.81,2.83,3.45,3.26,3,0.9,42.5,Low
EMP_1610,Sales,Supportive,4.18,3.1,2.87,3.61,2.58,3,15.0,27.8,Low
EMP_1611,Product,Autocratic/Micromanagement,1.93,3.33,2.64,4.14,2.87,5,0.5,38.1,Low
EMP_1612,Marketing,Autocratic/Micromanagement,2.89,3.63,2.24,2.8,2.09,1,2.1,34.6,Low
EMP_1613,Sales,Supportive,4.29,3.23,2.69,3.67,2.25,5,2.8,30.7,Low
EMP_1614,Data Science,Supportive,3.43,3.5,1.91,2.58,2.53,2,2.2,45.0,Moderate
EMP_1615,Data Science,Supportive,3.75,3.7,3.75,3.76,3.15,4,2.6,45.2,Moderate
EMP_1616,Marketing,Democratic,2.66,4.04,3.52,3.44,1.7,3,15.0,43.2,Low
EMP_1617,Product,Supportive,4.89,4.37,3.65,4.66,2.76,3,7.3,42.0,Low
EMP_1618,Marketing,Supportive,4.43,3.52,2.44,2.57,2.39,4,1.3,47.2,Moderate
EMP_1619,Sales,Democratic,3.46,4.6,2.24,4.32,1.98,4,2.8,21.1,Low
EMP_1620,Marketing,Democratic,3.32,4.36,3.24,2.48,2.39,3,0.5,34.1,Low
EMP_1621,Sales,Supportive,4.32,4.1,3.25,2.7,1.0,3,1.8,61.2,Moderate
EMP_1622,Engineering,Democratic,4.99,3.89,3.08,2.49,2.09,1,0.6,33.6,Low
EMP_1623,Sales,Democratic,4.27,3.99,2.97,3.65,1.82,5,4.3,27.2,Low
EMP_1624,Product,Democratic,5.0,4.51,4.57,2.8,2.48,5,0.9,47.3,Moderate
EMP_1625,Engineering,Autocratic/Micromanagement,2.95,4.53,3.54,2.69,1.0,3,4.8,66.5,Moderate
EMP_1626,Marketing,Supportive,3.03,4.6,4.78,3.62,2.85,4,1.3,49.3,Moderate
EMP_1627,Engineering,Autocratic/Micromanagement,2.77,3.82,4.22,3.77,3.43,3,9.1,34.5,Low
EMP_1628,Sales,Democratic,3.91,4.13,4.56,3.52,2.61,4,2.1,53.9,Moderate
EMP_1629,Engineering,Democratic,3.72,4.61,2.34,3.4,3.1,3,6.4,52.9,Moderate
EMP_1630,Sales,Democratic,3.49,3.43,3.67,4.6,2.29,3,3.5,46.8,Moderate
EMP_1631,HR,Democratic,4.17,3.61,2.85,3.59,1.46,1,13.3,42.8,Low
EMP_1632,Data Science,Supportive,4.46,3.81,1.87,3.98,2.7,5,4.8,52.9,Moderate
EMP_1633,Marketing,Democratic,2.53,4.34,4.4,3.59,3.24,5,4.6,33.8,Low
EMP_1634,HR,Democratic,3.18,4.35,2.97,2.84,1.64,4,1.1,52.1,Moderate
EMP_1635,Product,Democratic,4.17,3.66,2.36,3.83,2.33,3,2.5,38.7,Low
EMP_1636,Engineering,Supportive,3.27,2.89,2.87,3.11,2.5,3,1.2,40.7,Low
EMP_1637,Data Science,Autocratic/Micromanagement,3.04,3.95,2.56,3.45,4.98,4,0.5,28.0,Low
EMP_1638,Engineering,Democratic,4.31,3.25,2.65,3.68,2.88,5,4.3,40.9,Low
EMP_1639,Product,Supportive,2.7,2.91,3.02,2.34,1.18,5,0.9,62.8,Moderate
EMP_1640,Product,Democratic,3.39,3.04,4.58,2.53,1.0,3,1.8,40.5,Low
EMP_1641,Sales,Autocratic/Micromanagement,3.83,4.0,2.67,4.05,3.28,4,1.2,11.5,Low
EMP_1642,HR,Autocratic/Micromanagement,3.2,4.62,4.53,3.1,4.69,4,0.8,31.4,Low
EMP_1643,Sales,Democratic,4.15,3.82,3.88,3.13,2.48,2,0.5,41.2,Low
EMP_1644,Marketing,Autocratic/Micromanagement,3.2,3.93,3.52,3.6,2.43,3,1.4,32.0,Low
EMP_1645,Engineering,Supportive,4.59,4.51,3.8,3.27,3.04,2,0.5,59.7,Moderate
EMP_1646,HR,Democratic,3.51,2.87,3.21,3.75,2.06,4,2.7,39.3,Low
EMP_1647,Engineering,Autocratic/Micromanagement,4.07,4.11,4.23,3.47,1.0,5,0.5,46.6,Moderate
EMP_1648,HR,Autocratic/Micromanagement,4.12,3.79,3.65,3.62,3.53,5,9.8,14.0,Low
EMP_1649,HR,Democratic,3.16,4.14,1.87,3.08,2.21,4,11.9,37.9,Low
EMP_1650,Marketing,Autocratic/Micromanagement,2.16,3.51,3.44,3.62,3.54,3,1.3,34.6,Low
EMP_1651,Engineering,Supportive,3.85,3.31,3.83,4.16,2.09,4,1.1,43.7,Low
EMP_1652,Data Science,Autocratic/Micromanagement,3.65,3.88,2.97,3.16,2.8,5,0.5,46.9,Moderate
EMP_1653,Data Science,Supportive,3.99,4.79,3.3,4.05,3.38,4,8.2,64.5,Moderate
EMP_1654,Data Science,Supportive,3.44,4.32,2.71,3.47,3.56,3,3.1,55.5,Moderate
EMP_1655,Engineering,Supportive,3.3,3.5,2.1,3.94,2.89,5,3.3,41.4,Low
EMP_1656,Product,Democratic,5.0,3.0,1.96,3.58,2.85,5,7.9,32.0,Low
EMP_1657,Sales,Supportive,2.57,2.79,1.97,3.48,3.2,5,8.5,33.5,Low
EMP_1658,Data Science,Supportive,4.11,4.59,3.74,3.71,3.07,5,6.2,56.1,Moderate
EMP_1659,Data Science,Supportive,3.2,3.23,1.21,4.23,1.67,3,5.2,51.2,Moderate
EMP_1660,Sales,Supportive,3.36,3.6,2.67,3.64,1.68,5,7.3,29.0,Low
EMP_1661,Marketing,Democratic,3.38,4.59,2.59,3.79,1.01,4,7.3,48.2,Moderate
EMP_1662,Sales,Democratic,3.04,2.83,2.97,3.28,3.31,1,1.6,23.0,Low
EMP_1663,Product,Supportive,4.0,4.7,1.71,4.44,2.38,4,12.7,48.4,Moderate
EMP_1664,Sales,Democratic,4.57,3.65,3.52,3.88,3.36,3,4.3,35.8,Low
EMP_1665,Product,Autocratic/Micromanagement,3.93,3.11,2.18,3.55,3.02,3,1.6,40.4,Low
EMP_1666,Product,Autocratic/Micromanagement,3.67,3.65,4.11,3.43,1.9,5,2.0,42.3,Low
EMP_1667,Engineering,Supportive,2.91,3.37,2.7,4.09,2.6,1,4.1,52.2,Moderate
EMP_1668,Product,Democratic,3.96,4.06,3.12,3.14,2.34,5,1.6,33.6,Low
EMP_1669,Engineering,Supportive,5.0,3.41,3.2,2.43,2.21,2,6.1,51.9,Moderate
EMP_1670,HR,Supportive,3.33,2.65,3.4,3.54,3.43,3,0.6,45.5,Moderate
EMP_1671,Data Science,Supportive,3.34,3.67,3.23,4.21,4.71,3,8.3,44.8,Low
EMP_1672,Product,Autocratic/Micromanagement,3.21,2.99,2.86,4.45,3.59,4,1.3,34.0,Low
EMP_1673,Product,Supportive,3.26,3.92,3.47,3.44,2.68,2,0.6,47.5,Moderate
EMP_1674,HR,Supportive,1.68,3.09,3.57,3.53,3.71,5,6.8,40.5,Low
EMP_1675,HR,Supportive,3.88,3.51,2.59,3.81,4.07,4,1.0,49.1,Moderate
EMP_1676,Data Science,Autocratic/Micromanagement,3.01,3.91,3.54,3.34,1.59,4,6.5,31.1,Low
EMP_1677,Engineering,Democratic,2.47,3.67,4.15,3.81,3.68,2,1.2,36.0,Low
EMP_1678,Sales,Supportive,4.13,3.95,3.76,3.45,3.32,3,9.5,45.0,Moderate
EMP_1679,Engineering,Democratic,2.84,4.21,3.95,4.11,3.65,5,0.9,47.7,Moderate
EMP_1680,Marketing,Democratic,3.36,3.11,3.34,3.93,3.35,3,0.5,33.3,Low
EMP_1681,Data Science,Democratic,4.63,3.76,2.45,3.99,2.52,2,9.7,38.4,Low
EMP_1682,Product,Supportive,2.61,1.8,2.55,3.38,4.33,3,0.6,42.9,Low
EMP_1683,Marketing,Autocratic/Micromanagement,2.53,3.95,3.46,4.66,2.97,5,10.1,32.7,Low
EMP_1684,HR,Supportive,3.79,3.62,3.95,3.79,2.35,3,6.1,50.1,Moderate
EMP_1685,Engineering,Democratic,4.4,3.21,5.0,3.65,3.1,3,0.5,37.8,Low
EMP_1686,Product,Supportive,2.5,3.99,3.99,3.04,3.48,4,2.1,39.6,Low
EMP_1687,Product,Supportive,3.89,4.5,2.26,3.44,2.78,5,0.5,50.0,Moderate
EMP_1688,Sales,Supportive,4.01,3.51,2.59,3.57,3.01,1,1.4,33.2,Low
EMP_1689,Marketing,Democratic,2.16,3.23,5.0,3.03,2.77,2,1.5,33.5,Low
EMP_1690,HR,Supportive,4.16,3.9,3.03,3.32,2.17,2,3.2,44.3,Low
EMP_1691,Engineering,Autocratic/Micromanagement,4.21,3.0,3.24,3.4,2.04,1,13.0,18.8,Low
EMP_1692,Sales,Supportive,3.38,3.4,2.43,3.53,1.58,3,0.7,38.6,Low
EMP_1693,Data Science,Democratic,4.48,4.53,4.45,2.44,3.91,2,1.4,47.0,Moderate
EMP_1694,Engineering,Autocratic/Micromanagement,4.4,3.84,3.6,3.42,2.52,3,3.1,27.6,Low
EMP_1695,Data Science,Democratic,3.67,2.67,2.58,3.27,1.0,3,0.7,43.7,Low
EMP_1696,Engineering,Democratic,3.28,2.72,2.4,3.49,3.02,3,4.3,32.0,Low
EMP_1697,Engineering,Democratic,2.92,3.9,3.45,4.12,3.0,5,1.8,39.8,Low
EMP_1698,Engineering,Supportive,3.57,4.32,3.24,4.73,1.21,2,10.5,64.7,Moderate
EMP_1699,Product,Autocratic/Micromanagement,4.0,2.83,3.87,3.91,2.03,3,3.5,36.9,Low
EMP_1700,Sales,Supportive,3.37,4.07,3.64,2.76,2.0,3,1.6,47.1,Moderate
EMP_1701,Product,Democratic,2.06,4.6,2.99,3.29,2.11,3,4.4,25.5,Low
EMP_1702,Sales,Democratic,4.49,4.93,2.76,3.86,3.67,4,6.4,21.3,Low
EMP_1703,Data Science,Supportive,3.73,4.0,3.07,3.79,2.58,5,5.6,68.1,Moderate
EMP_1704,Sales,Supportive,3.33,4.1,2.76,4.09,2.36,3,1.1,39.0,Low
EMP_1705,Sales,Democratic,4.2,2.52,3.1,3.44,3.6,5,1.9,43.2,Low
EMP_1706,Engineering,Autocratic/Micromanagement,4.67,5.0,3.21,3.28,3.1,4,2.1,40.6,Low
EMP_1707,Marketing,Autocratic/Micromanagement,1.64,3.45,2.48,4.55,1.31,2,1.7,42.4,Low
EMP_1708,Engineering,Democratic,3.9,3.24,3.7,3.54,2.21,2,1.3,45.6,Moderate
EMP_1709,Marketing,Democratic,2.6,3.65,2.9,2.89,2.96,4,4.9,36.2,Low
EMP_1710,Marketing,Autocratic/Micromanagement,3.95,4.71,2.53,4.39,1.95,5,0.5,39.1,Low
EMP_1711,Engineering,Supportive,3.69,5.0,2.92,2.6,4.32,3,1.2,51.8,Moderate
EMP_1712,Engineering,Supportive,4.05,3.88,3.39,1.4,2.79,2,0.5,46.1,Moderate
EMP_1713,HR,Democratic,3.25,4.4,3.27,3.96,2.1,5,0.5,42.2,Low
EMP_1714,Sales,Autocratic/Micromanagement,2.29,3.83,3.54,4.05,1.8,2,1.1,49.8,Moderate
EMP_1715,Engineering,Autocratic/Micromanagement,3.28,3.18,3.92,3.75,3.44,4,5.0,38.2,Low
EMP_1716,Product,Democratic,3.88,4.69,4.24,2.72,2.18,1,12.2,36.3,Low
EMP_1717,Engineering,Supportive,4.31,3.43,3.43,3.46,3.0,1,2.5,41.3,Low
EMP_1718,Marketing,Democratic,2.78,4.72,2.34,3.33,1.78,3,1.4,44.8,Low
EMP_1719,Product,Supportive,4.32,4.58,2.98,3.18,2.76,4,6.2,52.1,Moderate
EMP_1720,Engineering,Supportive,3.15,4.17,2.4,4.35,2.19,2,0.5,71.3,Moderate
EMP_1721,Engineering,Autocratic/Micromanagement,3.85,4.9,4.56,2.87,2.45,4,0.5,52.6,Moderate
EMP_1722,Engineering,Supportive,3.24,5.0,4.79,3.69,2.06,2,1.5,68.1,Moderate
EMP_1723,Data Science,Autocratic/Micromanagement,3.73,3.69,3.72,4.22,3.52,3,2.1,38.4,Low
EMP_1724,Engineering,Democratic,4.22,3.31,3.89,3.73,2.31,3,5.6,32.8,Low
EMP_1725,Marketing,Democratic,2.74,2.68,3.4,4.24,2.59,4,9.1,39.7,Low
EMP_1726,Engineering,Supportive,3.12,5.0,3.49,3.84,2.62,5,2.7,67.7,Moderate
EMP_1727,Sales,Supportive,3.73,3.54,1.92,3.76,3.99,1,2.4,29.6,Low
EMP_1728,Product,Supportive,5.0,4.48,3.14,3.72,3.41,2,0.8,44.3,Low
EMP_1729,HR,Autocratic/Micromanagement,3.0,3.36,2.5,3.87,3.33,5,2.1,48.1,Moderate
EMP_1730,Marketing,Autocratic/Micromanagement,5.0,4.72,3.43,3.27,1.44,3,9.0,35.2,Low
EMP_1731,Data Science,Democratic,5.0,3.38,3.15,2.72,2.17,3,1.7,40.3,Low
EMP_1732,Marketing,Supportive,3.53,3.08,4.76,4.07,3.65,2,0.8,42.6,Low
EMP_1733,Sales,Autocratic/Micromanagement,3.39,3.67,3.93,4.2,1.76,5,1.4,45.6,Moderate
EMP_1734,Sales,Supportive,3.12,3.48,3.43,3.65,2.77,5,2.5,47.2,Moderate
EMP_1735,Engineering,Supportive,3.55,4.16,2.99,3.17,1.85,1,3.2,73.0,Moderate
EMP_1736,Product,Democratic,2.62,3.77,4.54,2.57,1.93,4,2.0,35.0,Low
EMP_1737,Sales,Autocratic/Micromanagement,3.55,4.18,3.18,3.55,4.04,5,5.0,30.6,Low
EMP_1738,Engineering,Supportive,4.65,3.63,3.47,2.69,3.28,3,3.1,48.7,Moderate
EMP_1739,Data Science,Supportive,3.17,3.4,3.23,2.61,3.49,3,3.8,49.3,Moderate
EMP_1740,Sales,Autocratic/Micromanagement,3.43,3.45,2.88,3.49,3.33,3,7.0,12.6,Low
EMP_1741,HR,Supportive,2.41,5.0,3.23,3.04,2.59,1,7.0,43.6,Low
EMP_1742,Marketing,Supportive,3.86,3.94,1.63,3.71,2.15,4,0.8,41.9,Low
EMP_1743,HR,Democratic,3.79,2.61,1.96,3.4,2.38,3,3.4,34.9,Low
EMP_1744,Engineering,Autocratic/Micromanagement,3.64,3.49,3.48,3.14,2.55,3,4.4,32.1,Low
EMP_1745,Sales,Democratic,3.45,3.86,4.45,2.48,4.12,3,0.6,46.2,Moderate
EMP_1746,Sales,Autocratic/Micromanagement,3.4,4.91,3.48,2.99,1.63,4,6.5,43.8,Low
EMP_1747,Engineering,Democratic,3.95,4.42,2.62,3.01,2.26,4,0.7,54.1,Moderate
EMP_1748,Data Science,Supportive,3.58,3.25,2.05,2.76,1.97,4,5.6,51.3,Moderate
EMP_1749,HR,Autocratic/Micromanagement,3.82,5.0,3.83,3.3,3.55,5,0.6,40.0,Low
EMP_1750,Engineering,Democratic,3.75,3.78,2.75,2.81,4.18,2,4.7,26.0,Low
EMP_1751,Sales,Supportive,4.39,4.55,3.71,3.4,2.95,4,0.6,37.1,Low
EMP_1752,Engineering,Democratic,4.07,3.11,3.51,3.64,3.01,4,1.7,40.0,Low
EMP_1753,Engineering,Supportive,3.74,2.36,3.58,3.0,2.77,2,0.5,30.6,Low
EMP_1754,Engineering,Supportive,4.66,2.95,3.23,3.76,3.05,2,1.1,41.2,Low
EMP_1755,Product,Supportive,3.89,1.85,3.51,2.68,3.32,3,14.6,47.8,Moderate
EMP_1756,HR,Democratic,4.51,5.0,3.1,2.83,3.04,5,0.5,26.5,Low
EMP_1757,Product,Autocratic/Micromanagement,4.02,3.93,2.69,3.43,3.1,4,1.8,13.8,Low
EMP_1758,Sales,Democratic,2.31,3.25,2.43,3.91,3.32,4,4.0,8.1,Low
EMP_1759,Engineering,Autocratic/Micromanagement,4.51,4.07,1.29,4.02,1.28,1,0.5,42.5,Low
EMP_1760,Sales,Supportive,3.69,3.91,3.06,4.47,2.7,5,0.5,55.7,Moderate
EMP_1761,Sales,Supportive,3.56,4.17,4.42,3.27,2.94,3,0.5,55.9,Moderate
EMP_1762,HR,Supportive,3.8,4.53,3.78,3.42,3.03,4,3.6,42.4,Low
EMP_1763,Engineering,Supportive,3.36,3.63,3.38,2.88,2.56,5,8.4,57.4,Moderate
EMP_1764,Sales,Supportive,3.76,3.27,2.61,2.75,2.83,2,6.1,35.4,Low
EMP_1765,Engineering,Autocratic/Micromanagement,3.19,4.3,4.0,3.64,2.12,4,14.3,67.4,Moderate
EMP_1766,Data Science,Autocratic/Micromanagement,4.49,4.28,3.1,3.03,1.28,1,3.0,42.0,Low
EMP_1767,Marketing,Autocratic/Micromanagement,3.52,3.86,4.46,4.24,3.49,2,11.4,35.4,Low
EMP_1768,Sales,Supportive,3.33,5.0,2.42,2.62,1.79,4,1.3,44.2,Low
EMP_1769,Data Science,Autocratic/Micromanagement,2.95,3.54,2.6,3.79,2.57,2,1.9,37.7,Low
EMP_1770,Data Science,Supportive,3.79,3.26,2.52,2.9,2.1,3,1.8,51.8,Moderate
EMP_1771,Sales,Supportive,3.73,4.05,2.01,3.01,3.97,2,0.5,15.0,Low
EMP_1772,HR,Autocratic/Micromanagement,3.87,3.4,2.45,3.82,2.64,3,6.2,46.8,Moderate
EMP_1773,Product,Democratic,2.88,4.1,3.28,3.09,2.45,1,0.5,40.9,Low
EMP_1774,Product,Supportive,2.48,3.3,2.63,3.19,3.3,4,4.6,44.6,Low
EMP_1775,HR,Democratic,4.04,3.56,1.0,3.01,4.43,1,1.8,34.6,Low
EMP_1776,Data Science,Supportive,4.64,4.93,4.06,4.57,3.02,5,0.5,55.5,Moderate
EMP_1777,Marketing,Democratic,2.88,3.56,1.85,3.13,2.4,4,1.2,36.4,Low
EMP_1778,Sales,Democratic,4.71,3.32,3.67,3.53,3.26,3,1.5,38.1,Low
EMP_1779,Data Science,Autocratic/Micromanagement,3.8,4.5,3.22,3.38,1.44,5,11.7,58.7,Moderate
EMP_1780,HR,Supportive,3.6,3.17,4.89,3.63,2.74,2,3.8,49.9,Moderate
EMP_1781,Engineering,Supportive,3.32,3.38,4.0,3.13,4.3,3,2.7,41.9,Low
EMP_1782,Product,Democratic,2.63,4.15,2.8,3.38,2.83,2,0.5,40.4,Low
EMP_1783,Sales,Democratic,4.29,4.36,2.64,3.74,2.79,3,1.7,15.8,Low
EMP_1784,Marketing,Supportive,3.06,4.53,4.4,2.98,2.72,5,0.5,54.2,Moderate
EMP_1785,Marketing,Democratic,3.05,3.35,2.02,4.15,2.38,2,5.0,36.9,Low
EMP_1786,Product,Autocratic/Micromanagement,4.29,4.16,3.35,4.21,2.95,5,0.6,19.0,Low
EMP_1787,Marketing,Autocratic/Micromanagement,2.28,3.52,3.1,3.86,3.32,4,3.2,32.1,Low
EMP_1788,Marketing,Autocratic/Micromanagement,2.53,3.44,2.93,3.54,2.43,1,4.2,37.6,Low
EMP_1789,Engineering,Autocratic/Micromanagement,3.59,4.52,3.48,1.71,1.0,5,1.6,61.6,Moderate
EMP_1790,Sales,Democratic,3.81,3.47,3.35,3.75,3.07,5,3.5,39.9,Low
EMP_1791,Engineering,Autocratic/Micromanagement,3.94,3.97,3.57,3.27,4.41,5,5.1,34.7,Low
EMP_1792,Marketing,Supportive,3.39,3.89,3.31,3.35,2.4,3,0.7,51.4,Moderate
EMP_1793,Sales,Supportive,5.0,3.16,3.53,2.36,1.52,2,3.2,50.2,Moderate
EMP_1794,Marketing,Supportive,3.44,4.38,3.27,3.8,3.24,3,4.6,47.3,Moderate
EMP_1795,Engineering,Democratic,3.44,4.14,2.67,2.63,4.1,4,1.5,47.8,Moderate
EMP_1796,Engineering,Supportive,3.04,2.61,3.2,3.57,3.12,3,0.6,46.3,Moderate
EMP_1797,Marketing,Autocratic/Micromanagement,3.69,3.97,2.63,4.04,4.08,4,1.2,34.3,Low
EMP_1798,Engineering,Supportive,4.03,3.34,2.58,3.22,3.33,4,9.5,38.6,Low
EMP_1799,Engineering,Supportive,4.44,4.46,2.93,4.23,3.27,2,1.5,50.2,Moderate
EMP_1800,Engineering,Democratic,2.56,2.93,3.1,3.05,2.29,3,0.5,45.6,Moderate
EMP_1801,Product,Supportive,3.43,3.59,3.23,3.86,2.93,5,0.5,46.2,Moderate
EMP_1802,Marketing,Supportive,3.91,4.02,3.93,2.72,2.68,2,0.7,50.0,Moderate
EMP_1803,Data Science,Supportive,4.01,3.83,2.8,4.12,2.65,3,0.5,43.7,Low
EMP_1804,Data Science,Democratic,3.6,4.26,3.36,4.03,2.5,1,2.4,60.1,Moderate
EMP_1805,Data Science,Democratic,3.98,2.89,3.29,3.78,2.88,3,1.5,38.8,Low
EMP_1806,HR,Autocratic/Micromanagement,3.03,4.79,2.71,3.26,1.66,3,6.4,41.6,Low
EMP_1807,Marketing,Democratic,4.69,4.12,3.26,2.66,3.35,1,7.5,36.4,Low
EMP_1808,Engineering,Democratic,4.29,4.62,4.0,3.27,2.0,1,2.2,47.3,Moderate
EMP_1809,Engineering,Supportive,2.66,4.32,3.35,4.17,2.5,4,7.7,65.6,Moderate
EMP_1810,Engineering,Supportive,2.85,3.79,3.38,3.58,2.96,3,2.1,54.1,Moderate
EMP_1811,Marketing,Autocratic/Micromanagement,2.87,3.03,2.64,2.57,1.96,1,3.6,42.8,Low
EMP_1812,HR,Supportive,4.07,3.46,4.78,2.83,1.13,5,0.6,55.8,Moderate
EMP_1813,Data Science,Supportive,2.7,4.75,2.68,4.25,2.39,4,0.5,62.7,Moderate
EMP_1814,Engineering,Autocratic/Micromanagement,3.37,4.63,1.87,3.79,1.56,2,0.6,63.4,Moderate
EMP_1815,Engineering,Democratic,3.92,3.43,3.89,2.76,3.27,5,1.0,41.4,Low
EMP_1816,Product,Supportive,3.55,2.11,3.11,2.44,1.78,3,4.9,49.8,Moderate
EMP_1817,Data Science,Supportive,3.78,3.67,2.96,3.12,3.89,2,0.7,44.3,Low
EMP_1818,HR,Autocratic/Micromanagement,2.85,3.63,2.76,2.39,2.7,5,0.5,39.0,Low
EMP_1819,Marketing,Autocratic/Micromanagement,4.02,3.65,4.7,3.41,2.75,2,9.2,21.6,Low
EMP_1820,Data Science,Democratic,3.17,4.12,3.48,4.97,1.12,5,4.1,56.1,Moderate
EMP_1821,Engineering,Democratic,3.37,4.33,3.64,2.54,2.82,5,2.2,58.0,Moderate
EMP_1822,Engineering,Democratic,3.77,4.39,3.33,3.39,2.64,3,0.5,55.9,Moderate
EMP_1823,Marketing,Autocratic/Micromanagement,3.67,4.07,3.42,4.29,1.66,1,6.7,48.5,Moderate
EMP_1824,HR,Autocratic/Micromanagement,3.62,2.72,4.32,3.95,2.77,1,0.5,32.0,Low
EMP_1825,Marketing,Supportive,3.07,3.6,3.0,3.41,2.38,2,3.3,44.0,Low
EMP_1826,Sales,Autocratic/Micromanagement,3.39,5.0,2.03,3.41,2.53,5,3.9,33.9,Low
EMP_1827,Engineering,Supportive,3.6,4.02,3.89,2.81,2.72,3,1.8,68.5,Moderate
EMP_1828,Product,Supportive,2.64,4.02,3.6,3.34,2.32,1,8.5,45.5,Moderate
EMP_1829,HR,Democratic,3.28,4.02,3.29,3.65,2.9,4,0.5,41.3,Low
EMP_1830,Data Science,Democratic,3.87,4.05,3.58,4.16,2.63,2,6.0,50.8,Moderate
EMP_1831,Product,Autocratic/Micromanagement,2.71,2.37,2.9,3.13,3.08,2,2.8,27.6,Low
EMP_1832,Marketing,Supportive,4.41,3.66,3.22,3.39,2.28,2,3.3,39.2,Low
EMP_1833,Sales,Democratic,4.49,3.78,3.09,2.93,1.85,4,15.0,41.6,Low
EMP_1834,Marketing,Autocratic/Micromanagement,2.73,4.57,2.73,3.64,2.13,1,3.1,48.2,Moderate
EMP_1835,HR,Autocratic/Micromanagement,4.55,3.83,4.15,3.97,3.85,3,5.6,22.3,Low
EMP_1836,Marketing,Supportive,3.5,2.81,2.07,3.88,3.46,1,0.6,50.7,Moderate
EMP_1837,Engineering,Supportive,3.89,4.06,5.0,2.8,3.67,4,5.8,62.6,Moderate
EMP_1838,Data Science,Democratic,3.25,3.32,3.9,3.59,3.73,3,5.0,34.8,Low
EMP_1839,Product,Supportive,4.25,3.07,1.78,3.09,2.33,1,12.1,55.3,Moderate
EMP_1840,Engineering,Autocratic/Micromanagement,3.88,3.3,3.02,4.11,2.94,3,9.6,26.7,Low
EMP_1841,Data Science,Autocratic/Micromanagement,3.03,4.13,3.07,3.4,2.76,4,0.8,57.5,Moderate
EMP_1842,Sales,Supportive,2.78,4.56,3.51,2.59,3.23,2,2.2,39.9,Low
EMP_1843,Sales,Supportive,2.58,4.09,2.41,3.37,2.47,4,8.5,29.3,Low
EMP_1844,Marketing,Supportive,3.73,4.18,3.23,3.78,2.77,3,3.6,51.0,Moderate
EMP_1845,Product,Autocratic/Micromanagement,4.0,4.08,3.1,3.65,2.76,4,2.2,42.2,Low
EMP_1846,Engineering,Supportive,4.06,3.86,2.61,3.19,3.13,4,0.5,42.9,Low
EMP_1847,Engineering,Democratic,3.52,4.22,2.5,3.15,3.22,5,1.5,53.7,Moderate
EMP_1848,Engineering,Democratic,2.79,2.35,3.94,2.91,2.77,3,3.8,25.3,Low
EMP_1849,Product,Democratic,3.12,3.87,1.84,3.26,2.8,2,5.3,35.8,Low
EMP_1850,Marketing,Supportive,4.41,3.17,3.58,2.99,2.88,5,2.1,47.8,Moderate
EMP_1851,Data Science,Supportive,3.26,4.5,3.84,4.08,4.02,4,0.5,67.3,Moderate
EMP_1852,HR,Autocratic/Micromanagement,3.7,3.71,3.03,2.96,1.32,5,3.5,42.7,Low
EMP_1853,Product,Autocratic/Micromanagement,2.85,3.82,3.24,3.57,1.92,1,8.9,40.1,Low
EMP_1854,HR,Autocratic/Micromanagement,3.84,2.9,4.13,3.53,3.24,4,2.4,36.2,Low
EMP_1855,Product,Supportive,3.28,4.41,2.64,4.07,2.92,3,9.2,45.9,Moderate
EMP_1856,Data Science,Supportive,4.33,4.18,2.72,4.15,2.91,4,1.5,65.9,Moderate
EMP_1857,HR,Democratic,4.14,4.13,2.8,3.92,3.23,5,7.6,42.8,Low
EMP_1858,Sales,Supportive,3.25,3.31,4.13,3.71,2.87,3,5.4,57.9,Moderate
EMP_1859,HR,Autocratic/Micromanagement,3.51,3.34,4.23,2.87,2.25,4,11.4,35.6,Low
EMP_1860,Marketing,Democratic,3.21,3.93,2.08,2.86,3.2,3,5.5,45.5,Moderate
EMP_1861,HR,Supportive,2.61,3.38,4.0,2.99,2.72,3,1.4,48.4,Moderate
EMP_1862,Marketing,Autocratic/Micromanagement,3.0,4.06,3.86,3.95,2.34,3,8.1,30.9,Low
EMP_1863,Engineering,Autocratic/Micromanagement,3.74,2.5,4.44,3.54,3.25,1,3.9,44.7,Low
EMP_1864,Sales,Supportive,3.83,3.51,3.51,4.02,3.22,3,0.6,51.1,Moderate
EMP_1865,Product,Democratic,3.7,4.88,3.16,4.1,2.87,2,0.5,45.1,Moderate
EMP_1866,Product,Supportive,3.39,4.06,4.12,3.06,4.07,3,1.6,48.9,Moderate
EMP_1867,Engineering,Supportive,4.25,3.9,3.76,3.52,3.76,3,5.4,56.3,Moderate
EMP_1868,Engineering,Supportive,3.64,4.99,5.0,3.49,3.5,4,3.4,54.1,Moderate
EMP_1869,Engineering,Democratic,4.09,2.4,3.97,3.3,4.75,3,2.6,9.6,Low
EMP_1870,Marketing,Autocratic/Micromanagement,2.36,3.31,3.32,3.18,2.58,3,0.5,35.9,Low
EMP_1871,HR,Democratic,1.0,3.56,2.26,4.21,2.33,2,2.0,36.9,Low
EMP_1872,Engineering,Supportive,3.8,4.32,2.74,3.53,3.39,5,0.6,60.4,Moderate
EMP_1873,Sales,Democratic,2.6,4.33,2.05,3.51,2.5,1,2.1,21.3,Low
EMP_1874,HR,Supportive,3.45,3.28,3.03,3.02,2.71,5,15.0,41.9,Low
EMP_1875,Marketing,Autocratic/Micromanagement,3.39,4.4,3.94,3.91,1.91,3,7.4,37.0,Low
EMP_1876,Sales,Democratic,4.71,3.56,3.2,2.9,3.19,2,1.3,34.2,Low
EMP_1877,Sales,Supportive,3.88,4.53,4.02,3.77,1.52,3,3.2,70.9,Moderate
EMP_1878,Sales,Supportive,3.72,3.18,3.47,3.79,2.62,1,2.4,45.3,Moderate
EMP_1879,Data Science,Autocratic/Micromanagement,4.19,3.73,2.88,3.25,2.69,2,0.5,23.9,Low
EMP_1880,Sales,Supportive,3.86,3.51,3.27,3.69,2.35,3,15.0,42.8,Low
EMP_1881,Marketing,Autocratic/Micromanagement,3.28,4.43,3.58,3.61,1.29,4,1.9,28.2,Low
EMP_1882,Product,Supportive,4.35,3.49,3.31,3.48,1.29,2,2.5,53.5,Moderate
EMP_1883,Marketing,Supportive,2.82,3.77,3.32,3.51,2.1,4,3.7,47.5,Moderate
EMP_1884,HR,Democratic,3.83,4.1,2.58,3.54,3.13,5,0.7,31.5,Low
EMP_1885,Engineering,Autocratic/Micromanagement,2.52,4.13,2.85,3.58,2.93,4,0.9,46.8,Moderate
EMP_1886,Sales,Autocratic/Micromanagement,3.74,4.33,5.0,3.54,2.69,3,0.7,46.4,Moderate
EMP_1887,Engineering,Supportive,3.74,3.93,4.18,2.84,1.99,2,1.7,46.1,Moderate
EMP_1888,Engineering,Supportive,4.77,3.55,2.02,3.41,2.97,1,0.8,42.2,Low
EMP_1889,Marketing,Supportive,2.5,3.59,1.31,3.66,1.26,4,9.1,47.5,Moderate
EMP_1890,Product,Democratic,3.18,3.82,3.26,3.56,1.0,4,4.4,34.9,Low
EMP_1891,Engineering,Democratic,4.18,3.95,3.91,4.07,2.51,3,8.0,27.7,Low
EMP_1892,Sales,Autocratic/Micromanagement,3.83,3.71,2.78,3.87,2.26,2,6.6,37.1,Low
EMP_1893,HR,Autocratic/Micromanagement,3.73,3.81,4.02,2.98,3.51,2,4.3,33.9,Low
EMP_1894,Engineering,Supportive,2.93,2.89,3.25,3.4,2.83,5,1.0,54.9,Moderate
EMP_1895,Sales,Democratic,3.19,4.2,3.07,3.31,4.02,3,3.3,31.0,Low
EMP_1896,Marketing,Autocratic/Micromanagement,4.47,3.91,3.8,3.5,2.26,5,0.7,21.1,Low
EMP_1897,Marketing,Autocratic/Micromanagement,3.56,4.4,2.77,3.5,3.09,5,0.5,37.6,Low
EMP_1898,Engineering,Supportive,3.86,3.8,2.97,3.87,2.5,5,3.5,52.0,Moderate
EMP_1899,Data Science,Supportive,3.52,2.76,3.74,3.61,3.81,3,3.4,36.6,Low
EMP_1900,HR,Democratic,2.77,3.58,3.17,4.24,2.54,2,0.6,36.7,Low
EMP_1901,Sales,Supportive,4.25,3.68,4.73,3.64,3.38,3,1.5,58.3,Moderate
EMP_1902,Engineering,Supportive,3.95,4.25,3.76,3.0,1.84,5,0.5,57.1,Moderate
EMP_1903,HR,Supportive,5.0,2.56,3.7,3.22,2.37,3,4.4,55.8,Moderate
EMP_1904,Engineering,Democratic,2.89,3.82,3.16,3.86,2.63,4,15.0,43.5,Low
EMP_1905,Marketing,Supportive,4.18,4.11,3.9,2.53,3.71,5,4.7,32.8,Low
EMP_1906,Engineering,Supportive,2.68,3.4,2.94,2.69,1.0,5,6.5,51.1,Moderate
EMP_1907,Product,Supportive,3.71,3.84,3.43,3.51,2.43,4,2.3,49.6,Moderate
EMP_1908,Data Science,Autocratic/Micromanagement,4.28,3.42,2.47,4.07,2.41,2,0.5,25.4,Low
EMP_1909,Data Science,Autocratic/Micromanagement,2.15,3.36,4.03,4.28,1.04,2,4.5,53.0,Moderate
EMP_1910,Engineering,Democratic,3.46,3.55,3.43,3.37,2.33,3,1.0,36.3,Low
EMP_1911,Data Science,Democratic,3.21,3.37,4.79,4.14,1.47,5,1.7,55.1,Moderate
EMP_1912,Product,Autocratic/Micromanagement,3.11,4.21,5.0,3.54,1.0,5,4.3,45.3,Moderate
EMP_1913,Product,Supportive,3.87,3.36,3.81,2.58,2.49,2,8.2,47.7,Moderate
EMP_1914,Data Science,Supportive,4.38,3.26,3.25,3.5,2.46,3,2.3,51.7,Moderate
EMP_1915,Sales,Supportive,3.51,4.86,2.44,3.13,2.5,4,11.4,35.3,Low
EMP_1916,Marketing,Supportive,3.74,4.38,3.92,4.05,2.9,3,2.6,48.2,Moderate
EMP_1917,Product,Supportive,3.68,2.68,3.37,3.48,2.0,2,0.5,61.0,Moderate
EMP_1918,Sales,Autocratic/Micromanagement,3.6,3.34,3.63,2.73,4.13,3,2.6,32.7,Low
EMP_1919,Data Science,Democratic,2.84,3.95,4.58,2.6,2.67,5,6.9,33.1,Low
EMP_1920,Sales,Democratic,4.38,3.99,2.54,3.49,3.73,5,2.7,14.0,Low
EMP_1921,Marketing,Autocratic/Micromanagement,3.81,2.91,2.46,2.05,1.36,4,4.8,51.2,Moderate
EMP_1922,Engineering,Supportive,3.88,4.5,3.01,3.19,2.03,4,2.8,69.3,Moderate
EMP_1923,Marketing,Supportive,3.04,4.3,3.86,3.64,3.25,2,2.8,37.6,Low
EMP_1924,Data Science,Democratic,3.28,4.09,3.64,2.87,2.52,4,1.2,45.6,Moderate
EMP_1925,HR,Democratic,3.48,4.61,2.48,4.1,1.84,1,0.8,41.8,Low
EMP_1926,Engineering,Supportive,2.53,4.07,3.81,4.21,1.23,2,1.1,72.5,Moderate
EMP_1927,Sales,Democratic,2.42,4.07,2.24,2.89,3.29,1,2.0,16.8,Low
EMP_1928,Sales,Democratic,3.18,4.73,2.53,3.32,3.22,3,5.8,12.1,Low
EMP_1929,Marketing,Democratic,3.97,4.46,3.11,4.1,2.89,5,6.2,31.4,Low
EMP_1930,Engineering,Democratic,3.14,3.3,2.76,3.5,2.3,5,0.6,47.9,Moderate
EMP_1931,Sales,Supportive,2.89,4.18,3.91,2.66,1.81,4,2.8,54.3,Moderate
EMP_1932,Sales,Supportive,3.03,3.4,3.43,3.41,2.66,4,1.9,53.0,Moderate
EMP_1933,Sales,Democratic,3.28,4.1,4.61,2.99,1.65,3,3.0,60.4,Moderate
EMP_1934,Marketing,Supportive,3.35,4.09,3.0,4.16,2.1,3,3.7,47.4,Moderate
EMP_1935,Marketing,Autocratic/Micromanagement,5.0,2.97,3.1,3.86,3.71,4,1.1,13.4,Low
EMP_1936,HR,Democratic,4.34,3.73,4.17,3.31,1.22,3,8.8,43.7,Low
EMP_1937,Data Science,Supportive,4.32,3.96,3.13,3.59,3.24,1,9.6,47.5,Moderate
EMP_1938,HR,Autocratic/Micromanagement,4.42,3.54,4.4,2.72,3.9,4,0.5,19.9,Low
EMP_1939,Sales,Democratic,2.9,3.99,3.63,3.05,3.35,2,4.2,44.3,Low
EMP_1940,Engineering,Supportive,2.74,4.28,1.32,4.43,3.02,1,0.5,65.5,Moderate
EMP_1941,Engineering,Autocratic/Micromanagement,2.83,3.78,4.14,3.53,2.33,3,0.5,43.6,Low
EMP_1942,Data Science,Autocratic/Micromanagement,4.53,3.93,3.93,4.06,2.18,1,11.1,31.8,Low
EMP_1943,HR,Democratic,3.22,4.63,3.96,3.64,1.0,4,4.2,44.5,Low
EMP_1944,Marketing,Supportive,2.72,4.08,1.67,4.29,2.73,4,1.4,53.7,Moderate
EMP_1945,HR,Democratic,3.3,3.92,2.67,2.3,2.38,3,3.9,42.2,Low
EMP_1946,Sales,Autocratic/Micromanagement,3.43,3.23,2.73,3.39,2.14,5,6.5,28.4,Low
EMP_1947,Sales,Supportive,3.79,4.2,2.53,4.49,2.68,5,7.2,31.9,Low
EMP_1948,Engineering,Supportive,3.78,4.0,4.59,4.07,2.75,2,0.5,55.7,Moderate
EMP_1949,Data Science,Autocratic/Micromanagement,3.02,4.57,3.19,4.3,2.19,4,6.0,56.9,Moderate
EMP_1950,Sales,Supportive,4.08,3.83,3.17,3.5,3.99,3,6.7,43.8,Low
EMP_1951,Engineering,Autocratic/Micromanagement,3.15,2.71,3.64,3.18,3.28,4,3.2,32.4,Low
EMP_1952,Engineering,Democratic,3.49,2.78,3.66,2.88,3.42,5,2.3,34.1,Low
EMP_1953,Sales,Democratic,4.08,4.24,1.0,2.84,2.62,2,0.5,18.8,Low
EMP_1954,Marketing,Supportive,3.15,3.46,2.68,3.98,3.11,4,1.0,41.6,Low
EMP_1955,Product,Autocratic/Micromanagement,3.2,4.06,2.07,3.81,1.98,5,2.4,38.7,Low
EMP_1956,Product,Supportive,4.01,3.87,3.52,3.46,3.23,3,7.0,38.8,Low
EMP_1957,Marketing,Democratic,3.0,3.7,2.97,3.8,2.54,1,5.7,35.7,Low
EMP_1958,Sales,Democratic,3.33,3.74,3.21,3.59,1.88,1,2.4,45.1,Moderate
EMP_1959,Marketing,Democratic,3.99,3.28,1.54,4.08,2.68,2,5.4,45.2,Moderate
EMP_1960,HR,Autocratic/Micromanagement,5.0,3.79,2.95,4.07,2.47,1,5.1,31.3,Low
EMP_1961,Engineering,Democratic,4.02,3.45,4.09,2.86,4.56,3,3.0,27.5,Low
EMP_1962,Sales,Supportive,3.93,3.58,4.33,3.66,3.05,3,0.9,64.3,Moderate
EMP_1963,HR,Autocratic/Micromanagement,3.97,3.61,3.78,2.5,3.96,2,1.5,33.9,Low
EMP_1964,Data Science,Democratic,2.85,3.66,2.13,3.58,3.61,4,0.6,32.6,Low
EMP_1965,Sales,Supportive,3.68,4.35,4.21,3.86,2.73,5,0.5,61.7,Moderate
EMP_1966,Sales,Supportive,3.58,3.72,3.78,2.71,2.35,5,0.5,54.9,Moderate
EMP_1967,Engineering,Autocratic/Micromanagement,3.83,4.41,3.11,3.25,1.31,3,5.0,56.6,Moderate
EMP_1968,Data Science,Supportive,3.68,4.72,1.58,3.51,2.0,4,0.5,63.4,Moderate
EMP_1969,Data Science,Democratic,3.87,4.31,3.96,3.64,3.23,5,1.8,48.4,Moderate
EMP_1970,Engineering,Democratic,3.38,4.12,2.73,3.33,2.46,5,14.9,50.8,Moderate
EMP_1971,Engineering,Supportive,3.64,4.0,3.48,2.8,3.0,5,5.6,67.5,Moderate
EMP_1972,HR,Democratic,2.74,4.32,3.25,3.47,1.08,4,4.9,41.3,Low
EMP_1973,Data Science,Supportive,3.38,3.85,4.43,2.51,3.06,3,1.1,43.3,Low
EMP_1974,Sales,Democratic,4.57,4.39,3.1,3.36,3.58,1,3.6,35.4,Low
EMP_1975,Data Science,Democratic,3.82,4.17,3.19,3.24,1.28,3,2.4,60.4,Moderate
EMP_1976,Product,Democratic,3.59,3.58,4.46,3.42,3.0,1,3.4,34.5,Low
EMP_1977,Data Science,Democratic,4.93,4.34,2.67,3.16,3.77,5,2.0,56.5,Moderate
EMP_1978,Sales,Autocratic/Micromanagement,2.65,3.85,3.85,2.6,4.04,3,2.6,28.7,Low
EMP_1979,Product,Autocratic/Micromanagement,2.82,3.74,3.04,3.28,2.3,5,15.0,38.8,Low
EMP_1980,HR,Supportive,4.8,3.51,2.4,4.06,3.32,4,1.4,35.4,Low
EMP_1981,Engineering,Supportive,3.63,3.9,3.2,4.26,3.84,3,0.9,41.2,Low
EMP_1982,HR,Democratic,3.43,4.4,3.75,4.96,3.02,2,2.1,29.8,Low
EMP_1983,Sales,Autocratic/Micromanagement,2.76,4.33,4.28,4.51,3.73,2,2.6,40.6,Low
EMP_1984,Sales,Autocratic/Micromanagement,3.91,4.01,4.38,2.78,2.67,4,0.5,40.2,Low
EMP_1985,Engineering,Autocratic/Micromanagement,3.98,4.16,2.96,3.25,3.02,5,5.7,46.9,Moderate
EMP_1986,Engineering,Supportive,2.83,4.56,2.41,3.49,2.2,5,1.9,64.7,Moderate
EMP_1987,Marketing,Democratic,3.5,3.71,2.95,3.45,2.57,2,1.9,37.2,Low
EMP_1988,Sales,Democratic,3.37,3.13,2.25,3.54,3.05,2,3.8,19.2,Low
EMP_1989,Sales,Supportive,3.78,4.58,3.03,4.94,2.14,1,5.2,48.7,Moderate
EMP_1990,Marketing,Supportive,2.82,3.48,2.93,2.85,2.52,3,14.9,46.1,Moderate
EMP_1991,HR,Autocratic/Micromanagement,4.48,3.39,3.78,3.07,3.31,5,0.7,16.9,Low
EMP_1992,Engineering,Supportive,4.24,2.72,1.44,4.49,4.34,2,1.5,39.9,Low
EMP_1993,Marketing,Supportive,3.35,4.14,2.61,3.13,1.06,3,0.6,56.6,Moderate
EMP_1994,Engineering,Supportive,3.45,2.83,2.62,3.74,4.28,3,7.4,39.7,Low
EMP_1995,HR,Autocratic/Micromanagement,3.5,3.35,4.15,4.12,2.49,3,2.8,36.6,Low
EMP_1996,Marketing,Democratic,3.06,4.15,2.31,3.79,3.47,4,6.7,38.3,Low
EMP_1997,Product,Democratic,3.29,4.23,3.38,3.62,3.63,3,14.8,36.7,Low
EMP_1998,Engineering,Autocratic/Micromanagement,3.41,3.41,3.1,4.06,3.95,3,2.8,32.1,Low
EMP_1999,Engineering,Supportive,4.73,3.72,4.03,2.96,2.12,4,0.5,56.4,Moderate
EMP_2000,Data Science,Democratic,4.26,3.28,3.68,3.2,2.52,3,1.6,39.1,Low
EMP_2001,Data Science,Supportive,4.25,3.47,3.3,3.82,2.66,4,0.5,47.2,Moderate
EMP_2002,Engineering,Supportive,3.86,3.96,2.76,2.26,2.41,5,6.6,48.8,Moderate
EMP_2003,Product,Autocratic/Micromanagement,2.82,3.5,1.72,4.35,3.76,4,0.5,33.9,Low
EMP_2004,Engineering,Autocratic/Micromanagement,3.57,3.65,3.4,3.68,2.64,3,3.1,33.5,Low
EMP_2005,Data Science,Supportive,4.28,2.92,3.62,3.59,1.41,4,0.5,44.3,Low
EMP_2006,HR,Supportive,2.72,4.48,1.94,2.52,2.19,5,0.5,51.6,Moderate
EMP_2007,Sales,Democratic,4.05,4.11,2.21,2.73,1.44,3,1.0,32.7,Low
EMP_2008,HR,Supportive,5.0,4.28,3.4,3.26,2.52,4,2.8,43.7,Low
EMP_2009,Engineering,Supportive,4.34,4.57,3.47,3.98,3.24,3,0.5,65.8,Moderate
EMP_2010,Sales,Supportive,4.59,3.3,2.41,2.25,2.18,5,3.3,27.0,Low
EMP_2011,Engineering,Supportive,3.75,3.58,2.74,3.97,2.38,3,3.9,46.5,Moderate
EMP_2012,Engineering,Autocratic/Micromanagement,4.28,2.66,1.73,3.28,2.48,5,12.2,29.4,Low
EMP_2013,Product,Supportive,3.1,5.0,4.3,3.37,2.81,4,8.0,49.1,Moderate
EMP_2014,Engineering,Supportive,4.16,3.71,2.16,3.65,3.11,3,2.9,44.5,Low
EMP_2015,Sales,Democratic,4.06,4.42,3.63,3.66,3.35,3,5.5,36.2,Low
EMP_2016,Sales,Autocratic/Micromanagement,3.8,3.06,3.17,3.07,4.5,3,1.6,35.7,Low
EMP_2017,Data Science,Supportive,4.52,4.4,4.23,3.87,2.8,2,3.1,55.2,Moderate
EMP_2018,Product,Supportive,3.22,4.91,2.57,2.11,3.29,1,1.8,51.8,Moderate
EMP_2019,Engineering,Supportive,3.47,3.76,3.25,3.23,1.43,3,1.4,51.1,Moderate
EMP_2020,Marketing,Democratic,3.67,3.19,1.84,3.59,2.4,3,4.6,42.7,Low
EMP_2021,Product,Democratic,2.88,3.72,1.65,3.29,2.48,3,1.2,35.8,Low
EMP_2022,Sales,Autocratic/Micromanagement,3.76,2.46,3.68,2.4,1.89,1,1.7,49.9,Moderate
EMP_2023,Product,Autocratic/Micromanagement,2.4,3.78,1.77,3.95,2.27,4,1.6,39.6,Low
EMP_2024,Engineering,Autocratic/Micromanagement,4.33,4.29,3.02,2.75,2.61,2,7.2,28.6,Low
EMP_2025,Sales,Democratic,3.63,3.78,4.01,3.46,2.3,2,0.7,54.0,Moderate
EMP_2026,Data Science,Democratic,3.24,3.63,3.8,3.59,4.78,2,1.7,35.0,Low
EMP_2027,Marketing,Supportive,3.02,4.12,2.67,3.51,3.11,3,7.7,51.9,Moderate
EMP_2028,Product,Autocratic/Micromanagement,3.44,4.16,1.93,4.2,4.3,1,0.5,31.1,Low
EMP_2029,Data Science,Supportive,4.08,2.8,3.61,3.47,3.89,3,10.3,46.6,Moderate
EMP_2030,Marketing,Supportive,3.98,3.85,4.27,3.76,2.19,3,8.0,48.0,Moderate
EMP_2031,Engineering,Democratic,3.11,5.0,2.67,3.47,2.73,2,1.9,55.7,Moderate
EMP_2032,Sales,Supportive,3.01,3.0,2.56,3.87,2.35,3,3.7,36.2,Low
EMP_2033,Sales,Democratic,4.06,3.75,2.78,4.34,2.57,3,15.0,9.0,Low
EMP_2034,Product,Democratic,3.09,4.97,3.66,3.58,1.92,5,2.8,36.4,Low
EMP_2035,Marketing,Democratic,3.64,4.46,4.18,3.97,2.35,4,0.5,40.5,Low
EMP_2036,Data Science,Autocratic/Micromanagement,3.69,3.49,2.21,4.37,2.99,5,6.7,37.4,Low
EMP_2037,Engineering,Supportive,3.82,3.92,2.0,4.31,2.97,3,0.5,46.5,Moderate
EMP_2038,Engineering,Democratic,4.2,3.8,5.0,3.27,2.9,4,1.0,37.4,Low
EMP_2039,Engineering,Democratic,2.72,3.35,3.06,4.12,2.65,5,7.2,44.1,Low
EMP_2040,Data Science,Democratic,2.26,3.76,3.4,3.65,3.39,3,1.0,36.5,Low
EMP_2041,Product,Autocratic/Micromanagement,3.2,3.63,2.65,4.17,2.49,4,4.8,27.1,Low
EMP_2042,Sales,Supportive,4.86,3.87,3.59,3.84,3.81,3,2.1,52.6,Moderate
EMP_2043,Sales,Democratic,5.0,3.35,3.97,3.67,1.22,3,5.0,35.0,Low
EMP_2044,Engineering,Supportive,4.88,3.03,3.44,3.76,3.23,1,0.9,50.3,Moderate
EMP_2045,Product,Autocratic/Micromanagement,3.46,3.78,4.59,3.65,3.09,4,1.9,28.3,Low
EMP_2046,Marketing,Supportive,2.35,4.83,2.94,3.68,2.16,5,1.3,57.4,Moderate
EMP_2047,Engineering,Democratic,1.96,3.85,2.99,3.4,2.42,1,1.0,37.7,Low
EMP_2048,Marketing,Supportive,3.17,3.6,3.39,3.35,3.07,5,1.3,48.1,Moderate
EMP_2049,Sales,Supportive,3.46,4.25,3.57,4.56,3.43,2,1.4,34.6,Low
EMP_2050,Engineering,Democratic,4.51,3.71,3.38,3.79,1.3,2,10.9,47.8,Moderate
EMP_2051,Sales,Autocratic/Micromanagement,4.21,4.92,2.17,3.16,3.2,4,2.7,4.7,Low
EMP_2052,Sales,Democratic,3.76,3.8,3.45,3.33,2.33,1,2.2,42.6,Low
EMP_2053,Engineering,Autocratic/Micromanagement,2.98,4.22,2.9,4.13,3.6,3,2.4,53.5,Moderate
EMP_2054,Product,Democratic,2.93,3.35,2.74,3.06,1.23,1,15.0,45.4,Moderate
EMP_2055,HR,Democratic,3.78,4.1,3.23,2.61,4.66,4,3.7,28.0,Low
EMP_2056,Marketing,Supportive,4.09,3.97,2.43,2.65,1.99,3,4.3,47.0,Moderate
EMP_2057,Sales,Autocratic/Micromanagement,3.87,3.77,2.29,2.46,3.84,5,1.3,15.5,Low
EMP_2058,Sales,Supportive,2.88,3.5,1.11,2.72,2.64,4,2.2,39.2,Low
EMP_2059,Marketing,Autocratic/Micromanagement,4.06,3.42,4.6,2.79,2.05,2,0.7,18.6,Low
EMP_2060,Sales,Autocratic/Micromanagement,3.9,3.97,3.64,4.33,2.91,3,4.0,27.7,Low
EMP_2061,Engineering,Autocratic/Micromanagement,2.85,4.18,3.11,3.47,3.52,5,1.5,44.2,Low
EMP_2062,Sales,Democratic,3.05,3.72,2.67,3.28,1.46,4,4.8,31.5,Low
EMP_2063,HR,Democratic,4.08,3.97,1.0,2.63,3.26,4,0.8,33.8,Low
EMP_2064,Sales,Autocratic/Micromanagement,3.44,3.78,2.62,3.41,2.69,4,1.8,25.9,Low
EMP_2065,Engineering,Supportive,4.71,3.86,3.77,2.46,3.16,3,2.2,35.8,Low
EMP_2066,HR,Democratic,3.95,3.68,3.95,3.28,2.71,4,0.6,22.9,Low
EMP_2067,Engineering,Supportive,3.26,3.81,3.71,4.74,2.24,4,0.5,51.2,Moderate
EMP_2068,Data Science,Democratic,3.59,5.0,3.33,3.9,1.81,2,1.3,61.9,Moderate
EMP_2069,Engineering,Supportive,3.64,3.99,4.24,3.37,3.24,5,2.8,36.9,Low
EMP_2070,Data Science,Supportive,3.09,4.19,2.94,3.92,3.23,2,3.7,63.1,Moderate
EMP_2071,HR,Supportive,2.96,4.06,4.07,3.19,3.23,3,1.9,51.4,Moderate
EMP_2072,Sales,Democratic,4.09,3.64,2.89,3.02,3.04,1,2.4,21.3,Low
EMP_2073,Engineering,Democratic,4.19,4.58,2.5,4.52,3.46,4,2.7,53.9,Moderate
EMP_2074,Product,Supportive,4.02,3.63,2.4,2.81,3.82,3,2.5,43.8,Low
EMP_2075,Product,Democratic,4.66,4.43,2.35,3.29,1.2,2,0.5,43.3,Low
EMP_2076,Product,Supportive,3.22,3.6,3.73,3.68,1.0,5,1.8,59.6,Moderate
EMP_2077,Engineering,Democratic,4.77,3.22,2.61,2.94,4.07,3,0.8,41.2,Low
EMP_2078,Sales,Democratic,2.97,4.02,2.37,3.89,1.63,3,2.7,24.9,Low
EMP_2079,Product,Democratic,2.89,3.14,3.77,3.32,1.83,3,5.0,41.3,Low
EMP_2080,HR,Democratic,2.37,4.12,3.46,3.9,2.47,2,3.0,33.9,Low
EMP_2081,Engineering,Supportive,3.29,3.08,3.97,3.85,1.38,3,0.9,54.6,Moderate
EMP_2082,Engineering,Autocratic/Micromanagement,3.25,3.61,3.61,3.35,2.39,3,0.8,38.5,Low
EMP_2083,Sales,Democratic,3.97,2.94,2.6,4.53,1.94,3,0.5,32.1,Low
EMP_2084,Product,Democratic,3.77,5.0,3.26,3.1,2.51,5,1.9,45.8,Moderate
EMP_2085,Sales,Democratic,2.76,2.81,3.3,4.31,2.92,2,2.0,40.8,Low
EMP_2086,Sales,Supportive,3.33,3.81,2.46,4.2,2.43,4,0.9,39.3,Low
EMP_2087,Engineering,Democratic,3.34,4.49,2.32,4.56,2.38,1,5.1,50.8,Moderate
EMP_2088,Marketing,Democratic,2.36,4.42,2.66,3.6,2.91,3,1.7,32.1,Low
EMP_2089,HR,Supportive,2.91,4.31,4.83,3.03,3.54,3,3.9,46.3,Moderate
EMP_2090,Data Science,Supportive,3.06,3.61,2.87,4.75,3.98,1,3.6,42.2,Low
EMP_2091,HR,Supportive,4.6,4.61,4.19,3.3,2.53,3,3.2,58.6,Moderate
EMP_2092,Product,Autocratic/Micromanagement,3.73,4.35,2.83,3.01,4.16,3,8.4,21.7,Low
EMP_2093,Engineering,Democratic,4.06,3.93,3.91,3.39,3.4,5,0.5,37.8,Low
EMP_2094,Sales,Supportive,2.55,3.94,3.92,2.91,1.71,4,0.5,55.3,Moderate
EMP_2095,Data Science,Supportive,4.44,3.62,3.96,3.82,1.69,2,4.5,48.6,Moderate
EMP_2096,HR,Democratic,4.51,3.25,3.51,3.14,2.24,2,1.5,35.1,Low
EMP_2097,Sales,Autocratic/Micromanagement,2.2,4.54,4.3,3.33,3.86,1,15.0,42.9,Low
EMP_2098,Marketing,Supportive,3.11,4.59,3.5,4.08,2.3,1,0.9,41.4,Low
EMP_2099,HR,Supportive,3.95,3.27,4.57,3.87,1.19,4,0.7,61.9,Moderate
EMP_2100,Data Science,Autocratic/Micromanagement,4.05,3.71,1.9,3.51,2.52,5,3.1,34.2,Low
EMP_2101,Product,Supportive,3.13,3.71,3.48,3.6,1.12,2,1.1,53.3,Moderate
EMP_2102,Sales,Supportive,3.39,3.78,3.43,3.51,1.86,3,1.5,48.4,Moderate
EMP_2103,Engineering,Autocratic/Micromanagement,3.18,3.84,2.45,3.24,2.23,3,8.9,33.4,Low
EMP_2104,Marketing,Democratic,3.68,4.37,3.66,3.5,2.82,4,0.5,31.8,Low
EMP_2105,HR,Supportive,4.44,3.35,2.01,3.79,3.52,2,2.7,41.2,Low
EMP_2106,Data Science,Supportive,3.06,3.29,2.68,3.42,3.26,5,1.4,51.4,Moderate
EMP_2107,Product,Supportive,4.3,4.54,1.6,3.75,1.76,4,1.5,68.0,Moderate
EMP_2108,Product,Supportive,3.05,3.52,4.45,3.0,2.4,5,1.0,45.6,Moderate
EMP_2109,Data Science,Autocratic/Micromanagement,3.01,3.04,3.01,3.14,2.76,3,0.5,33.1,Low
EMP_2110,Product,Democratic,4.17,3.51,4.93,3.06,2.49,4,0.5,33.0,Low
EMP_2111,Engineering,Democratic,4.25,3.6,3.84,3.16,2.48,4,15.0,41.1,Low
EMP_2112,Engineering,Autocratic/Micromanagement,4.2,4.73,3.56,4.27,1.32,4,3.8,42.8,Low
EMP_2113,Engineering,Democratic,2.68,4.35,2.73,3.94,1.78,1,5.3,57.5,Moderate
EMP_2114,Product,Supportive,3.27,4.49,2.36,2.85,2.38,5,0.5,47.1,Moderate
EMP_2115,Marketing,Democratic,4.18,4.29,3.62,3.76,1.0,5,0.5,52.3,Moderate
EMP_2116,Engineering,Autocratic/Micromanagement,3.63,4.37,3.14,3.27,3.21,2,3.2,54.4,Moderate
EMP_2117,Sales,Autocratic/Micromanagement,2.85,3.39,2.13,3.09,1.6,3,4.5,31.4,Low
EMP_2118,Marketing,Supportive,3.92,3.68,1.99,2.61,3.25,3,1.8,47.2,Moderate
EMP_2119,Engineering,Democratic,3.1,3.21,2.43,4.08,3.18,5,1.7,34.7,Low
EMP_2120,Product,Democratic,4.86,3.67,4.66,2.68,2.27,4,1.7,36.2,Low
EMP_2121,HR,Autocratic/Micromanagement,4.68,4.21,4.97,3.47,3.5,2,0.6,18.8,Low
EMP_2122,Sales,Supportive,4.02,3.88,3.36,2.93,3.29,1,4.9,47.3,Moderate
EMP_2123,Product,Democratic,4.55,4.59,3.32,3.97,2.45,3,0.8,41.8,Low
EMP_2124,Sales,Autocratic/Micromanagement,3.65,3.12,2.93,3.3,2.36,1,1.4,16.6,Low
EMP_2125,Product,Democratic,4.14,4.1,2.45,3.42,3.58,2,3.9,35.6,Low
EMP_2126,Marketing,Democratic,4.63,3.05,4.3,3.44,2.89,4,0.5,35.5,Low
EMP_2127,Marketing,Supportive,3.77,3.86,4.7,3.68,3.54,4,5.1,39.7,Low
EMP_2128,Engineering,Supportive,3.42,4.24,2.49,3.51,1.0,3,8.0,74.1,Moderate
EMP_2129,Product,Supportive,2.41,3.67,3.13,3.47,2.78,4,0.5,48.4,Moderate
EMP_2130,Sales,Autocratic/Micromanagement,3.54,4.13,2.84,3.19,1.44,2,3.1,40.3,Low
EMP_2131,Engineering,Supportive,4.18,3.22,2.86,2.56,2.68,3,1.8,50.4,Moderate
EMP_2132,Engineering,Democratic,4.26,2.8,4.15,2.83,3.27,4,0.5,33.8,Low
EMP_2133,Sales,Democratic,3.95,4.13,2.15,3.93,4.09,3,4.0,16.1,Low
EMP_2134,Sales,Supportive,3.22,4.85,3.57,3.32,1.95,3,3.3,45.4,Moderate
EMP_2135,Marketing,Democratic,2.22,3.2,3.78,3.1,2.28,2,3.6,45.9,Moderate
EMP_2136,Product,Democratic,3.25,4.53,3.09,2.66,2.62,4,5.9,39.8,Low
EMP_2137,Engineering,Autocratic/Micromanagement,3.39,3.83,3.91,2.47,1.92,5,1.2,43.0,Low
EMP_2138,Marketing,Democratic,3.38,3.0,3.32,3.08,3.48,3,4.0,29.0,Low
EMP_2139,Engineering,Democratic,4.03,3.12,4.17,4.03,2.64,2,4.8,42.0,Low
EMP_2140,Product,Supportive,4.99,3.81,1.98,3.17,2.8,5,0.6,42.7,Low
EMP_2141,HR,Autocratic/Micromanagement,3.69,3.56,2.92,3.74,3.2,1,11.0,32.8,Low
EMP_2142,Sales,Supportive,3.45,3.01,3.14,3.14,2.64,3,1.5,48.7,Moderate
EMP_2143,Marketing,Autocratic/Micromanagement,3.42,2.78,1.06,3.88,2.05,3,4.4,37.9,Low
EMP_2144,Data Science,Supportive,3.69,3.29,2.33,3.29,2.65,5,4.9,44.1,Low
EMP_2145,Sales,Autocratic/Micromanagement,3.02,3.92,2.55,2.76,2.02,4,2.5,25.7,Low
EMP_2146,HR,Democratic,3.68,3.8,3.96,3.34,2.79,4,0.5,42.5,Low
EMP_2147,Sales,Autocratic/Micromanagement,3.92,3.5,2.63,4.6,3.5,4,1.1,23.7,Low
EMP_2148,Data Science,Supportive,3.75,3.92,2.55,4.57,1.76,3,0.9,55.6,Moderate
EMP_2149,Sales,Democratic,3.92,4.42,3.85,3.79,1.47,2,2.6,45.8,Moderate
EMP_2150,HR,Democratic,3.9,4.04,1.91,3.42,2.74,4,1.1,35.3,Low
EMP_2151,Data Science,Autocratic/Micromanagement,2.36,3.73,1.54,3.68,2.09,3,2.8,46.2,Moderate
EMP_2152,Engineering,Supportive,4.05,4.36,2.91,3.69,2.73,4,1.2,54.0,Moderate
EMP_2153,Marketing,Autocratic/Micromanagement,3.13,3.22,2.04,3.48,2.96,1,0.5,38.8,Low
EMP_2154,HR,Autocratic/Micromanagement,2.83,3.67,2.07,3.76,1.0,2,1.6,49.7,Moderate
EMP_2155,Engineering,Supportive,2.83,3.68,3.66,3.62,3.25,4,3.3,44.9,Low
EMP_2156,Engineering,Autocratic/Micromanagement,3.9,3.06,3.9,3.31,1.76,3,5.2,38.5,Low
EMP_2157,Engineering,Democratic,3.44,3.55,3.83,2.78,2.68,2,0.5,37.8,Low
EMP_2158,Data Science,Democratic,2.42,2.56,4.09,3.22,2.17,2,1.0,36.4,Low
EMP_2159,Sales,Supportive,3.93,4.95,4.19,3.98,2.26,4,14.8,64.4,Moderate
EMP_2160,Marketing,Democratic,2.59,3.24,1.5,3.48,4.06,1,1.1,36.5,Low
EMP_2161,Marketing,Democratic,3.7,4.75,3.56,3.68,2.96,3,5.3,38.9,Low
EMP_2162,Marketing,Democratic,3.77,3.82,2.78,3.33,3.42,3,2.5,36.5,Low
EMP_2163,Data Science,Democratic,4.22,4.14,2.6,2.86,2.82,3,0.5,56.1,Moderate
EMP_2164,HR,Democratic,4.85,3.51,3.65,3.36,3.2,5,3.6,40.0,Low
EMP_2165,Sales,Democratic,2.64,3.92,1.82,2.89,3.03,1,11.9,17.5,Low
EMP_2166,Product,Supportive,3.56,4.19,1.8,2.85,2.9,5,7.6,39.3,Low
EMP_2167,Marketing,Autocratic/Micromanagement,3.41,4.2,3.71,4.22,3.59,4,4.1,35.2,Low
EMP_2168,Engineering,Democratic,3.9,4.26,3.59,3.25,2.83,3,2.5,56.9,Moderate
EMP_2169,Marketing,Supportive,3.75,3.58,3.31,3.06,4.53,5,1.3,31.7,Low
EMP_2170,Data Science,Supportive,3.35,3.51,2.5,4.47,3.47,4,1.5,44.7,Low
EMP_2171,Marketing,Democratic,3.29,2.84,3.8,3.99,1.79,5,1.5,47.6,Moderate
EMP_2172,Engineering,Autocratic/Micromanagement,2.82,4.11,3.74,3.28,2.56,3,8.9,52.9,Moderate
EMP_2173,Engineering,Supportive,4.29,4.45,3.27,3.76,3.02,3,0.8,69.0,Moderate
EMP_2174,Product,Democratic,3.92,4.77,2.26,3.36,2.74,3,1.7,44.3,Low
EMP_2175,Engineering,Supportive,4.24,3.98,2.86,3.08,3.25,1,2.0,44.5,Low
EMP_2176,HR,Democratic,3.38,3.34,3.87,3.78,3.34,5,1.8,33.1,Low
EMP_2177,Data Science,Autocratic/Micromanagement,3.14,2.78,4.26,3.31,1.61,4,0.5,41.0,Low
EMP_2178,Marketing,Autocratic/Micromanagement,2.85,4.43,2.94,3.55,3.72,4,1.1,33.9,Low
EMP_2179,Marketing,Supportive,3.85,2.72,3.0,4.11,2.3,5,2.4,43.8,Low
EMP_2180,Sales,Democratic,2.87,3.6,3.07,4.05,2.22,5,5.0,33.2,Low
EMP_2181,Data Science,Supportive,4.89,3.67,3.42,3.17,2.22,2,2.9,38.7,Low
EMP_2182,Engineering,Democratic,2.68,3.76,2.74,3.79,3.35,4,1.7,34.8,Low
EMP_2183,Engineering,Autocratic/Micromanagement,3.79,3.82,1.0,2.82,2.49,4,3.8,49.0,Moderate
EMP_2184,Data Science,Autocratic/Micromanagement,4.7,3.88,4.15,3.77,2.17,3,3.8,12.3,Low
EMP_2185,Marketing,Supportive,4.02,2.35,4.64,3.59,2.36,5,1.0,48.5,Moderate
EMP_2186,Product,Autocratic/Micromanagement,3.72,3.81,2.71,3.73,1.26,5,0.5,43.3,Low
EMP_2187,Product,Democratic,2.92,2.46,2.35,3.32,2.03,4,5.7,40.1,Low
EMP_2188,HR,Supportive,2.63,4.24,3.09,4.75,1.71,3,2.6,58.6,Moderate
EMP_2189,HR,Democratic,4.14,3.47,3.05,2.96,2.48,4,0.7,34.4,Low
EMP_2190,Marketing,Democratic,4.65,2.51,4.0,4.08,3.23,3,1.1,25.7,Low
EMP_2191,Data Science,Democratic,3.29,3.31,3.24,2.88,3.14,2,5.1,33.2,Low
EMP_2192,Product,Democratic,2.8,3.46,2.57,3.8,3.71,3,3.7,30.0,Low
EMP_2193,Marketing,Democratic,1.88,4.51,2.15,3.85,3.53,2,10.2,23.0,Low
EMP_2194,Sales,Supportive,2.91,3.92,3.89,3.53,2.28,3,2.2,51.0,Moderate
EMP_2195,Engineering,Autocratic/Micromanagement,3.52,4.01,3.68,3.2,2.72,4,0.5,46.8,Moderate
EMP_2196,Sales,Democratic,4.72,4.51,4.05,3.58,2.67,1,4.2,49.6,Moderate
EMP_2197,Sales,Supportive,4.07,3.74,2.43,3.66,1.0,4,1.0,38.7,Low
EMP_2198,Product,Autocratic/Micromanagement,3.81,4.25,4.67,4.57,1.73,1,1.4,36.8,Low
EMP_2199,Sales,Autocratic/Micromanagement,3.32,4.21,1.81,2.98,2.57,3,0.8,27.9,Low
EMP_2200,Data Science,Autocratic/Micromanagement,3.19,3.03,3.77,3.17,2.56,4,1.3,37.1,Low
EMP_2201,Product,Supportive,4.58,4.68,1.67,3.67,3.11,4,6.2,46.3,Moderate
EMP_2202,Engineering,Supportive,3.74,2.95,2.57,3.35,3.07,4,3.0,49.1,Moderate
EMP_2203,Sales,Democratic,2.13,4.35,4.45,3.44,1.28,3,0.5,57.7,Moderate
EMP_2204,Engineering,Supportive,3.13,2.89,3.87,4.14,3.11,1,3.1,46.7,Moderate
EMP_2205,Marketing,Autocratic/Micromanagement,3.0,4.16,2.76,1.81,2.84,4,3.5,33.1,Low
EMP_2206,Product,Supportive,3.22,4.92,2.78,3.14,3.2,3,7.6,40.0,Low
EMP_2207,Data Science,Supportive,3.99,3.67,3.28,2.45,3.55,3,6.9,44.8,Low
EMP_2208,Product,Democratic,3.52,3.65,3.61,2.78,2.59,2,0.5,33.5,Low
EMP_2209,Data Science,Supportive,3.55,4.17,4.2,4.94,3.7,2,7.1,62.3,Moderate
EMP_2210,Product,Autocratic/Micromanagement,4.52,3.6,2.84,3.86,1.99,3,0.5,22.4,Low
EMP_2211,HR,Democratic,3.11,4.89,1.91,4.07,1.94,3,0.6,44.5,Low
EMP_2212,HR,Supportive,4.9,3.92,3.33,3.45,3.04,3,0.5,41.4,Low
EMP_2213,Engineering,Supportive,3.13,3.61,2.83,3.96,2.4,4,0.7,43.5,Low
EMP_2214,Product,Democratic,3.66,3.48,2.16,2.44,2.91,3,5.7,45.3,Moderate
EMP_2215,Marketing,Supportive,3.4,3.24,3.44,4.12,4.29,5,4.1,39.9,Low
EMP_2216,Data Science,Democratic,3.69,3.42,3.03,3.01,3.01,3,4.1,41.0,Low
EMP_2217,HR,Democratic,3.91,3.59,3.45,3.18,2.87,3,8.9,30.0,Low
EMP_2218,Data Science,Democratic,3.9,3.51,2.48,3.8,2.0,1,1.7,39.6,Low
EMP_2219,Product,Autocratic/Micromanagement,3.07,3.41,3.59,3.69,1.34,4,0.5,50.5,Moderate
EMP_2220,Engineering,Autocratic/Micromanagement,2.81,5.0,2.15,3.55,2.64,4,3.6,45.3,Moderate
EMP_2221,Marketing,Autocratic/Micromanagement,5.0,3.18,2.54,2.68,3.55,4,7.1,27.4,Low
EMP_2222,Sales,Supportive,3.26,3.89,3.01,3.56,2.44,5,13.1,50.0,Moderate
EMP_2223,Engineering,Supportive,4.09,4.16,4.59,4.08,3.02,4,1.6,57.3,Moderate
EMP_2224,Engineering,Supportive,2.47,4.18,3.83,3.18,3.84,5,6.0,59.5,Moderate
EMP_2225,Engineering,Autocratic/Micromanagement,3.4,3.76,4.06,4.29,3.82,1,6.6,38.4,Low
EMP_2226,Sales,Autocratic/Micromanagement,3.51,3.66,4.33,2.98,3.04,3,0.5,44.2,Low
EMP_2227,Data Science,Autocratic/Micromanagement,3.93,4.07,5.0,3.5,2.84,3,3.5,48.8,Moderate
EMP_2228,Sales,Supportive,1.69,3.96,3.23,4.42,1.49,4,0.7,54.5,Moderate
EMP_2229,Data Science,Autocratic/Micromanagement,3.72,3.64,4.34,3.09,2.2,3,2.1,42.4,Low
EMP_2230,Data Science,Democratic,2.8,2.86,4.01,4.13,2.48,4,7.4,37.8,Low
EMP_2231,Marketing,Supportive,3.83,3.52,4.0,4.68,2.02,3,5.5,52.9,Moderate
EMP_2232,Engineering,Democratic,2.87,3.11,4.62,3.6,2.9,2,3.0,41.2,Low
EMP_2233,Product,Supportive,3.0,3.4,2.86,3.18,4.23,3,5.8,41.8,Low
EMP_2234,Product,Democratic,3.41,3.82,2.8,3.04,3.91,2,0.6,28.9,Low
EMP_2235,Marketing,Supportive,2.86,4.02,3.46,4.28,2.9,2,0.8,46.8,Moderate
EMP_2236,Sales,Democratic,3.27,4.87,3.05,4.27,3.32,2,0.8,43.8,Low
EMP_2237,Product,Democratic,2.76,3.48,3.45,4.37,2.12,1,5.2,42.1,Low
EMP_2238,Engineering,Autocratic/Micromanagement,2.32,4.26,4.45,3.48,3.87,4,7.8,53.8,Moderate
EMP_2239,Engineering,Democratic,4.31,3.98,2.82,4.12,1.45,3,2.9,40.9,Low
EMP_2240,Engineering,Democratic,2.69,4.58,2.96,3.47,3.43,1,11.1,50.9,Moderate
EMP_2241,HR,Autocratic/Micromanagement,3.47,4.15,3.34,2.97,3.1,3,4.6,40.0,Low
EMP_2242,Engineering,Autocratic/Micromanagement,4.13,3.19,3.02,4.17,2.1,5,2.9,30.0,Low
EMP_2243,Sales,Supportive,3.17,2.77,1.67,4.48,2.53,3,3.3,39.8,Low
EMP_2244,Product,Democratic,3.02,3.99,2.74,2.89,1.79,5,6.6,36.3,Low
EMP_2245,Product,Supportive,3.76,3.48,3.75,2.88,1.83,3,0.5,57.5,Moderate
EMP_2246,Sales,Supportive,4.38,3.21,4.35,3.52,1.43,5,0.6,74.0,Moderate
EMP_2247,Engineering,Democratic,2.78,3.04,2.28,4.07,3.31,2,1.1,32.2,Low
EMP_2248,HR,Autocratic/Micromanagement,3.49,3.9,2.27,2.82,3.66,3,7.9,29.1,Low
EMP_2249,Sales,Supportive,2.39,4.7,3.22,3.64,1.0,4,10.1,55.4,Moderate
EMP_2250,Engineering,Autocratic/Micromanagement,3.32,3.55,1.54,3.15,4.17,5,1.5,32.1,Low
EMP_2251,Engineering,Autocratic/Micromanagement,3.62,4.15,2.84,3.92,2.69,5,9.0,51.1,Moderate
EMP_2252,Product,Autocratic/Micromanagement,3.0,3.74,1.81,3.02,2.93,4,2.8,30.9,Low
EMP_2253,Marketing,Supportive,3.28,3.03,4.3,3.96,1.52,1,2.2,60.5,Moderate
EMP_2254,HR,Autocratic/Micromanagement,2.61,4.24,2.58,3.41,3.76,3,6.3,28.8,Low
EMP_2255,Product,Supportive,3.65,3.14,4.52,2.94,2.86,1,2.8,44.6,Low
EMP_2256,Sales,Democratic,4.34,3.81,4.09,3.54,3.61,3,2.1,46.3,Moderate
EMP_2257,Sales,Supportive,2.83,3.6,2.68,2.34,3.68,3,0.5,21.1,Low
EMP_2258,Sales,Supportive,3.16,4.34,2.34,3.16,3.77,3,0.5,20.3,Low
EMP_2259,Data Science,Democratic,3.95,3.17,3.05,3.7,2.18,5,3.5,38.0,Low
EMP_2260,Sales,Democratic,4.45,4.03,3.12,2.44,2.53,2,0.5,42.7,Low
EMP_2261,HR,Supportive,2.55,3.3,3.48,1.96,2.21,3,4.7,51.0,Moderate
EMP_2262,Marketing,Supportive,3.48,3.49,2.58,2.1,3.42,3,3.4,34.3,Low
EMP_2263,Product,Democratic,3.8,1.62,3.8,4.3,2.97,3,2.1,43.6,Low
EMP_2264,Sales,Supportive,3.53,5.0,3.41,3.45,3.56,3,4.3,48.0,Moderate
EMP_2265,Marketing,Autocratic/Micromanagement,1.87,4.13,2.93,3.18,3.59,2,15.0,34.8,Low
EMP_2266,Marketing,Supportive,3.95,3.34,2.63,4.07,1.32,5,1.0,54.9,Moderate
EMP_2267,Sales,Supportive,4.66,3.13,3.05,3.26,3.78,3,2.9,46.4,Moderate
EMP_2268,Marketing,Supportive,3.68,3.5,2.55,3.66,3.46,2,6.5,56.1,Moderate
EMP_2269,Engineering,Democratic,2.88,4.23,3.25,3.52,2.4,3,0.5,58.6,Moderate
EMP_2270,Sales,Supportive,3.24,2.66,3.27,3.22,2.98,2,0.8,48.1,Moderate
EMP_2271,Engineering,Supportive,4.84,3.72,3.41,3.68,2.6,2,2.6,42.2,Low
EMP_2272,Data Science,Autocratic/Micromanagement,4.24,4.86,4.61,3.96,3.19,3,2.8,33.5,Low
EMP_2273,Sales,Democratic,4.05,3.12,3.09,3.39,2.4,2,0.5,43.1,Low
EMP_2274,Marketing,Supportive,3.85,3.85,4.0,3.22,3.08,4,1.8,45.6,Moderate
EMP_2275,Product,Democratic,3.14,5.0,3.38,3.29,2.75,4,2.6,35.0,Low
EMP_2276,Marketing,Autocratic/Micromanagement,3.46,4.18,3.01,2.12,2.35,3,1.9,42.2,Low
EMP_2277,Marketing,Supportive,3.55,3.88,3.1,3.67,2.85,4,4.2,42.2,Low
EMP_2278,Sales,Supportive,3.98,4.1,3.15,2.77,4.87,3,5.2,42.4,Low
EMP_2279,Marketing,Autocratic/Micromanagement,4.66,3.56,3.42,3.88,2.15,2,2.2,20.1,Low
EMP_2280,Engineering,Democratic,4.38,4.58,2.43,3.45,2.5,3,1.9,43.1,Low
EMP_2281,Data Science,Democratic,2.61,3.56,2.03,3.56,2.17,4,4.3,38.0,Low
EMP_2282,Data Science,Supportive,3.76,2.62,3.72,3.92,2.25,1,2.8,49.6,Moderate
EMP_2283,Sales,Supportive,4.12,3.57,3.92,2.94,3.35,4,7.2,47.7,Moderate
EMP_2284,Engineering,Democratic,4.03,3.22,3.8,3.72,3.27,4,2.3,37.5,Low
EMP_2285,Engineering,Supportive,3.16,3.63,3.32,3.66,2.7,5,3.0,41.4,Low
EMP_2286,Data Science,Democratic,5.0,3.64,3.81,3.39,3.52,2,0.5,34.8,Low
EMP_2287,Product,Democratic,2.71,4.52,3.77,2.94,3.33,1,6.3,32.3,Low
EMP_2288,Data Science,Supportive,2.84,4.22,3.83,3.86,2.57,1,1.9,61.6,Moderate
EMP_2289,Sales,Autocratic/Micromanagement,3.76,3.96,2.51,3.92,1.47,5,4.4,23.4,Low
EMP_2290,Engineering,Autocratic/Micromanagement,5.0,3.8,2.32,3.57,3.36,4,2.0,16.6,Low
EMP_2291,Marketing,Democratic,3.01,3.16,2.89,2.86,2.84,5,0.5,52.9,Moderate
EMP_2292,Data Science,Supportive,3.41,2.49,3.19,3.18,2.72,3,1.8,42.0,Low
EMP_2293,Engineering,Supportive,4.35,3.87,3.01,3.46,2.33,3,0.6,44.5,Low
EMP_2294,Sales,Democratic,3.59,4.28,1.7,3.91,3.3,3,1.8,20.5,Low
EMP_2295,Engineering,Supportive,3.37,3.73,4.58,2.55,2.98,5,1.4,45.0,Moderate
EMP_2296,Engineering,Autocratic/Micromanagement,4.0,3.48,2.98,3.16,2.51,5,0.8,39.4,Low
EMP_2297,Engineering,Supportive,3.79,4.08,3.34,3.26,1.72,3,0.5,71.8,Moderate
EMP_2298,Engineering,Democratic,4.32,3.75,4.2,3.45,3.55,3,4.6,33.4,Low
EMP_2299,Engineering,Supportive,4.5,4.81,1.32,2.72,3.18,4,4.9,57.1,Moderate
EMP_2300,Data Science,Democratic,3.81,4.54,2.79,3.37,2.9,1,1.1,57.7,Moderate
EMP_2301,HR,Supportive,3.8,4.38,2.89,3.31,1.0,5,2.4,49.3,Moderate
EMP_2302,Sales,Democratic,3.75,4.25,2.93,2.88,2.67,3,2.2,23.9,Low
EMP_2303,Sales,Supportive,3.94,3.03,3.06,3.43,2.51,3,1.5,41.3,Low
EMP_2304,Data Science,Autocratic/Micromanagement,3.64,4.2,4.36,3.18,2.21,4,1.1,49.9,Moderate
EMP_2305,Product,Supportive,3.6,4.03,3.74,3.8,3.3,4,0.7,48.9,Moderate
EMP_2306,Data Science,Autocratic/Micromanagement,4.44,4.16,3.97,2.97,3.27,3,7.2,28.9,Low
EMP_2307,Engineering,Autocratic/Micromanagement,4.66,4.1,3.24,3.55,3.05,5,6.3,23.9,Low
EMP_2308,Marketing,Supportive,2.54,4.07,2.08,3.01,3.53,5,1.9,40.5,Low
EMP_2309,Engineering,Autocratic/Micromanagement,3.61,5.0,1.54,3.14,1.88,3,4.5,52.4,Moderate
EMP_2310,Data Science,Supportive,3.12,3.75,1.98,3.68,2.34,4,2.4,43.2,Low
EMP_2311,Sales,Autocratic/Micromanagement,3.38,4.36,3.49,3.64,2.76,4,0.5,40.3,Low
EMP_2312,Product,Democratic,3.88,3.52,3.23,3.25,2.2,3,6.0,32.4,Low
EMP_2313,Sales,Supportive,4.07,4.27,3.03,3.34,3.28,5,0.9,42.3,Low
EMP_2314,Marketing,Supportive,3.52,4.36,2.91,2.63,2.28,2,4.3,50.4,Moderate
EMP_2315,Product,Supportive,2.26,4.02,4.81,4.34,3.74,2,2.6,41.5,Low
EMP_2316,Engineering,Autocratic/Micromanagement,2.92,4.8,2.54,3.91,1.96,5,4.1,54.2,Moderate
EMP_2317,Data Science,Supportive,4.23,3.27,3.94,3.89,4.41,2,2.2,36.5,Low
EMP_2318,Data Science,Democratic,1.68,3.51,3.2,2.54,4.32,4,4.2,24.5,Low
EMP_2319,Sales,Democratic,4.43,3.93,3.15,3.14,2.62,2,0.5,35.0,Low
EMP_2320,Sales,Autocratic/Micromanagement,3.96,4.33,4.14,3.3,3.62,5,0.5,49.0,Moderate
EMP_2321,Product,Supportive,4.52,3.91,4.37,2.34,2.38,4,7.9,47.1,Moderate
EMP_2322,Marketing,Democratic,3.46,4.57,3.01,4.03,3.51,5,4.8,35.0,Low
EMP_2323,Marketing,Democratic,2.16,3.4,3.84,4.37,2.56,5,6.2,44.1,Low
EMP_2324,Data Science,Democratic,3.9,3.12,3.49,4.74,1.67,1,2.1,45.5,Moderate
EMP_2325,HR,Supportive,4.49,3.98,3.21,2.87,1.0,3,2.2,49.1,Moderate
EMP_2326,Product,Supportive,4.25,3.75,3.36,3.57,2.49,4,2.7,51.0,Moderate
EMP_2327,HR,Supportive,3.14,4.13,2.65,4.29,2.92,5,1.0,52.1,Moderate
EMP_2328,Engineering,Democratic,3.66,3.78,2.96,3.35,3.76,2,4.6,30.2,Low
EMP_2329,Marketing,Supportive,3.23,3.6,2.74,3.16,2.73,5,6.2,39.8,Low
EMP_2330,Engineering,Democratic,3.03,3.76,3.92,2.38,3.5,2,8.3,32.0,Low
EMP_2331,Data Science,Supportive,4.27,3.82,3.12,4.18,2.34,5,2.5,50.4,Moderate
EMP_2332,Engineering,Autocratic/Micromanagement,2.76,3.62,2.16,3.49,2.43,3,1.9,42.0,Low
EMP_2333,Marketing,Autocratic/Micromanagement,2.97,3.68,2.62,3.06,3.54,3,6.2,31.5,Low
EMP_2334,Marketing,Democratic,2.83,3.56,1.0,3.67,1.0,3,4.9,35.3,Low
EMP_2335,Engineering,Supportive,2.56,4.31,2.8,3.59,2.71,2,7.1,56.4,Moderate
EMP_2336,Data Science,Supportive,3.7,3.92,3.23,3.6,2.38,3,3.7,51.1,Moderate
EMP_2337,Sales,Supportive,4.41,5.0,3.09,3.37,3.79,3,7.5,52.9,Moderate
EMP_2338,Data Science,Supportive,3.47,3.9,4.78,4.47,2.28,3,0.5,49.6,Moderate
EMP_2339,Engineering,Democratic,2.55,3.47,3.66,3.42,3.11,4,4.0,42.6,Low
EMP_2340,Sales,Democratic,4.19,5.0,3.62,4.47,3.44,3,0.5,29.2,Low
EMP_2341,HR,Autocratic/Micromanagement,4.78,4.05,1.89,3.84,1.51,3,4.8,22.0,Low
EMP_2342,Engineering,Supportive,3.15,4.39,2.91,3.71,2.59,5,3.5,51.6,Moderate
EMP_2343,Engineering,Democratic,3.27,4.16,2.81,3.43,2.35,4,0.5,56.3,Moderate
EMP_2344,Data Science,Democratic,3.96,4.17,2.57,4.08,3.46,1,3.2,45.0,Moderate
EMP_2345,Product,Democratic,4.74,4.12,2.56,3.57,3.24,5,0.6,38.4,Low
EMP_2346,Marketing,Supportive,3.24,3.14,1.75,2.94,2.51,5,0.5,46.2,Moderate
EMP_2347,Marketing,Democratic,2.67,4.02,2.18,2.92,1.86,5,0.6,51.7,Moderate
EMP_2348,Data Science,Democratic,4.04,3.01,3.9,3.75,3.53,5,2.3,43.1,Low
EMP_2349,Sales,Democratic,4.16,3.7,3.09,2.96,2.65,4,0.5,26.6,Low
EMP_2350,Engineering,Autocratic/Micromanagement,3.6,3.36,2.79,3.46,1.41,3,0.5,46.6,Moderate
EMP_2351,Marketing,Supportive,3.21,4.01,3.2,4.13,1.47,4,1.0,49.7,Moderate
EMP_2352,Product,Supportive,4.3,4.0,4.13,3.68,3.05,4,0.5,49.5,Moderate
EMP_2353,Marketing,Democratic,3.97,4.09,3.2,3.07,1.68,3,1.1,35.7,Low
EMP_2354,Product,Democratic,3.06,3.97,3.63,4.35,4.19,3,3.4,38.4,Low
EMP_2355,Marketing,Supportive,3.63,3.44,2.52,3.83,1.95,3,3.2,56.4,Moderate
EMP_2356,Engineering,Autocratic/Micromanagement,2.65,3.64,2.71,4.11,2.7,4,12.2,30.8,Low
EMP_2357,Product,Autocratic/Micromanagement,4.08,4.35,3.48,2.14,2.83,3,0.5,18.4,Low
EMP_2358,Engineering,Autocratic/Micromanagement,3.42,4.44,4.71,3.7,2.12,4,7.0,56.3,Moderate
EMP_2359,Sales,Supportive,3.3,3.11,4.34,4.01,1.0,5,1.7,71.1,Moderate
EMP_2360,Engineering,Autocratic/Micromanagement,3.58,2.88,3.67,4.52,2.85,3,1.7,37.1,Low
EMP_2361,Engineering,Democratic,3.63,3.36,3.32,2.62,2.1,5,1.5,44.5,Low
EMP_2362,Sales,Democratic,4.23,4.43,4.32,4.22,2.79,3,0.5,49.1,Moderate
EMP_2363,Data Science,Democratic,4.01,4.53,3.84,4.49,2.6,2,2.3,56.4,Moderate
EMP_2364,Sales,Autocratic/Micromanagement,3.49,3.25,1.37,2.29,2.91,1,5.4,15.1,Low
EMP_2365,Sales,Democratic,4.13,3.98,2.36,3.79,3.95,3,7.3,17.1,Low
EMP_2366,Engineering,Supportive,3.88,4.9,3.47,3.87,2.26,3,11.5,70.6,Moderate
EMP_2367,Engineering,Democratic,3.3,4.05,1.77,3.3,2.32,5,5.4,61.6,Moderate
EMP_2368,Sales,Democratic,3.51,4.65,2.48,3.21,1.37,4,3.4,29.7,Low
EMP_2369,Data Science,Supportive,3.5,4.4,2.64,3.9,2.54,5,2.4,63.1,Moderate
EMP_2370,Marketing,Autocratic/Micromanagement,3.95,3.25,3.0,3.13,3.03,4,7.3,43.2,Low
EMP_2371,Marketing,Democratic,3.34,3.69,2.97,3.37,2.31,3,4.7,39.1,Low
EMP_2372,HR,Democratic,3.33,3.82,2.97,3.99,3.03,3,0.6,42.1,Low
EMP_2373,Marketing,Supportive,4.98,3.86,3.86,4.55,2.56,4,4.0,47.9,Moderate
EMP_2374,Sales,Democratic,4.26,4.35,2.99,3.82,1.66,4,2.0,27.7,Low
EMP_2375,Marketing,Supportive,3.07,4.05,2.89,3.58,2.95,3,3.2,41.2,Low
EMP_2376,Data Science,Supportive,4.0,2.04,2.12,3.19,2.54,5,8.0,27.3,Low
EMP_2377,Data Science,Democratic,3.68,3.01,4.02,2.89,2.8,4,3.7,42.3,Low
EMP_2378,HR,Democratic,3.87,2.49,2.66,4.17,2.25,5,9.8,48.5,Moderate
EMP_2379,Sales,Democratic,3.7,3.91,2.33,3.41,2.18,4,7.0,25.7,Low
EMP_2380,HR,Supportive,4.43,3.94,3.37,4.19,2.83,3,0.5,46.4,Moderate
EMP_2381,HR,Democratic,3.84,3.97,2.59,3.3,2.52,4,0.5,43.8,Low
EMP_2382,Product,Supportive,3.56,3.22,2.78,3.11,4.08,2,1.7,43.3,Low
EMP_2383,Product,Autocratic/Micromanagement,4.33,4.2,3.41,3.75,3.34,4,7.0,5.0,Low
EMP_2384,Sales,Democratic,3.76,4.23,2.94,3.45,3.14,3,0.9,25.8,Low
EMP_2385,Data Science,Democratic,3.69,3.05,5.0,2.78,2.56,2,4.1,31.8,Low
EMP_2386,Sales,Supportive,3.82,2.92,3.14,4.59,1.08,3,2.3,55.1,Moderate
EMP_2387,Data Science,Supportive,3.53,3.8,3.69,3.12,2.05,3,4.8,48.6,Moderate
EMP_2388,Marketing,Autocratic/Micromanagement,3.61,4.88,1.65,4.06,2.18,2,0.6,37.0,Low
EMP_2389,Marketing,Supportive,3.19,4.82,2.51,4.01,2.48,5,1.0,49.1,Moderate
EMP_2390,Marketing,Democratic,3.07,4.14,2.33,2.74,2.67,3,1.0,42.5,Low
EMP_2391,Data Science,Democratic,2.9,3.36,2.44,2.9,3.22,3,2.8,35.7,Low
EMP_2392,Engineering,Supportive,2.63,4.33,3.53,3.32,2.92,3,1.2,68.9,Moderate
EMP_2393,Sales,Autocratic/Micromanagement,2.98,3.53,4.03,2.98,3.63,4,5.8,53.3,Moderate
EMP_2394,Engineering,Democratic,3.48,3.34,3.48,4.54,2.45,1,1.5,46.6,Moderate
EMP_2395,Product,Supportive,3.67,2.51,3.02,3.38,2.91,3,3.8,46.6,Moderate
EMP_2396,Data Science,Supportive,3.41,3.86,2.7,4.03,2.98,3,10.4,44.2,Low
EMP_2397,Engineering,Supportive,1.95,3.42,4.09,3.81,2.9,5,3.3,46.8,Moderate
EMP_2398,Engineering,Autocratic/Micromanagement,4.7,3.86,4.86,3.66,3.73,4,1.0,20.8,Low
EMP_2399,Marketing,Democratic,4.36,2.42,3.31,3.52,3.34,2,6.2,40.3,Low
EMP_2400,Marketing,Supportive,3.91,3.9,3.95,4.24,1.64,3,0.5,39.6,Low
EMP_2401,Data Science,Supportive,4.94,2.34,3.47,3.0,2.61,4,1.0,34.8,Low
EMP_2402,Engineering,Democratic,2.92,4.45,3.8,4.54,2.69,1,1.7,41.1,Low
EMP_2403,Sales,Democratic,4.92,4.11,2.27,2.73,4.42,5,0.8,15.0,Low
EMP_2404,Data Science,Democratic,2.92,3.63,2.81,3.97,2.44,1,3.2,36.4,Low
EMP_2405,Marketing,Supportive,3.77,4.14,3.52,2.66,1.91,1,2.9,47.2,Moderate
EMP_2406,Marketing,Supportive,2.71,3.21,4.17,3.31,3.05,1,1.8,50.5,Moderate
EMP_2407,Data Science,Democratic,3.61,3.84,2.55,3.56,3.1,4,1.2,32.8,Low
EMP_2408,Engineering,Autocratic/Micromanagement,3.87,4.28,1.57,3.21,2.64,3,2.0,53.1,Moderate
EMP_2409,Product,Supportive,3.49,1.94,2.8,3.39,2.52,2,1.2,44.0,Low
EMP_2410,Sales,Democratic,4.1,3.53,4.01,2.67,3.46,5,0.9,46.8,Moderate
EMP_2411,Marketing,Democratic,3.67,3.79,1.93,2.91,2.02,2,1.5,45.7,Moderate
EMP_2412,Engineering,Democratic,3.23,3.68,2.26,3.8,2.43,3,3.2,34.7,Low
EMP_2413,Sales,Supportive,3.2,4.67,3.32,3.52,2.28,2,3.7,52.9,Moderate
EMP_2414,Engineering,Autocratic/Micromanagement,4.17,3.13,3.11,3.09,3.58,5,1.2,16.2,Low
EMP_2415,Sales,Democratic,3.14,3.43,3.68,4.29,2.93,4,10.3,37.1,Low
EMP_2416,Product,Democratic,4.24,2.65,2.22,2.77,1.85,4,1.1,39.9,Low
EMP_2417,Data Science,Supportive,4.46,4.71,2.94,3.28,1.93,1,4.4,70.2,Moderate
EMP_2418,Engineering,Supportive,2.43,3.65,4.16,3.2,4.2,3,0.5,44.5,Low
EMP_2419,Engineering,Supportive,4.39,3.54,2.25,3.87,3.57,4,3.8,43.3,Low
EMP_2420,Data Science,Democratic,5.0,3.77,4.38,3.53,3.37,3,2.2,35.8,Low
EMP_2421,Engineering,Supportive,3.78,4.18,2.35,3.44,2.71,3,2.9,66.5,Moderate
EMP_2422,Engineering,Democratic,4.02,4.01,3.88,2.39,3.91,5,0.7,50.1,Moderate
EMP_2423,HR,Supportive,4.33,5.0,2.9,4.02,1.82,1,2.0,50.3,Moderate
EMP_2424,Sales,Democratic,3.41,4.07,2.28,3.37,3.3,4,5.1,26.0,Low
EMP_2425,Data Science,Democratic,3.73,3.52,2.8,3.57,2.35,3,5.1,43.7,Low
EMP_2426,Product,Supportive,2.68,3.46,3.64,3.05,2.5,4,0.9,59.3,Moderate
EMP_2427,Engineering,Supportive,3.7,3.56,3.19,2.96,3.28,2,1.5,37.4,Low
EMP_2428,Product,Supportive,3.95,2.9,4.09,4.4,2.59,2,0.5,51.9,Moderate
EMP_2429,Data Science,Democratic,3.96,3.82,4.35,2.44,2.35,4,0.5,45.2,Moderate
EMP_2430,Product,Democratic,4.35,4.27,2.25,2.87,2.3,5,0.5,44.7,Low
EMP_2431,Marketing,Supportive,3.06,3.43,2.19,4.39,1.11,5,1.2,53.7,Moderate
EMP_2432,HR,Democratic,3.23,3.32,2.16,3.88,3.31,2,5.0,28.3,Low
EMP_2433,Product,Supportive,4.93,4.71,2.48,3.3,1.89,2,2.5,59.2,Moderate
EMP_2434,Data Science,Supportive,3.49,2.94,4.08,4.25,4.19,4,5.5,38.7,Low
EMP_2435,Product,Supportive,3.74,2.56,3.65,3.77,2.47,3,4.9,47.4,Moderate
EMP_2436,Data Science,Autocratic/Micromanagement,3.55,3.11,2.76,3.64,3.75,4,3.1,43.5,Low
EMP_2437,Data Science,Supportive,3.02,2.88,3.19,3.64,1.25,3,2.4,48.0,Moderate
EMP_2438,Data Science,Supportive,4.74,4.03,4.32,3.78,3.29,3,9.4,64.3,Moderate
EMP_2439,Sales,Supportive,3.23,3.58,4.73,3.8,3.49,4,2.9,52.5,Moderate
EMP_2440,Engineering,Supportive,2.81,3.67,3.41,4.82,3.74,2,2.3,39.3,Low
EMP_2441,Sales,Democratic,3.28,4.49,1.07,3.38,1.48,4,7.1,29.2,Low
EMP_2442,Sales,Supportive,2.2,3.39,3.44,3.4,2.14,3,0.5,53.8,Moderate
EMP_2443,HR,Supportive,3.14,4.27,3.95,2.76,3.16,5,3.7,50.5,Moderate
EMP_2444,HR,Democratic,2.92,4.71,3.38,3.47,2.82,2,0.5,42.7,Low
EMP_2445,Sales,Supportive,4.03,3.53,3.78,4.62,2.93,3,6.0,43.3,Low
EMP_2446,Data Science,Democratic,3.13,4.24,3.49,4.09,2.41,5,5.5,48.4,Moderate
EMP_2447,Data Science,Democratic,4.22,3.65,2.21,3.17,3.94,4,2.5,30.6,Low
EMP_2448,Engineering,Supportive,4.58,4.35,2.49,3.52,4.79,5,3.8,55.2,Moderate
EMP_2449,Engineering,Democratic,4.15,2.86,2.94,2.72,2.78,4,5.2,36.5,Low
EMP_2450,Data Science,Supportive,3.45,2.81,4.05,2.92,3.06,5,2.3,28.1,Low
EMP_2451,Data Science,Democratic,3.7,3.57,2.59,3.59,2.74,3,8.3,28.5,Low
EMP_2452,Product,Democratic,2.53,3.27,3.56,3.2,3.73,1,2.0,32.0,Low
EMP_2453,Sales,Supportive,3.51,3.49,3.44,2.87,3.36,5,7.8,49.2,Moderate
EMP_2454,Data Science,Democratic,3.0,3.67,4.47,3.79,1.85,5,3.1,37.2,Low
EMP_2455,Sales,Autocratic/Micromanagement,4.09,4.23,3.17,3.45,2.21,4,1.9,25.7,Low
EMP_2456,Engineering,Autocratic/Micromanagement,5.0,3.56,1.8,2.56,1.89,4,0.5,16.0,Low
EMP_2457,Sales,Democratic,3.95,3.31,3.72,2.25,4.86,5,1.2,29.4,Low
EMP_2458,Marketing,Democratic,2.21,3.59,4.91,3.16,3.21,2,7.1,36.9,Low
EMP_2459,Sales,Supportive,3.35,3.34,3.77,2.55,2.22,4,2.0,52.4,Moderate
EMP_2460,Sales,Supportive,3.69,3.24,2.57,2.38,2.16,1,1.9,30.2,Low
EMP_2461,Product,Democratic,3.66,2.83,2.33,4.18,3.34,2,2.4,27.2,Low
EMP_2462,Product,Supportive,3.09,3.84,2.44,3.44,3.42,3,1.2,48.2,Moderate
EMP_2463,Marketing,Autocratic/Micromanagement,3.77,3.46,4.8,3.34,3.34,5,2.4,27.3,Low
EMP_2464,Sales,Supportive,2.73,4.38,2.94,3.39,2.36,4,1.6,30.5,Low
EMP_2465,Marketing,Supportive,2.94,2.93,2.67,2.82,2.94,5,8.4,53.7,Moderate
EMP_2466,Engineering,Supportive,4.05,3.47,3.07,3.75,2.79,1,2.9,48.3,Moderate
EMP_2467,Data Science,Autocratic/Micromanagement,2.89,4.89,2.95,3.42,1.95,3,6.3,58.1,Moderate
EMP_2468,Engineering,Democratic,3.98,3.24,4.45,3.05,1.96,2,4.1,44.3,Low
EMP_2469,Sales,Democratic,2.64,3.66,2.39,3.14,3.03,1,0.8,24.3,Low
EMP_2470,Sales,Supportive,4.84,3.07,4.14,2.76,2.86,3,7.1,59.0,Moderate
EMP_2471,Engineering,Autocratic/Micromanagement,3.06,2.99,3.3,3.26,3.14,2,0.5,31.4,Low
EMP_2472,Product,Supportive,3.44,4.73,4.17,3.36,3.33,3,2.1,58.4,Moderate
EMP_2473,Product,Autocratic/Micromanagement,3.83,3.9,4.47,3.24,3.9,2,1.0,31.0,Low
EMP_2474,Marketing,Democratic,3.2,3.88,3.27,3.53,2.08,3,2.7,42.3,Low
EMP_2475,Sales,Supportive,3.7,2.78,2.95,3.45,3.2,5,1.2,32.8,Low
EMP_2476,Product,Democratic,4.0,4.02,3.25,3.64,3.3,4,4.5,32.5,Low
EMP_2477,Engineering,Democratic,4.27,4.49,3.12,4.07,2.45,5,9.7,51.8,Moderate
EMP_2478,HR,Supportive,4.15,4.49,1.87,3.86,2.8,5,4.3,54.8,Moderate
EMP_2479,Engineering,Autocratic/Micromanagement,3.48,4.2,4.44,4.07,2.47,3,1.5,50.2,Moderate
EMP_2480,HR,Democratic,3.5,3.12,3.4,2.99,4.39,4,3.2,32.3,Low
EMP_2481,Data Science,Supportive,5.0,3.99,2.27,3.19,2.78,4,7.7,52.0,Moderate
EMP_2482,Product,Supportive,4.26,4.2,1.55,3.89,3.06,2,1.1,45.2,Moderate
EMP_2483,Product,Democratic,2.95,2.72,1.34,3.9,2.49,5,0.5,38.3,Low
EMP_2484,Engineering,Democratic,3.67,3.13,3.82,3.09,2.32,3,0.5,44.3,Low
EMP_2485,Sales,Democratic,3.37,4.33,2.7,3.87,1.66,1,2.4,26.8,Low
EMP_2486,Product,Democratic,3.51,4.33,2.84,2.93,3.58,4,4.6,23.5,Low
EMP_2487,Sales,Democratic,2.74,2.87,3.59,3.79,3.31,4,3.7,42.6,Low
EMP_2488,Product,Autocratic/Micromanagement,3.31,4.28,2.79,3.48,2.46,4,2.1,34.1,Low
EMP_2489,Sales,Democratic,4.87,3.86,3.64,2.67,1.98,2,4.6,42.2,Low
EMP_2490,Data Science,Autocratic/Micromanagement,4.01,4.27,3.28,3.24,2.84,3,3.5,27.6,Low
EMP_2491,Data Science,Supportive,1.86,3.42,3.13,4.81,2.3,3,3.5,47.1,Moderate
EMP_2492,Engineering,Supportive,4.45,4.19,1.94,3.62,2.52,5,0.8,61.5,Moderate
EMP_2493,HR,Supportive,4.36,4.31,2.54,4.88,1.69,5,1.3,53.3,Moderate
EMP_2494,Data Science,Democratic,3.35,3.59,3.68,2.63,2.87,4,1.5,32.7,Low
EMP_2495,Sales,Autocratic/Micromanagement,4.1,3.81,2.65,3.95,2.89,2,5.8,13.9,Low
EMP_2496,Sales,Supportive,3.0,3.41,4.16,1.98,3.58,3,5.2,56.0,Moderate
EMP_2497,Sales,Supportive,3.27,4.79,5.0,3.5,2.58,3,1.0,64.8,Moderate
EMP_2498,Product,Autocratic/Micromanagement,4.65,3.73,3.73,3.88,2.43,3,0.5,21.0,Low
EMP_2499,Product,Supportive,3.41,3.25,4.39,4.0,1.45,1,5.1,58.5,Moderate
EMP_2500,Sales,Democratic,2.29,3.37,3.78,3.02,3.58,4,1.8,23.4,Low
EMP_2501,HR,Democratic,3.56,3.88,2.77,4.12,3.41,3,0.9,31.1,Low
EMP_2502,HR,Autocratic/Micromanagement,3.54,4.25,3.36,3.18,2.72,4,0.5,35.2,Low
EMP_2503,Sales,Supportive,4.44,3.0,4.81,3.4,1.64,1,0.5,62.0,Moderate
EMP_2504,Product,Supportive,3.61,4.91,2.78,3.24,1.73,3,2.0,54.8,Moderate
EMP_2505,Engineering,Democratic,3.3,3.99,2.37,2.82,2.26,4,1.5,42.8,Low
EMP_2506,Engineering,Autocratic/Micromanagement,4.33,4.08,2.29,4.44,3.47,3,4.2,31.0,Low
EMP_2507,Product,Democratic,3.68,3.74,3.03,3.53,2.93,4,13.2,36.6,Low
EMP_2508,Sales,Supportive,3.07,3.81,2.4,4.15,1.51,4,0.8,50.4,Moderate
EMP_2509,HR,Democratic,4.41,3.71,4.54,4.13,3.02,5,1.0,38.0,Low
EMP_2510,Product,Autocratic/Micromanagement,3.74,4.41,3.37,2.92,2.03,1,1.4,29.7,Low
EMP_2511,Engineering,Autocratic/Micromanagement,3.6,3.8,3.98,4.23,2.28,3,2.2,43.6,Low
EMP_2512,Product,Autocratic/Micromanagement,3.72,4.26,2.96,3.8,3.48,3,4.2,37.1,Low
EMP_2513,Sales,Supportive,2.85,3.54,2.29,2.88,3.31,5,1.5,35.9,Low
EMP_2514,Sales,Supportive,3.23,3.92,2.15,3.77,3.57,4,0.5,31.9,Low
EMP_2515,Marketing,Democratic,3.6,3.32,2.47,2.89,2.68,3,4.6,33.4,Low
EMP_2516,Product,Autocratic/Micromanagement,3.46,4.53,3.48,4.46,3.41,2,5.5,39.1,Low
EMP_2517,Engineering,Supportive,4.49,3.3,3.62,3.99,2.23,3,1.0,50.5,Moderate
EMP_2518,Sales,Supportive,3.75,3.61,3.68,3.46,2.49,3,0.5,54.0,Moderate
EMP_2519,Marketing,Autocratic/Micromanagement,4.2,3.61,2.01,4.26,2.44,4,2.6,28.8,Low
EMP_2520,Marketing,Supportive,3.61,3.59,3.2,2.55,2.72,3,0.8,47.2,Moderate
EMP_2521,Marketing,Supportive,4.34,4.23,2.38,3.05,1.67,3,1.6,56.9,Moderate
EMP_2522,Engineering,Democratic,3.88,3.61,3.52,3.35,2.52,1,5.3,43.8,Low
EMP_2523,Data Science,Democratic,3.61,4.64,3.58,4.84,3.86,1,0.9,48.4,Moderate
EMP_2524,Data Science,Democratic,3.59,3.31,2.26,2.86,1.83,3,5.7,51.6,Moderate
EMP_2525,HR,Supportive,2.93,3.9,3.97,2.48,1.64,3,3.9,57.8,Moderate
EMP_2526,Data Science,Democratic,3.95,3.33,5.0,2.63,1.7,4,0.9,39.4,Low
EMP_2527,Engineering,Democratic,3.57,4.05,3.87,4.04,4.83,4,2.6,44.6,Low
EMP_2528,Product,Democratic,3.25,3.79,3.07,3.14,3.07,1,3.3,40.5,Low
EMP_2529,Engineering,Democratic,4.37,3.71,2.95,3.4,2.48,3,0.8,48.4,Moderate
EMP_2530,Product,Supportive,2.72,4.51,3.03,3.96,2.75,5,0.5,50.7,Moderate
EMP_2531,Marketing,Supportive,3.3,3.41,2.59,3.41,2.88,3,2.7,48.5,Moderate
EMP_2532,HR,Supportive,4.32,4.15,3.4,3.62,2.19,3,4.1,56.5,Moderate
EMP_2533,Data Science,Supportive,3.82,3.34,2.29,3.82,2.29,3,2.2,48.6,Moderate
EMP_2534,Engineering,Democratic,3.57,3.87,1.69,3.24,2.57,3,0.5,33.5,Low
EMP_2535,Marketing,Autocratic/Micromanagement,3.78,3.08,3.38,3.4,2.12,2,9.1,44.0,Low
EMP_2536,HR,Democratic,3.73,3.4,3.22,3.65,2.38,2,4.2,37.4,Low
EMP_2537,Marketing,Autocratic/Micromanagement,2.54,3.75,2.74,4.02,2.98,2,3.4,50.2,Moderate
EMP_2538,Engineering,Supportive,3.36,4.89,2.17,3.02,1.9,4,3.6,67.7,Moderate
EMP_2539,HR,Democratic,4.73,3.86,3.43,1.69,4.79,3,1.8,32.0,Low
EMP_2540,HR,Supportive,3.14,4.79,2.41,3.91,3.3,5,14.6,42.0,Low
EMP_2541,Marketing,Supportive,3.38,3.93,3.09,4.06,1.68,5,0.5,58.8,Moderate
EMP_2542,HR,Supportive,3.22,3.57,4.61,3.62,1.0,4,4.7,55.4,Moderate
EMP_2543,HR,Democratic,3.54,4.72,3.72,3.66,2.15,4,1.9,39.7,Low
EMP_2544,Marketing,Autocratic/Micromanagement,3.19,4.06,2.1,3.16,3.25,1,7.5,34.9,Low
EMP_2545,Engineering,Supportive,3.94,3.41,2.18,3.8,3.09,4,4.4,39.6,Low
EMP_2546,Sales,Supportive,3.74,4.08,3.32,4.01,2.61,5,2.9,47.0,Moderate
EMP_2547,Engineering,Autocratic/Micromanagement,4.14,3.62,2.1,3.53,2.22,1,9.7,24.7,Low
EMP_2548,Sales,Supportive,2.86,2.61,1.6,4.99,1.98,3,8.5,28.4,Low
EMP_2549,Sales,Autocratic/Micromanagement,3.36,4.36,3.63,2.56,2.38,1,0.5,44.4,Low
EMP_2550,Engineering,Democratic,3.44,4.46,3.46,3.6,1.89,4,0.7,55.2,Moderate
EMP_2551,Data Science,Autocratic/Micromanagement,3.92,4.9,3.56,2.8,2.38,2,3.9,55.5,Moderate
EMP_2552,Engineering,Democratic,3.04,4.05,3.41,4.03,3.76,3,8.9,36.9,Low
EMP_2553,HR,Democratic,4.24,3.65,3.15,2.55,2.08,4,2.0,41.8,Low
EMP_2554,Product,Democratic,4.43,4.3,2.67,2.7,3.19,2,0.5,30.4,Low
EMP_2555,Engineering,Democratic,2.91,4.31,3.61,3.12,3.31,4,3.6,48.3,Moderate
EMP_2556,Product,Democratic,3.26,4.78,4.42,3.66,1.84,1,0.8,33.9,Low
EMP_2557,Sales,Supportive,3.23,3.77,2.8,3.14,2.03,2,2.8,31.5,Low
EMP_2558,Data Science,Democratic,5.0,3.7,2.38,3.15,3.56,3,1.7,33.2,Low
EMP_2559,Engineering,Democratic,3.3,3.37,2.29,3.39,1.96,4,2.9,39.8,Low
EMP_2560,Sales,Autocratic/Micromanagement,4.77,4.12,2.51,3.35,2.65,5,9.4,9.5,Low
EMP_2561,HR,Democratic,2.71,2.87,3.36,4.39,4.33,2,2.3,21.2,Low
EMP_2562,Marketing,Democratic,2.91,4.27,1.49,3.91,3.48,1,0.5,34.1,Low
EMP_2563,Engineering,Supportive,3.12,4.15,3.55,3.31,2.77,5,3.0,62.0,Moderate
EMP_2564,Engineering,Democratic,3.01,4.15,3.72,4.76,3.37,4,1.4,47.5,Moderate
EMP_2565,Sales,Democratic,3.41,3.88,1.76,3.79,2.66,2,5.3,18.5,Low
EMP_2566,Data Science,Autocratic/Micromanagement,3.1,4.72,2.42,2.92,3.51,4,2.2,54.7,Moderate
EMP_2567,Engineering,Autocratic/Micromanagement,3.03,4.32,3.26,3.65,1.06,5,4.7,70.5,Moderate
EMP_2568,Data Science,Supportive,4.41,3.44,3.09,3.82,2.59,1,8.4,39.8,Low
EMP_2569,HR,Autocratic/Micromanagement,4.46,3.45,3.62,3.09,1.03,1,1.6,22.7,Low
EMP_2570,Product,Supportive,4.26,3.27,3.09,2.87,2.83,3,15.0,42.2,Low
EMP_2571,Sales,Supportive,3.97,4.13,4.21,3.55,2.51,4,0.6,59.3,Moderate
EMP_2572,Product,Democratic,3.66,3.2,2.94,3.28,3.79,2,3.6,39.2,Low
EMP_2573,Data Science,Supportive,3.25,4.45,2.41,4.39,3.27,5,0.5,62.9,Moderate
EMP_2574,Sales,Democratic,2.93,4.59,2.35,3.94,2.28,4,0.8,24.0,Low
EMP_2575,Engineering,Supportive,3.85,3.27,3.79,3.12,2.38,4,3.5,49.4,Moderate
EMP_2576,Marketing,Supportive,2.78,3.69,3.22,3.76,3.0,2,0.5,44.9,Low
EMP_2577,Product,Democratic,2.9,3.81,3.71,4.26,2.24,5,0.5,43.6,Low
EMP_2578,Marketing,Democratic,4.41,4.33,3.69,2.66,2.67,3,1.2,42.3,Low
EMP_2579,Data Science,Autocratic/Micromanagement,4.93,4.77,1.58,2.89,3.75,3,3.0,33.1,Low
EMP_2580,Marketing,Democratic,3.88,2.79,2.29,3.49,2.04,5,0.5,29.8,Low
EMP_2581,Engineering,Democratic,4.37,3.61,2.38,3.52,2.34,5,2.3,39.5,Low
EMP_2582,Product,Supportive,3.43,3.64,2.55,3.47,2.45,3,3.4,48.0,Moderate
EMP_2583,Sales,Supportive,2.66,2.96,2.86,3.31,5.0,3,1.8,27.5,Low
EMP_2584,Sales,Supportive,4.03,3.51,4.0,3.3,3.19,1,0.5,58.8,Moderate
EMP_2585,Sales,Democratic,4.0,4.06,4.16,3.73,3.61,5,3.3,48.5,Moderate
EMP_2586,Marketing,Democratic,3.65,3.63,2.97,4.18,3.31,5,3.3,32.6,Low
EMP_2587,Engineering,Democratic,3.43,2.87,3.0,3.21,3.37,3,2.5,39.5,Low
EMP_2588,Marketing,Democratic,4.27,5.0,2.64,4.96,3.08,4,4.1,42.3,Low
EMP_2589,Engineering,Democratic,2.91,3.96,3.27,4.68,2.99,4,0.8,28.4,Low
EMP_2590,Marketing,Supportive,3.06,3.87,3.36,4.3,1.54,2,4.0,46.6,Moderate
EMP_2591,HR,Supportive,2.89,3.14,3.85,3.87,2.99,4,0.6,50.4,Moderate
EMP_2592,HR,Autocratic/Micromanagement,3.66,3.96,3.84,4.7,2.61,3,1.7,37.4,Low
EMP_2593,Sales,Democratic,2.84,3.7,1.36,3.33,3.14,4,0.5,26.0,Low
EMP_2594,Sales,Autocratic/Micromanagement,3.12,2.67,3.08,3.0,2.64,2,6.0,39.3,Low
EMP_2595,Engineering,Supportive,3.11,3.16,4.31,3.18,3.31,4,2.7,48.6,Moderate
EMP_2596,HR,Autocratic/Micromanagement,3.42,4.28,2.85,2.9,3.45,3,12.4,30.7,Low
EMP_2597,Data Science,Supportive,2.56,4.97,4.11,3.57,1.0,1,10.0,72.2,Moderate
EMP_2598,Sales,Supportive,3.66,4.02,2.95,3.68,2.35,2,15.0,36.1,Low
EMP_2599,Data Science,Autocratic/Micromanagement,4.47,4.46,3.34,3.62,1.21,4,0.5,38.1,Low
EMP_2600,Engineering,Supportive,3.69,3.71,2.29,3.49,2.89,2,3.3,52.0,Moderate
EMP_2601,Marketing,Democratic,4.68,3.75,2.32,3.58,2.46,4,1.8,29.5,Low
EMP_2602,Engineering,Supportive,4.53,4.45,3.78,4.54,3.78,3,2.7,59.0,Moderate
EMP_2603,Marketing,Democratic,4.14,4.8,3.91,3.87,2.87,4,1.3,30.6,Low
EMP_2604,Data Science,Autocratic/Micromanagement,3.65,4.58,3.22,4.05,2.31,3,0.5,49.5,Moderate
EMP_2605,Engineering,Supportive,3.62,3.16,2.22,3.61,3.45,3,4.3,49.4,Moderate
EMP_2606,Sales,Democratic,4.13,3.76,3.24,2.53,2.45,2,11.8,33.5,Low
EMP_2607,Engineering,Supportive,3.33,3.97,4.21,2.41,2.3,3,2.7,43.9,Low
EMP_2608,Data Science,Democratic,2.28,3.64,4.59,4.75,3.01,4,1.4,39.4,Low
EMP_2609,Marketing,Supportive,3.94,4.03,2.95,3.18,3.99,4,9.7,36.5,Low
EMP_2610,Engineering,Supportive,2.81,4.29,1.87,3.13,3.38,2,1.6,64.9,Moderate
EMP_2611,HR,Supportive,2.93,4.4,3.87,3.65,3.15,4,8.6,49.0,Moderate
EMP_2612,Engineering,Supportive,3.6,4.81,2.98,3.83,4.9,2,6.8,49.1,Moderate
EMP_2613,Engineering,Autocratic/Micromanagement,3.53,3.6,3.95,3.91,2.11,2,2.6,45.4,Moderate
EMP_2614,Marketing,Supportive,2.61,2.98,3.42,4.56,2.1,3,4.0,40.9,Low
EMP_2615,Data Science,Supportive,3.72,4.01,2.49,4.4,2.82,3,4.2,64.7,Moderate
EMP_2616,Engineering,Democratic,4.28,4.93,3.25,3.01,3.91,4,3.6,41.2,Low
EMP_2617,Data Science,Supportive,2.81,3.51,4.25,4.08,1.95,5,0.6,48.6,Moderate
EMP_2618,Data Science,Democratic,4.49,4.21,3.08,3.27,4.1,2,4.1,44.3,Low
EMP_2619,HR,Autocratic/Micromanagement,2.51,4.22,2.37,3.42,1.55,4,0.5,49.4,Moderate
EMP_2620,Data Science,Democratic,5.0,3.91,1.93,2.84,2.6,5,4.3,35.8,Low
EMP_2621,HR,Autocratic/Micromanagement,3.31,3.8,2.58,2.48,2.84,2,2.8,36.8,Low
EMP_2622,Product,Democratic,3.7,3.25,2.87,3.48,1.99,3,1.1,38.9,Low
EMP_2623,Sales,Supportive,2.28,2.43,3.86,2.93,2.2,2,5.7,45.2,Moderate
EMP_2624,Product,Democratic,3.56,3.13,2.3,4.06,3.34,4,1.8,29.8,Low
EMP_2625,Data Science,Democratic,3.76,3.57,4.44,3.33,3.85,4,2.3,34.2,Low
EMP_2626,Product,Democratic,3.54,4.46,2.13,3.69,1.01,4,0.5,45.3,Moderate
EMP_2627,Engineering,Autocratic/Micromanagement,3.21,3.74,5.0,4.32,2.84,3,1.8,41.0,Low
EMP_2628,Marketing,Democratic,2.94,3.49,4.58,2.61,2.61,4,0.6,37.0,Low
EMP_2629,Sales,Autocratic/Micromanagement,4.39,3.27,3.31,3.07,2.79,1,1.1,18.4,Low
EMP_2630,Data Science,Autocratic/Micromanagement,3.62,4.19,1.88,3.61,2.45,5,1.0,57.8,Moderate
EMP_2631,Marketing,Democratic,4.68,4.62,3.16,3.69,1.67,2,0.5,40.6,Low
EMP_2632,Marketing,Democratic,3.23,4.44,2.89,4.16,3.93,2,2.2,25.1,Low
EMP_2633,Engineering,Supportive,3.3,4.16,2.18,4.02,3.63,5,2.6,62.9,Moderate
EMP_2634,Engineering,Autocratic/Micromanagement,4.17,2.91,3.43,3.56,2.62,5,3.0,16.8,Low
EMP_2635,Marketing,Democratic,2.46,3.59,2.54,3.68,2.31,4,2.2,39.9,Low
EMP_2636,Marketing,Supportive,2.75,4.97,2.63,3.7,2.21,2,7.1,46.9,Moderate
EMP_2637,Product,Supportive,4.37,4.47,3.04,2.62,1.0,5,0.5,50.6,Moderate
EMP_2638,HR,Democratic,2.78,2.88,2.74,3.41,2.98,4,3.3,27.1,Low
EMP_2639,Product,Supportive,2.33,3.77,4.86,3.65,3.32,4,7.0,46.8,Moderate
EMP_2640,Marketing,Supportive,4.91,4.02,2.77,3.78,2.81,5,0.5,30.4,Low
EMP_2641,Data Science,Democratic,2.62,3.34,3.55,2.95,2.63,2,2.4,44.7,Low
EMP_2642,Engineering,Supportive,3.73,2.41,3.32,2.74,2.81,3,3.1,37.5,Low
EMP_2643,HR,Democratic,3.65,3.86,3.48,3.36,2.02,4,0.7,36.4,Low
EMP_2644,Marketing,Supportive,1.63,3.33,3.54,4.68,2.3,3,1.0,57.6,Moderate
EMP_2645,Engineering,Supportive,3.41,3.33,3.91,3.01,2.57,1,5.4,58.7,Moderate
EMP_2646,Data Science,Democratic,3.91,3.59,3.41,4.2,3.26,2,2.9,34.0,Low
EMP_2647,Product,Democratic,3.85,3.72,3.38,4.45,3.8,4,1.3,35.0,Low
EMP_2648,Sales,Supportive,4.23,3.79,3.25,3.53,2.52,3,5.1,49.3,Moderate
EMP_2649,Sales,Supportive,3.33,3.27,3.09,3.09,1.86,2,4.8,59.2,Moderate
EMP_2650,Sales,Democratic,4.1,3.67,2.47,3.81,2.73,3,1.5,15.8,Low
EMP_2651,Engineering,Supportive,3.12,2.75,3.15,3.62,4.31,2,2.3,39.5,Low
EMP_2652,Data Science,Supportive,2.61,3.99,3.39,2.98,1.93,1,3.8,55.9,Moderate
EMP_2653,Data Science,Supportive,2.69,2.09,3.52,3.1,3.41,2,1.5,33.7,Low
EMP_2654,Engineering,Autocratic/Micromanagement,2.58,3.63,3.34,3.77,3.77,5,3.5,32.8,Low
EMP_2655,HR,Autocratic/Micromanagement,4.31,4.35,3.01,4.06,2.41,1,1.0,28.1,Low
EMP_2656,Sales,Autocratic/Micromanagement,2.54,3.16,3.15,3.31,2.14,4,1.2,41.5,Low
EMP_2657,HR,Democratic,3.79,4.23,2.76,3.46,3.16,4,1.3,36.3,Low
EMP_2658,Product,Democratic,3.41,4.49,3.45,3.9,2.98,4,9.6,40.1,Low
EMP_2659,Engineering,Democratic,3.53,1.82,3.02,3.4,3.26,2,6.3,20.0,Low
EMP_2660,Marketing,Democratic,4.55,3.71,3.34,3.32,4.36,5,2.9,30.6,Low
EMP_2661,Sales,Supportive,3.29,2.07,4.0,3.05,2.83,3,2.9,55.3,Moderate
EMP_2662,Product,Democratic,4.03,3.73,2.63,3.04,1.75,2,0.5,56.8,Moderate
EMP_2663,Engineering,Autocratic/Micromanagement,3.63,3.8,3.68,5.0,2.75,3,3.7,35.3,Low
EMP_2664,Marketing,Democratic,3.49,2.31,3.23,3.38,2.89,2,1.4,40.6,Low
EMP_2665,Marketing,Supportive,5.0,4.95,4.82,4.32,3.71,3,3.3,52.8,Moderate
EMP_2666,Data Science,Supportive,2.59,3.97,3.03,4.51,2.54,3,6.4,41.9,Low
EMP_2667,Engineering,Democratic,4.5,3.29,3.76,3.39,2.37,3,0.5,42.4,Low
EMP_2668,Marketing,Democratic,4.06,4.68,3.21,3.72,1.6,4,3.3,42.9,Low
EMP_2669,Marketing,Autocratic/Micromanagement,3.26,2.72,2.09,3.56,3.14,5,2.9,44.8,Low
EMP_2670,Data Science,Supportive,4.74,3.06,2.78,2.53,5.0,3,0.8,33.0,Low
EMP_2671,Marketing,Autocratic/Micromanagement,2.31,2.42,3.9,2.57,2.52,3,3.6,34.9,Low
EMP_2672,Data Science,Democratic,3.23,4.88,2.85,3.53,3.06,4,2.8,51.0,Moderate
EMP_2673,Marketing,Autocratic/Micromanagement,2.75,4.0,1.42,3.25,2.26,3,5.1,37.4,Low
EMP_2674,Engineering,Democratic,3.89,4.2,3.17,4.63,1.67,3,0.5,55.2,Moderate
EMP_2675,Product,Democratic,2.82,3.98,2.33,3.36,3.05,5,2.1,46.4,Moderate
EMP_2676,Data Science,Democratic,3.9,4.14,3.31,4.67,2.72,5,15.0,53.4,Moderate
EMP_2677,Data Science,Democratic,3.47,3.85,4.44,3.21,1.0,4,4.1,41.6,Low
EMP_2678,Engineering,Autocratic/Micromanagement,3.26,3.96,3.82,4.65,3.99,2,4.0,30.1,Low
EMP_2679,Engineering,Supportive,3.87,3.86,4.43,3.8,3.03,3,1.3,48.4,Moderate
EMP_2680,Sales,Supportive,3.41,3.43,2.75,3.84,2.76,3,0.5,34.3,Low
EMP_2681,Data Science,Autocratic/Micromanagement,2.84,3.77,3.09,3.19,2.36,3,10.4,36.5,Low
EMP_2682,HR,Democratic,5.0,3.96,2.36,3.85,3.02,3,0.5,28.3,Low
EMP_2683,Engineering,Democratic,3.26,3.87,2.65,4.52,3.06,3,15.0,36.0,Low
EMP_2684,Data Science,Democratic,2.05,2.91,2.46,3.41,3.02,3,0.5,36.0,Low
EMP_2685,Data Science,Supportive,3.01,2.99,2.15,3.3,3.55,2,0.7,40.8,Low
EMP_2686,Engineering,Autocratic/Micromanagement,2.71,4.45,4.29,3.35,3.74,5,1.3,54.6,Moderate
EMP_2687,Engineering,Democratic,4.18,3.62,1.53,4.47,4.3,5,2.5,33.5,Low
EMP_2688,Sales,Supportive,3.83,4.15,4.3,4.01,2.03,4,5.5,63.5,Moderate
EMP_2689,Sales,Supportive,3.88,3.14,4.2,4.37,2.24,3,12.4,60.1,Moderate
EMP_2690,Sales,Autocratic/Micromanagement,3.34,2.92,3.6,3.69,2.99,3,1.6,45.2,Moderate
EMP_2691,Sales,Supportive,3.4,3.29,2.31,3.52,2.08,4,0.5,29.9,Low
EMP_2692,Sales,Autocratic/Micromanagement,3.34,3.67,1.93,3.75,2.21,4,3.4,22.6,Low
EMP_2693,Engineering,Supportive,3.54,3.4,2.76,4.14,3.08,4,4.3,43.9,Low
EMP_2694,Sales,Democratic,4.18,4.58,3.7,3.35,3.42,2,1.8,36.1,Low
EMP_2695,Product,Autocratic/Micromanagement,3.84,3.91,3.2,4.32,3.72,4,0.7,36.6,Low
EMP_2696,Sales,Democratic,3.95,4.91,2.37,3.72,2.55,5,1.3,16.8,Low
EMP_2697,Marketing,Democratic,3.95,4.04,4.12,2.06,3.07,1,3.7,32.8,Low
EMP_2698,Data Science,Democratic,4.22,2.35,4.55,4.03,2.89,3,2.4,24.2,Low
EMP_2699,HR,Supportive,3.8,4.43,3.02,2.74,2.71,3,4.8,44.5,Low
EMP_2700,HR,Supportive,3.85,2.89,3.29,4.02,2.05,4,0.9,48.8,Moderate
EMP_2701,Sales,Autocratic/Micromanagement,4.43,3.94,1.99,4.04,1.95,1,6.5,9.1,Low
EMP_2702,Product,Autocratic/Micromanagement,3.13,3.34,2.87,3.7,3.23,5,0.6,30.6,Low
EMP_2703,Engineering,Democratic,3.0,5.0,3.61,3.83,2.03,1,1.4,57.3,Moderate
EMP_2704,Engineering,Supportive,2.77,4.66,3.48,4.16,1.28,5,3.1,72.3,Moderate
EMP_2705,HR,Supportive,3.73,3.35,2.79,3.2,2.67,1,4.7,48.2,Moderate
EMP_2706,HR,Supportive,2.3,3.72,2.98,3.98,3.86,2,1.1,49.8,Moderate
EMP_2707,Engineering,Democratic,3.92,3.95,2.84,4.2,1.0,5,10.4,49.1,Moderate
EMP_2708,Data Science,Autocratic/Micromanagement,3.52,4.32,2.98,4.56,2.47,5,4.3,53.7,Moderate
EMP_2709,Engineering,Democratic,4.39,3.82,3.54,2.84,3.24,5,0.9,33.8,Low
EMP_2710,Data Science,Autocratic/Micromanagement,3.13,3.19,1.63,3.75,1.24,2,4.5,53.2,Moderate
EMP_2711,HR,Supportive,3.46,3.37,3.14,2.92,2.53,3,4.2,45.3,Moderate
EMP_2712,Sales,Supportive,4.39,3.8,3.48,2.9,1.79,1,4.9,50.6,Moderate
EMP_2713,Data Science,Supportive,4.57,4.54,2.74,3.72,1.89,2,8.7,64.4,Moderate
EMP_2714,Data Science,Democratic,3.12,4.06,2.82,3.55,2.38,2,4.4,56.3,Moderate
EMP_2715,Engineering,Supportive,3.73,3.34,2.84,4.19,1.8,1,1.5,63.2,Moderate
EMP_2716,Data Science,Autocratic/Micromanagement,3.81,4.19,2.82,3.29,1.73,5,5.5,58.4,Moderate
EMP_2717,Marketing,Supportive,3.86,3.57,3.2,3.42,2.65,2,4.2,46.5,Moderate
EMP_2718,Product,Autocratic/Micromanagement,3.42,4.33,3.3,3.63,4.48,4,3.0,30.8,Low
EMP_2719,HR,Democratic,4.5,5.0,1.52,2.98,3.31,4,1.5,28.5,Low
EMP_2720,Engineering,Autocratic/Micromanagement,2.28,3.58,3.72,3.07,3.51,2,8.9,33.3,Low
EMP_2721,Product,Democratic,3.31,4.28,2.97,4.17,3.34,5,2.5,43.5,Low
EMP_2722,HR,Autocratic/Micromanagement,3.91,3.35,4.75,3.17,2.14,3,3.5,43.7,Low
EMP_2723,HR,Supportive,3.92,3.73,2.25,4.21,2.95,5,1.9,52.9,Moderate
EMP_2724,Sales,Democratic,4.55,3.82,2.51,3.86,3.58,5,5.3,24.0,Low
EMP_2725,Data Science,Autocratic/Micromanagement,4.44,3.68,3.04,2.57,3.36,5,1.5,13.3,Low
EMP_2726,Data Science,Supportive,3.4,5.0,3.53,3.82,2.86,4,5.8,71.7,Moderate
EMP_2727,Engineering,Supportive,4.51,3.62,1.64,3.81,3.12,3,0.5,37.1,Low
EMP_2728,Engineering,Democratic,3.1,4.15,2.54,3.75,4.67,2,4.3,45.6,Moderate
EMP_2729,Engineering,Autocratic/Micromanagement,4.25,2.64,3.67,3.41,3.37,4,2.3,6.5,Low
EMP_2730,Sales,Democratic,4.87,4.06,2.44,2.94,2.45,3,4.2,15.4,Low
EMP_2731,Marketing,Democratic,4.45,4.49,4.3,4.31,2.64,5,2.7,42.8,Low
EMP_2732,Sales,Supportive,3.67,3.48,2.84,3.44,1.86,4,0.5,33.2,Low
EMP_2733,Engineering,Supportive,3.37,2.29,2.48,2.97,4.58,3,2.3,30.6,Low
EMP_2734,Product,Autocratic/Micromanagement,2.53,3.78,3.69,3.77,3.98,1,11.7,21.2,Low
EMP_2735,Product,Supportive,3.82,3.81,4.49,3.05,2.77,2,4.9,47.1,Moderate
EMP_2736,HR,Democratic,2.82,4.23,3.53,2.93,4.44,4,1.2,23.9,Low
EMP_2737,Product,Autocratic/Micromanagement,3.04,5.0,4.21,3.27,3.21,1,10.1,33.9,Low
EMP_2738,Sales,Supportive,2.77,3.57,4.54,3.1,2.36,4,5.3,69.1,Moderate
EMP_2739,Product,Democratic,3.28,3.29,2.46,2.95,3.43,4,1.6,43.5,Low
EMP_2740,Engineering,Supportive,3.58,3.1,3.95,3.98,3.02,2,3.2,49.0,Moderate
EMP_2741,Data Science,Democratic,3.79,3.92,1.98,3.43,3.37,4,1.9,26.9,Low
EMP_2742,Engineering,Supportive,3.18,4.09,3.54,4.25,1.6,4,0.5,61.8,Moderate
EMP_2743,Engineering,Democratic,4.35,3.47,3.14,2.99,2.05,3,5.7,41.6,Low
EMP_2744,Engineering,Supportive,3.45,4.27,4.19,2.46,3.89,5,0.7,53.5,Moderate
EMP_2745,Marketing,Democratic,3.05,4.08,4.14,3.59,4.05,2,2.1,35.1,Low
EMP_2746,HR,Democratic,3.76,3.83,3.66,4.61,3.83,3,4.2,41.1,Low
EMP_2747,Sales,Supportive,4.97,3.26,3.44,3.82,4.47,5,9.4,35.0,Low
EMP_2748,Engineering,Democratic,3.83,3.51,3.61,5.0,3.16,3,0.5,31.3,Low
EMP_2749,HR,Supportive,3.35,2.34,3.25,3.7,3.11,3,1.7,40.1,Low
EMP_2750,Marketing,Democratic,2.53,3.94,3.15,3.64,1.97,4,3.3,39.9,Low
EMP_2751,Data Science,Supportive,3.45,3.82,4.35,2.21,2.24,4,5.3,50.2,Moderate
EMP_2752,Marketing,Democratic,3.76,3.91,4.45,3.76,1.11,1,8.9,45.1,Moderate
EMP_2753,Data Science,Supportive,3.33,4.1,3.09,3.6,2.44,3,0.5,68.5,Moderate
EMP_2754,Data Science,Democratic,2.43,4.03,3.39,3.26,1.05,3,3.5,62.2,Moderate
EMP_2755,Product,Supportive,3.0,3.73,3.27,3.42,3.56,4,0.5,43.7,Low
EMP_2756,Data Science,Democratic,4.62,3.83,1.91,3.46,3.01,4,5.4,36.7,Low
EMP_2757,Sales,Supportive,4.6,2.96,2.93,3.39,1.08,4,0.6,40.6,Low
EMP_2758,Product,Autocratic/Micromanagement,2.98,3.45,4.48,4.75,2.55,4,7.9,38.2,Low
EMP_2759,Marketing,Autocratic/Micromanagement,4.07,3.83,2.6,3.28,4.27,3,0.6,9.4,Low
EMP_2760,Engineering,Supportive,2.77,3.36,4.89,3.6,2.6,2,5.1,42.3,Low
EMP_2761,Engineering,Democratic,4.58,4.32,4.14,3.26,1.9,3,1.2,57.2,Moderate
EMP_2762,Engineering,Supportive,3.77,3.4,3.52,3.97,1.27,2,2.9,51.8,Moderate
EMP_2763,Marketing,Supportive,4.26,3.93,3.65,3.61,1.3,4,3.3,56.8,Moderate
EMP_2764,Sales,Democratic,2.4,3.87,2.47,3.33,3.13,4,0.8,21.3,Low
EMP_2765,Engineering,Democratic,4.07,4.25,2.99,2.34,2.35,2,1.2,54.5,Moderate
EMP_2766,Product,Democratic,3.59,4.34,4.35,3.65,2.42,5,0.5,44.0,Low
EMP_2767,Sales,Supportive,4.2,4.22,2.71,3.31,2.36,3,0.5,27.4,Low
EMP_2768,Engineering,Supportive,4.24,2.54,4.05,3.46,2.59,2,1.0,57.2,Moderate
EMP_2769,Sales,Supportive,3.65,4.52,2.1,2.79,1.72,2,2.5,26.3,Low
EMP_2770,Marketing,Democratic,3.18,4.72,2.24,4.36,2.95,3,4.4,44.0,Low
EMP_2771,Engineering,Democratic,4.15,3.51,4.72,4.01,1.56,3,5.5,44.0,Low
EMP_2772,Data Science,Democratic,3.56,3.94,3.19,4.36,2.1,5,0.5,37.9,Low
EMP_2773,HR,Supportive,2.99,3.27,2.77,4.19,3.51,3,1.1,36.8,Low
EMP_2774,Sales,Supportive,2.96,2.63,4.29,3.86,3.0,5,5.1,55.5,Moderate
EMP_2775,Sales,Supportive,2.57,3.36,4.2,2.81,3.25,2,2.3,56.6,Moderate
EMP_2776,Sales,Supportive,3.24,3.48,3.94,4.61,4.42,4,0.7,41.1,Low
EMP_2777,Engineering,Supportive,4.37,3.59,2.74,2.94,2.65,5,1.7,55.3,Moderate
EMP_2778,Engineering,Autocratic/Micromanagement,3.72,3.22,2.97,3.34,2.72,3,1.1,38.1,Low
EMP_2779,Sales,Autocratic/Micromanagement,3.23,3.36,3.45,3.92,2.49,2,0.5,40.4,Low
EMP_2780,Engineering,Democratic,4.16,3.79,3.76,3.95,2.35,3,5.0,41.2,Low
EMP_2781,Engineering,Democratic,3.02,3.34,2.79,3.84,1.89,5,1.2,39.9,Low
EMP_2782,HR,Supportive,3.67,4.13,3.34,3.26,2.77,4,10.2,46.6,Moderate
EMP_2783,Product,Autocratic/Micromanagement,3.47,4.21,3.41,3.14,2.98,4,7.7,36.1,Low
EMP_2784,HR,Supportive,4.15,5.0,4.23,5.0,3.03,4,4.4,49.5,Moderate
EMP_2785,Product,Autocratic/Micromanagement,2.5,4.48,3.8,3.48,2.75,1,1.4,33.1,Low
EMP_2786,Engineering,Democratic,3.0,3.95,1.99,3.4,3.44,3,1.1,32.0,Low
EMP_2787,Product,Supportive,2.45,3.43,3.03,3.07,2.72,1,2.3,49.5,Moderate
EMP_2788,Engineering,Autocratic/Micromanagement,3.42,3.98,2.46,3.65,2.37,3,1.5,34.0,Low
EMP_2789,Product,Supportive,4.45,4.0,3.65,3.62,1.96,5,8.1,51.7,Moderate
EMP_2790,Product,Democratic,3.25,3.49,3.94,3.49,1.46,4,0.5,40.7,Low
EMP_2791,Marketing,Democratic,3.24,4.27,3.28,3.73,3.87,5,4.5,35.1,Low
EMP_2792,Product,Supportive,4.21,2.96,2.99,4.56,2.14,2,3.3,57.2,Moderate
EMP_2793,Sales,Democratic,4.35,3.65,3.26,3.14,1.96,3,5.7,38.5,Low
EMP_2794,Data Science,Democratic,3.54,4.13,3.37,3.53,2.37,5,2.7,58.1,Moderate
EMP_2795,Sales,Democratic,4.08,3.63,2.69,3.11,2.48,2,3.5,24.8,Low
EMP_2796,Sales,Supportive,2.85,3.68,2.23,3.68,4.01,2,11.5,25.0,Low
EMP_2797,Engineering,Autocratic/Micromanagement,4.56,3.72,1.56,3.16,2.44,3,0.5,21.1,Low
EMP_2798,Marketing,Supportive,5.0,3.3,4.21,3.18,4.81,3,0.5,44.8,Low
EMP_2799,Product,Supportive,3.96,4.5,3.6,2.62,2.75,5,1.8,46.8,Moderate
EMP_2800,Engineering,Supportive,2.14,3.19,3.49,3.56,4.35,3,2.2,47.0,Moderate
EMP_2801,HR,Supportive,3.21,3.99,4.21,3.76,3.42,5,0.8,44.0,Low
EMP_2802,Product,Supportive,4.03,4.05,2.2,4.62,2.99,5,0.5,39.5,Low
EMP_2803,Product,Autocratic/Micromanagement,3.3,3.23,1.81,3.78,3.96,2,0.5,31.4,Low
EMP_2804,Product,Supportive,4.49,3.84,3.51,3.23,3.6,4,5.1,36.3,Low
EMP_2805,Sales,Supportive,4.01,3.25,3.43,2.68,3.21,3,2.3,44.0,Low
EMP_2806,Product,Supportive,3.11,4.63,1.81,2.77,4.55,1,6.5,37.7,Low
EMP_2807,HR,Democratic,3.62,3.12,3.49,2.72,2.3,5,1.6,48.7,Moderate
EMP_2808,Engineering,Autocratic/Micromanagement,2.97,3.41,2.88,4.63,1.9,3,4.3,49.5,Moderate
EMP_2809,Sales,Supportive,3.47,3.07,2.55,3.67,2.16,3,2.3,35.7,Low
EMP_2810,Marketing,Supportive,3.21,2.99,2.93,3.15,4.1,3,3.3,47.6,Moderate
EMP_2811,Engineering,Supportive,4.42,4.75,1.25,2.92,3.86,2,1.6,55.6,Moderate
EMP_2812,Marketing,Supportive,5.0,4.13,2.73,2.99,2.28,3,0.5,42.6,Low
EMP_2813,Marketing,Supportive,2.6,3.88,2.64,3.13,1.0,3,10.3,58.1,Moderate
EMP_2814,Engineering,Democratic,2.25,3.41,3.65,4.29,2.54,3,6.3,40.4,Low
EMP_2815,Sales,Supportive,3.43,4.34,3.07,3.48,1.89,5,1.3,46.8,Moderate
EMP_2816,HR,Democratic,2.54,3.31,3.71,2.63,2.3,3,11.2,35.2,Low
EMP_2817,Sales,Supportive,3.63,4.28,1.16,4.89,1.86,1,1.3,41.3,Low
EMP_2818,Engineering,Autocratic/Micromanagement,4.12,3.28,2.53,2.82,1.41,2,2.0,17.2,Low
EMP_2819,Engineering,Autocratic/Micromanagement,4.65,3.41,3.64,3.15,4.21,4,4.9,15.8,Low
EMP_2820,Data Science,Democratic,3.74,4.25,2.95,4.29,2.15,4,1.3,53.8,Moderate
EMP_2821,Product,Supportive,3.46,4.32,3.88,3.75,3.83,5,1.4,45.6,Moderate
EMP_2822,Engineering,Supportive,2.22,4.16,1.76,3.22,2.52,4,1.8,68.6,Moderate
EMP_2823,Marketing,Democratic,3.62,3.17,3.78,2.76,1.8,2,2.2,37.5,Low
EMP_2824,Engineering,Democratic,3.65,3.53,2.69,2.92,3.11,2,0.5,30.3,Low
EMP_2825,Data Science,Democratic,4.05,3.89,2.61,2.96,2.39,3,0.5,46.6,Moderate
EMP_2826,HR,Autocratic/Micromanagement,3.1,3.29,3.99,3.5,2.53,4,8.8,38.3,Low
EMP_2827,Marketing,Autocratic/Micromanagement,3.3,4.62,4.13,3.61,2.82,2,1.5,38.9,Low
EMP_2828,Engineering,Supportive,2.57,2.36,4.03,3.41,2.05,4,0.5,40.3,Low
EMP_2829,Sales,Democratic,2.0,3.33,4.83,3.48,1.4,5,5.0,50.9,Moderate
EMP_2830,Engineering,Supportive,2.82,3.49,4.21,2.87,2.66,4,1.2,52.5,Moderate
EMP_2831,Sales,Supportive,2.5,2.09,2.56,3.68,3.47,4,0.7,32.6,Low
EMP_2832,Marketing,Democratic,3.84,2.96,3.31,4.27,1.98,4,11.5,48.4,Moderate
EMP_2833,Engineering,Supportive,3.24,4.18,2.91,3.4,2.82,2,8.9,69.6,Moderate
EMP_2834,Data Science,Autocratic/Micromanagement,3.22,3.82,4.82,3.39,3.9,2,0.5,32.8,Low
EMP_2835,Data Science,Supportive,2.91,4.74,4.08,3.55,2.63,1,8.0,66.9,Moderate
EMP_2836,Product,Democratic,1.34,4.73,3.05,4.17,2.77,2,7.8,37.8,Low
EMP_2837,Product,Democratic,4.66,4.06,3.9,2.96,2.74,5,3.5,38.4,Low
EMP_2838,Engineering,Democratic,2.9,3.99,2.21,4.37,2.15,2,2.6,34.7,Low
EMP_2839,HR,Supportive,3.31,3.84,3.4,3.75,1.91,4,0.9,50.3,Moderate
EMP_2840,Data Science,Autocratic/Micromanagement,2.58,2.21,2.45,3.52,1.91,4,0.5,17.4,Low
EMP_2841,Data Science,Democratic,4.28,2.96,1.85,4.23,2.99,4,3.3,35.9,Low
EMP_2842,HR,Democratic,3.7,3.86,3.83,2.79,3.31,4,6.0,41.7,Low
EMP_2843,Product,Supportive,3.02,4.17,3.93,3.81,3.34,3,4.1,48.9,Moderate
EMP_2844,Product,Democratic,3.33,3.97,3.57,3.76,2.4,3,0.7,39.8,Low
EMP_2845,Sales,Autocratic/Micromanagement,4.77,3.26,3.05,2.94,3.57,5,1.2,14.9,Low
EMP_2846,Data Science,Democratic,3.55,4.36,2.19,3.78,2.95,1,2.8,49.0,Moderate
EMP_2847,HR,Autocratic/Micromanagement,3.47,4.69,2.27,3.67,2.76,1,3.4,33.0,Low
EMP_2848,Data Science,Democratic,2.94,4.36,2.42,3.39,1.0,3,0.5,64.6,Moderate
EMP_2849,Sales,Supportive,2.27,4.39,3.01,4.02,2.05,3,3.3,43.1,Low
EMP_2850,Data Science,Supportive,3.49,3.46,4.06,3.16,1.48,3,4.7,45.5,Moderate
EMP_2851,Marketing,Supportive,3.83,4.45,4.05,3.66,3.2,5,0.7,50.1,Moderate
EMP_2852,Engineering,Democratic,4.37,3.89,1.88,3.42,2.78,4,1.0,38.5,Low
EMP_2853,Engineering,Autocratic/Micromanagement,2.03,4.11,2.65,3.13,1.84,5,1.0,56.9,Moderate
EMP_2854,Product,Supportive,2.81,4.02,2.62,3.8,2.94,3,9.8,47.8,Moderate
EMP_2855,Engineering,Democratic,3.19,3.73,1.17,3.38,1.56,2,1.8,53.0,Moderate
EMP_2856,Sales,Democratic,3.6,3.28,3.65,2.62,1.86,4,2.6,41.9,Low
EMP_2857,Engineering,Democratic,3.5,3.75,3.0,2.42,2.13,5,4.5,41.9,Low
EMP_2858,Engineering,Supportive,3.51,4.39,3.11,3.97,3.13,3,1.6,71.2,Moderate
EMP_2859,Engineering,Supportive,3.89,3.54,4.28,2.77,3.82,5,0.5,42.5,Low
EMP_2860,Engineering,Supportive,2.97,4.34,3.27,3.67,2.23,5,3.7,73.6,Moderate
EMP_2861,Product,Supportive,4.25,4.24,2.86,3.53,3.76,3,3.9,32.5,Low
EMP_2862,Data Science,Supportive,3.9,3.62,3.66,3.28,2.74,2,1.1,41.9,Low
EMP_2863,Product,Supportive,3.38,4.63,4.05,4.67,2.89,3,0.5,43.7,Low
EMP_2864,Sales,Democratic,4.72,3.59,3.44,3.61,2.65,5,3.8,41.0,Low
EMP_2865,Sales,Supportive,4.69,4.71,3.75,3.95,2.54,3,4.3,57.4,Moderate
EMP_2866,Sales,Autocratic/Micromanagement,4.25,4.06,3.08,3.67,3.05,4,0.5,15.3,Low
EMP_2867,Sales,Supportive,1.49,3.79,3.13,3.36,3.29,4,4.1,50.1,Moderate
EMP_2868,HR,Supportive,4.71,3.27,3.29,3.49,1.99,2,9.8,62.2,Moderate
EMP_2869,Data Science,Supportive,4.16,3.75,2.6,4.38,2.55,4,0.7,56.3,Moderate
EMP_2870,Data Science,Supportive,5.0,3.68,2.75,4.15,4.04,3,2.6,39.8,Low
EMP_2871,Product,Autocratic/Micromanagement,4.47,3.05,4.3,4.67,2.84,5,4.2,23.6,Low
EMP_2872,Product,Supportive,4.7,3.67,4.81,3.63,2.93,4,0.9,48.5,Moderate
EMP_2873,Product,Autocratic/Micromanagement,4.22,3.32,4.47,2.97,3.63,5,4.9,12.4,Low
EMP_2874,Sales,Autocratic/Micromanagement,4.54,4.15,2.14,3.24,2.3,2,7.1,8.8,Low
EMP_2875,HR,Democratic,5.0,4.58,2.06,2.79,2.67,1,5.9,35.6,Low
EMP_2876,Sales,Democratic,3.75,3.06,2.25,3.96,3.35,5,1.0,20.5,Low
EMP_2877,Sales,Democratic,2.5,4.83,3.31,3.15,3.69,3,5.7,26.5,Low
EMP_2878,Engineering,Supportive,3.38,3.72,1.0,1.67,1.0,2,1.9,46.7,Moderate
EMP_2879,Sales,Democratic,3.87,3.21,2.73,4.98,2.11,1,1.1,24.1,Low
EMP_2880,Engineering,Supportive,3.65,4.25,4.33,3.16,1.9,3,0.6,68.0,Moderate
EMP_2881,Data Science,Supportive,2.73,3.53,3.99,3.15,2.6,2,8.4,42.7,Low
EMP_2882,Product,Democratic,2.46,3.75,2.79,4.5,1.96,4,1.9,43.8,Low
EMP_2883,Engineering,Democratic,3.08,3.56,2.85,2.78,3.23,4,7.0,35.7,Low
EMP_2884,Engineering,Autocratic/Micromanagement,4.17,3.31,3.65,4.18,2.84,3,0.6,22.5,Low
EMP_2885,Engineering,Supportive,4.71,4.23,3.95,3.15,3.41,5,5.1,64.4,Moderate
EMP_2886,Product,Autocratic/Micromanagement,4.24,3.63,2.77,2.71,3.46,2,0.5,23.1,Low
EMP_2887,Sales,Supportive,4.34,2.94,3.01,4.52,3.24,3,0.5,48.4,Moderate
EMP_2888,Sales,Supportive,3.54,4.13,2.75,4.05,2.43,2,15.0,32.6,Low
EMP_2889,HR,Supportive,2.38,3.08,2.13,4.05,2.78,5,0.5,48.4,Moderate
EMP_2890,HR,Democratic,3.28,3.11,3.02,3.72,2.33,5,2.2,51.2,Moderate
EMP_2891,Data Science,Supportive,3.42,4.52,2.96,3.86,1.61,3,7.4,72.7,Moderate
EMP_2892,Marketing,Democratic,3.25,3.08,2.19,2.76,3.46,3,6.0,34.8,Low
EMP_2893,HR,Autocratic/Micromanagement,3.64,2.41,3.72,3.57,2.63,3,2.2,37.4,Low
EMP_2894,Marketing,Democratic,3.91,4.17,3.59,2.94,1.5,5,3.3,40.3,Low
EMP_2895,Engineering,Democratic,4.2,3.62,3.76,2.67,3.13,4,3.5,30.0,Low
EMP_2896,Product,Autocratic/Micromanagement,3.41,3.67,2.59,3.75,2.52,5,0.5,47.2,Moderate
EMP_2897,Sales,Democratic,2.27,3.61,1.61,4.19,1.05,2,1.2,32.7,Low
EMP_2898,Data Science,Democratic,3.26,3.94,3.57,3.27,1.6,3,1.3,36.5,Low
EMP_2899,Sales,Supportive,3.63,3.35,2.67,3.37,2.14,4,1.7,34.7,Low
EMP_2900,Engineering,Autocratic/Micromanagement,4.46,4.69,2.49,2.82,2.87,5,1.1,40.4,Low
EMP_2901,Engineering,Democratic,3.2,2.91,2.19,3.5,3.33,3,1.0,32.8,Low
EMP_2902,HR,Supportive,3.96,4.07,2.98,3.96,3.3,3,1.5,41.1,Low
EMP_2903,Engineering,Supportive,3.8,4.19,4.46,3.97,3.18,5,1.7,62.5,Moderate
EMP_2904,Sales,Autocratic/Micromanagement,3.63,3.34,2.8,3.83,2.67,1,2.3,26.3,Low
EMP_2905,Sales,Supportive,4.25,3.19,2.33,3.13,4.08,3,0.7,24.4,Low
EMP_2906,Engineering,Autocratic/Micromanagement,3.14,4.41,3.72,3.11,3.26,3,5.4,47.3,Moderate
EMP_2907,Product,Supportive,3.2,3.21,3.34,3.98,2.88,2,6.9,49.3,Moderate
EMP_2908,Engineering,Autocratic/Micromanagement,3.59,3.44,1.5,3.99,3.15,3,1.0,30.2,Low
EMP_2909,Data Science,Supportive,3.15,4.33,3.73,3.4,2.38,4,0.5,61.6,Moderate
EMP_2910,Data Science,Democratic,3.96,3.82,4.9,3.24,2.65,3,4.5,37.5,Low
EMP_2911,Engineering,Autocratic/Micromanagement,3.1,2.72,1.12,4.2,1.03,3,9.0,49.1,Moderate
EMP_2912,Engineering,Democratic,3.76,4.85,2.21,3.28,2.39,4,0.5,52.1,Moderate
EMP_2913,Marketing,Democratic,3.53,3.48,1.0,3.95,4.11,5,0.5,34.3,Low
EMP_2914,Product,Supportive,3.75,3.56,3.14,3.42,2.82,4,0.7,53.1,Moderate
EMP_2915,Engineering,Supportive,3.28,3.95,3.99,2.87,2.79,5,4.0,44.9,Low
EMP_2916,Marketing,Supportive,3.36,4.18,3.28,4.47,3.5,5,11.7,60.4,Moderate
EMP_2917,Marketing,Democratic,3.67,4.98,4.31,3.57,2.99,5,4.9,43.6,Low
EMP_2918,HR,Supportive,3.74,2.8,3.86,3.07,2.07,5,3.0,52.0,Moderate
EMP_2919,Sales,Supportive,3.6,4.3,4.56,2.67,2.72,4,4.2,58.9,Moderate
EMP_2920,Data Science,Democratic,4.79,4.25,4.13,2.73,1.79,4,0.9,54.2,Moderate
EMP_2921,Data Science,Democratic,2.91,3.72,2.88,3.28,2.85,4,4.1,45.5,Moderate
EMP_2922,Marketing,Democratic,3.56,4.27,3.25,4.66,2.03,5,1.4,41.9,Low
EMP_2923,HR,Supportive,2.5,4.36,2.51,3.15,3.44,4,0.9,37.3,Low
EMP_2924,Engineering,Supportive,3.86,2.97,3.02,4.37,2.29,4,0.9,41.1,Low
EMP_2925,Data Science,Autocratic/Micromanagement,2.82,4.85,3.25,3.42,2.04,2,3.9,56.4,Moderate
EMP_2926,Product,Supportive,3.41,2.86,3.13,2.79,2.61,5,5.1,48.9,Moderate
EMP_2927,HR,Autocratic/Micromanagement,3.34,3.12,4.27,3.22,2.99,3,3.1,32.0,Low
EMP_2928,Product,Autocratic/Micromanagement,3.8,3.64,2.94,2.73,1.73,2,0.5,34.6,Low
EMP_2929,HR,Autocratic/Micromanagement,3.21,4.95,2.45,2.99,2.28,4,0.5,29.9,Low
EMP_2930,Data Science,Supportive,3.18,3.62,2.5,2.97,2.78,3,0.9,43.7,Low
EMP_2931,Sales,Autocratic/Micromanagement,4.61,3.78,3.72,2.36,3.77,2,1.2,13.2,Low
EMP_2932,Marketing,Autocratic/Micromanagement,3.8,4.66,2.08,4.41,1.0,3,1.8,49.0,Moderate
EMP_2933,Engineering,Democratic,3.21,3.62,3.04,3.63,3.19,1,0.5,35.0,Low
EMP_2934,Sales,Supportive,3.42,3.09,4.26,3.09,2.39,1,4.5,66.6,Moderate
EMP_2935,Marketing,Supportive,4.75,3.55,3.43,3.63,2.3,4,4.4,52.7,Moderate
EMP_2936,Engineering,Supportive,3.44,4.62,3.14,3.0,2.16,5,1.5,67.8,Moderate
EMP_2937,HR,Democratic,3.12,3.84,3.17,1.9,2.41,3,2.9,44.1,Low
EMP_2938,Sales,Democratic,3.12,4.96,2.38,5.0,3.2,4,0.5,13.7,Low
EMP_2939,Product,Supportive,3.22,4.24,2.51,3.61,2.27,5,1.9,47.1,Moderate
EMP_2940,Engineering,Democratic,3.18,3.41,3.04,3.15,4.03,3,6.8,43.9,Low
EMP_2941,Data Science,Supportive,2.7,3.83,3.42,2.34,3.2,4,3.8,36.1,Low
EMP_2942,Marketing,Democratic,2.81,3.29,3.96,2.6,2.86,3,0.5,35.6,Low
EMP_2943,Data Science,Autocratic/Micromanagement,3.02,3.4,3.27,4.49,2.57,4,6.6,40.8,Low
EMP_2944,Marketing,Supportive,4.01,5.0,4.28,4.4,3.65,2,4.0,34.2,Low
EMP_2945,HR,Supportive,3.33,4.41,4.48,3.95,3.77,5,2.1,39.3,Low
EMP_2946,Engineering,Supportive,3.45,4.32,3.84,2.83,1.77,1,4.1,77.0,High
EMP_2947,Sales,Democratic,4.49,3.43,4.18,4.41,2.14,3,0.7,53.2,Moderate
EMP_2948,Sales,Democratic,4.51,4.74,2.41,3.77,3.21,3,2.8,17.7,Low
EMP_2949,Data Science,Autocratic/Micromanagement,3.4,4.46,2.28,3.89,3.45,4,3.4,50.5,Moderate
EMP_2950,Product,Supportive,3.16,4.93,3.61,3.77,2.46,3,9.2,46.0,Moderate
EMP_2951,HR,Autocratic/Micromanagement,2.99,4.9,2.13,2.6,2.11,3,0.5,49.1,Moderate
EMP_2952,Marketing,Supportive,4.08,2.91,2.97,2.78,2.76,3,1.6,42.6,Low
EMP_2953,Marketing,Democratic,3.46,3.13,3.82,3.19,3.88,2,9.7,29.9,Low
EMP_2954,Sales,Supportive,3.33,3.2,4.33,3.89,2.73,4,0.9,52.3,Moderate
EMP_2955,Product,Autocratic/Micromanagement,3.03,3.23,3.0,2.67,1.69,2,5.9,40.9,Low
EMP_2956,Marketing,Democratic,3.06,3.99,2.68,3.39,2.79,4,0.5,36.6,Low
EMP_2957,Marketing,Democratic,3.82,3.46,3.46,3.39,3.33,3,0.5,41.0,Low
EMP_2958,Product,Autocratic/Micromanagement,2.68,5.0,2.34,3.98,2.62,1,1.4,33.1,Low
EMP_2959,Data Science,Supportive,4.3,4.94,3.06,3.9,3.71,2,5.1,60.7,Moderate
EMP_2960,HR,Supportive,3.23,3.8,3.19,2.89,3.39,5,0.5,45.2,Moderate
EMP_2961,Engineering,Autocratic/Micromanagement,3.5,4.97,3.18,4.37,2.65,4,1.7,43.6,Low
EMP_2962,Data Science,Supportive,2.66,4.69,3.27,2.8,2.73,2,0.5,59.1,Moderate
EMP_2963,Data Science,Supportive,3.59,3.53,2.53,4.16,1.23,4,0.9,50.6,Moderate
EMP_2964,Product,Democratic,3.37,2.59,2.62,3.17,3.67,5,2.4,41.9,Low
EMP_2965,Product,Democratic,3.56,3.67,2.6,3.6,2.44,3,1.3,41.7,Low
EMP_2966,Marketing,Supportive,4.63,3.41,1.9,3.64,2.38,4,0.8,50.0,Moderate
EMP_2967,Marketing,Supportive,3.72,3.92,3.47,3.62,2.26,3,1.8,28.4,Low
EMP_2968,Sales,Supportive,3.04,3.85,3.92,3.9,3.07,1,4.2,36.6,Low
EMP_2969,Product,Democratic,3.1,3.84,3.84,3.73,1.8,3,0.5,45.5,Moderate
EMP_2970,Sales,Autocratic/Micromanagement,4.02,4.11,2.99,3.97,1.91,4,2.3,12.3,Low
EMP_2971,Data Science,Autocratic/Micromanagement,4.51,3.07,2.55,3.78,2.66,3,1.1,16.3,Low
EMP_2972,Engineering,Democratic,3.8,4.05,3.8,2.74,2.2,3,1.7,55.2,Moderate
EMP_2973,HR,Supportive,4.08,3.54,3.71,3.66,2.97,3,6.0,46.4,Moderate
EMP_2974,Marketing,Autocratic/Micromanagement,4.03,3.92,3.37,3.16,2.23,3,9.3,22.8,Low
EMP_2975,Data Science,Democratic,4.59,4.37,4.6,2.83,3.98,3,1.0,45.2,Moderate
EMP_2976,Engineering,Supportive,2.24,3.07,3.18,3.33,3.25,4,3.5,49.5,Moderate
EMP_2977,HR,Autocratic/Micromanagement,4.07,3.63,2.99,3.61,3.24,1,4.0,23.0,Low
EMP_2978,Engineering,Autocratic/Micromanagement,4.29,3.73,2.88,3.65,2.22,5,6.5,17.2,Low
EMP_2979,Marketing,Democratic,2.66,3.49,1.95,4.13,4.62,2,8.0,23.2,Low
EMP_2980,Product,Democratic,2.98,4.34,3.73,4.28,2.35,4,2.2,35.4,Low
EMP_2981,Sales,Supportive,3.0,3.37,3.12,3.7,2.13,3,14.2,50.7,Moderate
EMP_2982,Engineering,Supportive,3.09,3.47,3.61,3.81,3.27,4,12.4,47.1,Moderate
EMP_2983,Marketing,Democratic,3.26,3.37,4.67,3.56,2.86,5,2.5,41.1,Low
EMP_2984,HR,Supportive,3.77,4.46,2.89,3.96,2.05,2,2.7,55.6,Moderate
EMP_2985,Sales,Democratic,4.21,3.5,1.33,3.79,4.46,4,3.9,16.7,Low
EMP_2986,Product,Autocratic/Micromanagement,4.36,4.08,3.58,3.47,3.48,2,1.6,17.5,Low
EMP_2987,Engineering,Autocratic/Micromanagement,3.01,4.99,3.33,4.79,2.7,2,3.8,61.1,Moderate
EMP_2988,Sales,Democratic,3.01,3.76,2.61,3.17,4.62,5,2.5,14.2,Low
EMP_2989,Marketing,Autocratic/Micromanagement,4.52,4.47,3.52,4.37,3.35,2,0.5,19.9,Low
EMP_2990,Product,Autocratic/Micromanagement,4.05,4.8,3.83,2.69,2.69,2,6.7,21.5,Low
EMP_2991,Engineering,Democratic,3.66,4.42,2.44,3.99,4.53,2,9.9,43.7,Low
EMP_2992,HR,Supportive,3.93,3.79,2.96,4.36,3.23,3,0.5,44.6,Low
EMP_2993,Sales,Supportive,3.58,4.19,4.38,2.36,3.19,5,5.4,64.3,Moderate
EMP_2994,Data Science,Supportive,3.97,3.03,2.62,3.58,2.39,3,1.7,48.8,Moderate
EMP_2995,Engineering,Supportive,3.36,3.33,3.25,3.93,2.74,3,3.1,45.9,Moderate
EMP_2996,Product,Supportive,3.79,3.44,1.1,3.65,2.37,3,2.4,45.6,Moderate
EMP_2997,Engineering,Supportive,2.54,5.0,2.01,3.73,3.85,3,2.8,59.8,Moderate
EMP_2998,Data Science,Democratic,3.12,3.31,3.33,3.58,1.41,4,2.4,41.1,Low
EMP_2999,Data Science,Autocratic/Micromanagement,3.13,3.3,4.18,2.84,3.79,4,6.7,34.6,Low
EMP_3000,Product,Supportive,3.34,3.17,2.11,4.92,2.0,3,4.0,51.9,Moderate
EMP_3001,Marketing,Democratic,2.95,4.14,3.26,3.2,2.65,5,1.9,35.9,Low
EMP_3002,HR,Democratic,3.23,3.89,2.9,3.76,2.46,1,4.1,32.0,Low
EMP_3003,Data Science,Supportive,2.54,4.45,3.96,3.11,2.28,1,11.7,59.6,Moderate
EMP_3004,Marketing,Autocratic/Micromanagement,3.98,4.2,2.23,2.13,3.25,5,0.5,31.0,Low
EMP_3005,Sales,Democratic,3.54,2.97,3.54,2.95,2.7,4,1.7,32.8,Low
EMP_3006,HR,Supportive,2.41,3.32,2.68,2.63,2.17,5,7.2,52.5,Moderate
EMP_3007,Product,Autocratic/Micromanagement,3.02,4.62,3.38,4.15,2.82,4,4.7,48.0,Moderate
EMP_3008,Engineering,Supportive,3.84,3.68,3.26,3.14,2.14,3,9.6,47.8,Moderate
EMP_3009,Marketing,Democratic,3.22,4.51,3.0,3.19,2.27,4,0.5,37.9,Low
EMP_3010,Engineering,Supportive,3.11,3.71,3.58,2.86,1.5,1,7.0,50.3,Moderate
EMP_3011,Sales,Autocratic/Micromanagement,3.55,3.22,3.23,3.56,2.34,4,5.5,43.8,Low
EMP_3012,Data Science,Democratic,3.84,3.62,3.09,3.07,3.1,3,5.9,38.2,Low
EMP_3013,Data Science,Democratic,2.59,3.22,2.91,4.1,2.73,5,3.2,37.6,Low
EMP_3014,Data Science,Supportive,3.99,3.46,3.26,3.68,4.15,4,0.5,35.3,Low
EMP_3015,Marketing,Democratic,3.04,3.92,3.38,3.16,4.79,2,2.7,23.6,Low
EMP_3016,Data Science,Autocratic/Micromanagement,3.59,4.11,2.41,4.01,2.33,3,1.8,55.4,Moderate
EMP_3017,Marketing,Democratic,3.58,2.85,2.92,3.5,2.03,1,2.6,42.0,Low
EMP_3018,Sales,Democratic,3.23,3.79,2.36,3.51,3.6,4,4.7,18.7,Low
EMP_3019,Engineering,Democratic,2.88,3.45,3.17,2.62,2.97,3,3.2,40.0,Low
EMP_3020,HR,Autocratic/Micromanagement,3.4,3.41,2.73,3.46,3.61,3,1.2,27.6,Low
EMP_3021,Data Science,Democratic,4.74,3.88,3.82,3.69,3.02,5,3.2,37.9,Low
EMP_3022,Sales,Autocratic/Micromanagement,2.65,3.47,3.74,4.3,2.54,5,0.5,39.8,Low
EMP_3023,Marketing,Autocratic/Micromanagement,4.78,4.63,2.46,3.05,2.55,5,0.5,15.7,Low
EMP_3024,Data Science,Democratic,3.42,4.51,3.2,4.87,3.05,2,1.8,48.3,Moderate
EMP_3025,Engineering,Supportive,3.62,4.51,3.71,3.83,2.53,4,5.0,67.1,Moderate
EMP_3026,Data Science,Democratic,2.84,3.5,3.06,2.59,3.68,5,6.1,27.7,Low
EMP_3027,Product,Autocratic/Micromanagement,3.06,3.22,2.62,2.99,1.66,4,2.8,54.8,Moderate
EMP_3028,Marketing,Supportive,3.25,3.85,2.33,4.35,3.67,2,7.1,46.3,Moderate
EMP_3029,Marketing,Democratic,2.87,3.71,3.88,4.25,1.2,5,0.5,44.3,Low
EMP_3030,Marketing,Autocratic/Micromanagement,3.45,3.43,3.92,3.51,2.82,5,11.6,36.0,Low
EMP_3031,Engineering,Supportive,3.32,3.09,3.03,3.59,2.44,4,8.9,53.0,Moderate
EMP_3032,Sales,Democratic,4.9,3.78,3.81,2.8,1.49,3,3.2,41.2,Low
EMP_3033,HR,Supportive,2.78,3.56,1.0,4.29,1.05,2,0.5,53.4,Moderate
EMP_3034,Engineering,Supportive,3.67,4.21,4.26,2.91,1.82,4,2.1,74.1,Moderate
EMP_3035,Data Science,Autocratic/Micromanagement,3.77,4.2,3.07,4.01,2.74,3,0.7,50.3,Moderate
EMP_3036,Data Science,Supportive,2.85,4.46,3.31,4.31,2.22,4,3.5,65.7,Moderate
EMP_3037,Sales,Supportive,4.08,3.04,2.94,3.53,1.87,2,0.7,32.8,Low
EMP_3038,Product,Autocratic/Micromanagement,3.32,4.04,4.32,4.08,3.78,2,2.3,34.3,Low
EMP_3039,Engineering,Supportive,1.86,3.36,2.35,4.61,1.71,3,0.8,55.2,Moderate
EMP_3040,Sales,Autocratic/Micromanagement,4.06,3.07,4.38,3.66,3.24,3,0.7,37.8,Low
EMP_3041,Engineering,Autocratic/Micromanagement,2.82,3.54,3.52,3.39,1.99,4,1.0,36.4,Low
EMP_3042,Product,Supportive,2.87,4.44,3.7,3.46,1.8,3,0.5,44.7,Low
EMP_3043,Engineering,Supportive,4.08,3.58,2.94,3.05,2.22,4,4.4,48.7,Moderate
EMP_3044,Sales,Democratic,3.36,4.74,2.15,3.04,3.2,4,1.3,17.5,Low
EMP_3045,Marketing,Democratic,4.24,4.13,3.94,3.77,1.6,2,4.2,42.7,Low
EMP_3046,Marketing,Supportive,4.45,3.56,3.45,3.4,2.93,5,3.7,49.4,Moderate
EMP_3047,Sales,Democratic,3.15,4.5,4.29,3.7,1.93,4,0.5,64.6,Moderate
EMP_3048,Data Science,Supportive,4.16,4.07,3.04,2.61,2.08,4,1.3,63.4,Moderate
EMP_3049,Data Science,Autocratic/Micromanagement,3.07,3.24,2.86,3.44,3.02,5,2.9,25.4,Low
EMP_3050,Data Science,Supportive,5.0,4.92,4.31,4.12,4.44,3,8.8,53.8,Moderate
EMP_3051,Engineering,Supportive,3.11,3.96,4.73,2.83,1.97,3,1.8,52.9,Moderate
EMP_3052,Sales,Supportive,4.32,3.81,3.21,3.51,3.28,1,2.5,40.4,Low
EMP_3053,Data Science,Autocratic/Micromanagement,4.19,3.29,2.6,2.39,2.45,3,4.9,22.1,Low
EMP_3054,Data Science,Democratic,3.82,4.51,3.85,2.72,2.32,3,5.7,55.2,Moderate
EMP_3055,Marketing,Autocratic/Micromanagement,3.13,4.11,3.0,3.98,3.56,4,9.0,35.3,Low
EMP_3056,Product,Supportive,3.49,4.18,3.68,3.31,2.03,1,2.4,54.8,Moderate
EMP_3057,Marketing,Supportive,2.09,3.5,2.99,4.59,1.78,1,0.8,51.6,Moderate
EMP_3058,Engineering,Supportive,3.76,4.3,4.45,3.76,3.07,3,5.1,63.9,Moderate
EMP_3059,Engineering,Democratic,3.84,4.35,2.64,3.82,3.98,2,0.5,38.1,Low
EMP_3060,Product,Democratic,3.69,3.4,3.58,2.85,3.3,4,1.9,30.3,Low
EMP_3061,Data Science,Democratic,1.52,2.95,2.81,3.27,1.57,4,3.5,41.2,Low
EMP_3062,Engineering,Supportive,2.71,4.15,2.97,3.06,2.21,3,4.1,60.0,Moderate
EMP_3063,Sales,Autocratic/Micromanagement,3.08,2.86,2.87,2.86,3.48,1,4.6,19.4,Low
EMP_3064,Marketing,Supportive,3.8,3.89,3.79,3.9,3.96,2,0.8,40.5,Low
EMP_3065,Marketing,Autocratic/Micromanagement,3.8,3.53,3.93,4.02,2.88,4,14.0,34.8,Low
EMP_3066,Data Science,Supportive,3.48,4.53,3.65,3.74,2.24,5,0.7,69.3,Moderate
EMP_3067,Engineering,Democratic,4.04,3.56,3.11,3.0,4.02,3,0.5,32.3,Low
EMP_3068,Product,Supportive,2.88,4.46,3.31,3.7,2.64,5,3.8,42.7,Low
EMP_3069,Data Science,Democratic,4.03,3.49,3.92,2.35,2.22,5,8.4,37.0,Low
EMP_3070,Marketing,Democratic,3.93,4.4,3.94,4.29,2.08,1,2.9,44.4,Low
EMP_3071,Marketing,Democratic,3.86,5.0,1.05,2.72,1.74,5,3.2,43.2,Low
EMP_3072,Marketing,Democratic,3.47,3.16,2.98,2.83,4.97,3,2.7,33.6,Low
EMP_3073,Data Science,Democratic,4.88,3.98,3.02,3.57,3.84,5,0.5,37.0,Low
EMP_3074,Data Science,Democratic,3.95,5.0,3.74,3.62,2.17,3,4.0,53.3,Moderate
EMP_3075,Sales,Autocratic/Micromanagement,2.92,3.84,3.15,3.46,4.09,2,1.6,38.8,Low
EMP_3076,Product,Supportive,3.77,3.84,3.78,2.83,3.13,5,9.6,53.5,Moderate
EMP_3077,Product,Democratic,4.13,4.27,2.34,4.18,3.08,2,0.7,27.2,Low
EMP_3078,Engineering,Democratic,3.19,3.82,3.41,2.49,2.13,5,1.3,40.6,Low
EMP_3079,Engineering,Supportive,4.36,2.78,3.92,2.61,2.29,2,2.5,46.9,Moderate
EMP_3080,Product,Democratic,3.87,4.48,2.02,3.44,2.67,4,2.3,36.7,Low
EMP_3081,Marketing,Supportive,1.96,2.6,5.0,2.74,1.13,3,1.8,50.8,Moderate
EMP_3082,Product,Supportive,3.81,3.55,4.15,4.23,2.31,5,1.3,44.9,Low
EMP_3083,Engineering,Supportive,3.32,4.52,3.2,2.79,2.7,2,0.6,67.4,Moderate
EMP_3084,Sales,Supportive,3.98,3.59,2.54,4.43,3.75,3,6.0,22.3,Low
EMP_3085,Marketing,Democratic,4.26,3.38,3.06,4.12,2.21,4,2.1,40.5,Low
EMP_3086,Marketing,Democratic,3.74,4.33,3.27,4.24,3.35,5,3.0,28.2,Low
EMP_3087,Sales,Autocratic/Micromanagement,4.77,3.29,3.55,4.63,1.05,3,2.8,33.6,Low
EMP_3088,Engineering,Democratic,3.47,3.07,4.4,3.55,3.63,3,3.0,33.8,Low
EMP_3089,Sales,Supportive,4.04,3.96,2.82,2.89,1.98,3,4.3,39.8,Low
EMP_3090,Data Science,Autocratic/Micromanagement,4.16,3.69,3.65,3.44,2.8,3,3.5,20.4,Low
EMP_3091,Sales,Autocratic/Micromanagement,3.53,3.05,2.17,3.16,3.03,5,1.1,20.1,Low
EMP_3092,Product,Democratic,4.15,4.18,2.87,3.07,2.87,1,2.8,37.4,Low
EMP_3093,Data Science,Democratic,3.18,4.08,3.5,3.59,2.61,4,1.0,60.8,Moderate
EMP_3094,HR,Autocratic/Micromanagement,3.3,3.58,3.75,3.31,1.71,3,3.1,37.8,Low
EMP_3095,Engineering,Democratic,2.68,3.63,2.6,3.05,1.99,2,2.0,28.3,Low
EMP_3096,Marketing,Autocratic/Micromanagement,3.77,4.08,2.85,3.35,3.5,3,0.5,30.3,Low
EMP_3097,Product,Supportive,3.83,4.51,4.37,3.83,2.22,5,4.6,44.0,Low
EMP_3098,Engineering,Supportive,4.43,3.63,4.13,4.07,2.62,3,1.1,53.1,Moderate
EMP_3099,Engineering,Democratic,4.15,4.19,3.37,2.54,1.51,2,8.8,57.3,Moderate
EMP_3100,Sales,Democratic,3.4,4.14,1.41,3.32,3.39,1,1.2,23.9,Low
EMP_3101,Engineering,Autocratic/Micromanagement,2.78,4.33,5.0,3.42,1.64,4,15.0,57.8,Moderate
EMP_3102,Marketing,Autocratic/Micromanagement,3.9,3.82,3.18,2.79,3.43,3,2.2,34.6,Low
EMP_3103,Product,Supportive,4.38,3.25,2.95,3.43,1.85,5,0.5,52.5,Moderate
EMP_3104,Sales,Supportive,4.13,3.52,2.78,3.59,3.51,4,0.5,36.6,Low
EMP_3105,Data Science,Autocratic/Micromanagement,4.36,4.01,3.5,3.81,2.71,3,0.5,35.7,Low
EMP_3106,Sales,Democratic,3.45,4.89,3.51,3.55,2.25,4,0.5,45.4,Moderate
EMP_3107,Marketing,Supportive,3.27,3.51,3.96,2.97,3.98,3,1.1,47.3,Moderate
EMP_3108,Engineering,Democratic,3.08,4.28,2.46,4.71,2.64,5,1.4,52.3,Moderate
EMP_3109,Sales,Democratic,3.56,3.6,2.95,4.0,2.41,3,0.5,23.8,Low
EMP_3110,Marketing,Autocratic/Micromanagement,3.54,3.87,4.82,3.83,3.43,2,2.0,32.7,Low
EMP_3111,Marketing,Democratic,3.74,4.71,3.38,4.1,1.52,4,1.6,49.6,Moderate
EMP_3112,Engineering,Supportive,3.51,4.26,3.06,3.65,1.0,4,3.5,65.8,Moderate
EMP_3113,Marketing,Autocratic/Micromanagement,3.51,3.06,2.45,4.27,3.63,4,0.8,30.1,Low
EMP_3114,Engineering,Democratic,3.06,3.46,3.6,3.53,2.03,5,8.6,39.5,Low
EMP_3115,Engineering,Democratic,4.26,4.55,4.02,3.5,3.39,3,2.5,44.0,Low
EMP_3116,Product,Supportive,3.65,3.89,3.9,3.88,2.74,3,3.4,44.7,Low
EMP_3117,Marketing,Democratic,3.48,3.11,2.99,4.45,1.77,3,0.5,47.7,Moderate
EMP_3118,Engineering,Supportive,3.08,3.31,3.49,4.41,3.19,5,2.9,48.9,Moderate
EMP_3119,Engineering,Supportive,2.67,4.22,4.54,3.86,2.37,5,1.6,62.2,Moderate
EMP_3120,Engineering,Democratic,4.52,4.4,4.06,3.81,1.84,5,9.0,60.7,Moderate
EMP_3121,Data Science,Supportive,3.99,3.81,2.57,3.92,1.86,2,7.6,62.0,Moderate
EMP_3122,Engineering,Democratic,2.46,5.0,1.16,4.09,1.31,3,3.6,60.7,Moderate
EMP_3123,Engineering,Supportive,4.13,4.29,3.44,4.28,3.02,3,5.1,68.5,Moderate
EMP_3124,Sales,Democratic,4.25,3.65,3.84,3.36,1.95,3,3.6,45.5,Moderate
EMP_3125,Marketing,Supportive,3.69,3.31,2.33,4.29,2.67,1,0.5,46.5,Moderate
EMP_3126,Marketing,Supportive,4.72,3.22,3.19,3.71,2.55,2,4.3,49.5,Moderate
EMP_3127,Marketing,Supportive,3.75,4.0,2.99,3.89,1.95,3,0.7,53.9,Moderate
EMP_3128,Engineering,Autocratic/Micromanagement,2.61,3.51,3.28,4.33,1.48,3,4.0,39.6,Low
EMP_3129,Product,Autocratic/Micromanagement,3.86,4.8,2.76,3.95,4.73,3,0.5,15.7,Low
EMP_3130,HR,Supportive,3.77,4.68,4.23,4.05,2.66,2,1.3,43.9,Low
EMP_3131,HR,Autocratic/Micromanagement,3.18,4.18,3.32,3.27,4.16,4,2.5,20.5,Low
EMP_3132,HR,Democratic,4.0,3.09,2.5,4.4,3.63,3,1.4,29.9,Low
EMP_3133,Product,Autocratic/Micromanagement,2.43,3.4,3.93,3.92,2.44,4,4.1,30.5,Low
EMP_3134,Sales,Supportive,4.29,4.55,2.19,3.58,2.84,3,2.6,36.6,Low
EMP_3135,Engineering,Democratic,2.99,3.46,4.23,4.16,2.82,5,11.2,31.4,Low
EMP_3136,Marketing,Supportive,2.91,4.47,3.99,5.0,4.18,2,1.6,43.9,Low
EMP_3137,Marketing,Supportive,3.52,4.08,4.31,2.8,3.36,2,4.5,48.7,Moderate
EMP_3138,Marketing,Autocratic/Micromanagement,3.9,3.83,3.07,3.02,2.05,4,6.3,44.3,Low
EMP_3139,Sales,Democratic,3.71,3.38,2.8,5.0,2.98,5,1.0,12.2,Low
EMP_3140,Engineering,Supportive,3.08,3.74,3.27,3.76,3.34,2,4.9,50.6,Moderate
EMP_3141,Data Science,Supportive,3.25,3.91,3.13,3.61,1.76,1,1.7,54.2,Moderate
EMP_3142,Product,Democratic,2.81,4.42,2.68,3.43,3.1,5,0.5,40.1,Low
EMP_3143,Sales,Democratic,3.44,3.27,2.76,4.23,3.78,2,0.5,27.1,Low
EMP_3144,Sales,Supportive,4.35,3.64,2.91,5.0,2.01,3,4.8,39.9,Low
EMP_3145,Data Science,Autocratic/Micromanagement,3.6,3.83,2.26,3.1,2.12,5,0.7,34.5,Low
EMP_3146,Data Science,Supportive,4.2,4.2,3.74,3.44,3.63,5,0.5,61.9,Moderate
EMP_3147,Product,Supportive,4.62,3.25,3.16,3.29,2.42,3,2.4,41.6,Low
EMP_3148,Marketing,Autocratic/Micromanagement,3.19,3.01,2.95,3.94,1.91,5,1.5,41.1,Low
EMP_3149,HR,Supportive,3.47,4.2,2.31,4.23,3.41,4,4.1,42.1,Low
EMP_3150,Sales,Supportive,5.0,2.89,2.27,4.47,3.16,1,0.5,30.8,Low
EMP_3151,Marketing,Democratic,4.61,4.57,4.75,3.96,2.78,4,0.5,29.9,Low
EMP_3152,Engineering,Autocratic/Micromanagement,2.43,3.71,2.7,5.0,3.6,3,1.8,26.8,Low
EMP_3153,Marketing,Supportive,3.87,2.87,3.69,3.16,3.66,4,2.6,41.3,Low
EMP_3154,Sales,Autocratic/Micromanagement,3.6,3.51,3.33,3.0,2.63,5,6.1,37.1,Low
EMP_3155,Sales,Autocratic/Micromanagement,4.18,4.03,1.0,4.38,4.28,2,3.1,0.0,Low
EMP_3156,Marketing,Supportive,3.08,3.48,4.63,3.57,3.97,4,8.2,49.4,Moderate
EMP_3157,Product,Democratic,3.01,3.81,3.75,2.67,1.11,3,0.9,47.1,Moderate
EMP_3158,Engineering,Supportive,3.13,4.24,2.59,3.31,1.88,3,3.2,68.5,Moderate
EMP_3159,HR,Democratic,3.2,3.68,3.18,3.65,1.0,4,3.7,43.6,Low
EMP_3160,Data Science,Autocratic/Micromanagement,4.17,3.24,2.28,3.11,2.44,4,4.5,14.1,Low
EMP_3161,Sales,Autocratic/Micromanagement,2.77,3.62,4.66,2.89,1.73,5,15.0,54.2,Moderate
EMP_3162,Engineering,Supportive,3.16,4.65,2.47,3.38,2.05,5,2.2,74.8,Moderate
EMP_3163,Data Science,Democratic,2.35,4.81,2.78,2.86,3.57,4,1.6,50.1,Moderate
EMP_3164,Sales,Democratic,4.3,2.59,2.62,3.88,1.3,3,6.7,34.7,Low
EMP_3165,Engineering,Supportive,4.49,4.45,3.26,2.33,2.8,3,0.7,68.6,Moderate
EMP_3166,Sales,Supportive,3.37,3.95,4.3,3.55,2.8,3,0.5,62.2,Moderate
EMP_3167,Product,Supportive,3.39,4.35,4.63,3.81,2.63,3,2.1,49.3,Moderate
EMP_3168,Engineering,Democratic,3.92,3.47,2.88,3.45,2.8,4,1.0,32.5,Low
EMP_3169,HR,Democratic,4.63,2.74,3.5,4.16,1.0,4,1.8,44.5,Low
EMP_3170,Sales,Supportive,3.89,4.15,3.27,2.68,2.05,4,15.0,49.0,Moderate
EMP_3171,Marketing,Autocratic/Micromanagement,3.11,3.24,2.41,3.08,3.93,5,1.5,34.0,Low
EMP_3172,Data Science,Autocratic/Micromanagement,2.47,2.97,5.0,3.3,1.74,3,4.3,35.1,Low
EMP_3173,Engineering,Democratic,2.82,3.01,4.29,3.93,4.03,3,1.0,29.2,Low
EMP_3174,Engineering,Supportive,3.65,4.16,3.35,3.63,1.57,4,1.3,70.0,Moderate
EMP_3175,Engineering,Democratic,3.14,3.88,4.47,4.79,1.48,4,1.0,39.8,Low
EMP_3176,Engineering,Supportive,3.74,4.27,4.17,3.02,1.94,1,3.0,61.7,Moderate
EMP_3177,Marketing,Supportive,3.21,4.2,3.27,2.66,3.6,3,0.9,39.8,Low
EMP_3178,Product,Democratic,2.86,3.55,3.46,4.57,2.26,3,4.4,38.5,Low
EMP_3179,HR,Supportive,2.78,3.76,4.41,2.64,2.98,5,4.0,34.7,Low
EMP_3180,Marketing,Supportive,4.69,3.49,2.44,3.91,2.76,5,1.9,43.8,Low
EMP_3181,Engineering,Supportive,4.22,3.67,4.54,2.91,2.66,3,0.5,52.8,Moderate
EMP_3182,Data Science,Supportive,4.81,3.22,3.02,2.26,3.72,2,0.5,44.9,Low
EMP_3183,Data Science,Supportive,3.98,4.03,4.42,3.28,3.32,2,2.7,62.2,Moderate
EMP_3184,Engineering,Autocratic/Micromanagement,3.3,4.45,3.2,4.04,1.79,2,6.4,47.8,Moderate
EMP_3185,Sales,Supportive,4.53,3.31,3.47,2.77,2.48,2,3.2,46.8,Moderate
EMP_3186,Sales,Supportive,3.58,4.57,3.17,3.85,4.09,2,2.0,41.0,Low
EMP_3187,Data Science,Supportive,3.75,3.87,2.77,3.96,2.96,3,7.5,49.0,Moderate
EMP_3188,Data Science,Autocratic/Micromanagement,3.57,3.94,2.98,2.74,1.49,3,0.8,48.8,Moderate
EMP_3189,HR,Democratic,1.54,2.78,4.3,3.36,1.55,4,1.6,47.8,Moderate
EMP_3190,HR,Supportive,4.72,2.72,1.35,4.45,3.41,3,2.9,41.7,Low
EMP_3191,Data Science,Autocratic/Micromanagement,3.94,3.89,2.21,3.89,3.26,5,1.2,32.5,Low
EMP_3192,Product,Supportive,3.83,4.27,2.62,3.34,1.96,5,15.0,58.2,Moderate
EMP_3193,Product,Supportive,3.56,3.4,2.34,3.75,3.3,3,2.1,43.3,Low
EMP_3194,Data Science,Supportive,3.71,4.8,4.41,3.09,3.98,1,0.5,51.7,Moderate
EMP_3195,Data Science,Supportive,3.18,4.24,4.21,4.17,3.87,2,0.7,56.5,Moderate
EMP_3196,Sales,Supportive,4.03,3.25,3.67,4.17,3.98,2,2.7,48.8,Moderate
EMP_3197,Product,Democratic,2.69,3.82,2.69,3.57,3.14,3,2.8,31.3,Low
EMP_3198,Product,Supportive,3.73,5.0,4.27,3.64,2.56,4,14.5,46.3,Moderate
EMP_3199,Engineering,Democratic,3.99,3.05,1.93,2.9,2.38,3,3.2,35.0,Low
EMP_3200,Data Science,Supportive,3.46,4.12,4.91,2.69,2.69,2,3.8,67.7,Moderate
EMP_3201,Sales,Supportive,3.86,3.61,2.65,3.27,2.0,4,0.8,37.4,Low
EMP_3202,Sales,Democratic,2.91,4.22,2.99,3.45,2.41,2,0.5,28.8,Low
EMP_3203,Engineering,Autocratic/Micromanagement,2.92,4.56,2.86,4.14,3.72,2,3.2,56.1,Moderate
EMP_3204,Product,Supportive,3.77,3.57,2.34,4.05,1.41,4,7.0,46.1,Moderate
EMP_3205,Marketing,Democratic,4.07,4.47,4.74,3.61,1.47,2,3.1,39.6,Low
EMP_3206,HR,Supportive,2.29,5.0,3.83,4.21,3.36,4,2.0,42.7,Low
EMP_3207,Product,Supportive,3.97,3.84,4.17,2.93,2.42,5,3.0,49.5,Moderate
EMP_3208,Marketing,Supportive,3.22,4.27,2.22,4.15,1.16,5,2.2,57.3,Moderate
EMP_3209,Sales,Supportive,3.47,3.45,3.34,3.03,2.65,2,0.5,45.6,Moderate
EMP_3210,Marketing,Supportive,2.66,3.81,3.62,4.24,2.54,3,4.7,45.1,Moderate
EMP_3211,Engineering,Supportive,3.0,3.69,3.42,3.49,2.36,3,2.7,54.2,Moderate
EMP_3212,Marketing,Autocratic/Micromanagement,4.28,4.28,2.27,2.3,3.25,5,1.8,20.1,Low
EMP_3213,Engineering,Supportive,3.62,4.52,4.06,3.94,1.63,5,2.9,69.2,Moderate
EMP_3214,Marketing,Democratic,3.33,3.73,3.3,3.99,2.71,2,1.0,27.1,Low
EMP_3215,Engineering,Supportive,3.52,4.72,2.44,3.23,2.53,5,2.0,69.6,Moderate
EMP_3216,Engineering,Democratic,3.94,4.72,1.72,3.28,2.73,2,3.4,53.6,Moderate
EMP_3217,Engineering,Democratic,3.91,4.31,3.69,3.4,1.31,3,0.9,58.3,Moderate
EMP_3218,Engineering,Supportive,3.55,3.49,5.0,2.34,2.28,3,4.8,45.6,Moderate
EMP_3219,Marketing,Supportive,4.37,3.43,2.39,2.08,2.72,3,2.6,44.6,Low
EMP_3220,Marketing,Democratic,4.28,3.31,3.34,4.28,3.13,5,6.9,31.5,Low
EMP_3221,Sales,Autocratic/Micromanagement,3.89,4.37,4.09,3.01,4.18,3,6.6,33.2,Low
EMP_3222,Engineering,Supportive,3.64,3.07,2.18,4.61,3.34,5,2.4,40.9,Low
EMP_3223,Engineering,Supportive,4.06,4.21,2.82,4.32,3.07,5,0.8,53.2,Moderate
EMP_3224,Engineering,Autocratic/Micromanagement,3.82,3.15,2.51,4.44,3.72,5,4.7,33.0,Low
EMP_3225,Engineering,Supportive,4.34,4.29,3.99,3.11,2.46,3,1.9,58.2,Moderate
EMP_3226,Product,Democratic,4.23,3.81,4.26,2.53,3.94,4,3.2,35.9,Low
EMP_3227,Engineering,Supportive,2.89,4.6,3.33,2.85,3.6,3,0.5,50.5,Moderate
EMP_3228,Data Science,Supportive,2.84,4.48,2.53,3.23,2.34,4,3.5,70.4,Moderate
EMP_3229,Engineering,Democratic,3.11,4.66,2.85,2.08,4.24,2,1.6,50.1,Moderate
EMP_3230,Engineering,Democratic,4.28,4.68,2.7,3.21,3.06,4,1.4,45.9,Moderate
EMP_3231,Sales,Supportive,2.5,3.89,2.42,3.38,4.45,4,13.7,24.5,Low
EMP_3232,Marketing,Democratic,3.88,3.1,3.12,2.72,2.94,4,2.0,32.5,Low
EMP_3233,Engineering,Autocratic/Micromanagement,3.85,3.17,3.66,2.88,2.25,5,4.0,42.8,Low
EMP_3234,Engineering,Democratic,4.41,2.55,3.59,3.37,2.09,1,3.5,49.6,Moderate
EMP_3235,Data Science,Supportive,3.73,3.15,3.19,3.71,2.42,3,0.5,55.0,Moderate
EMP_3236,Engineering,Democratic,2.66,3.84,3.25,2.97,2.24,3,4.8,36.5,Low
EMP_3237,Engineering,Democratic,2.93,3.46,3.13,3.68,3.72,3,1.4,33.8,Low
EMP_3238,Product,Autocratic/Micromanagement,2.77,3.69,2.16,3.58,2.68,3,5.6,45.6,Moderate
EMP_3239,Marketing,Democratic,3.22,4.1,3.33,3.53,1.41,2,3.3,46.3,Moderate
EMP_3240,Sales,Supportive,3.47,3.62,2.73,3.11,2.87,5,1.3,37.1,Low
EMP_3241,Sales,Democratic,2.78,3.13,2.12,2.7,2.8,5,1.5,25.7,Low
EMP_3242,Sales,Democratic,4.63,3.77,3.5,4.52,2.33,1,4.6,39.9,Low
EMP_3243,Sales,Supportive,2.67,3.26,2.71,3.88,2.91,2,2.8,31.6,Low
EMP_3244,Marketing,Democratic,4.54,3.64,3.38,4.1,2.66,2,3.9,32.0,Low
EMP_3245,Marketing,Supportive,4.43,4.61,3.88,3.45,3.21,3,0.6,41.7,Low
EMP_3246,Engineering,Democratic,4.23,3.64,2.44,3.4,3.16,4,5.4,31.3,Low
EMP_3247,Sales,Supportive,3.11,4.86,3.27,3.79,2.99,1,1.4,44.8,Low
EMP_3248,Sales,Democratic,3.84,4.66,1.75,2.4,1.66,4,3.4,28.0,Low
EMP_3249,Product,Autocratic/Micromanagement,2.71,3.45,4.43,2.83,4.4,2,0.5,29.7,Low
EMP_3250,Marketing,Autocratic/Micromanagement,4.24,3.13,2.11,3.02,1.46,5,1.4,26.5,Low
EMP_3251,Sales,Autocratic/Micromanagement,3.55,3.77,2.79,3.23,2.6,5,3.7,26.6,Low
EMP_3252,Engineering,Autocratic/Micromanagement,3.31,4.49,4.27,2.97,1.82,5,1.1,54.7,Moderate
EMP_3253,Marketing,Supportive,2.74,3.51,3.01,3.7,3.02,2,7.4,50.1,Moderate
EMP_3254,Engineering,Democratic,1.87,4.34,2.24,3.55,2.81,3,3.8,58.0,Moderate
EMP_3255,Data Science,Democratic,2.87,4.53,3.77,4.34,2.56,2,7.1,55.6,Moderate
EMP_3256,Engineering,Autocratic/Micromanagement,4.38,3.34,3.75,4.98,3.91,4,1.8,11.7,Low
EMP_3257,Marketing,Supportive,3.32,3.39,2.69,2.74,3.59,2,0.5,48.6,Moderate
EMP_3258,Engineering,Autocratic/Micromanagement,3.48,4.23,2.78,3.59,2.44,4,3.0,56.4,Moderate
EMP_3259,Data Science,Democratic,4.06,3.89,2.85,3.59,3.34,4,1.5,38.1,Low
EMP_3260,Product,Autocratic/Micromanagement,4.86,3.39,3.03,3.49,3.95,4,2.1,21.9,Low
EMP_3261,Engineering,Supportive,4.53,3.59,1.69,2.85,3.58,5,4.0,47.4,Moderate
EMP_3262,Sales,Supportive,2.92,3.76,3.05,2.95,2.59,3,4.2,56.2,Moderate
EMP_3263,Sales,Autocratic/Micromanagement,2.24,2.86,4.63,3.64,1.43,3,0.5,54.8,Moderate
EMP_3264,Engineering,Supportive,5.0,4.26,2.48,2.93,2.96,4,5.1,59.5,Moderate
EMP_3265,HR,Autocratic/Micromanagement,5.0,3.51,2.73,3.6,3.23,5,2.4,23.2,Low
EMP_3266,Engineering,Supportive,3.73,2.13,2.25,3.35,2.08,4,2.8,30.7,Low
EMP_3267,Sales,Democratic,2.71,3.79,3.69,3.58,2.72,4,1.2,47.2,Moderate
EMP_3268,Sales,Supportive,4.27,3.36,4.16,2.93,2.63,5,1.9,66.7,Moderate
EMP_3269,Marketing,Democratic,3.52,4.81,4.14,3.59,3.81,3,4.3,33.3,Low
EMP_3270,Marketing,Democratic,3.52,3.45,2.2,2.97,4.18,5,5.2,37.2,Low
EMP_3271,Data Science,Supportive,4.23,3.14,3.6,3.6,3.64,2,1.7,46.9,Moderate
EMP_3272,Engineering,Supportive,3.83,4.1,4.35,4.3,2.63,3,4.1,56.7,Moderate
EMP_3273,Marketing,Supportive,2.77,3.4,3.61,3.66,3.62,2,1.0,39.6,Low
EMP_3274,Sales,Democratic,3.37,3.33,3.58,3.69,3.22,3,6.2,36.9,Low
EMP_3275,HR,Democratic,4.06,4.11,2.82,3.99,2.64,2,3.3,38.9,Low
EMP_3276,HR,Democratic,3.96,3.18,3.38,2.66,4.37,2,5.2,36.9,Low
EMP_3277,HR,Democratic,3.78,2.93,4.19,4.53,2.11,2,2.3,42.0,Low
EMP_3278,Sales,Democratic,4.25,4.84,3.46,2.87,3.18,3,0.9,29.3,Low
EMP_3279,Data Science,Supportive,3.35,4.15,2.2,4.03,3.37,2,2.0,57.1,Moderate
EMP_3280,HR,Supportive,3.73,3.64,2.84,3.95,2.47,5,1.7,52.6,Moderate
EMP_3281,Sales,Supportive,1.24,3.8,4.17,2.96,3.15,2,1.4,48.7,Moderate
EMP_3282,Engineering,Autocratic/Micromanagement,3.29,4.1,3.46,4.11,3.46,3,0.8,42.4,Low
EMP_3283,Product,Autocratic/Micromanagement,4.13,4.38,3.3,3.8,2.9,1,5.0,17.1,Low
EMP_3284,Product,Supportive,3.33,3.35,2.76,4.63,3.08,2,0.5,50.8,Moderate
EMP_3285,Sales,Democratic,3.27,4.02,4.15,3.62,2.78,5,7.6,48.4,Moderate
EMP_3286,Engineering,Autocratic/Micromanagement,2.87,3.5,4.53,3.43,3.34,5,0.7,37.3,Low
EMP_3287,Data Science,Democratic,4.3,3.69,4.21,3.19,2.52,5,13.7,38.7,Low
EMP_3288,HR,Supportive,3.98,3.9,4.35,2.45,2.45,3,15.0,48.3,Moderate
EMP_3289,Product,Supportive,4.18,3.8,2.91,3.31,2.72,2,1.8,44.5,Low
EMP_3290,Engineering,Democratic,2.39,4.24,2.8,3.33,3.65,2,15.0,52.8,Moderate
EMP_3291,Engineering,Autocratic/Micromanagement,3.49,4.09,3.07,3.66,1.3,4,7.1,52.9,Moderate
EMP_3292,Product,Democratic,3.4,2.9,3.23,2.65,1.97,5,0.5,40.0,Low
EMP_3293,Data Science,Supportive,3.4,2.99,4.34,3.36,4.52,5,10.3,45.4,Moderate
EMP_3294,Sales,Supportive,3.17,3.58,4.13,3.85,2.92,3,0.5,55.0,Moderate
EMP_3295,Product,Autocratic/Micromanagement,3.36,4.9,3.63,3.91,2.37,3,0.7,31.6,Low
EMP_3296,Engineering,Autocratic/Micromanagement,4.19,3.29,2.06,2.38,3.34,2,3.1,6.4,Low
EMP_3297,Marketing,Democratic,2.26,3.68,1.85,3.92,2.07,4,0.5,44.0,Low
EMP_3298,Engineering,Democratic,4.84,3.48,3.39,3.35,1.02,3,0.6,49.1,Moderate
EMP_3299,Data Science,Supportive,3.94,3.47,3.9,3.39,2.98,3,10.7,44.9,Low
EMP_3300,HR,Autocratic/Micromanagement,3.57,3.91,3.14,2.08,2.12,5,15.0,34.1,Low
EMP_3301,Sales,Autocratic/Micromanagement,4.23,4.64,4.73,4.4,2.78,4,5.6,30.8,Low
EMP_3302,Product,Supportive,2.58,4.07,2.33,3.61,2.96,1,2.5,52.6,Moderate
EMP_3303,Sales,Democratic,3.13,3.32,2.23,2.58,2.81,1,8.1,16.0,Low
EMP_3304,Data Science,Supportive,3.52,5.0,2.67,3.73,1.33,4,0.5,74.3,Moderate
EMP_3305,Engineering,Supportive,4.56,3.85,2.64,3.71,2.72,4,10.0,39.3,Low
EMP_3306,Data Science,Supportive,3.57,3.45,3.62,4.23,3.06,4,1.5,40.5,Low
EMP_3307,Data Science,Supportive,3.92,4.65,2.86,3.31,1.58,2,6.9,68.4,Moderate
EMP_3308,Engineering,Supportive,3.19,3.52,1.96,3.51,1.48,5,3.9,58.1,Moderate
EMP_3309,Data Science,Democratic,3.94,4.8,3.91,3.11,1.84,4,11.3,64.1,Moderate
EMP_3310,Sales,Democratic,4.77,3.28,1.79,3.86,3.3,5,7.0,25.1,Low
EMP_3311,Marketing,Democratic,4.3,4.66,2.34,3.03,1.1,3,7.7,52.8,Moderate
EMP_3312,Marketing,Supportive,3.54,3.92,1.9,2.96,3.36,3,3.5,45.8,Moderate
EMP_3313,Marketing,Supportive,4.07,4.57,3.37,3.46,3.01,2,6.3,43.3,Low
EMP_3314,Engineering,Democratic,4.0,4.94,3.35,2.76,2.49,5,5.0,59.7,Moderate
EMP_3315,Engineering,Supportive,3.95,3.12,4.73,4.46,1.52,2,0.6,60.0,Moderate
EMP_3316,Marketing,Supportive,4.38,4.57,3.93,4.66,2.06,2,3.7,55.4,Moderate
EMP_3317,Sales,Autocratic/Micromanagement,4.37,2.95,4.35,3.23,3.33,2,0.6,32.1,Low
EMP_3318,Engineering,Democratic,3.51,3.17,3.43,2.67,3.71,4,7.1,40.3,Low
EMP_3319,HR,Autocratic/Micromanagement,4.05,3.32,2.42,3.7,1.87,5,0.5,25.3,Low
EMP_3320,HR,Democratic,3.33,4.1,3.3,3.21,3.61,5,15.0,33.7,Low
EMP_3321,Sales,Supportive,2.95,3.82,3.67,4.2,3.25,4,1.8,49.0,Moderate
EMP_3322,Engineering,Democratic,3.41,3.7,3.76,3.03,2.69,5,0.7,40.3,Low
EMP_3323,HR,Supportive,3.55,3.89,2.82,3.83,2.11,1,9.6,54.9,Moderate
EMP_3324,Sales,Democratic,2.44,4.15,3.59,3.57,2.23,5,0.5,39.3,Low
EMP_3325,HR,Supportive,4.2,4.2,2.45,3.09,4.16,3,2.2,45.8,Moderate
EMP_3326,HR,Autocratic/Micromanagement,1.66,4.46,2.37,3.64,2.84,3,5.1,41.5,Low
EMP_3327,HR,Supportive,5.0,4.89,2.31,4.03,3.76,2,1.3,44.1,Low
EMP_3328,Sales,Autocratic/Micromanagement,4.65,3.79,3.22,3.55,2.89,1,2.6,15.2,Low
EMP_3329,Engineering,Autocratic/Micromanagement,3.42,3.49,2.26,3.56,2.34,3,4.2,45.7,Moderate
EMP_3330,Marketing,Democratic,3.61,4.17,2.86,2.98,3.17,2,10.6,29.7,Low
EMP_3331,Marketing,Democratic,3.81,3.11,3.92,4.19,4.43,3,0.5,25.3,Low
EMP_3332,Marketing,Democratic,3.19,3.39,2.38,4.13,2.18,2,0.6,41.0,Low
EMP_3333,Engineering,Autocratic/Micromanagement,3.73,4.4,2.8,3.25,3.43,2,2.5,37.0,Low
EMP_3334,Engineering,Democratic,3.5,3.73,3.26,3.43,2.85,5,1.9,44.9,Low
EMP_3335,Product,Autocratic/Micromanagement,3.53,3.08,3.4,4.35,1.54,5,1.9,43.1,Low
EMP_3336,Marketing,Democratic,3.73,2.91,2.8,2.82,1.52,5,1.2,50.9,Moderate
EMP_3337,Product,Autocratic/Micromanagement,2.68,3.83,3.83,3.86,2.34,4,2.9,48.5,Moderate
EMP_3338,HR,Democratic,3.63,4.49,3.67,3.16,2.98,4,7.5,35.8,Low
EMP_3339,Sales,Democratic,3.71,4.48,4.11,4.57,3.4,5,0.6,53.4,Moderate
EMP_3340,Marketing,Autocratic/Micromanagement,3.69,3.87,3.13,3.54,1.44,4,0.8,38.2,Low
EMP_3341,Product,Autocratic/Micromanagement,3.45,5.0,2.79,4.26,3.22,3,3.9,37.7,Low
EMP_3342,Sales,Democratic,4.4,3.74,2.65,3.04,2.61,2,0.5,20.9,Low
EMP_3343,Marketing,Supportive,3.35,3.72,3.45,2.75,2.7,2,3.9,51.3,Moderate
EMP_3344,Engineering,Democratic,3.76,2.26,2.9,3.36,3.17,5,1.3,25.1,Low
EMP_3345,Sales,Autocratic/Micromanagement,4.51,3.53,2.74,3.66,4.1,4,1.6,0.0,Low
EMP_3346,Marketing,Autocratic/Micromanagement,3.54,4.31,2.84,3.19,2.94,3,1.8,39.5,Low
EMP_3347,Data Science,Autocratic/Micromanagement,3.75,4.74,2.65,3.95,1.61,1,1.5,62.5,Moderate
EMP_3348,Engineering,Supportive,3.53,3.3,3.36,3.37,2.55,3,6.4,49.5,Moderate
EMP_3349,Data Science,Democratic,4.47,4.08,2.07,2.25,3.38,4,10.2,62.5,Moderate
EMP_3350,Engineering,Democratic,3.42,4.43,3.44,3.83,3.41,3,2.8,49.0,Moderate
EMP_3351,Engineering,Autocratic/Micromanagement,4.5,3.81,3.74,2.97,3.23,3,3.1,25.7,Low
EMP_3352,Sales,Supportive,3.53,2.43,2.74,3.28,2.29,3,0.5,40.4,Low
EMP_3353,Product,Autocratic/Micromanagement,3.0,3.95,4.74,4.43,1.61,4,4.4,33.5,Low
EMP_3354,Sales,Democratic,4.08,4.26,3.21,4.56,3.17,5,3.1,43.2,Low
EMP_3355,Engineering,Supportive,3.39,3.23,1.95,3.15,1.73,5,0.5,57.6,Moderate
EMP_3356,Engineering,Supportive,4.03,3.65,2.98,3.85,3.25,1,0.8,45.9,Moderate
EMP_3357,Marketing,Supportive,1.69,3.11,3.25,3.17,3.25,3,0.8,47.2,Moderate
EMP_3358,Data Science,Democratic,3.6,2.26,3.56,3.33,2.33,3,0.7,27.0,Low
EMP_3359,HR,Supportive,3.28,4.42,2.99,3.14,2.61,3,3.8,55.1,Moderate
EMP_3360,Marketing,Supportive,2.86,3.8,2.39,2.47,2.86,4,9.2,45.1,Moderate
EMP_3361,HR,Autocratic/Micromanagement,3.21,4.76,2.32,3.56,2.21,2,5.0,48.0,Moderate
EMP_3362,Data Science,Supportive,3.2,4.31,2.68,3.67,1.59,4,2.3,62.4,Moderate
EMP_3363,Marketing,Supportive,3.57,3.59,2.75,3.1,2.67,3,1.8,39.2,Low
EMP_3364,Data Science,Democratic,2.64,3.75,2.29,4.15,2.75,5,1.7,40.6,Low
EMP_3365,Product,Democratic,3.82,4.14,2.61,3.24,3.79,1,3.2,39.2,Low
EMP_3366,Marketing,Autocratic/Micromanagement,4.56,4.38,3.73,3.12,2.07,2,1.6,21.8,Low
EMP_3367,Data Science,Democratic,3.8,3.99,4.52,3.82,3.55,4,0.9,22.7,Low
EMP_3368,Data Science,Autocratic/Micromanagement,4.17,4.46,3.8,2.57,1.78,4,3.2,31.5,Low
EMP_3369,Engineering,Democratic,4.37,3.62,4.24,4.04,1.62,4,1.7,44.9,Low
EMP_3370,Marketing,Supportive,4.47,3.2,3.98,3.26,2.46,5,0.5,48.9,Moderate
EMP_3371,Engineering,Supportive,4.91,3.76,3.87,4.09,1.95,3,0.5,57.6,Moderate
EMP_3372,Sales,Democratic,3.25,3.92,2.93,4.27,1.61,3,1.1,28.1,Low
EMP_3373,Data Science,Supportive,3.1,3.08,3.31,3.88,4.26,5,2.5,37.1,Low
EMP_3374,Marketing,Democratic,4.15,3.0,2.86,3.01,2.34,3,1.5,41.0,Low
EMP_3375,HR,Democratic,4.1,4.07,3.02,2.75,4.55,3,0.5,34.6,Low
EMP_3376,HR,Supportive,4.14,3.56,3.25,2.64,1.9,4,0.9,58.2,Moderate
EMP_3377,HR,Supportive,4.92,3.7,3.77,4.16,1.33,4,0.5,53.5,Moderate
EMP_3378,Engineering,Supportive,3.61,3.58,3.54,3.42,3.73,3,10.4,43.6,Low
EMP_3379,Engineering,Democratic,3.9,4.71,3.07,3.14,2.12,3,1.3,59.4,Moderate
EMP_3380,Marketing,Democratic,2.91,4.56,3.24,3.42,2.81,3,0.5,33.6,Low
EMP_3381,Data Science,Democratic,5.0,3.06,3.55,4.15,1.62,1,3.8,46.4,Moderate
EMP_3382,Sales,Supportive,3.36,3.48,3.73,3.97,2.67,5,0.9,46.8,Moderate
EMP_3383,Engineering,Democratic,3.38,4.31,1.98,3.76,1.6,2,2.9,57.4,Moderate
EMP_3384,Data Science,Autocratic/Micromanagement,3.36,4.16,2.34,3.88,2.64,2,0.6,53.1,Moderate
EMP_3385,Engineering,Supportive,3.15,3.78,4.09,3.61,2.32,4,14.5,50.2,Moderate
EMP_3386,Product,Democratic,3.09,3.12,3.15,3.68,2.88,4,12.3,46.6,Moderate
EMP_3387,Engineering,Autocratic/Micromanagement,3.23,3.39,2.86,3.63,3.2,4,3.7,33.3,Low
EMP_3388,Sales,Supportive,2.64,3.49,2.99,3.5,2.89,3,4.3,29.9,Low
EMP_3389,Engineering,Democratic,3.05,3.97,2.99,3.95,3.06,5,1.9,43.5,Low
EMP_3390,Marketing,Supportive,4.96,4.82,3.65,3.72,2.61,3,11.5,50.5,Moderate
EMP_3391,Data Science,Democratic,4.11,3.39,2.31,2.97,2.35,3,1.9,43.3,Low
EMP_3392,Product,Supportive,4.25,3.18,3.22,3.82,3.08,5,1.0,41.0,Low
EMP_3393,Product,Autocratic/Micromanagement,4.42,3.73,3.4,3.65,2.61,2,0.5,21.5,Low
EMP_3394,Data Science,Democratic,4.88,4.42,3.52,3.87,2.64,5,0.8,57.2,Moderate
EMP_3395,Product,Autocratic/Micromanagement,2.36,2.93,3.38,3.44,3.02,3,3.0,33.0,Low
EMP_3396,Product,Democratic,2.74,4.67,3.61,3.99,1.87,5,1.0,44.7,Low
EMP_3397,HR,Democratic,3.04,3.7,2.74,3.46,3.84,2,3.7,31.7,Low
EMP_3398,HR,Democratic,3.27,3.36,2.45,3.93,2.5,5,1.7,35.5,Low
EMP_3399,Engineering,Autocratic/Micromanagement,3.39,2.84,5.0,3.23,2.8,4,7.6,42.5,Low
EMP_3400,Sales,Autocratic/Micromanagement,3.29,4.22,2.96,3.27,2.66,4,2.9,28.7,Low
EMP_3401,Engineering,Democratic,3.75,3.7,3.05,3.86,3.22,3,3.4,36.2,Low
EMP_3402,Engineering,Autocratic/Micromanagement,3.62,3.9,3.74,3.3,2.97,5,2.8,38.9,Low
EMP_3403,Product,Democratic,3.09,3.26,4.48,4.82,2.66,3,7.6,44.7,Low
EMP_3404,Data Science,Democratic,2.08,3.61,2.76,3.84,3.86,3,0.5,30.7,Low
EMP_3405,Marketing,Democratic,2.9,3.51,2.4,3.51,1.0,4,0.5,47.2,Moderate
EMP_3406,HR,Supportive,3.22,3.74,2.21,3.99,3.69,3,4.2,41.5,Low
EMP_3407,Product,Supportive,3.43,3.4,4.47,3.21,3.44,3,5.1,39.4,Low
EMP_3408,Product,Supportive,2.81,2.88,2.37,4.05,1.23,4,2.0,52.5,Moderate
EMP_3409,Engineering,Democratic,3.26,5.0,3.18,4.04,3.44,2,1.5,43.9,Low
EMP_3410,Engineering,Supportive,2.81,2.98,2.42,4.25,3.55,5,1.1,46.2,Moderate
EMP_3411,Sales,Democratic,3.51,3.91,2.04,3.24,3.15,4,0.9,17.0,Low
EMP_3412,Engineering,Autocratic/Micromanagement,2.85,2.74,2.97,2.77,1.45,3,8.5,36.5,Low
EMP_3413,Engineering,Supportive,3.01,2.6,2.45,3.13,3.25,2,1.2,49.1,Moderate
EMP_3414,Data Science,Democratic,2.68,3.86,2.65,3.33,3.51,4,3.7,37.6,Low
EMP_3415,HR,Supportive,3.49,3.9,4.8,4.5,2.24,5,5.4,48.3,Moderate
EMP_3416,Sales,Supportive,2.99,4.56,3.54,4.82,3.05,3,0.5,49.8,Moderate
EMP_3417,Data Science,Autocratic/Micromanagement,4.23,4.04,3.95,3.71,2.42,3,0.5,32.1,Low
EMP_3418,Marketing,Democratic,3.88,3.71,3.86,3.51,3.41,2,1.4,32.8,Low
EMP_3419,Engineering,Autocratic/Micromanagement,3.55,3.23,3.12,3.29,2.45,4,4.2,41.0,Low
EMP_3420,Engineering,Supportive,3.04,4.7,2.85,3.99,2.24,4,1.1,70.1,Moderate
EMP_3421,HR,Democratic,3.87,4.36,3.4,4.81,2.67,2,0.5,36.1,Low
EMP_3422,Marketing,Supportive,4.08,3.05,3.33,4.57,1.63,4,1.2,49.7,Moderate
EMP_3423,HR,Supportive,3.7,3.82,2.74,4.18,2.59,5,0.5,53.3,Moderate
EMP_3424,Engineering,Supportive,4.72,3.89,3.3,4.17,2.99,1,0.9,49.6,Moderate
EMP_3425,HR,Supportive,3.92,3.59,2.63,4.0,3.4,4,1.4,45.4,Moderate
EMP_3426,Marketing,Supportive,4.24,4.26,3.06,3.47,2.9,5,0.5,52.9,Moderate
EMP_3427,Sales,Supportive,3.69,4.3,2.93,3.06,1.55,5,4.3,47.8,Moderate
EMP_3428,Marketing,Autocratic/Micromanagement,4.07,3.69,2.18,3.49,3.78,2,1.0,16.8,Low
EMP_3429,Product,Supportive,3.04,3.63,1.32,3.75,3.85,3,3.8,39.7,Low
EMP_3430,Sales,Supportive,3.28,4.7,2.45,2.63,2.79,5,3.2,34.9,Low
EMP_3431,Sales,Supportive,3.84,4.36,4.64,3.41,2.1,1,8.0,58.5,Moderate
EMP_3432,Product,Democratic,3.84,3.84,2.95,3.0,2.27,3,0.5,46.0,Moderate
EMP_3433,HR,Supportive,3.96,2.82,3.82,4.11,2.54,3,0.8,45.1,Moderate
EMP_3434,Sales,Autocratic/Micromanagement,4.37,4.01,1.5,3.17,2.92,4,7.0,2.9,Low
EMP_3435,Marketing,Autocratic/Micromanagement,2.6,4.22,2.39,3.7,2.46,3,6.0,34.7,Low
EMP_3436,Data Science,Supportive,2.92,2.15,2.12,3.08,2.01,5,0.7,36.9,Low
EMP_3437,Engineering,Democratic,3.76,3.95,3.04,4.46,3.52,3,0.5,35.2,Low
EMP_3438,Sales,Supportive,3.09,3.55,5.0,2.48,2.91,4,6.8,62.6,Moderate
EMP_3439,Product,Democratic,5.0,3.67,3.57,3.79,1.86,3,0.7,42.2,Low
EMP_3440,Product,Democratic,3.96,3.26,4.56,2.73,2.93,3,7.2,37.0,Low
EMP_3441,Data Science,Supportive,3.55,3.71,3.0,3.19,2.83,2,11.4,44.4,Low
EMP_3442,Sales,Supportive,3.24,4.64,4.29,3.62,2.13,5,0.9,61.0,Moderate
EMP_3443,Engineering,Democratic,3.26,3.53,4.86,3.65,3.66,4,6.4,26.6,Low
EMP_3444,Product,Democratic,3.62,4.38,3.11,3.64,2.81,4,1.9,44.3,Low
EMP_3445,Product,Supportive,3.68,3.32,2.77,3.59,2.53,4,5.4,48.1,Moderate
EMP_3446,Marketing,Democratic,3.28,4.26,2.15,3.11,2.63,1,1.8,46.4,Moderate
EMP_3447,HR,Democratic,3.41,3.8,2.95,3.4,3.06,4,0.5,35.6,Low
EMP_3448,Marketing,Autocratic/Micromanagement,4.54,4.01,3.27,3.52,2.64,2,4.4,10.6,Low
EMP_3449,Sales,Supportive,4.57,3.8,4.82,3.62,2.64,4,0.6,57.9,Moderate
EMP_3450,Engineering,Autocratic/Micromanagement,3.78,4.18,2.16,3.46,3.55,2,9.2,49.0,Moderate
EMP_3451,Sales,Democratic,2.66,2.26,3.25,3.94,1.57,5,1.9,43.3,Low
EMP_3452,Marketing,Supportive,3.98,2.95,1.75,3.56,1.7,4,0.5,55.7,Moderate
EMP_3453,Marketing,Democratic,4.69,4.05,2.86,3.62,3.32,3,0.9,35.9,Low
EMP_3454,Data Science,Democratic,4.56,2.57,3.45,3.27,4.63,3,6.9,27.5,Low
EMP_3455,Product,Autocratic/Micromanagement,4.11,3.48,3.61,2.87,3.4,2,1.4,12.1,Low
EMP_3456,Engineering,Supportive,4.6,3.77,3.67,3.59,4.19,5,6.8,39.1,Low
EMP_3457,Sales,Democratic,3.64,3.3,3.52,4.22,2.35,2,0.7,42.4,Low
EMP_3458,Marketing,Supportive,4.04,3.39,3.66,3.77,2.19,3,2.2,54.4,Moderate
EMP_3459,Marketing,Autocratic/Micromanagement,3.12,3.96,3.24,3.01,3.07,2,7.4,32.8,Low
EMP_3460,Marketing,Supportive,3.8,4.41,2.36,3.99,3.46,5,0.5,49.5,Moderate
EMP_3461,Data Science,Autocratic/Micromanagement,4.53,3.22,1.72,3.3,1.65,4,1.3,27.4,Low
EMP_3462,Engineering,Autocratic/Micromanagement,3.19,3.45,2.76,3.93,2.53,2,8.4,34.2,Low
EMP_3463,Marketing,Supportive,3.0,3.36,3.09,3.28,2.68,4,3.2,49.2,Moderate
EMP_3464,Sales,Autocratic/Micromanagement,3.67,2.35,4.2,3.71,2.16,5,4.4,54.1,Moderate
EMP_3465,Engineering,Autocratic/Micromanagement,3.44,3.89,3.12,3.19,2.25,4,6.5,34.6,Low
EMP_3466,Marketing,Supportive,4.05,4.36,3.04,3.2,3.37,3,2.6,38.0,Low
EMP_3467,Sales,Democratic,3.28,4.41,3.51,2.56,3.08,3,6.5,38.5,Low
EMP_3468,Marketing,Democratic,4.8,3.28,2.98,3.81,3.34,1,3.6,32.7,Low
EMP_3469,HR,Supportive,2.7,3.05,3.85,3.72,2.97,2,4.1,54.2,Moderate
EMP_3470,Engineering,Supportive,4.48,3.81,4.78,3.76,2.0,4,0.6,59.6,Moderate
EMP_3471,Engineering,Supportive,3.06,4.3,4.95,3.67,3.04,4,9.8,63.7,Moderate
EMP_3472,HR,Supportive,2.34,3.89,3.28,3.04,1.94,5,5.6,56.0,Moderate
EMP_3473,Marketing,Democratic,3.77,3.97,3.47,4.08,2.45,4,1.0,33.9,Low
EMP_3474,Marketing,Supportive,3.42,4.49,4.46,4.1,1.87,2,3.0,44.9,Low
EMP_3475,HR,Autocratic/Micromanagement,2.82,3.36,3.08,3.03,2.21,4,1.7,39.3,Low
EMP_3476,HR,Democratic,2.42,3.67,3.74,3.82,2.77,4,3.8,31.1,Low
EMP_3477,Product,Supportive,3.59,4.78,2.29,4.02,2.33,3,15.0,51.1,Moderate
EMP_3478,Sales,Democratic,4.28,3.68,2.95,3.22,1.99,4,0.5,22.1,Low
EMP_3479,Sales,Democratic,4.01,3.04,4.12,3.32,3.61,1,10.7,46.7,Moderate
EMP_3480,Sales,Autocratic/Micromanagement,3.64,3.4,2.63,3.82,2.6,1,0.5,22.4,Low
EMP_3481,Engineering,Supportive,3.94,3.24,3.1,2.59,2.28,3,2.2,52.9,Moderate
EMP_3482,Sales,Supportive,3.58,4.01,1.94,2.85,1.83,2,2.3,38.4,Low
EMP_3483,Data Science,Autocratic/Micromanagement,2.6,3.26,4.8,2.91,1.2,3,1.1,42.6,Low
EMP_3484,Product,Autocratic/Micromanagement,2.61,3.96,4.21,2.42,2.52,3,2.9,31.8,Low
EMP_3485,Sales,Democratic,3.46,3.36,3.35,4.15,1.6,5,6.3,43.6,Low
EMP_3486,Sales,Autocratic/Micromanagement,3.49,2.53,3.61,2.31,3.27,5,1.2,26.6,Low
EMP_3487,Data Science,Supportive,4.2,3.98,3.52,3.71,2.72,5,0.5,54.0,Moderate
EMP_3488,Engineering,Democratic,4.13,3.89,4.31,3.99,3.95,5,3.5,34.9,Low
EMP_3489,Engineering,Supportive,4.02,4.11,2.78,3.32,2.88,5,4.9,66.3,Moderate
EMP_3490,Sales,Supportive,3.4,3.4,3.79,3.1,2.12,4,10.8,45.6,Moderate
EMP_3491,Engineering,Autocratic/Micromanagement,2.63,3.33,4.06,3.64,1.2,5,0.6,46.4,Moderate
EMP_3492,Marketing,Supportive,3.89,4.04,4.17,3.5,3.35,4,8.1,41.6,Low
EMP_3493,Product,Democratic,3.97,4.71,1.39,4.1,1.66,5,2.3,43.3,Low
EMP_3494,Product,Autocratic/Micromanagement,1.93,3.81,2.72,1.92,2.37,2,0.9,34.3,Low
EMP_3495,Marketing,Supportive,3.02,4.05,2.38,2.95,4.04,4,11.5,41.4,Low
EMP_3496,Engineering,Autocratic/Micromanagement,3.12,3.61,3.32,3.84,3.19,5,1.0,28.8,Low
EMP_3497,Product,Autocratic/Micromanagement,3.68,2.87,1.59,3.53,3.01,3,4.6,35.7,Low
EMP_3498,Product,Democratic,3.04,4.38,1.56,3.95,3.46,2,5.4,26.2,Low
EMP_3499,Engineering,Supportive,3.57,4.35,4.94,3.66,3.43,3,2.0,68.3,Moderate
EMP_3500,Marketing,Supportive,3.45,4.23,3.69,3.42,3.96,4,4.1,43.0,Low
EMP_3501,Data Science,Democratic,3.49,3.69,3.3,3.32,2.22,4,3.0,40.0,Low
EMP_3502,HR,Supportive,3.1,4.16,3.49,4.9,2.4,3,0.7,52.6,Moderate
EMP_3503,Product,Supportive,3.15,4.34,3.32,4.42,1.96,2,5.0,44.7,Low
EMP_3504,Engineering,Autocratic/Micromanagement,2.84,4.77,4.0,3.8,2.67,5,9.2,49.1,Moderate
EMP_3505,Product,Supportive,3.87,4.39,2.69,3.55,2.59,4,2.3,51.0,Moderate
EMP_3506,Marketing,Democratic,4.0,3.84,3.35,3.82,1.3,3,15.0,45.0,Moderate
EMP_3507,Product,Supportive,3.06,3.02,3.38,4.0,2.18,5,2.0,46.6,Moderate
EMP_3508,Sales,Democratic,4.66,3.89,2.36,3.75,3.85,3,2.3,20.9,Low
EMP_3509,HR,Autocratic/Micromanagement,3.38,3.95,4.22,3.05,2.9,3,3.9,38.5,Low
EMP_3510,Engineering,Supportive,4.67,4.23,2.84,4.57,3.27,5,0.7,62.8,Moderate
EMP_3511,Data Science,Supportive,3.15,4.61,4.01,3.65,2.6,5,8.1,65.2,Moderate
EMP_3512,Engineering,Democratic,2.18,3.74,3.29,4.71,1.19,3,5.7,41.2,Low
EMP_3513,Product,Democratic,3.88,5.0,4.51,3.61,2.6,1,7.2,37.9,Low
EMP_3514,HR,Democratic,3.77,2.74,2.37,3.35,3.53,2,3.3,24.8,Low
EMP_3515,Product,Supportive,3.62,4.05,2.33,4.33,1.75,5,7.5,49.6,Moderate
EMP_3516,Product,Supportive,3.15,3.32,2.48,3.68,3.3,5,4.0,43.9,Low
EMP_3517,Engineering,Autocratic/Micromanagement,3.58,2.66,3.31,3.58,1.34,3,2.5,47.1,Moderate
EMP_3518,Data Science,Autocratic/Micromanagement,3.24,3.68,4.43,2.78,2.72,3,9.4,40.3,Low
EMP_3519,Engineering,Democratic,3.39,2.93,4.47,3.9,3.14,3,2.0,32.1,Low
EMP_3520,Engineering,Autocratic/Micromanagement,4.19,3.7,1.35,3.2,2.45,5,2.4,17.1,Low
EMP_3521,Engineering,Democratic,3.73,3.82,3.4,3.23,4.68,3,0.7,35.5,Low
EMP_3522,Sales,Democratic,4.03,4.47,1.0,3.21,2.31,3,10.3,23.1,Low
EMP_3523,Data Science,Supportive,3.44,2.9,3.84,3.76,2.24,4,0.9,50.5,Moderate
EMP_3524,Engineering,Democratic,3.36,4.35,4.09,2.58,2.86,2,0.8,56.1,Moderate
EMP_3525,Engineering,Democratic,2.79,3.86,3.17,3.37,2.1,3,0.5,40.2,Low
EMP_3526,Engineering,Supportive,3.34,4.42,3.27,4.09,1.55,3,2.1,67.3,Moderate
EMP_3527,Product,Democratic,1.28,3.54,3.26,2.75,1.82,4,1.1,40.2,Low
EMP_3528,HR,Autocratic/Micromanagement,3.19,3.0,2.57,3.6,3.31,5,4.7,32.6,Low
EMP_3529,Product,Democratic,3.54,3.07,3.55,3.12,2.46,3,1.3,39.6,Low
EMP_3530,Sales,Democratic,3.99,3.02,3.01,3.26,4.06,2,4.5,22.6,Low
EMP_3531,Data Science,Autocratic/Micromanagement,3.41,4.09,3.94,4.49,2.35,3,0.8,52.6,Moderate
EMP_3532,HR,Supportive,3.84,4.69,3.11,2.51,3.27,2,0.9,48.0,Moderate
EMP_3533,Data Science,Democratic,2.07,3.46,2.51,3.96,3.11,1,5.7,38.1,Low
EMP_3534,Data Science,Autocratic/Micromanagement,3.56,4.18,1.97,3.21,2.34,4,1.6,61.5,Moderate
EMP_3535,Engineering,Democratic,2.42,2.89,1.71,3.18,2.0,5,0.5,45.2,Moderate
EMP_3536,Engineering,Supportive,2.75,3.91,4.25,2.83,1.31,5,11.4,56.1,Moderate
EMP_3537,Data Science,Supportive,3.47,4.2,2.83,3.95,3.14,4,0.7,61.0,Moderate
EMP_3538,Data Science,Autocratic/Micromanagement,4.49,2.93,3.47,3.39,3.66,4,0.6,13.2,Low
EMP_3539,Marketing,Democratic,3.86,3.68,4.63,3.31,1.43,5,1.6,46.1,Moderate
EMP_3540,Engineering,Autocratic/Micromanagement,3.61,4.23,2.75,3.57,2.4,4,0.5,55.8,Moderate
EMP_3541,Engineering,Democratic,3.59,2.04,2.7,3.4,2.17,4,0.6,23.4,Low
EMP_3542,HR,Democratic,3.1,4.6,3.09,2.3,3.14,3,6.6,31.5,Low
EMP_3543,Engineering,Autocratic/Micromanagement,3.22,4.01,3.22,3.21,2.44,2,0.7,53.8,Moderate
EMP_3544,Data Science,Democratic,3.9,4.23,4.71,4.04,3.76,3,0.5,53.9,Moderate
EMP_3545,Product,Supportive,2.63,3.55,4.45,2.6,2.39,5,7.4,49.8,Moderate
EMP_3546,Engineering,Democratic,4.02,2.77,3.7,2.85,1.71,4,2.1,42.4,Low
EMP_3547,Engineering,Autocratic/Micromanagement,3.33,4.12,4.36,3.24,2.32,2,0.6,56.7,Moderate
EMP_3548,Sales,Supportive,4.18,3.75,3.06,3.06,2.41,4,3.0,51.6,Moderate
EMP_3549,Data Science,Supportive,4.27,3.82,3.44,3.48,3.12,3,0.5,47.2,Moderate
EMP_3550,Sales,Supportive,2.43,4.45,2.96,2.84,2.4,5,2.0,34.0,Low
EMP_3551,HR,Autocratic/Micromanagement,3.19,4.26,2.17,3.27,3.05,2,3.1,33.7,Low
EMP_3552,Engineering,Supportive,3.0,4.95,4.16,3.47,2.07,4,11.0,70.7,Moderate
EMP_3553,Sales,Democratic,2.33,3.89,3.63,3.89,2.46,4,1.4,36.8,Low
EMP_3554,Sales,Democratic,2.88,3.39,3.21,4.25,2.07,5,5.1,48.5,Moderate
EMP_3555,Engineering,Democratic,5.0,3.69,3.2,3.34,2.02,4,0.5,41.7,Low
EMP_3556,Marketing,Democratic,4.03,4.05,2.0,4.63,3.72,5,2.0,33.5,Low
EMP_3557,Data Science,Supportive,4.94,4.41,2.42,3.39,2.13,1,0.9,69.2,Moderate
EMP_3558,Sales,Democratic,4.18,2.92,3.47,4.0,2.42,2,2.4,35.8,Low
EMP_3559,Engineering,Autocratic/Micromanagement,3.08,3.81,2.78,4.66,3.54,3,1.9,36.9,Low
EMP_3560,Sales,Autocratic/Micromanagement,3.33,4.77,3.03,3.58,3.3,4,13.7,35.7,Low
EMP_3561,Data Science,Supportive,4.01,3.66,3.12,2.68,4.01,3,8.7,44.0,Low
EMP_3562,HR,Autocratic/Micromanagement,3.91,4.36,2.65,3.55,3.09,2,3.1,32.7,Low
EMP_3563,Engineering,Democratic,3.2,4.1,2.43,3.13,2.22,4,0.7,51.5,Moderate
EMP_3564,Sales,Autocratic/Micromanagement,2.54,4.37,1.91,3.34,4.35,4,2.8,6.3,Low
EMP_3565,Sales,Democratic,5.0,3.31,3.08,4.69,3.17,3,5.5,33.4,Low
EMP_3566,Marketing,Democratic,3.5,3.32,3.69,2.77,2.58,1,0.5,35.8,Low
EMP_3567,Sales,Autocratic/Micromanagement,3.37,3.81,1.89,3.68,2.75,5,2.0,19.3,Low
EMP_3568,Marketing,Autocratic/Micromanagement,3.68,2.88,3.18,2.97,2.84,4,0.5,36.6,Low
EMP_3569,HR,Democratic,3.43,3.64,3.42,3.32,2.51,3,1.0,39.0,Low
EMP_3570,Product,Supportive,3.69,3.95,2.41,3.95,1.6,4,0.5,55.3,Moderate
EMP_3571,Data Science,Supportive,4.5,4.87,4.34,3.69,4.0,3,11.3,59.8,Moderate
EMP_3572,Sales,Supportive,3.51,4.04,2.89,3.36,2.68,3,0.6,36.2,Low
EMP_3573,HR,Supportive,2.79,4.18,3.12,3.11,2.85,3,0.6,50.6,Moderate
EMP_3574,Product,Supportive,3.49,4.5,3.07,3.69,4.36,5,12.5,41.8,Low
EMP_3575,Product,Autocratic/Micromanagement,3.27,3.22,1.78,4.52,2.15,5,2.5,40.6,Low
EMP_3576,Data Science,Supportive,4.6,3.7,4.01,2.96,3.22,2,5.0,50.2,Moderate
EMP_3577,Engineering,Democratic,4.42,5.0,2.44,4.65,2.07,1,1.4,59.2,Moderate
EMP_3578,Sales,Supportive,3.68,3.75,3.01,4.22,2.96,2,2.7,39.3,Low
EMP_3579,Marketing,Supportive,2.7,4.47,3.68,4.32,2.86,4,0.5,46.3,Moderate
EMP_3580,Sales,Supportive,2.74,4.38,4.37,3.69,3.33,2,1.8,48.0,Moderate
EMP_3581,Sales,Supportive,3.61,2.91,2.34,4.2,3.67,5,2.8,19.4,Low
EMP_3582,HR,Autocratic/Micromanagement,3.84,3.99,2.84,2.89,2.24,3,2.5,37.4,Low
EMP_3583,Data Science,Autocratic/Micromanagement,3.34,3.89,4.31,3.1,3.83,4,1.8,32.1,Low
EMP_3584,Product,Supportive,3.26,4.0,3.57,3.96,3.89,3,5.4,40.4,Low
EMP_3585,Sales,Democratic,3.19,3.35,3.74,3.68,2.5,5,2.4,29.9,Low
EMP_3586,Data Science,Democratic,3.58,3.13,2.36,3.41,2.69,1,3.5,41.8,Low
EMP_3587,Sales,Autocratic/Micromanagement,1.93,3.51,2.9,2.0,2.3,4,0.7,21.1,Low
EMP_3588,HR,Autocratic/Micromanagement,2.83,3.74,3.07,3.24,2.46,4,6.9,41.4,Low
EMP_3589,Engineering,Democratic,3.16,4.51,2.51,2.8,1.74,4,1.6,53.8,Moderate
EMP_3590,Engineering,Democratic,4.45,4.89,1.86,3.8,3.32,3,2.3,47.6,Moderate
EMP_3591,Product,Autocratic/Micromanagement,3.03,4.64,2.79,3.39,1.06,1,1.5,47.4,Moderate
EMP_3592,Engineering,Supportive,3.73,4.32,4.28,3.12,2.14,4,7.8,63.6,Moderate
EMP_3593,Sales,Democratic,3.76,3.2,3.25,5.0,2.66,5,8.1,38.9,Low
EMP_3594,Sales,Autocratic/Micromanagement,4.51,3.55,4.3,4.12,3.74,1,0.9,28.6,Low
EMP_3595,Sales,Democratic,4.48,3.93,3.34,4.13,2.26,3,4.9,32.7,Low
EMP_3596,Marketing,Democratic,3.56,3.42,2.59,4.82,3.04,2,0.5,38.7,Low
EMP_3597,Engineering,Democratic,3.27,4.15,4.22,3.98,2.64,4,0.5,48.4,Moderate
EMP_3598,Sales,Supportive,3.14,4.23,3.37,3.04,3.46,4,6.3,38.9,Low
EMP_3599,Data Science,Democratic,3.43,4.12,3.97,2.97,3.0,4,0.5,47.9,Moderate
EMP_3600,Marketing,Democratic,3.3,4.42,2.35,4.08,3.36,3,0.6,39.0,Low
EMP_3601,Engineering,Democratic,3.99,3.26,4.03,2.26,2.26,2,3.3,31.8,Low
EMP_3602,Sales,Democratic,3.89,4.36,4.06,3.45,1.89,4,5.9,56.7,Moderate
EMP_3603,Engineering,Autocratic/Micromanagement,4.01,3.38,3.43,2.2,2.99,3,0.7,20.2,Low
EMP_3604,Data Science,Supportive,4.48,3.24,2.55,3.56,2.31,1,0.5,50.0,Moderate
EMP_3605,Engineering,Democratic,4.9,4.12,3.16,4.01,2.72,4,0.5,54.0,Moderate
EMP_3606,Engineering,Democratic,3.69,4.53,3.69,3.67,2.95,2,0.5,50.3,Moderate
EMP_3607,HR,Democratic,4.37,4.09,3.39,4.06,3.69,5,0.5,36.8,Low
EMP_3608,Data Science,Supportive,3.35,3.81,3.68,4.68,3.33,2,10.0,42.9,Low
EMP_3609,Product,Democratic,4.43,3.99,4.01,3.41,2.16,3,0.5,32.2,Low
EMP_3610,Product,Autocratic/Micromanagement,4.34,3.88,2.68,5.0,1.78,3,3.2,23.6,Low
EMP_3611,Sales,Democratic,4.31,3.12,2.28,3.63,4.07,4,8.9,20.7,Low
EMP_3612,Engineering,Autocratic/Micromanagement,3.67,3.05,3.17,4.07,1.43,3,3.5,46.0,Moderate
EMP_3613,Data Science,Autocratic/Micromanagement,3.13,3.75,2.94,3.13,2.34,4,0.5,48.5,Moderate
EMP_3614,HR,Supportive,2.62,3.85,3.83,4.47,3.22,3,3.2,44.2,Low
EMP_3615,Data Science,Supportive,3.57,3.81,2.34,4.13,4.01,1,8.2,41.2,Low
EMP_3616,Engineering,Autocratic/Micromanagement,4.67,4.21,4.02,4.38,2.55,2,1.4,34.4,Low
EMP_3617,Sales,Autocratic/Micromanagement,3.38,3.67,4.28,3.53,2.72,5,1.3,45.9,Moderate
EMP_3618,HR,Supportive,4.15,4.14,3.2,2.75,2.0,3,1.0,48.6,Moderate
EMP_3619,HR,Supportive,4.19,3.71,3.25,3.78,2.8,4,2.5,42.2,Low
EMP_3620,Engineering,Supportive,3.4,4.89,2.59,2.48,1.78,5,1.0,55.5,Moderate
EMP_3621,Marketing,Autocratic/Micromanagement,4.52,3.85,2.77,3.3,2.1,1,4.5,19.6,Low
EMP_3622,Engineering,Supportive,1.56,5.0,2.87,3.61,3.31,4,3.6,60.2,Moderate
EMP_3623,Engineering,Democratic,2.74,4.01,4.35,4.93,2.35,3,1.8,57.6,Moderate
EMP_3624,Product,Autocratic/Micromanagement,2.96,3.67,3.14,3.69,3.43,3,4.5,31.7,Low
EMP_3625,Engineering,Supportive,3.03,3.26,2.14,3.58,2.58,2,0.5,45.6,Moderate
EMP_3626,Data Science,Democratic,3.84,2.93,3.4,3.46,1.6,5,4.8,48.0,Moderate
EMP_3627,Engineering,Supportive,3.8,3.21,3.86,2.69,3.63,3,3.2,37.0,Low
EMP_3628,Product,Autocratic/Micromanagement,3.88,3.27,3.18,3.55,1.65,1,3.5,41.8,Low
EMP_3629,HR,Supportive,4.02,4.04,4.38,3.56,2.22,1,0.5,54.8,Moderate
EMP_3630,Marketing,Democratic,2.93,3.48,3.82,2.92,2.54,2,3.4,35.0,Low
EMP_3631,HR,Democratic,2.75,3.91,2.36,2.79,3.5,5,2.4,26.6,Low
EMP_3632,Engineering,Supportive,3.88,4.57,2.76,3.21,2.28,3,2.3,73.3,Moderate
EMP_3633,Sales,Supportive,3.16,3.75,3.38,3.54,1.96,5,1.4,55.2,Moderate
EMP_3634,Data Science,Democratic,2.5,5.0,1.87,3.23,2.83,5,0.5,56.4,Moderate
EMP_3635,Engineering,Supportive,4.28,3.09,3.47,2.87,2.53,5,1.9,48.2,Moderate
EMP_3636,Sales,Autocratic/Micromanagement,4.58,3.71,1.79,3.67,2.33,3,1.8,9.7,Low
EMP_3637,Product,Autocratic/Micromanagement,4.69,3.48,4.02,3.82,2.87,3,1.9,6.6,Low
EMP_3638,Engineering,Democratic,3.73,4.36,3.93,3.57,1.74,4,3.3,55.0,Moderate
EMP_3639,Data Science,Democratic,4.04,2.46,3.6,3.16,1.32,3,1.2,33.8,Low
EMP_3640,Engineering,Democratic,4.56,2.93,2.66,3.86,4.41,3,1.1,23.2,Low
EMP_3641,Engineering,Autocratic/Micromanagement,3.15,3.74,3.34,3.39,2.78,1,2.4,35.8,Low
EMP_3642,Product,Democratic,4.38,4.73,2.79,2.79,2.84,5,3.1,38.8,Low
EMP_3643,Sales,Supportive,3.79,3.94,2.38,4.12,2.07,1,2.9,31.8,Low
EMP_3644,Sales,Supportive,4.24,2.99,2.93,3.71,3.42,2,7.5,29.6,Low
EMP_3645,HR,Democratic,3.73,3.08,3.76,3.43,2.27,4,5.1,41.7,Low
EMP_3646,Engineering,Democratic,4.51,4.8,3.24,2.56,1.0,2,0.5,62.0,Moderate
EMP_3647,Sales,Democratic,3.76,3.43,4.36,3.05,2.25,2,2.9,49.9,Moderate
EMP_3648,Sales,Supportive,2.56,3.23,3.81,4.71,2.47,2,1.9,44.7,Low
EMP_3649,Sales,Democratic,4.62,4.69,3.73,2.59,2.56,1,1.6,40.5,Low
EMP_3650,Product,Supportive,2.94,4.41,1.91,3.35,2.54,3,11.1,50.3,Moderate
EMP_3651,HR,Supportive,4.48,4.56,2.97,3.49,2.18,3,2.1,51.6,Moderate
EMP_3652,Data Science,Democratic,3.54,3.23,2.35,3.69,2.11,3,4.4,41.1,Low
EMP_3653,HR,Supportive,4.42,2.88,3.05,2.6,2.46,3,11.9,50.6,Moderate
EMP_3654,Engineering,Democratic,4.39,3.88,2.65,3.6,1.38,3,0.6,48.2,Moderate
EMP_3655,Engineering,Supportive,3.9,4.0,2.9,2.49,1.13,4,0.5,71.5,Moderate
EMP_3656,Engineering,Democratic,3.96,4.02,4.05,3.56,2.78,2,1.3,53.0,Moderate
EMP_3657,Data Science,Democratic,3.9,4.69,3.58,3.11,2.79,2,0.5,49.8,Moderate
EMP_3658,Sales,Supportive,2.19,2.76,4.01,2.98,3.4,5,0.5,63.6,Moderate
EMP_3659,Marketing,Supportive,3.68,4.32,1.92,4.0,2.5,4,15.0,43.1,Low
EMP_3660,Product,Autocratic/Micromanagement,2.82,3.14,3.25,3.36,1.75,1,11.3,41.1,Low
EMP_3661,Sales,Democratic,3.72,4.31,3.97,3.78,1.15,5,4.1,42.3,Low
EMP_3662,Sales,Democratic,2.8,3.52,4.41,3.8,1.99,4,4.9,43.9,Low
EMP_3663,Engineering,Supportive,2.77,3.31,1.96,4.26,3.04,2,0.5,48.1,Moderate
EMP_3664,Engineering,Democratic,4.72,3.43,2.92,2.78,3.85,5,3.2,31.7,Low
EMP_3665,Sales,Democratic,4.35,2.93,4.03,4.05,2.74,3,0.6,49.8,Moderate
EMP_3666,Sales,Democratic,3.6,3.82,3.05,3.51,1.73,5,1.7,41.3,Low
EMP_3667,HR,Democratic,3.73,3.34,2.47,3.27,2.0,2,1.5,44.8,Low
EMP_3668,Engineering,Supportive,3.43,4.27,1.96,2.81,2.02,2,3.3,70.3,Moderate
EMP_3669,Engineering,Supportive,4.0,4.18,2.44,3.86,2.38,4,0.5,58.8,Moderate
EMP_3670,Sales,Autocratic/Micromanagement,3.13,4.81,1.85,2.95,3.6,1,0.5,27.6,Low
EMP_3671,Engineering,Autocratic/Micromanagement,4.3,4.02,3.25,3.81,3.66,1,3.3,29.3,Low
EMP_3672,Engineering,Supportive,3.42,4.11,3.92,4.66,2.56,4,3.5,66.4,Moderate
EMP_3673,Marketing,Democratic,3.31,4.64,2.19,4.09,2.85,2,1.5,38.1,Low
EMP_3674,Engineering,Supportive,3.62,3.42,3.41,4.33,2.06,5,0.6,51.3,Moderate
EMP_3675,Marketing,Supportive,3.19,2.91,3.88,3.07,1.33,3,7.6,56.8,Moderate
EMP_3676,Data Science,Supportive,3.83,3.92,3.2,3.96,4.13,5,0.5,48.0,Moderate
EMP_3677,Engineering,Supportive,3.22,2.95,1.91,2.81,1.0,3,4.4,59.4,Moderate
EMP_3678,Data Science,Democratic,3.93,5.0,3.51,3.36,1.23,3,0.5,58.2,Moderate
EMP_3679,HR,Democratic,4.45,4.67,3.16,4.54,4.14,3,3.6,30.9,Low
EMP_3680,Data Science,Supportive,3.1,5.0,3.07,3.14,2.71,4,3.8,60.0,Moderate
EMP_3681,HR,Supportive,3.51,3.84,2.76,4.17,1.8,3,5.7,55.5,Moderate
EMP_3682,Engineering,Autocratic/Micromanagement,3.92,4.13,3.27,4.11,3.25,2,1.8,53.3,Moderate
EMP_3683,HR,Supportive,3.29,3.52,3.61,4.14,3.32,1,0.5,43.3,Low
EMP_3684,Engineering,Democratic,3.93,4.33,5.0,2.74,1.63,1,5.8,64.3,Moderate
EMP_3685,Marketing,Supportive,3.99,3.07,3.29,3.82,2.27,3,2.1,55.2,Moderate
EMP_3686,Sales,Democratic,4.36,2.27,4.41,3.41,3.4,4,6.6,55.8,Moderate
EMP_3687,Product,Supportive,3.18,3.33,3.49,4.15,2.05,2,5.2,46.8,Moderate
EMP_3688,Data Science,Supportive,2.94,2.93,3.12,2.51,2.93,3,2.4,46.3,Moderate
EMP_3689,Engineering,Supportive,3.38,4.69,3.32,3.72,3.84,5,15.0,56.7,Moderate
EMP_3690,Engineering,Supportive,2.92,4.89,2.22,3.64,1.0,4,2.2,83.5,High
EMP_3691,HR,Democratic,4.0,2.96,3.44,2.31,2.43,5,4.2,39.1,Low
EMP_3692,Sales,Democratic,2.79,4.58,1.61,2.97,2.91,5,3.9,28.2,Low
EMP_3693,HR,Supportive,5.0,4.37,2.51,2.4,1.27,1,2.6,59.5,Moderate
EMP_3694,Engineering,Supportive,4.51,2.86,3.29,3.06,2.28,5,3.1,49.3,Moderate
EMP_3695,Data Science,Democratic,3.61,3.57,4.16,3.83,3.54,1,5.6,34.3,Low
EMP_3696,Engineering,Democratic,4.21,3.45,4.34,3.62,2.14,5,3.0,43.0,Low
EMP_3697,Product,Autocratic/Micromanagement,2.45,4.25,3.01,3.6,1.51,3,2.1,49.5,Moderate
EMP_3698,Marketing,Democratic,5.0,3.06,3.32,2.88,3.6,3,3.8,32.9,Low
EMP_3699,Product,Democratic,3.19,3.74,3.99,4.17,3.06,4,0.5,33.7,Low
EMP_3700,Data Science,Democratic,3.52,3.39,2.14,3.49,2.64,5,0.5,42.8,Low
EMP_3701,Marketing,Autocratic/Micromanagement,2.3,4.08,3.52,3.52,2.62,4,0.5,32.5,Low
EMP_3702,Marketing,Autocratic/Micromanagement,3.94,3.67,2.54,4.06,3.52,3,1.9,35.4,Low
EMP_3703,Data Science,Supportive,2.83,3.48,3.06,2.91,2.94,2,7.2,52.1,Moderate
EMP_3704,HR,Supportive,3.67,3.67,2.83,3.64,3.22,4,3.6,47.7,Moderate
EMP_3705,Product,Supportive,3.22,5.0,3.55,3.75,2.15,2,12.6,47.5,Moderate
EMP_3706,Product,Democratic,2.85,3.55,3.64,3.17,1.17,4,0.5,39.7,Low
EMP_3707,Marketing,Democratic,3.04,3.18,3.91,3.89,3.2,3,4.5,41.5,Low
EMP_3708,Data Science,Democratic,3.76,4.15,3.48,3.79,3.58,3,1.3,48.0,Moderate
EMP_3709,Data Science,Supportive,2.7,3.71,3.34,3.44,2.52,4,0.5,44.2,Low
EMP_3710,Product,Democratic,3.08,2.95,4.68,3.42,3.41,4,6.1,40.3,Low
EMP_3711,Engineering,Autocratic/Micromanagement,4.06,5.0,1.98,3.81,2.43,5,0.6,40.1,Low
EMP_3712,Marketing,Supportive,5.0,3.59,4.56,3.97,2.63,3,0.8,42.9,Low
EMP_3713,Marketing,Democratic,3.93,3.57,2.97,3.54,4.1,5,1.5,44.1,Low
EMP_3714,Marketing,Democratic,2.96,3.9,3.66,4.17,2.47,5,5.4,36.2,Low
EMP_3715,Product,Autocratic/Micromanagement,3.34,4.84,2.94,3.9,2.42,5,3.4,43.0,Low
EMP_3716,Data Science,Autocratic/Micromanagement,3.62,2.79,2.64,2.43,1.2,5,1.1,54.5,Moderate
EMP_3717,Data Science,Democratic,3.36,3.97,3.59,2.66,3.25,4,0.6,39.8,Low
EMP_3718,Engineering,Democratic,4.23,5.0,4.03,4.21,2.13,1,0.5,56.7,Moderate
EMP_3719,Sales,Autocratic/Micromanagement,3.75,3.88,3.58,3.35,2.82,4,0.6,30.1,Low
EMP_3720,Data Science,Democratic,4.24,3.06,2.77,3.6,2.45,4,7.1,49.2,Moderate
EMP_3721,Data Science,Supportive,3.38,3.43,5.0,4.18,2.34,5,9.0,53.8,Moderate
EMP_3722,HR,Autocratic/Micromanagement,4.53,3.92,4.16,3.5,2.61,4,12.0,13.2,Low
EMP_3723,Product,Supportive,3.48,4.6,3.95,3.52,2.67,4,6.3,55.7,Moderate
EMP_3724,Engineering,Supportive,2.92,3.6,2.92,2.98,3.64,4,7.6,43.9,Low
EMP_3725,Data Science,Autocratic/Micromanagement,5.0,4.3,2.7,3.72,3.92,3,5.9,28.0,Low
EMP_3726,Product,Democratic,2.32,2.94,2.98,3.85,3.22,2,11.1,32.6,Low
EMP_3727,Engineering,Democratic,3.08,2.93,4.07,3.15,3.72,4,6.5,34.1,Low
EMP_3728,Engineering,Supportive,3.16,3.51,2.41,2.95,3.38,2,2.2,48.8,Moderate
EMP_3729,Engineering,Supportive,5.0,4.66,2.35,5.0,3.1,2,1.4,58.6,Moderate
EMP_3730,Sales,Supportive,4.86,3.84,3.63,3.44,3.86,4,3.1,43.3,Low
EMP_3731,Engineering,Supportive,4.65,3.97,3.46,3.09,1.65,4,3.3,69.5,Moderate
EMP_3732,Product,Democratic,3.37,3.97,2.58,3.92,2.15,4,3.0,42.7,Low
EMP_3733,Sales,Supportive,5.0,4.47,2.33,3.47,2.04,5,4.3,40.6,Low
EMP_3734,Sales,Democratic,3.86,3.43,4.35,2.85,2.46,2,4.2,46.1,Moderate
EMP_3735,Engineering,Supportive,4.28,4.21,3.49,3.79,3.25,3,0.5,53.6,Moderate
EMP_3736,Sales,Autocratic/Micromanagement,3.73,3.3,2.11,2.99,1.81,4,1.2,34.2,Low
EMP_3737,Marketing,Supportive,3.57,4.99,2.17,4.45,3.1,5,7.7,51.9,Moderate
EMP_3738,HR,Supportive,3.42,3.32,2.91,3.8,2.23,3,3.1,58.5,Moderate
EMP_3739,HR,Supportive,3.45,3.27,3.79,3.33,2.42,1,1.4,48.7,Moderate
EMP_3740,Sales,Democratic,4.03,4.13,3.68,3.57,2.86,4,6.7,43.4,Low
EMP_3741,Product,Democratic,3.86,3.85,4.11,4.04,4.04,5,1.0,19.0,Low
EMP_3742,HR,Democratic,3.58,4.0,2.01,3.61,2.13,3,1.8,43.1,Low
EMP_3743,HR,Democratic,4.66,3.94,3.38,4.77,2.64,1,1.1,43.3,Low
EMP_3744,Engineering,Supportive,1.52,3.15,4.34,4.18,1.84,3,7.2,48.3,Moderate
EMP_3745,Engineering,Democratic,3.96,4.77,4.27,3.79,2.12,1,4.6,60.7,Moderate
EMP_3746,Engineering,Democratic,4.1,4.34,3.49,2.94,1.83,3,2.2,55.9,Moderate
EMP_3747,Marketing,Supportive,4.4,4.62,5.0,3.41,2.9,1,9.4,46.6,Moderate
EMP_3748,Sales,Supportive,3.55,3.48,3.69,3.79,3.04,2,9.2,45.0,Moderate
EMP_3749,Sales,Supportive,3.75,4.05,4.03,3.01,3.25,3,4.4,65.3,Moderate
EMP_3750,Product,Supportive,4.29,3.92,3.24,4.28,2.1,2,7.8,48.3,Moderate
EMP_3751,Product,Democratic,4.64,4.48,2.58,2.92,3.11,2,4.4,33.1,Low
EMP_3752,Product,Supportive,3.39,4.5,2.5,3.12,2.79,5,3.5,43.2,Low
EMP_3753,Data Science,Supportive,3.79,3.92,3.35,3.16,2.65,1,1.9,46.2,Moderate
EMP_3754,Marketing,Supportive,4.78,2.89,3.03,3.95,1.71,4,1.1,53.3,Moderate
EMP_3755,Data Science,Autocratic/Micromanagement,2.11,4.87,1.79,3.02,2.82,5,0.5,55.5,Moderate
EMP_3756,Engineering,Autocratic/Micromanagement,3.12,4.13,2.38,2.42,2.85,2,5.6,48.4,Moderate
EMP_3757,Engineering,Supportive,4.63,3.43,2.95,4.15,2.78,2,0.5,49.4,Moderate
EMP_3758,Data Science,Supportive,4.36,4.04,3.78,3.23,3.02,4,1.8,64.5,Moderate
EMP_3759,Sales,Supportive,3.97,2.89,3.19,2.86,3.26,3,0.9,40.7,Low
EMP_3760,HR,Democratic,3.29,4.43,3.14,3.05,1.82,3,2.1,42.1,Low
EMP_3761,Engineering,Supportive,2.98,2.92,2.41,4.53,2.53,5,1.3,48.2,Moderate
EMP_3762,Marketing,Democratic,3.19,3.67,3.22,3.11,3.11,2,6.2,36.4,Low
EMP_3763,Sales,Democratic,4.68,3.95,4.26,3.43,2.49,4,13.4,48.1,Moderate
EMP_3764,Data Science,Autocratic/Micromanagement,3.16,4.42,3.32,3.23,3.47,5,9.9,48.7,Moderate
EMP_3765,Sales,Supportive,3.67,3.86,1.99,2.76,2.77,1,3.4,32.7,Low
EMP_3766,Data Science,Autocratic/Micromanagement,3.07,4.18,2.2,3.05,1.14,1,13.6,69.2,Moderate
EMP_3767,Sales,Autocratic/Micromanagement,4.19,3.78,3.67,2.72,3.37,4,1.8,17.1,Low
EMP_3768,Sales,Supportive,3.22,3.78,3.02,4.07,2.61,5,2.6,54.9,Moderate
EMP_3769,Engineering,Supportive,3.53,3.85,3.14,3.56,1.28,2,1.0,61.3,Moderate
EMP_3770,Engineering,Supportive,2.42,3.69,2.71,4.99,2.5,3,8.0,42.2,Low
EMP_3771,Sales,Supportive,2.47,2.79,3.6,3.07,1.69,1,0.7,50.9,Moderate
EMP_3772,Product,Supportive,3.61,3.34,2.96,2.98,3.3,3,3.3,52.2,Moderate
EMP_3773,Data Science,Democratic,2.67,3.95,3.05,4.42,2.67,1,5.6,38.9,Low
EMP_3774,Marketing,Democratic,5.0,3.65,2.52,4.13,1.96,3,3.2,40.6,Low
EMP_3775,Marketing,Autocratic/Micromanagement,2.16,3.71,3.94,3.73,3.35,4,0.5,38.7,Low
EMP_3776,Product,Supportive,3.04,3.61,3.02,2.83,3.07,5,3.3,51.5,Moderate
EMP_3777,HR,Autocratic/Micromanagement,3.61,3.28,3.69,4.55,2.51,5,5.1,38.6,Low
EMP_3778,Sales,Supportive,3.34,3.5,2.25,3.46,1.7,5,0.7,36.0,Low
EMP_3779,Marketing,Autocratic/Micromanagement,2.83,3.62,4.59,3.24,2.03,2,4.7,29.0,Low
EMP_3780,Product,Supportive,2.93,3.8,4.22,4.19,2.01,1,7.4,51.2,Moderate
EMP_3781,Data Science,Supportive,2.91,4.04,1.67,3.49,3.3,4,15.0,58.2,Moderate
EMP_3782,Data Science,Autocratic/Micromanagement,3.4,3.69,2.56,2.8,1.36,3,1.8,38.8,Low
EMP_3783,Engineering,Supportive,4.97,3.18,3.58,3.52,2.66,3,0.5,47.0,Moderate
EMP_3784,HR,Democratic,3.65,2.96,2.14,3.03,2.5,2,1.9,36.7,Low
EMP_3785,HR,Democratic,4.43,5.0,3.09,1.69,3.53,3,3.8,35.0,Low
EMP_3786,Engineering,Democratic,3.95,3.12,3.54,2.97,2.89,2,7.8,35.6,Low
EMP_3787,Sales,Democratic,4.38,3.49,3.05,3.18,3.13,3,9.7,38.1,Low
EMP_3788,Sales,Democratic,1.64,4.11,3.63,2.81,2.28,1,8.4,40.6,Low
EMP_3789,Engineering,Supportive,3.39,4.02,2.65,3.85,1.72,5,3.8,73.6,Moderate
EMP_3790,Product,Democratic,4.51,4.11,1.4,3.03,2.44,1,4.0,36.3,Low
EMP_3791,Engineering,Autocratic/Micromanagement,3.2,3.53,3.99,3.79,3.32,5,0.5,44.0,Low
EMP_3792,Engineering,Supportive,4.83,3.94,3.98,2.76,3.32,5,1.6,50.4,Moderate
EMP_3793,Sales,Supportive,4.64,3.84,5.0,4.05,2.36,4,8.3,68.8,Moderate
EMP_3794,Marketing,Democratic,3.27,3.61,1.43,2.73,2.01,5,4.1,42.2,Low
EMP_3795,Engineering,Democratic,3.25,3.95,3.8,2.1,1.85,1,2.2,40.3,Low
EMP_3796,Marketing,Democratic,2.89,4.43,1.63,4.24,2.59,4,0.5,35.7,Low
EMP_3797,Sales,Supportive,3.16,3.79,4.61,2.99,2.81,5,1.0,68.1,Moderate
EMP_3798,Engineering,Democratic,2.74,3.79,3.59,4.55,3.88,2,2.8,38.0,Low
EMP_3799,Engineering,Supportive,3.9,4.44,2.44,3.84,2.8,4,8.0,57.4,Moderate
EMP_3800,Sales,Democratic,2.58,4.38,3.82,3.97,3.19,3,0.5,40.5,Low
EMP_3801,Data Science,Autocratic/Micromanagement,4.02,4.75,2.76,4.13,2.08,3,0.6,33.5,Low
EMP_3802,Product,Supportive,4.04,2.75,3.44,3.57,2.73,5,3.7,49.3,Moderate
EMP_3803,HR,Democratic,2.44,4.34,3.36,3.57,2.81,3,1.2,41.5,Low
EMP_3804,Product,Autocratic/Micromanagement,4.68,4.16,4.6,4.27,2.59,1,0.7,27.6,Low
EMP_3805,Data Science,Democratic,3.96,3.27,4.65,3.57,2.68,5,0.7,39.1,Low
EMP_3806,Product,Autocratic/Micromanagement,4.12,3.95,2.72,3.06,2.8,2,2.4,18.7,Low
EMP_3807,Sales,Democratic,3.07,4.43,4.05,3.85,3.08,5,3.1,48.4,Moderate
EMP_3808,Data Science,Autocratic/Micromanagement,4.04,3.3,3.48,2.23,3.64,5,8.2,21.0,Low
EMP_3809,Engineering,Supportive,4.39,4.07,2.07,4.29,1.0,5,2.6,74.4,Moderate
EMP_3810,Engineering,Supportive,3.53,4.32,2.64,4.3,3.59,4,4.1,58.8,Moderate
EMP_3811,Marketing,Supportive,5.0,3.16,5.0,4.22,1.33,4,0.7,44.7,Low
EMP_3812,Sales,Democratic,3.63,3.71,3.49,4.2,2.95,4,4.4,24.6,Low
EMP_3813,Engineering,Autocratic/Micromanagement,4.4,3.98,4.0,3.45,4.58,3,3.7,12.5,Low
EMP_3814,Marketing,Supportive,3.81,3.32,3.03,3.44,2.67,3,0.9,42.1,Low
EMP_3815,Data Science,Democratic,4.01,3.27,2.77,2.76,2.84,3,3.9,34.6,Low
EMP_3816,Sales,Democratic,2.43,3.72,3.22,4.55,2.45,4,0.8,37.8,Low
EMP_3817,Data Science,Democratic,3.86,4.28,2.99,3.21,3.23,4,3.2,60.8,Moderate
EMP_3818,HR,Supportive,3.09,4.19,2.01,3.7,2.99,4,3.9,47.2,Moderate
EMP_3819,HR,Democratic,3.01,3.28,2.4,3.65,2.16,4,4.1,43.9,Low
EMP_3820,Sales,Supportive,4.82,4.19,3.77,2.7,2.61,4,8.4,50.8,Moderate
EMP_3821,Data Science,Supportive,3.45,3.3,2.9,2.45,1.81,4,10.3,39.7,Low
EMP_3822,Data Science,Autocratic/Micromanagement,2.9,2.83,3.22,3.5,2.6,2,5.8,36.3,Low
EMP_3823,HR,Supportive,3.35,3.58,3.39,3.23,2.36,3,7.4,43.3,Low
EMP_3824,Data Science,Supportive,2.69,4.47,3.45,3.45,2.81,3,0.5,71.0,Moderate
EMP_3825,Engineering,Autocratic/Micromanagement,4.6,4.19,4.12,4.14,2.13,3,1.6,28.3,Low
EMP_3826,Engineering,Supportive,3.11,3.8,2.32,3.63,2.53,1,0.5,46.5,Moderate
EMP_3827,Sales,Democratic,3.97,3.55,3.66,3.96,2.71,4,0.9,36.5,Low
EMP_3828,Sales,Supportive,4.55,3.57,3.8,3.77,2.76,2,1.7,42.7,Low
EMP_3829,HR,Supportive,3.25,3.87,3.99,3.31,2.92,3,7.1,47.4,Moderate
EMP_3830,Engineering,Supportive,3.97,3.16,2.07,2.9,2.56,4,2.5,48.3,Moderate
EMP_3831,Data Science,Supportive,2.88,3.59,3.4,3.66,2.07,1,3.7,51.5,Moderate
EMP_3832,HR,Democratic,5.0,3.67,4.57,3.55,2.77,4,1.6,40.0,Low
EMP_3833,HR,Democratic,4.26,2.99,3.12,4.05,2.56,5,3.2,39.7,Low
EMP_3834,Data Science,Democratic,3.47,3.3,3.59,3.41,3.52,4,5.9,36.1,Low
EMP_3835,Sales,Autocratic/Micromanagement,3.06,4.05,3.82,3.32,3.62,4,1.3,39.3,Low
EMP_3836,Data Science,Supportive,3.52,3.81,2.38,3.36,1.6,4,9.4,44.6,Low
EMP_3837,Product,Democratic,3.36,3.61,4.67,2.95,3.19,2,0.8,39.1,Low
EMP_3838,Engineering,Democratic,4.97,3.25,3.6,4.37,3.35,4,8.8,29.7,Low
EMP_3839,Product,Autocratic/Micromanagement,2.74,4.75,3.62,4.18,1.62,3,0.5,39.5,Low
EMP_3840,Marketing,Supportive,3.69,3.3,1.87,2.77,3.16,2,2.7,46.4,Moderate
EMP_3841,Sales,Democratic,3.59,3.95,3.84,3.98,3.42,2,14.7,36.7,Low
EMP_3842,Engineering,Autocratic/Micromanagement,3.52,3.51,3.61,2.39,1.94,4,3.3,43.9,Low
EMP_3843,Sales,Supportive,3.52,3.82,4.5,4.09,2.51,4,2.8,56.0,Moderate
EMP_3844,Sales,Autocratic/Micromanagement,3.52,4.07,2.95,3.08,2.85,5,4.0,30.3,Low
EMP_3845,Engineering,Supportive,4.21,2.98,2.41,3.72,3.16,3,1.2,43.7,Low
EMP_3846,Marketing,Democratic,4.03,3.8,2.65,2.34,1.91,3,0.5,37.8,Low
EMP_3847,Product,Autocratic/Micromanagement,3.89,4.51,2.8,2.78,3.63,4,1.0,27.3,Low
EMP_3848,Sales,Democratic,1.48,4.86,2.3,3.78,1.08,4,0.7,23.3,Low
EMP_3849,Marketing,Democratic,3.81,3.72,4.23,3.08,3.76,3,9.0,26.1,Low
EMP_3850,Engineering,Supportive,2.44,3.83,4.26,3.0,3.14,3,6.7,47.4,Moderate
EMP_3851,Sales,Autocratic/Micromanagement,4.05,5.0,3.04,4.34,2.2,3,1.3,25.1,Low
EMP_3852,Engineering,Democratic,4.63,4.48,2.89,4.83,3.39,3,6.3,45.4,Moderate
EMP_3853,Marketing,Supportive,2.95,3.43,1.75,4.06,1.86,4,0.8,45.9,Moderate
EMP_3854,Product,Democratic,3.42,3.43,3.76,2.84,2.79,3,0.8,36.4,Low
EMP_3855,Marketing,Democratic,3.18,4.37,4.52,4.56,2.89,2,5.1,37.5,Low
EMP_3856,Engineering,Supportive,4.46,3.19,2.69,2.56,2.89,2,1.4,48.3,Moderate
EMP_3857,Data Science,Supportive,3.67,4.45,3.11,3.32,2.03,5,0.5,61.0,Moderate
EMP_3858,Sales,Supportive,4.81,4.0,3.55,3.53,2.3,2,4.5,48.8,Moderate
EMP_3859,Sales,Democratic,3.89,4.11,4.58,4.65,2.8,1,15.0,57.2,Moderate
EMP_3860,HR,Democratic,3.77,3.65,3.36,4.05,2.12,4,2.9,34.5,Low
EMP_3861,HR,Democratic,3.65,3.42,3.36,3.22,2.92,4,1.1,36.7,Low
EMP_3862,Marketing,Autocratic/Micromanagement,4.17,4.68,3.34,2.93,2.21,4,1.6,24.6,Low
EMP_3863,Data Science,Autocratic/Micromanagement,2.38,3.65,2.06,4.1,3.5,3,3.7,29.4,Low
EMP_3864,Data Science,Democratic,3.66,3.55,2.04,3.18,3.95,5,4.2,35.3,Low
EMP_3865,Engineering,Supportive,3.55,3.75,2.55,3.63,2.46,2,7.6,42.2,Low
EMP_3866,Data Science,Democratic,4.11,3.92,4.01,2.68,3.44,3,8.4,37.7,Low
EMP_3867,Sales,Democratic,3.47,3.18,2.93,3.84,2.53,4,6.9,23.8,Low
EMP_3868,Marketing,Democratic,2.87,3.46,2.78,3.79,1.95,1,3.7,34.1,Low
EMP_3869,Marketing,Democratic,3.61,3.43,2.76,2.76,2.36,3,2.1,42.8,Low
EMP_3870,Engineering,Supportive,2.84,4.31,3.09,4.12,2.77,4,4.0,58.1,Moderate
EMP_3871,Data Science,Autocratic/Micromanagement,2.25,3.27,4.56,3.83,1.27,3,3.8,43.5,Low
EMP_3872,Engineering,Supportive,4.11,2.75,3.08,3.94,3.2,5,0.9,48.8,Moderate
EMP_3873,Engineering,Democratic,4.01,2.62,2.57,3.27,2.77,4,2.5,32.7,Low
EMP_3874,HR,Supportive,3.93,2.92,3.22,3.61,3.5,4,0.8,41.6,Low
EMP_3875,Engineering,Autocratic/Micromanagement,4.51,4.62,4.6,3.54,3.19,5,8.0,38.3,Low
EMP_3876,Sales,Supportive,3.13,3.81,2.8,3.41,2.8,4,1.4,22.1,Low
EMP_3877,Engineering,Supportive,2.6,4.1,2.26,3.6,2.42,4,5.7,71.2,Moderate
EMP_3878,Product,Supportive,3.55,4.12,2.8,4.25,3.92,4,1.7,35.0,Low
EMP_3879,Sales,Supportive,3.36,3.83,3.3,4.14,4.44,4,5.0,36.5,Low
EMP_3880,Engineering,Supportive,3.01,3.76,3.75,2.79,2.43,4,0.9,50.5,Moderate
EMP_3881,Sales,Democratic,3.54,4.43,4.01,4.09,3.53,2,5.0,49.1,Moderate
EMP_3882,Marketing,Democratic,3.17,3.89,2.36,4.21,2.13,5,0.7,41.9,Low
EMP_3883,Product,Supportive,2.31,4.64,2.44,3.41,2.23,3,2.4,50.2,Moderate
EMP_3884,Engineering,Supportive,3.29,4.17,2.94,3.81,2.39,3,0.5,62.1,Moderate
EMP_3885,Product,Autocratic/Micromanagement,2.8,3.43,3.75,3.8,3.25,2,2.6,43.2,Low
EMP_3886,Product,Democratic,3.76,3.5,2.19,2.99,1.84,4,6.0,45.6,Moderate
EMP_3887,Product,Democratic,3.14,3.36,2.71,3.27,3.94,5,4.9,38.1,Low
EMP_3888,Marketing,Democratic,4.38,4.53,2.73,3.95,3.45,5,0.5,32.4,Low
EMP_3889,Marketing,Supportive,4.72,3.56,3.95,3.2,3.23,4,2.4,33.8,Low
EMP_3890,Sales,Supportive,4.08,3.32,3.62,4.09,2.46,4,6.7,54.0,Moderate
EMP_3891,HR,Supportive,2.51,3.99,3.92,4.28,3.36,3,3.7,46.7,Moderate
EMP_3892,Sales,Autocratic/Micromanagement,4.65,3.74,4.27,4.19,1.0,2,0.5,40.4,Low
EMP_3893,Marketing,Autocratic/Micromanagement,4.7,3.98,2.96,4.69,3.05,3,1.4,15.4,Low
EMP_3894,Sales,Democratic,3.61,4.93,2.25,3.45,2.83,3,2.8,20.5,Low
EMP_3895,Marketing,Supportive,4.53,4.35,2.26,3.61,1.19,5,0.7,51.6,Moderate
EMP_3896,HR,Supportive,3.21,3.82,1.73,3.69,3.03,3,4.0,46.6,Moderate
EMP_3897,Engineering,Supportive,2.29,2.95,2.83,3.46,3.17,4,3.5,40.1,Low
EMP_3898,HR,Democratic,3.07,3.5,2.89,3.83,1.22,5,0.8,48.3,Moderate
EMP_3899,Sales,Supportive,4.81,4.23,3.83,2.47,1.75,3,2.8,62.3,Moderate
EMP_3900,HR,Autocratic/Micromanagement,2.56,3.1,3.21,3.62,4.35,3,5.8,27.4,Low
EMP_3901,Sales,Supportive,3.6,5.0,2.81,2.67,2.55,3,1.6,25.6,Low
EMP_3902,Data Science,Autocratic/Micromanagement,3.62,3.81,3.11,2.92,3.48,3,1.0,33.8,Low
EMP_3903,Product,Autocratic/Micromanagement,3.24,3.83,2.37,3.94,3.6,4,4.2,35.4,Low
EMP_3904,Data Science,Autocratic/Micromanagement,3.29,3.4,4.02,3.38,3.02,3,0.5,38.7,Low
EMP_3905,HR,Democratic,3.65,4.1,2.57,3.92,3.51,4,6.3,42.2,Low
EMP_3906,Sales,Democratic,3.21,3.11,2.29,3.37,1.01,5,10.1,34.5,Low
EMP_3907,Sales,Democratic,2.6,5.0,3.85,4.16,2.52,3,11.7,29.6,Low
EMP_3908,Data Science,Democratic,3.75,4.59,3.66,3.36,1.0,2,2.0,54.3,Moderate
EMP_3909,Sales,Democratic,4.35,4.39,1.82,2.33,1.3,4,3.4,31.2,Low
EMP_3910,Data Science,Autocratic/Micromanagement,4.21,2.97,3.88,3.64,2.26,3,6.8,19.6,Low
EMP_3911,Engineering,Democratic,3.03,3.92,2.61,2.2,2.17,3,0.9,47.8,Moderate
EMP_3912,Data Science,Autocratic/Micromanagement,2.72,4.53,2.9,2.63,2.73,4,0.5,48.0,Moderate
EMP_3913,Engineering,Autocratic/Micromanagement,3.4,4.16,3.35,2.97,2.68,3,1.7,57.7,Moderate
EMP_3914,Product,Supportive,4.7,3.2,3.67,2.9,2.81,5,7.6,44.1,Low
EMP_3915,Product,Supportive,4.05,3.41,3.56,3.17,2.84,3,2.5,48.5,Moderate
EMP_3916,Data Science,Democratic,4.09,3.53,3.16,2.87,2.97,3,2.6,32.5,Low
EMP_3917,Marketing,Democratic,4.22,3.44,2.86,2.66,1.93,5,4.1,44.1,Low
EMP_3918,Data Science,Autocratic/Micromanagement,3.89,4.72,3.53,4.43,2.12,2,3.0,60.8,Moderate
EMP_3919,Marketing,Democratic,3.68,2.65,3.11,3.09,2.67,2,0.5,39.2,Low
EMP_3920,HR,Democratic,4.06,4.19,4.64,2.16,2.68,5,2.9,47.5,Moderate
EMP_3921,Product,Democratic,3.22,3.02,3.67,3.28,1.83,2,3.7,38.2,Low
EMP_3922,Sales,Supportive,2.61,3.22,2.46,2.83,3.57,2,3.6,29.4,Low
EMP_3923,HR,Democratic,4.11,2.59,2.82,2.97,3.28,3,4.6,39.5,Low
EMP_3924,Data Science,Autocratic/Micromanagement,4.47,3.47,3.24,3.93,2.01,1,2.6,18.2,Low
EMP_3925,Product,Supportive,2.82,4.71,4.24,3.23,2.53,4,8.1,48.9,Moderate
EMP_3926,Engineering,Democratic,4.18,3.96,4.33,2.81,4.31,3,2.2,33.9,Low
EMP_3927,Marketing,Democratic,4.78,3.08,2.88,3.77,2.83,4,2.6,41.9,Low
EMP_3928,Marketing,Supportive,3.6,4.41,2.45,4.19,3.02,3,5.3,52.1,Moderate
EMP_3929,Marketing,Supportive,3.03,4.54,2.35,3.82,2.21,5,6.3,45.7,Moderate
EMP_3930,Engineering,Autocratic/Micromanagement,3.69,3.86,3.4,2.03,2.45,3,3.7,40.4,Low
EMP_3931,Product,Supportive,3.21,5.0,5.0,2.83,3.91,4,0.5,35.8,Low
EMP_3932,Engineering,Supportive,3.17,4.29,3.63,3.53,2.79,5,1.4,58.8,Moderate
EMP_3933,Marketing,Supportive,3.9,4.21,1.92,3.35,2.64,3,0.5,47.2,Moderate
EMP_3934,Engineering,Democratic,2.48,3.32,2.62,3.3,2.71,2,1.2,43.5,Low
EMP_3935,Data Science,Democratic,2.59,4.18,2.7,2.91,4.74,1,3.0,46.3,Moderate
EMP_3936,Sales,Democratic,3.61,3.93,2.54,2.66,2.73,5,5.7,22.9,Low
EMP_3937,Sales,Supportive,3.58,4.11,2.89,4.7,2.04,4,3.1,38.1,Low
EMP_3938,Engineering,Autocratic/Micromanagement,3.84,3.39,3.5,3.52,2.18,5,0.5,42.8,Low
EMP_3939,Engineering,Supportive,4.91,3.88,3.75,3.89,3.32,4,1.0,46.9,Moderate
EMP_3940,Sales,Supportive,3.67,3.31,4.07,3.5,1.56,3,3.0,62.1,Moderate
EMP_3941,HR,Democratic,4.02,2.51,3.62,3.53,3.06,2,4.3,31.4,Low
EMP_3942,Product,Supportive,2.92,4.4,1.64,3.46,2.12,5,7.0,49.3,Moderate
EMP_3943,Engineering,Autocratic/Micromanagement,4.14,2.9,2.35,2.83,1.21,3,12.0,22.6,Low
EMP_3944,Data Science,Autocratic/Micromanagement,3.23,3.86,3.07,2.59,1.92,3,7.8,44.5,Low
EMP_3945,Engineering,Supportive,3.65,4.0,3.32,3.73,2.72,4,2.2,70.4,Moderate
EMP_3946,Engineering,Autocratic/Micromanagement,3.52,4.0,3.89,3.61,3.82,2,4.8,50.6,Moderate
EMP_3947,Marketing,Autocratic/Micromanagement,4.32,3.63,3.23,4.06,3.43,3,1.0,7.5,Low
EMP_3948,Marketing,Autocratic/Micromanagement,2.68,3.96,3.24,3.94,2.47,4,0.5,35.7,Low
EMP_3949,Engineering,Supportive,2.0,4.08,3.39,3.01,3.48,2,0.5,59.4,Moderate
EMP_3950,Engineering,Democratic,3.45,4.24,3.0,4.18,2.41,2,1.0,47.0,Moderate
EMP_3951,Engineering,Supportive,3.93,4.84,3.27,3.96,1.53,3,0.5,68.3,Moderate
EMP_3952,HR,Autocratic/Micromanagement,3.71,3.94,4.1,3.91,2.72,4,6.6,40.1,Low
EMP_3953,Product,Supportive,4.46,3.84,3.13,4.85,1.5,2,2.4,60.3,Moderate
EMP_3954,Engineering,Democratic,3.91,3.26,3.18,4.73,3.33,1,5.8,44.1,Low
EMP_3955,Engineering,Supportive,3.21,4.06,3.17,3.91,3.34,5,9.8,54.0,Moderate
EMP_3956,Product,Supportive,1.97,4.2,4.24,3.84,2.0,1,15.0,50.4,Moderate
EMP_3957,Product,Democratic,3.43,3.68,2.31,4.15,2.82,1,9.7,36.8,Low
EMP_3958,Sales,Autocratic/Micromanagement,4.32,4.13,4.62,3.15,2.81,3,4.4,27.8,Low
EMP_3959,Engineering,Democratic,3.33,3.62,2.26,3.16,3.4,2,2.0,35.2,Low
EMP_3960,Engineering,Autocratic/Micromanagement,3.62,4.2,2.68,3.9,1.7,4,3.2,56.9,Moderate
EMP_3961,Sales,Supportive,3.89,4.35,3.8,2.99,3.18,5,5.9,48.8,Moderate
EMP_3962,Data Science,Democratic,2.89,4.34,4.02,3.86,1.65,3,8.0,64.4,Moderate
EMP_3963,Engineering,Democratic,4.04,3.87,2.08,3.59,3.32,4,11.0,35.7,Low
EMP_3964,Sales,Supportive,4.75,3.18,2.33,2.99,3.55,5,4.6,26.6,Low
EMP_3965,Engineering,Democratic,3.48,3.43,3.42,3.52,2.16,2,2.7,35.2,Low
EMP_3966,HR,Democratic,2.81,4.16,5.0,4.28,3.68,3,12.1,43.7,Low
EMP_3967,Data Science,Democratic,3.55,5.0,4.2,3.55,1.44,4,11.1,63.1,Moderate
EMP_3968,Engineering,Democratic,2.04,3.6,3.0,3.55,3.58,3,2.3,35.9,Low
EMP_3969,Sales,Democratic,3.84,4.07,1.26,3.7,3.85,4,3.7,16.8,Low
EMP_3970,Data Science,Supportive,3.92,3.47,3.27,3.78,2.98,4,5.8,54.6,Moderate
EMP_3971,Product,Supportive,4.77,3.22,3.49,3.3,2.54,3,2.0,47.8,Moderate
EMP_3972,Sales,Democratic,3.46,3.39,2.89,3.71,2.95,1,6.2,13.2,Low
EMP_3973,Data Science,Supportive,3.89,2.55,2.52,2.87,2.22,1,0.5,51.3,Moderate
EMP_3974,Marketing,Supportive,3.0,4.61,3.33,3.02,4.8,3,2.3,32.3,Low
EMP_3975,Data Science,Democratic,3.35,2.46,2.45,3.1,2.23,1,2.3,26.3,Low
EMP_3976,Product,Democratic,2.53,3.64,4.7,3.78,3.75,4,4.0,39.8,Low
EMP_3977,Data Science,Supportive,3.46,3.09,4.41,3.6,2.11,3,0.5,42.1,Low
EMP_3978,Sales,Democratic,3.39,3.27,3.73,3.42,3.98,4,0.5,27.6,Low
EMP_3979,Engineering,Democratic,3.81,4.63,3.27,3.91,4.31,3,8.1,49.9,Moderate
EMP_3980,Sales,Supportive,3.16,3.92,2.67,3.73,3.01,4,1.3,29.0,Low
EMP_3981,HR,Autocratic/Micromanagement,3.66,3.22,3.18,3.33,2.93,5,1.4,38.9,Low
EMP_3982,HR,Democratic,3.37,3.45,4.51,2.88,1.93,5,5.2,43.4,Low
EMP_3983,Engineering,Democratic,3.37,3.34,3.89,3.01,1.84,3,1.9,46.2,Moderate
EMP_3984,Engineering,Democratic,3.66,3.77,3.36,2.62,2.94,1,6.3,33.5,Low
EMP_3985,HR,Supportive,3.63,3.9,3.94,3.58,3.87,3,1.8,29.8,Low
EMP_3986,Product,Democratic,4.13,4.94,3.64,2.98,2.26,3,5.0,41.8,Low
EMP_3987,Engineering,Supportive,3.52,2.65,3.52,3.2,4.47,5,2.6,32.0,Low
EMP_3988,Sales,Autocratic/Micromanagement,3.36,3.78,3.98,3.42,2.21,4,9.6,44.7,Low
EMP_3989,Data Science,Autocratic/Micromanagement,3.47,3.61,3.61,4.13,2.88,4,1.4,36.8,Low
EMP_3990,Product,Democratic,3.1,4.37,3.89,4.06,2.89,4,1.6,35.5,Low
EMP_3991,Engineering,Supportive,3.35,4.01,3.33,3.47,2.62,4,12.3,66.7,Moderate
EMP_3992,Engineering,Supportive,5.0,4.15,3.0,4.26,1.06,4,4.7,61.5,Moderate
EMP_3993,HR,Supportive,2.96,4.01,2.76,2.29,2.2,2,5.2,49.1,Moderate
EMP_3994,Engineering,Democratic,3.4,3.24,2.67,4.63,2.86,1,1.2,39.4,Low
EMP_3995,Sales,Supportive,3.33,4.53,1.92,3.92,2.62,4,2.7,34.5,Low
EMP_3996,Sales,Democratic,3.43,4.28,2.47,3.56,3.21,5,1.3,18.1,Low
EMP_3997,Data Science,Supportive,3.37,4.35,2.45,2.97,3.31,3,1.1,57.7,Moderate
EMP_3998,Data Science,Autocratic/Micromanagement,3.8,4.56,2.79,3.24,2.51,3,2.7,61.4,Moderate
EMP_3999,Sales,Supportive,2.4,4.05,4.45,3.87,1.93,3,15.0,67.9,Moderate
EMP_4000,Engineering,Autocratic/Micromanagement,4.33,4.69,3.07,3.88,3.94,3,0.8,25.9,Low
EMP_4001,Sales,Autocratic/Micromanagement,4.04,4.03,3.39,3.9,1.62,2,1.0,31.5,Low
EMP_4002,HR,Democratic,2.73,3.67,3.42,3.06,2.22,4,1.0,43.8,Low
EMP_4003,HR,Democratic,2.01,3.8,4.47,2.94,2.02,3,5.5,43.4,Low
EMP_4004,Engineering,Democratic,2.92,3.79,2.74,3.62,3.3,3,2.5,37.8,Low
EMP_4005,Engineering,Democratic,3.43,3.49,3.02,3.96,3.75,1,1.7,27.4,Low
EMP_4006,Data Science,Supportive,5.0,4.78,3.12,3.5,2.56,4,6.5,71.0,Moderate
EMP_4007,Data Science,Supportive,3.98,3.98,4.11,4.39,2.88,2,1.2,51.8,Moderate
EMP_4008,Sales,Democratic,2.33,3.86,4.28,3.52,3.04,3,1.7,49.5,Moderate
EMP_4009,Marketing,Democratic,3.12,4.03,3.58,3.5,4.14,3,0.5,32.6,Low
EMP_4010,Engineering,Democratic,3.56,5.0,4.19,3.9,1.28,3,0.5,58.8,Moderate
EMP_4011,Engineering,Supportive,3.78,3.12,3.34,4.23,3.3,2,0.5,42.3,Low
EMP_4012,Data Science,Supportive,2.68,3.29,3.06,2.69,3.0,5,1.5,49.2,Moderate
EMP_4013,Marketing,Supportive,3.51,2.97,4.14,2.83,2.4,3,2.6,45.2,Moderate
EMP_4014,Engineering,Supportive,3.1,3.66,3.59,3.31,2.96,4,0.5,47.4,Moderate
EMP_4015,Marketing,Supportive,2.83,3.95,2.61,5.0,3.29,4,0.7,45.7,Moderate
EMP_4016,Data Science,Supportive,3.78,3.52,4.0,3.34,3.17,4,0.7,47.7,Moderate
EMP_4017,Product,Supportive,4.14,3.48,3.03,3.43,4.43,4,1.0,44.8,Low
EMP_4018,Product,Autocratic/Micromanagement,4.19,3.89,2.94,3.87,2.8,5,0.6,21.4,Low
EMP_4019,Data Science,Supportive,4.0,3.5,3.91,4.09,2.72,5,0.8,51.2,Moderate
EMP_4020,Engineering,Democratic,3.25,3.99,3.13,3.6,2.55,3,14.4,28.8,Low
EMP_4021,Sales,Supportive,4.1,4.47,3.51,4.2,3.14,4,3.2,48.2,Moderate
EMP_4022,Engineering,Autocratic/Micromanagement,3.82,4.21,3.73,2.78,2.67,2,5.0,53.4,Moderate
EMP_4023,Marketing,Democratic,3.69,4.33,2.57,3.04,2.71,1,6.0,39.7,Low
EMP_4024,HR,Supportive,3.17,4.45,3.51,4.2,2.71,3,3.9,45.2,Moderate
EMP_4025,Marketing,Democratic,3.25,3.97,4.28,3.51,2.59,5,4.3,44.1,Low
EMP_4026,HR,Supportive,3.65,3.7,2.43,2.74,2.21,4,3.5,51.3,Moderate
EMP_4027,Data Science,Democratic,5.0,3.34,3.56,2.71,3.03,4,3.7,32.6,Low
EMP_4028,Engineering,Supportive,3.81,3.57,2.54,3.01,2.47,2,9.2,46.0,Moderate
EMP_4029,Marketing,Autocratic/Micromanagement,3.17,3.49,4.02,3.5,3.19,3,0.7,40.2,Low
EMP_4030,Data Science,Democratic,3.02,4.24,4.01,3.78,2.79,3,1.1,52.0,Moderate
EMP_4031,Marketing,Supportive,3.26,4.01,2.92,3.3,2.39,4,0.5,49.2,Moderate
EMP_4032,Data Science,Democratic,5.0,4.22,4.97,3.73,3.95,2,6.4,46.2,Moderate
EMP_4033,Engineering,Supportive,3.32,3.1,4.09,3.24,2.62,3,2.1,53.3,Moderate
EMP_4034,Product,Autocratic/Micromanagement,4.23,4.66,3.77,4.23,3.2,5,8.3,20.0,Low
EMP_4035,Engineering,Democratic,3.34,3.54,3.72,5.0,2.14,5,1.9,34.4,Low
EMP_4036,Product,Democratic,3.78,3.14,3.99,3.26,1.08,5,2.0,40.3,Low
EMP_4037,Product,Supportive,4.15,3.54,2.4,3.79,2.25,3,2.1,49.9,Moderate
EMP_4038,HR,Autocratic/Micromanagement,3.2,5.0,3.36,3.74,1.0,5,3.3,42.3,Low
EMP_4039,Marketing,Democratic,3.15,3.57,3.51,3.58,2.51,5,5.1,27.9,Low
EMP_4040,Sales,Supportive,4.76,3.6,2.88,3.89,3.87,5,1.5,23.9,Low
EMP_4041,Product,Supportive,4.29,3.68,3.57,3.79,1.98,5,3.5,49.7,Moderate
EMP_4042,Data Science,Supportive,4.15,3.71,4.19,3.22,1.02,5,0.8,53.4,Moderate
EMP_4043,Sales,Autocratic/Micromanagement,4.15,3.33,2.86,4.29,3.9,2,2.8,3.1,Low
EMP_4044,Marketing,Supportive,3.92,3.89,3.16,3.62,2.32,2,2.8,38.4,Low
EMP_4045,Sales,Democratic,5.0,4.45,2.54,3.27,2.69,4,7.7,19.0,Low
EMP_4046,Sales,Supportive,3.63,3.99,1.77,4.97,3.33,4,7.9,34.0,Low
EMP_4047,Data Science,Supportive,4.0,3.13,3.82,3.43,3.12,3,2.3,42.6,Low
EMP_4048,Sales,Democratic,2.58,3.59,3.18,3.65,3.3,4,0.5,29.1,Low
EMP_4049,Product,Autocratic/Micromanagement,3.02,3.47,3.24,3.61,3.42,1,6.5,31.2,Low
EMP_4050,Engineering,Democratic,2.76,3.83,2.41,3.42,1.3,1,0.5,46.4,Moderate
EMP_4051,Product,Autocratic/Micromanagement,4.49,4.6,3.05,3.77,1.57,3,2.3,23.7,Low
EMP_4052,Marketing,Democratic,1.81,3.71,4.08,2.99,3.64,2,0.5,30.0,Low
EMP_4053,HR,Supportive,3.32,3.75,3.2,3.86,2.07,4,1.5,53.1,Moderate
EMP_4054,Sales,Supportive,1.5,4.87,3.22,2.44,2.16,5,3.5,52.2,Moderate
EMP_4055,HR,Democratic,3.02,4.33,3.37,2.72,1.69,4,1.6,36.1,Low
EMP_4056,Engineering,Autocratic/Micromanagement,3.26,4.14,2.21,4.6,2.38,4,9.2,54.8,Moderate
EMP_4057,HR,Autocratic/Micromanagement,4.57,4.97,3.7,2.75,2.42,1,3.6,14.6,Low
EMP_4058,Engineering,Supportive,3.88,4.09,2.2,2.32,1.95,3,3.6,72.1,Moderate
EMP_4059,Product,Supportive,3.02,2.61,2.45,2.76,1.86,5,1.6,57.8,Moderate
EMP_4060,Product,Supportive,4.35,4.3,2.36,4.54,2.95,4,0.5,45.3,Moderate
EMP_4061,Data Science,Autocratic/Micromanagement,3.61,2.84,3.06,2.42,2.05,2,4.7,46.1,Moderate
EMP_4062,Engineering,Autocratic/Micromanagement,3.63,4.07,2.92,2.93,2.21,5,4.4,51.3,Moderate
EMP_4063,HR,Autocratic/Micromanagement,2.76,2.77,3.2,2.63,1.0,5,2.6,44.8,Low
EMP_4064,Data Science,Supportive,2.91,3.52,2.48,3.34,4.25,3,1.9,38.0,Low
EMP_4065,Product,Democratic,3.02,3.58,4.0,3.24,3.45,2,2.7,34.4,Low
EMP_4066,Engineering,Democratic,3.63,3.34,3.87,3.21,2.3,3,4.8,40.0,Low
EMP_4067,Engineering,Supportive,3.65,3.59,3.06,4.61,1.98,1,4.4,51.1,Moderate
EMP_4068,Product,Democratic,4.68,4.42,2.82,2.78,2.71,5,3.8,37.4,Low
EMP_4069,Marketing,Supportive,3.87,3.37,2.74,3.44,2.69,5,8.2,48.5,Moderate
EMP_4070,HR,Supportive,1.7,4.13,2.95,3.7,1.68,4,3.3,58.7,Moderate
EMP_4071,Data Science,Autocratic/Micromanagement,3.78,3.22,2.08,2.91,1.0,4,0.5,35.4,Low
EMP_4072,Marketing,Autocratic/Micromanagement,2.58,3.69,2.43,3.79,2.28,4,3.4,49.3,Moderate
EMP_4073,Sales,Democratic,2.92,3.99,3.89,3.26,1.45,3,3.3,41.7,Low
EMP_4074,Marketing,Democratic,3.03,3.2,3.44,3.72,2.84,4,0.5,36.8,Low
EMP_4075,Marketing,Supportive,3.14,3.01,4.51,3.44,2.84,5,2.0,53.9,Moderate
EMP_4076,Sales,Democratic,2.64,4.1,2.96,2.27,1.92,5,3.7,29.4,Low
EMP_4077,Sales,Autocratic/Micromanagement,3.74,4.47,2.91,4.28,2.27,1,4.3,27.5,Low
EMP_4078,Data Science,Autocratic/Micromanagement,2.61,3.75,2.87,4.74,4.11,3,7.8,37.7,Low
EMP_4079,HR,Democratic,3.85,3.53,2.94,3.39,3.32,3,6.4,34.2,Low
EMP_4080,Engineering,Supportive,5.0,3.89,2.67,2.96,2.34,4,0.5,54.1,Moderate
EMP_4081,Marketing,Supportive,2.67,3.83,3.42,4.4,4.53,3,3.3,33.3,Low
EMP_4082,Engineering,Democratic,3.4,3.95,3.22,4.63,1.74,3,3.2,44.3,Low
EMP_4083,Marketing,Supportive,1.83,2.28,2.79,3.4,2.05,4,1.3,53.6,Moderate
EMP_4084,Marketing,Autocratic/Micromanagement,3.39,3.16,4.2,3.37,2.61,3,0.7,44.0,Low
EMP_4085,Engineering,Supportive,4.05,3.29,4.72,3.45,1.48,3,0.8,56.9,Moderate
EMP_4086,Engineering,Supportive,4.1,3.89,4.13,2.5,4.13,5,0.7,42.4,Low
EMP_4087,Engineering,Supportive,3.65,3.91,3.65,3.33,2.85,2,5.7,45.6,Moderate
EMP_4088,Marketing,Autocratic/Micromanagement,4.22,4.18,3.81,4.53,2.07,1,0.6,21.0,Low
EMP_4089,HR,Supportive,5.0,3.95,4.69,3.4,3.06,2,1.1,44.6,Low
EMP_4090,Engineering,Democratic,4.8,3.02,3.81,2.88,2.82,2,0.9,30.8,Low
EMP_4091,Marketing,Democratic,3.23,4.67,2.73,3.8,2.46,3,4.4,47.6,Moderate
EMP_4092,Data Science,Supportive,2.58,4.56,3.51,3.1,1.73,4,0.6,72.2,Moderate
EMP_4093,Sales,Democratic,3.32,3.05,3.7,3.46,1.55,3,0.5,44.3,Low
EMP_4094,Product,Democratic,2.94,4.0,2.4,2.74,4.45,2,1.6,34.0,Low
EMP_4095,Data Science,Democratic,3.92,3.44,2.97,2.88,1.62,2,1.3,46.5,Moderate
EMP_4096,Sales,Autocratic/Micromanagement,2.77,3.88,4.08,3.94,4.06,3,1.8,38.8,Low
EMP_4097,Engineering,Supportive,3.55,4.43,1.74,3.57,2.02,4,4.9,69.1,Moderate
EMP_4098,Engineering,Supportive,4.19,5.0,2.2,3.03,3.33,3,0.5,66.4,Moderate
EMP_4099,Data Science,Autocratic/Micromanagement,3.53,4.25,3.06,3.57,3.07,2,0.5,47.8,Moderate
EMP_4100,Engineering,Supportive,2.94,3.98,3.48,3.14,3.23,1,1.0,37.8,Low
EMP_4101,Marketing,Democratic,4.42,3.6,2.11,3.03,3.29,1,7.7,29.4,Low
EMP_4102,Sales,Autocratic/Micromanagement,2.28,3.91,3.1,4.2,1.41,2,0.6,43.2,Low
EMP_4103,Sales,Supportive,3.37,4.62,4.12,3.97,2.16,4,15.0,56.2,Moderate
EMP_4104,Engineering,Democratic,3.57,3.77,3.25,3.49,1.61,3,5.7,41.9,Low
EMP_4105,Data Science,Supportive,3.61,3.27,3.95,3.59,2.85,1,2.1,43.9,Low
EMP_4106,Marketing,Supportive,3.73,2.83,2.73,3.49,1.64,3,4.8,52.6,Moderate
EMP_4107,Product,Supportive,4.03,4.11,2.55,3.79,1.12,3,2.6,52.4,Moderate
EMP_4108,Engineering,Autocratic/Micromanagement,3.58,3.95,3.88,3.02,2.51,3,2.9,38.5,Low
EMP_4109,Product,Supportive,3.34,3.41,3.5,4.02,1.0,2,3.0,58.5,Moderate
EMP_4110,Sales,Democratic,3.31,4.42,2.25,3.71,2.91,4,3.7,17.1,Low
EMP_4111,Sales,Autocratic/Micromanagement,3.17,3.55,2.56,3.34,1.69,4,0.5,28.8,Low
EMP_4112,Sales,Democratic,4.15,3.72,4.45,3.21,2.03,3,3.4,48.6,Moderate
EMP_4113,Engineering,Democratic,3.15,3.79,2.46,4.0,1.0,3,4.4,45.5,Moderate
EMP_4114,Engineering,Democratic,4.19,3.59,3.95,3.41,4.02,2,1.3,31.5,Low
EMP_4115,Marketing,Supportive,3.61,3.94,2.82,3.08,1.53,4,13.5,54.9,Moderate
EMP_4116,Data Science,Democratic,3.24,4.49,3.2,3.27,2.41,4,0.5,55.1,Moderate
EMP_4117,Product,Democratic,4.03,3.11,3.44,3.96,1.27,1,8.4,50.5,Moderate
EMP_4118,Sales,Autocratic/Micromanagement,3.09,4.09,1.52,2.53,2.03,3,3.9,25.7,Low
EMP_4119,Engineering,Autocratic/Micromanagement,4.05,3.9,2.03,3.29,4.1,5,3.8,10.4,Low
EMP_4120,Marketing,Autocratic/Micromanagement,3.75,3.89,3.27,4.14,2.94,3,7.3,41.4,Low
EMP_4121,Data Science,Autocratic/Micromanagement,3.18,4.32,2.62,3.4,2.12,3,6.2,57.1,Moderate
EMP_4122,Sales,Democratic,3.97,3.83,4.0,3.66,2.67,4,1.5,54.4,Moderate
EMP_4123,Marketing,Democratic,3.98,4.09,1.92,4.15,2.25,2,4.3,39.3,Low
EMP_4124,Product,Autocratic/Micromanagement,4.41,4.23,3.65,4.04,2.63,3,0.5,13.6,Low
EMP_4125,HR,Supportive,4.28,3.5,2.1,3.24,3.3,4,2.2,56.4,Moderate
EMP_4126,Marketing,Autocratic/Micromanagement,3.94,3.98,2.92,3.42,2.44,5,9.7,36.0,Low
EMP_4127,Marketing,Democratic,2.81,3.65,2.35,4.04,2.88,4,1.1,31.2,Low
EMP_4128,Product,Democratic,5.0,3.72,4.72,4.06,2.89,3,0.5,40.6,Low
EMP_4129,Data Science,Democratic,2.62,3.61,2.13,3.45,2.44,4,3.1,34.3,Low
EMP_4130,Engineering,Autocratic/Micromanagement,4.26,4.08,3.1,3.47,2.11,5,1.5,35.5,Low
EMP_4131,Data Science,Supportive,3.9,3.85,1.82,3.66,2.28,3,1.7,50.4,Moderate
EMP_4132,Engineering,Democratic,2.78,4.04,4.48,4.32,3.26,1,3.1,49.6,Moderate
EMP_4133,Marketing,Democratic,3.51,3.79,3.52,4.14,3.33,5,3.4,33.2,Low
EMP_4134,Marketing,Supportive,3.54,2.84,3.31,3.92,1.79,2,2.0,59.9,Moderate
EMP_4135,Sales,Autocratic/Micromanagement,4.51,3.82,4.38,2.85,2.49,2,2.5,32.2,Low
EMP_4136,Engineering,Democratic,3.1,3.84,3.32,3.34,2.1,3,15.0,36.1,Low
EMP_4137,Marketing,Democratic,3.42,3.95,3.38,3.37,3.34,3,11.0,39.9,Low
EMP_4138,Data Science,Supportive,1.96,3.44,3.31,4.35,2.32,4,4.3,45.9,Moderate
EMP_4139,Marketing,Democratic,4.81,3.08,3.65,3.36,4.46,3,0.6,29.4,Low
EMP_4140,Sales,Democratic,2.85,4.17,2.81,4.25,2.87,1,1.6,17.6,Low
EMP_4141,Data Science,Democratic,3.83,3.64,3.03,3.16,3.65,4,7.5,34.6,Low
EMP_4142,Engineering,Supportive,3.53,3.9,3.85,3.21,1.89,4,1.9,51.7,Moderate
EMP_4143,Engineering,Autocratic/Micromanagement,3.53,3.63,3.42,3.79,2.71,5,10.9,37.7,Low
EMP_4144,HR,Democratic,4.17,3.8,3.11,4.44,3.19,3,2.3,36.4,Low
EMP_4145,Product,Democratic,4.77,3.53,2.08,3.37,1.87,1,6.9,45.7,Moderate
EMP_4146,Marketing,Democratic,3.78,3.22,4.4,1.96,2.72,4,0.5,41.3,Low
EMP_4147,Engineering,Supportive,4.06,4.08,2.67,2.56,3.54,2,2.0,53.9,Moderate
EMP_4148,Sales,Democratic,3.83,3.44,3.99,3.68,2.44,1,4.2,35.6,Low
EMP_4149,Marketing,Democratic,4.31,3.9,3.34,2.62,2.02,4,7.0,45.5,Moderate
EMP_4150,HR,Democratic,3.28,4.05,2.17,2.98,4.14,3,3.3,27.5,Low
EMP_4151,Engineering,Democratic,4.35,3.45,4.2,3.51,1.76,3,0.7,44.5,Low
EMP_4152,Engineering,Democratic,4.38,3.08,3.4,2.03,2.82,4,7.6,41.5,Low
EMP_4153,Marketing,Supportive,4.36,5.0,4.27,3.27,2.13,3,3.0,42.2,Low
EMP_4154,Data Science,Democratic,3.14,3.48,3.05,2.8,1.95,1,0.5,39.2,Low
EMP_4155,Data Science,Supportive,3.48,4.17,3.76,2.6,3.29,3,2.2,64.3,Moderate
EMP_4156,Engineering,Supportive,3.77,4.96,1.79,3.02,2.54,2,4.2,62.8,Moderate
EMP_4157,Sales,Autocratic/Micromanagement,2.64,4.27,2.8,2.86,3.02,5,2.1,19.4,Low
EMP_4158,Product,Democratic,4.72,3.62,2.18,3.78,1.0,4,7.2,49.7,Moderate
EMP_4159,Product,Democratic,3.59,3.76,2.9,4.22,3.1,3,1.9,41.6,Low
EMP_4160,Sales,Democratic,3.8,3.3,3.58,3.28,2.12,1,3.1,37.1,Low
EMP_4161,Sales,Autocratic/Micromanagement,3.2,4.33,2.72,3.14,1.2,2,0.8,38.4,Low
EMP_4162,Engineering,Democratic,2.67,4.14,3.89,3.25,4.21,5,2.5,37.1,Low
EMP_4163,Sales,Autocratic/Micromanagement,3.18,3.49,2.51,2.84,3.18,5,0.9,13.2,Low
EMP_4164,Data Science,Supportive,3.75,3.17,3.91,2.73,2.88,1,0.9,44.8,Low
EMP_4165,Marketing,Autocratic/Micromanagement,4.07,3.01,4.25,2.51,3.7,5,1.1,13.7,Low
EMP_4166,Data Science,Autocratic/Micromanagement,3.71,4.39,4.01,2.7,2.9,3,0.5,50.5,Moderate
EMP_4167,Engineering,Autocratic/Micromanagement,3.84,3.87,2.92,4.48,2.06,2,0.6,38.1,Low
EMP_4168,Engineering,Supportive,3.36,3.93,1.5,3.09,2.56,2,1.9,44.9,Low
EMP_4169,Data Science,Supportive,3.95,3.31,3.67,1.74,2.16,4,0.5,49.2,Moderate
EMP_4170,Engineering,Supportive,4.64,2.92,3.1,3.15,2.3,3,0.5,46.7,Moderate
EMP_4171,Engineering,Supportive,4.09,4.38,2.42,2.55,1.69,5,12.0,70.8,Moderate
EMP_4172,Product,Autocratic/Micromanagement,4.17,3.83,2.75,3.54,1.92,2,1.9,23.5,Low
EMP_4173,Sales,Supportive,3.81,4.34,4.35,3.47,3.42,4,1.8,55.5,Moderate
EMP_4174,Sales,Supportive,2.55,3.57,2.29,3.53,2.97,2,1.1,31.3,Low
EMP_4175,Product,Supportive,2.87,3.66,3.57,3.48,2.3,1,2.5,55.2,Moderate
EMP_4176,Product,Supportive,3.92,4.23,3.37,3.28,1.88,2,3.2,49.1,Moderate
EMP_4177,Sales,Supportive,3.59,4.24,2.91,2.63,2.38,5,1.9,27.9,Low
EMP_4178,HR,Autocratic/Micromanagement,3.91,4.28,3.72,3.46,1.35,4,1.8,39.0,Low
EMP_4179,Data Science,Democratic,4.77,3.62,4.51,4.11,2.8,2,4.2,36.2,Low
EMP_4180,Data Science,Supportive,4.11,4.17,2.96,4.59,3.46,3,10.5,61.8,Moderate
EMP_4181,Sales,Democratic,4.48,4.47,3.01,3.36,4.59,4,7.4,33.7,Low
EMP_4182,Marketing,Democratic,3.67,3.74,3.7,3.42,1.82,3,0.5,50.1,Moderate
EMP_4183,Marketing,Supportive,3.03,3.49,3.93,3.8,3.42,5,3.7,48.3,Moderate
EMP_4184,Data Science,Democratic,3.56,4.61,3.1,4.4,2.13,5,0.5,51.0,Moderate
EMP_4185,Engineering,Democratic,3.04,3.41,2.96,3.21,1.8,4,3.5,40.9,Low
EMP_4186,Marketing,Democratic,4.69,4.18,1.43,3.92,1.8,4,2.2,31.1,Low
EMP_4187,Engineering,Democratic,4.15,3.76,2.58,3.01,2.81,4,2.4,35.8,Low
EMP_4188,Sales,Supportive,3.96,2.7,2.29,3.7,1.96,3,3.1,33.2,Low
EMP_4189,Marketing,Autocratic/Micromanagement,4.47,4.48,3.75,4.08,2.21,3,4.8,10.5,Low
EMP_4190,Marketing,Autocratic/Micromanagement,2.19,2.15,3.0,2.73,2.35,2,4.6,50.0,Moderate
EMP_4191,HR,Autocratic/Micromanagement,4.01,2.61,2.97,3.18,2.11,5,0.5,20.6,Low
EMP_4192,Product,Supportive,2.68,4.12,3.19,4.07,2.05,4,4.7,40.2,Low
EMP_4193,Sales,Autocratic/Micromanagement,3.59,4.12,2.5,3.87,1.0,1,6.2,29.1,Low
EMP_4194,Marketing,Autocratic/Micromanagement,3.38,3.42,4.44,4.12,2.77,3,0.5,45.8,Moderate
EMP_4195,Marketing,Autocratic/Micromanagement,4.06,3.89,4.24,4.01,2.75,3,1.4,29.2,Low
EMP_4196,Engineering,Supportive,3.76,2.28,4.49,3.3,2.06,5,5.5,36.0,Low
EMP_4197,Engineering,Democratic,4.54,4.22,3.75,4.82,2.99,3,2.4,52.0,Moderate
EMP_4198,Data Science,Autocratic/Micromanagement,3.18,3.95,3.18,3.58,3.82,4,4.2,38.9,Low
EMP_4199,Sales,Democratic,4.1,3.77,4.49,1.67,2.72,2,2.4,49.0,Moderate
EMP_4200,Marketing,Democratic,3.71,3.81,2.66,3.33,3.76,4,13.4,35.4,Low
EMP_4201,HR,Autocratic/Micromanagement,2.46,4.1,2.5,3.22,4.49,3,9.6,34.0,Low
EMP_4202,Engineering,Democratic,2.96,3.78,2.72,3.98,4.72,2,1.2,23.4,Low
EMP_4203,Engineering,Democratic,3.5,2.68,3.62,3.23,1.75,4,1.7,49.8,Moderate
EMP_4204,Product,Democratic,4.38,5.0,2.59,4.16,1.75,4,2.0,37.7,Low
EMP_4205,Engineering,Autocratic/Micromanagement,3.92,4.52,3.08,3.83,2.34,5,0.5,51.3,Moderate
EMP_4206,Sales,Supportive,2.78,3.03,1.92,2.9,2.8,4,1.8,32.9,Low
EMP_4207,Sales,Democratic,3.5,3.59,3.58,3.42,3.97,3,5.2,36.8,Low
EMP_4208,Sales,Democratic,5.0,3.66,1.99,3.03,3.2,5,6.6,24.0,Low
EMP_4209,Engineering,Autocratic/Micromanagement,3.68,4.45,2.45,3.61,1.74,5,7.6,56.9,Moderate
EMP_4210,Engineering,Democratic,3.37,2.5,4.17,3.03,2.21,3,0.5,41.5,Low
EMP_4211,Engineering,Autocratic/Micromanagement,3.94,3.5,4.14,3.54,2.67,3,5.4,43.4,Low
EMP_4212,Sales,Autocratic/Micromanagement,4.13,2.74,3.5,3.34,1.51,5,2.4,25.2,Low
EMP_4213,Sales,Supportive,3.28,3.63,3.42,3.41,2.71,4,0.8,43.7,Low
EMP_4214,Engineering,Democratic,3.95,3.52,2.78,4.73,1.75,4,2.4,39.1,Low
EMP_4215,Marketing,Supportive,3.37,3.85,2.58,3.28,1.38,1,6.5,58.3,Moderate
EMP_4216,HR,Supportive,4.1,3.44,2.91,2.34,1.94,4,2.0,47.2,Moderate
EMP_4217,Engineering,Democratic,3.72,3.35,1.99,4.11,3.03,3,15.0,28.5,Low
EMP_4218,Sales,Autocratic/Micromanagement,3.94,4.17,3.4,4.1,3.02,2,3.4,34.9,Low
EMP_4219,Marketing,Autocratic/Micromanagement,3.07,4.07,3.24,2.31,2.78,5,2.4,37.1,Low
EMP_4220,Data Science,Supportive,3.03,4.13,2.45,3.08,3.49,4,1.2,63.6,Moderate
EMP_4221,Data Science,Supportive,4.26,3.69,4.45,3.76,3.41,3,0.5,37.4,Low
EMP_4222,Marketing,Democratic,3.54,3.46,3.69,3.81,2.86,3,3.3,38.9,Low
EMP_4223,Product,Democratic,3.8,3.73,3.75,3.5,2.75,2,3.0,43.4,Low
EMP_4224,HR,Supportive,3.39,4.1,2.81,3.51,2.8,1,2.5,43.3,Low
EMP_4225,Sales,Autocratic/Micromanagement,4.23,2.49,3.2,2.94,2.58,3,2.7,20.8,Low
EMP_4226,Marketing,Autocratic/Micromanagement,3.17,4.04,3.7,2.06,1.0,2,6.5,34.7,Low
EMP_4227,Data Science,Democratic,3.51,3.99,3.32,4.73,3.61,3,1.3,38.1,Low
EMP_4228,Marketing,Autocratic/Micromanagement,4.15,3.84,4.48,2.92,3.02,5,2.8,22.4,Low
EMP_4229,Sales,Supportive,4.42,3.71,3.04,3.61,1.73,2,4.0,52.1,Moderate
EMP_4230,Engineering,Democratic,3.23,2.26,2.8,3.4,3.84,1,0.8,11.1,Low
EMP_4231,Marketing,Democratic,4.97,3.54,3.71,4.04,2.23,5,9.1,43.3,Low
EMP_4232,Sales,Supportive,3.82,4.87,2.19,3.57,2.61,4,4.7,32.0,Low
EMP_4233,Data Science,Autocratic/Micromanagement,2.87,3.81,3.94,3.59,3.52,1,0.5,20.3,Low
EMP_4234,Product,Democratic,3.86,3.62,2.16,1.92,2.88,1,7.0,40.9,Low
EMP_4235,Engineering,Democratic,3.33,3.81,3.71,3.0,3.77,4,9.3,38.9,Low
EMP_4236,Data Science,Supportive,3.9,4.01,2.68,3.95,2.42,3,5.5,70.8,Moderate
EMP_4237,Engineering,Supportive,3.57,4.2,3.58,3.89,4.05,4,1.9,50.4,Moderate
EMP_4238,HR,Supportive,3.65,3.66,3.93,2.93,2.08,3,15.0,41.1,Low
EMP_4239,Marketing,Democratic,2.96,4.05,3.32,2.55,3.75,5,0.5,31.1,Low
EMP_4240,Data Science,Democratic,4.29,4.81,2.24,3.58,1.0,4,2.7,63.1,Moderate
EMP_4241,Marketing,Supportive,2.79,4.4,2.48,1.76,1.82,1,0.7,47.1,Moderate
EMP_4242,Data Science,Democratic,2.82,5.0,2.62,2.81,2.94,3,2.0,43.8,Low
EMP_4243,HR,Democratic,3.86,3.41,1.68,4.56,2.38,4,9.2,42.9,Low
EMP_4244,Sales,Democratic,4.72,4.81,4.1,4.37,2.64,2,5.5,48.4,Moderate
EMP_4245,Sales,Democratic,3.35,3.33,3.29,3.79,2.73,1,5.3,40.8,Low
EMP_4246,Product,Autocratic/Micromanagement,4.09,4.01,2.29,3.68,1.75,1,1.5,24.2,Low
EMP_4247,Data Science,Democratic,4.35,4.24,4.36,2.33,1.81,3,9.5,56.0,Moderate
EMP_4248,Engineering,Democratic,4.17,3.49,2.64,3.06,2.89,4,1.6,36.7,Low
EMP_4249,Sales,Supportive,3.38,3.85,3.4,3.32,2.17,1,0.5,48.4,Moderate
EMP_4250,Product,Supportive,2.84,4.35,2.54,3.07,3.77,4,3.6,40.7,Low
EMP_4251,Data Science,Supportive,2.05,3.37,1.59,3.29,2.55,4,1.6,43.0,Low
EMP_4252,Engineering,Democratic,3.42,4.8,2.11,4.28,3.28,5,0.6,52.7,Moderate
EMP_4253,Data Science,Supportive,4.42,2.97,2.84,3.17,3.05,5,9.5,52.5,Moderate
EMP_4254,Sales,Supportive,2.81,4.96,3.92,3.3,2.22,5,3.5,47.5,Moderate
EMP_4255,Engineering,Autocratic/Micromanagement,4.09,4.4,3.48,3.94,1.12,5,9.9,51.3,Moderate
EMP_4256,Marketing,Supportive,2.93,3.75,3.31,2.65,3.65,3,3.1,45.5,Moderate
EMP_4257,Product,Supportive,3.67,3.56,1.59,3.0,1.92,3,0.5,52.7,Moderate
EMP_4258,Sales,Supportive,4.1,3.5,4.22,3.06,2.38,3,0.5,64.6,Moderate
EMP_4259,Data Science,Autocratic/Micromanagement,3.14,3.72,3.38,3.53,2.58,3,8.1,43.3,Low
EMP_4260,Sales,Supportive,3.72,3.77,3.1,3.29,2.66,2,0.5,45.8,Moderate
EMP_4261,Engineering,Democratic,3.31,4.55,4.11,3.31,3.47,4,3.3,52.2,Moderate
EMP_4262,Product,Democratic,4.09,4.98,4.2,3.1,2.7,1,1.2,43.1,Low
EMP_4263,Sales,Democratic,3.76,3.92,4.12,2.86,2.6,2,4.1,48.4,Moderate
EMP_4264,Data Science,Democratic,3.64,3.29,3.0,3.87,3.51,2,1.2,34.2,Low
EMP_4265,Marketing,Autocratic/Micromanagement,4.69,3.47,2.4,3.3,3.18,5,0.5,13.9,Low
EMP_4266,Sales,Supportive,4.06,3.69,3.99,3.87,2.11,2,4.6,48.0,Moderate
EMP_4267,Marketing,Supportive,3.12,3.18,2.11,2.83,1.78,5,1.3,50.2,Moderate
EMP_4268,Engineering,Supportive,3.54,3.09,4.76,3.1,2.04,2,2.8,46.3,Moderate
EMP_4269,HR,Supportive,3.55,5.0,3.22,3.37,2.66,4,5.2,47.7,Moderate
EMP_4270,Product,Supportive,3.66,3.98,2.35,3.42,1.7,3,4.2,54.0,Moderate
EMP_4271,Marketing,Supportive,5.0,3.3,2.21,3.95,2.77,3,1.5,49.7,Moderate
EMP_4272,Product,Democratic,3.86,4.29,2.18,3.24,2.6,5,4.8,34.3,Low
EMP_4273,Engineering,Democratic,2.17,3.09,3.31,3.95,1.0,2,9.1,42.5,Low
EMP_4274,Sales,Supportive,3.22,3.14,3.19,3.72,1.58,2,3.3,57.1,Moderate
EMP_4275,Marketing,Democratic,2.25,3.32,2.21,3.44,1.0,4,4.3,42.5,Low
EMP_4276,Sales,Supportive,3.37,4.79,2.91,2.93,2.42,4,7.0,38.2,Low
EMP_4277,Sales,Supportive,2.21,3.65,2.11,3.95,3.56,5,6.5,25.3,Low
EMP_4278,Data Science,Democratic,2.99,2.33,3.67,2.94,1.19,4,1.5,31.5,Low
EMP_4279,Engineering,Supportive,2.54,4.53,3.16,3.49,1.64,4,15.0,71.4,Moderate
EMP_4280,Data Science,Supportive,3.87,3.62,2.9,3.47,2.57,3,0.5,35.2,Low
EMP_4281,Engineering,Democratic,3.6,2.69,2.17,3.38,1.85,4,15.0,46.0,Moderate
EMP_4282,Marketing,Autocratic/Micromanagement,3.81,3.61,2.96,3.27,1.85,4,1.0,48.2,Moderate
EMP_4283,Engineering,Democratic,3.53,4.11,2.87,3.01,3.13,2,2.0,49.4,Moderate
EMP_4284,Engineering,Supportive,2.62,4.04,3.45,2.53,2.3,4,7.5,66.4,Moderate
EMP_4285,Sales,Autocratic/Micromanagement,3.96,4.88,3.33,4.34,1.51,2,1.0,39.0,Low
EMP_4286,Sales,Democratic,4.95,3.29,3.83,3.2,1.03,3,0.9,47.2,Moderate
EMP_4287,Product,Democratic,3.89,3.83,2.81,3.42,4.47,3,3.6,42.2,Low
EMP_4288,Sales,Autocratic/Micromanagement,3.3,3.38,1.71,3.42,3.6,3,4.3,7.8,Low
EMP_4289,Data Science,Democratic,2.6,2.87,3.99,4.16,2.34,4,0.5,37.0,Low
EMP_4290,HR,Supportive,2.96,4.33,2.45,4.66,2.77,1,2.1,51.5,Moderate
EMP_4291,Sales,Democratic,3.92,4.08,2.31,3.6,2.31,1,2.4,30.9,Low
EMP_4292,Engineering,Democratic,4.35,3.97,3.17,3.41,3.11,2,1.1,29.1,Low
EMP_4293,Sales,Democratic,3.78,4.06,3.44,2.83,2.02,2,2.8,37.7,Low
EMP_4294,Product,Democratic,4.16,3.39,2.78,2.63,2.27,2,0.6,36.9,Low
EMP_4295,Data Science,Autocratic/Micromanagement,4.1,3.2,2.77,2.44,3.06,4,1.4,15.0,Low
EMP_4296,Data Science,Autocratic/Micromanagement,3.95,3.82,2.89,3.02,3.86,3,4.4,32.0,Low
EMP_4297,Engineering,Autocratic/Micromanagement,3.14,4.5,4.33,2.25,3.29,3,7.2,43.1,Low
EMP_4298,Engineering,Autocratic/Micromanagement,3.72,4.76,3.2,4.15,3.69,4,3.1,47.1,Moderate
EMP_4299,Sales,Autocratic/Micromanagement,3.01,4.28,2.43,3.75,2.45,4,0.5,19.3,Low
EMP_4300,Sales,Supportive,3.61,3.82,2.43,3.35,2.2,1,4.0,34.8,Low
EMP_4301,Engineering,Supportive,3.83,3.96,3.0,4.17,1.15,5,8.0,51.3,Moderate
EMP_4302,Product,Democratic,4.78,3.81,3.39,2.86,2.76,5,2.5,36.7,Low
EMP_4303,HR,Autocratic/Micromanagement,2.68,3.18,3.59,3.01,3.0,2,2.4,31.3,Low
EMP_4304,Sales,Democratic,3.94,3.81,3.3,2.34,2.46,4,15.0,43.7,Low
EMP_4305,HR,Democratic,4.64,3.0,2.53,3.96,2.08,1,3.5,39.0,Low
EMP_4306,Engineering,Supportive,4.13,3.73,2.86,3.01,3.69,1,5.7,43.5,Low
EMP_4307,Sales,Supportive,4.18,4.78,3.79,3.51,3.21,3,3.6,44.8,Low
EMP_4308,Marketing,Democratic,4.01,4.29,2.28,4.1,3.75,5,0.9,33.2,Low
EMP_4309,HR,Supportive,4.51,3.25,2.83,4.32,1.94,4,1.2,51.3,Moderate
EMP_4310,HR,Supportive,2.84,3.76,3.68,3.48,2.13,3,3.8,54.4,Moderate
EMP_4311,Data Science,Supportive,2.63,3.3,3.9,3.73,3.66,3,2.1,42.1,Low
EMP_4312,Product,Supportive,3.6,3.76,3.05,2.96,2.66,3,1.8,44.4,Low
EMP_4313,Engineering,Democratic,2.09,4.42,2.87,4.51,2.24,3,0.5,55.1,Moderate
EMP_4314,Product,Supportive,4.46,4.19,2.14,3.4,2.3,5,7.6,46.6,Moderate
EMP_4315,Product,Democratic,4.45,5.0,3.62,3.55,2.69,4,7.6,37.5,Low
EMP_4316,Engineering,Supportive,3.3,4.52,4.26,3.26,3.5,3,2.2,54.0,Moderate
EMP_4317,Marketing,Autocratic/Micromanagement,3.34,3.92,5.0,4.22,2.57,3,4.2,43.7,Low
EMP_4318,Engineering,Supportive,3.55,4.21,3.51,3.62,3.33,5,0.7,56.1,Moderate
EMP_4319,Sales,Democratic,3.64,3.68,3.16,3.96,3.07,4,2.5,42.2,Low
EMP_4320,Sales,Democratic,3.69,3.12,2.46,3.71,2.0,2,2.0,25.7,Low
EMP_4321,Sales,Supportive,3.99,4.58,1.7,3.37,2.0,3,3.7,40.3,Low
EMP_4322,Product,Autocratic/Micromanagement,3.48,4.41,3.34,4.06,2.34,3,2.2,35.6,Low
EMP_4323,Marketing,Democratic,4.26,3.66,5.0,3.71,1.63,5,2.4,32.8,Low
EMP_4324,Sales,Democratic,3.91,3.96,4.22,2.92,2.29,3,1.2,43.5,Low
EMP_4325,HR,Supportive,3.18,4.54,4.09,2.91,3.91,1,0.5,54.9,Moderate
EMP_4326,Product,Autocratic/Micromanagement,4.53,4.31,3.4,3.59,2.67,3,8.7,17.0,Low
EMP_4327,Engineering,Autocratic/Micromanagement,2.65,2.92,3.49,4.04,2.09,3,0.5,46.1,Moderate
EMP_4328,Product,Supportive,3.54,3.95,1.26,4.48,4.23,4,1.2,34.5,Low
EMP_4329,Engineering,Supportive,4.28,3.7,3.81,2.43,1.96,2,2.1,52.1,Moderate
EMP_4330,HR,Autocratic/Micromanagement,3.09,4.47,2.74,3.52,1.93,1,1.3,43.1,Low
EMP_4331,Data Science,Democratic,3.82,4.42,2.64,3.79,3.68,1,2.8,62.6,Moderate
EMP_4332,Engineering,Autocratic/Micromanagement,3.98,4.59,2.94,3.68,3.23,3,2.2,48.9,Moderate
EMP_4333,Sales,Democratic,3.0,3.13,2.91,4.11,2.6,3,1.0,19.7,Low
EMP_4334,Marketing,Democratic,3.55,3.33,2.63,3.89,3.37,5,0.5,36.6,Low
EMP_4335,Data Science,Supportive,3.49,4.47,3.21,2.91,2.94,3,0.5,57.1,Moderate
EMP_4336,Engineering,Supportive,3.21,3.45,2.75,2.89,1.75,1,2.3,54.2,Moderate
EMP_4337,Sales,Democratic,5.0,2.89,3.28,3.69,1.0,4,6.5,45.2,Moderate
EMP_4338,Product,Autocratic/Micromanagement,3.07,4.12,2.01,4.09,2.25,5,0.5,36.1,Low
EMP_4339,Data Science,Supportive,4.3,3.47,3.03,3.59,3.57,3,4.0,46.4,Moderate
EMP_4340,Engineering,Democratic,3.33,4.87,2.32,2.55,2.36,3,5.5,54.9,Moderate
EMP_4341,Sales,Democratic,2.84,3.98,2.69,2.87,3.07,4,1.1,25.0,Low
EMP_4342,Engineering,Democratic,3.67,3.9,3.31,3.91,2.85,1,3.9,45.4,Moderate
EMP_4343,HR,Autocratic/Micromanagement,4.05,3.58,1.92,3.29,1.35,5,4.1,23.4,Low
EMP_4344,HR,Autocratic/Micromanagement,4.24,4.75,2.54,3.57,2.37,5,4.3,19.3,Low
EMP_4345,Sales,Supportive,4.69,4.02,3.66,4.14,2.99,3,7.8,39.8,Low
EMP_4346,Data Science,Autocratic/Micromanagement,5.0,3.55,2.07,2.78,2.07,3,1.8,25.3,Low
EMP_4347,HR,Autocratic/Micromanagement,3.78,3.32,4.62,3.25,2.41,1,1.0,35.9,Low
EMP_4348,Sales,Autocratic/Micromanagement,3.14,3.76,4.16,3.19,3.01,5,2.7,50.2,Moderate
EMP_4349,HR,Democratic,3.92,3.21,2.8,3.71,2.76,4,0.5,43.4,Low
EMP_4350,Marketing,Autocratic/Micromanagement,3.41,4.42,2.57,3.96,3.54,3,1.4,30.6,Low
EMP_4351,HR,Supportive,4.25,2.71,3.36,2.61,3.01,1,7.5,44.1,Low
EMP_4352,Sales,Supportive,2.69,3.72,2.04,3.5,1.94,4,2.7,41.3,Low
EMP_4353,Sales,Autocratic/Micromanagement,5.0,4.17,1.6,4.02,2.32,5,2.0,10.1,Low
EMP_4354,Product,Supportive,4.2,4.01,2.83,2.39,2.72,4,1.1,50.8,Moderate
EMP_4355,Sales,Supportive,2.42,3.37,3.09,3.46,3.77,1,1.0,41.1,Low
EMP_4356,Marketing,Autocratic/Micromanagement,3.1,4.2,3.28,2.77,2.32,3,0.9,32.4,Low
EMP_4357,Engineering,Autocratic/Micromanagement,4.17,3.27,2.71,3.12,1.31,2,6.2,22.5,Low
EMP_4358,Marketing,Supportive,4.42,3.79,4.22,2.0,3.05,5,14.7,41.2,Low
EMP_4359,Sales,Autocratic/Micromanagement,2.71,4.19,2.0,4.34,2.1,3,2.7,28.5,Low
EMP_4360,Engineering,Democratic,4.1,4.08,2.29,3.29,1.67,4,0.5,58.9,Moderate
EMP_4361,Engineering,Democratic,2.24,3.39,3.59,3.02,2.72,1,4.9,34.8,Low
EMP_4362,Marketing,Autocratic/Micromanagement,3.54,4.52,2.27,3.7,3.48,2,7.3,32.2,Low
EMP_4363,HR,Democratic,4.38,3.85,2.24,2.87,2.24,4,9.4,42.3,Low
EMP_4364,Sales,Supportive,3.21,4.25,3.3,2.82,3.1,5,3.5,44.5,Low
EMP_4365,Engineering,Supportive,2.55,4.72,2.36,4.41,3.25,2,2.5,57.5,Moderate
EMP_4366,Marketing,Democratic,3.7,4.47,3.09,4.59,3.33,3,3.4,44.9,Low
EMP_4367,Engineering,Democratic,3.18,4.47,2.64,3.14,2.11,4,0.5,52.8,Moderate
EMP_4368,Sales,Autocratic/Micromanagement,4.04,3.92,2.51,4.14,1.8,4,3.7,12.2,Low
EMP_4369,Engineering,Autocratic/Micromanagement,2.98,4.28,1.52,3.71,1.91,4,4.3,58.4,Moderate
EMP_4370,Engineering,Democratic,3.06,3.93,3.31,2.65,3.33,1,4.5,27.4,Low
EMP_4371,Engineering,Autocratic/Micromanagement,2.19,3.07,2.2,2.94,3.23,3,2.9,32.1,Low
EMP_4372,Data Science,Supportive,3.72,3.98,3.07,4.43,1.93,5,4.2,55.4,Moderate
EMP_4373,Engineering,Supportive,3.49,3.95,2.79,2.64,4.41,5,3.6,39.5,Low
EMP_4374,Data Science,Autocratic/Micromanagement,2.77,4.15,3.03,4.87,1.84,4,0.5,49.4,Moderate
EMP_4375,Sales,Supportive,3.74,3.72,3.08,3.16,3.5,5,8.0,46.2,Moderate
EMP_4376,Sales,Supportive,4.32,3.34,3.35,4.45,3.92,2,3.4,39.4,Low
EMP_4377,Data Science,Democratic,3.45,4.19,2.62,3.32,2.79,3,4.6,54.6,Moderate
EMP_4378,HR,Democratic,3.79,3.01,4.19,3.98,2.08,4,1.5,54.1,Moderate
EMP_4379,Engineering,Autocratic/Micromanagement,3.79,4.68,1.72,4.34,2.1,2,8.8,57.5,Moderate
EMP_4380,Sales,Supportive,2.76,3.66,3.02,4.33,2.49,5,2.4,51.9,Moderate
EMP_4381,Engineering,Supportive,5.0,3.95,3.87,3.15,3.56,3,4.0,42.7,Low
EMP_4382,Engineering,Supportive,3.27,4.14,3.58,2.99,1.74,3,10.6,61.6,Moderate
EMP_4383,Sales,Democratic,4.06,4.15,2.42,3.45,1.23,2,8.7,34.6,Low
EMP_4384,Sales,Supportive,4.14,2.95,2.55,2.72,2.99,3,3.6,28.5,Low
EMP_4385,Product,Democratic,3.5,4.29,2.39,3.64,3.17,4,0.6,34.6,Low
EMP_4386,Sales,Autocratic/Micromanagement,4.02,3.98,3.68,3.01,4.27,3,10.5,21.8,Low
EMP_4387,Product,Autocratic/Micromanagement,3.77,3.42,2.61,4.15,1.59,2,14.5,41.2,Low
EMP_4388,Engineering,Supportive,2.61,3.35,3.4,3.16,2.59,5,0.5,54.4,Moderate
EMP_4389,Engineering,Democratic,3.37,3.6,3.41,2.45,3.63,1,2.1,35.6,Low
EMP_4390,Engineering,Democratic,3.17,3.02,5.0,4.34,2.8,5,2.8,34.6,Low
EMP_4391,Engineering,Autocratic/Micromanagement,3.28,4.83,3.45,3.61,2.54,3,0.5,55.3,Moderate
EMP_4392,Sales,Autocratic/Micromanagement,2.69,4.69,2.55,3.52,3.33,3,0.7,16.4,Low
EMP_4393,Marketing,Supportive,4.39,4.07,2.03,4.16,2.22,3,2.7,54.5,Moderate
EMP_4394,Engineering,Democratic,4.72,3.67,2.98,4.02,3.38,4,11.5,41.0,Low
EMP_4395,Product,Supportive,4.28,3.68,3.1,3.04,1.7,4,0.5,52.6,Moderate
EMP_4396,HR,Supportive,4.49,4.25,1.43,3.23,1.48,5,8.5,60.1,Moderate
EMP_4397,Data Science,Supportive,3.36,4.85,2.63,2.83,2.48,3,8.0,64.6,Moderate
EMP_4398,Engineering,Democratic,3.15,3.46,3.44,2.62,1.0,4,6.8,50.1,Moderate
EMP_4399,Engineering,Democratic,3.05,3.13,2.77,3.85,2.77,3,1.7,52.3,Moderate
EMP_4400,Engineering,Supportive,4.05,4.73,3.97,3.74,1.31,5,2.4,81.5,High
EMP_4401,Engineering,Democratic,3.76,2.73,1.95,3.96,2.93,5,1.8,35.9,Low
EMP_4402,Sales,Supportive,3.55,3.19,3.74,4.27,2.85,3,10.3,48.6,Moderate
EMP_4403,Engineering,Democratic,4.51,3.65,3.93,3.96,2.65,3,2.6,32.8,Low
EMP_4404,Data Science,Supportive,3.88,2.86,3.97,4.02,3.05,2,0.5,50.3,Moderate
EMP_4405,Product,Supportive,3.01,4.47,1.95,2.25,2.86,4,1.1,49.1,Moderate
EMP_4406,Marketing,Democratic,3.12,4.31,3.45,3.32,2.47,5,2.2,35.0,Low
EMP_4407,Product,Supportive,4.08,3.46,2.66,4.08,4.16,5,10.7,47.2,Moderate
EMP_4408,Engineering,Democratic,4.33,4.57,2.08,2.8,3.01,4,2.9,50.1,Moderate
EMP_4409,Data Science,Supportive,3.99,4.67,2.87,3.56,3.32,4,4.2,57.5,Moderate
EMP_4410,Sales,Democratic,4.93,3.73,2.48,3.81,3.56,3,0.5,21.0,Low
EMP_4411,Engineering,Supportive,4.74,3.53,3.94,3.77,3.23,4,7.3,43.1,Low
EMP_4412,Engineering,Democratic,3.91,5.0,3.61,3.72,4.35,3,2.7,45.3,Moderate
EMP_4413,Marketing,Autocratic/Micromanagement,3.01,4.23,2.28,3.86,2.83,4,8.9,46.0,Moderate
EMP_4414,Marketing,Supportive,2.68,3.95,2.62,3.61,2.69,1,2.1,44.8,Low
EMP_4415,Sales,Democratic,3.33,4.62,2.9,2.62,2.18,1,4.0,28.6,Low
EMP_4416,Sales,Supportive,4.13,3.98,3.14,3.8,2.49,4,2.2,45.9,Moderate
EMP_4417,Sales,Democratic,4.88,3.5,4.01,3.67,2.12,5,0.5,47.6,Moderate
EMP_4418,Engineering,Supportive,3.89,3.85,3.75,2.63,3.24,4,1.1,45.0,Moderate
EMP_4419,Data Science,Democratic,4.42,4.42,3.24,4.33,1.97,4,0.5,69.6,Moderate
EMP_4420,Engineering,Democratic,3.43,2.6,2.99,3.82,2.76,5,2.0,41.5,Low
EMP_4421,Engineering,Autocratic/Micromanagement,4.04,3.63,1.78,2.67,3.15,3,3.7,20.1,Low
EMP_4422,Product,Democratic,4.18,4.63,4.23,3.01,2.82,2,1.0,34.7,Low
EMP_4423,Sales,Democratic,2.21,3.49,2.84,3.16,1.98,5,2.4,24.2,Low
EMP_4424,Marketing,Democratic,3.31,4.73,4.44,3.16,3.26,5,2.2,27.9,Low
EMP_4425,Data Science,Autocratic/Micromanagement,4.26,4.65,3.36,3.68,2.63,3,2.7,44.1,Low
EMP_4426,Data Science,Autocratic/Micromanagement,3.79,3.76,4.82,2.91,1.0,2,0.7,46.8,Moderate
EMP_4427,Engineering,Supportive,2.76,3.46,3.69,4.18,1.91,5,2.7,52.3,Moderate
EMP_4428,Engineering,Autocratic/Micromanagement,1.9,3.63,2.05,4.13,3.82,4,1.6,33.8,Low
EMP_4429,Engineering,Democratic,3.34,5.0,2.71,3.87,3.89,1,1.2,57.9,Moderate
EMP_4430,HR,Autocratic/Micromanagement,3.55,4.92,3.06,3.53,3.12,2,3.1,37.5,Low
EMP_4431,Marketing,Autocratic/Micromanagement,2.98,3.88,2.5,4.06,3.33,5,0.6,34.1,Low
EMP_4432,Sales,Supportive,3.7,3.44,2.9,3.33,2.08,1,8.1,44.6,Low
EMP_4433,Sales,Democratic,3.95,3.87,2.11,3.07,2.49,3,9.6,23.1,Low
EMP_4434,Product,Supportive,4.07,3.95,3.2,4.21,3.69,3,3.8,34.9,Low
EMP_4435,Engineering,Supportive,1.95,3.05,3.39,3.69,3.04,2,1.3,38.7,Low
EMP_4436,Data Science,Supportive,2.68,3.85,2.4,3.09,2.75,2,3.4,46.7,Moderate
EMP_4437,Data Science,Democratic,3.39,4.59,4.75,3.25,2.55,3,3.2,55.0,Moderate
EMP_4438,HR,Supportive,4.0,2.72,3.25,3.06,3.64,3,1.7,47.7,Moderate
EMP_4439,Product,Supportive,3.94,4.3,2.55,4.71,3.6,5,1.2,39.2,Low
EMP_4440,Engineering,Democratic,3.93,4.62,1.9,3.5,3.22,3,0.6,49.4,Moderate
EMP_4441,Product,Supportive,3.33,3.46,3.25,3.59,2.75,3,0.9,43.6,Low
EMP_4442,HR,Supportive,3.37,4.82,2.99,3.93,2.41,3,3.7,54.7,Moderate
EMP_4443,Engineering,Supportive,3.09,3.39,3.83,2.77,3.25,1,7.6,51.8,Moderate
EMP_4444,Data Science,Supportive,4.14,4.06,3.09,4.16,1.82,1,1.7,76.6,High
EMP_4445,Sales,Democratic,2.96,3.62,2.25,3.14,1.98,4,0.5,27.8,Low
EMP_4446,Product,Supportive,4.2,3.62,4.54,4.6,1.54,2,0.5,62.4,Moderate
EMP_4447,Engineering,Autocratic/Micromanagement,3.75,3.43,3.55,3.31,3.69,3,1.8,29.9,Low
EMP_4448,HR,Democratic,3.57,4.22,3.0,4.12,2.12,5,0.9,41.5,Low
EMP_4449,Data Science,Supportive,3.14,4.31,3.33,2.0,3.02,3,1.4,56.1,Moderate
EMP_4450,Marketing,Supportive,2.65,3.76,3.58,2.79,2.6,3,1.0,51.2,Moderate
EMP_4451,Sales,Democratic,3.15,2.98,2.06,3.32,5.0,5,3.8,13.9,Low
EMP_4452,Sales,Democratic,3.37,4.04,3.33,2.28,3.05,5,3.6,24.0,Low
EMP_4453,HR,Supportive,1.94,4.05,2.84,3.86,1.21,5,8.5,60.1,Moderate
EMP_4454,HR,Supportive,3.46,3.67,3.61,3.69,3.64,4,4.2,47.9,Moderate
EMP_4455,Product,Autocratic/Micromanagement,4.25,4.92,2.61,2.91,2.39,5,0.6,18.5,Low
EMP_4456,Engineering,Supportive,4.0,2.86,2.72,3.49,2.54,5,4.9,50.0,Moderate
EMP_4457,Marketing,Supportive,3.25,2.47,4.53,3.98,2.16,3,0.7,42.8,Low
EMP_4458,Engineering,Autocratic/Micromanagement,3.63,3.36,4.18,2.24,2.86,4,2.9,33.3,Low
EMP_4459,Sales,Democratic,3.21,4.23,1.0,2.74,2.85,2,0.5,30.5,Low
EMP_4460,Sales,Supportive,3.7,3.17,4.13,3.3,2.18,4,0.5,56.4,Moderate
EMP_4461,Sales,Democratic,4.68,3.21,3.14,3.51,2.29,3,2.2,39.7,Low
EMP_4462,Sales,Supportive,4.28,4.37,2.63,3.46,2.78,3,0.5,25.5,Low
EMP_4463,Product,Democratic,3.96,4.08,2.39,4.03,1.0,2,1.3,47.2,Moderate
EMP_4464,Engineering,Democratic,3.25,4.03,2.44,3.79,1.55,3,1.4,60.8,Moderate
EMP_4465,Marketing,Autocratic/Micromanagement,4.12,4.27,2.66,3.92,4.04,3,5.1,17.4,Low
EMP_4466,Data Science,Autocratic/Micromanagement,2.42,3.54,2.3,2.67,2.96,4,1.4,39.0,Low
EMP_4467,Engineering,Autocratic/Micromanagement,3.42,3.57,2.12,3.59,2.28,3,2.4,46.9,Moderate
EMP_4468,Engineering,Autocratic/Micromanagement,4.01,4.29,2.37,3.32,1.34,4,5.2,38.2,Low
EMP_4469,Product,Democratic,4.12,2.99,3.46,4.38,2.65,3,0.8,32.8,Low
EMP_4470,Product,Supportive,4.07,2.51,3.24,3.6,3.49,4,5.7,41.4,Low
EMP_4471,Product,Democratic,3.81,3.54,3.64,3.1,4.81,3,6.2,21.6,Low
EMP_4472,Product,Democratic,3.46,4.36,3.15,4.01,4.21,5,15.0,31.4,Low
EMP_4473,Engineering,Autocratic/Micromanagement,3.98,3.95,2.15,3.84,1.99,4,2.1,40.3,Low
EMP_4474,Data Science,Supportive,2.93,4.31,3.6,3.01,2.3,5,1.6,67.0,Moderate
EMP_4475,Marketing,Autocratic/Micromanagement,3.01,2.59,2.4,3.29,1.52,2,4.2,35.1,Low
EMP_4476,Sales,Autocratic/Micromanagement,3.64,3.99,3.72,3.3,2.03,3,0.5,40.8,Low
EMP_4477,Sales,Autocratic/Micromanagement,3.72,4.19,2.27,4.24,2.53,2,0.5,29.7,Low
EMP_4478,Data Science,Autocratic/Micromanagement,2.32,2.99,2.65,3.62,2.41,2,1.4,42.0,Low
EMP_4479,Sales,Supportive,3.92,4.32,2.91,3.94,4.34,3,4.6,16.0,Low
EMP_4480,Sales,Supportive,4.14,3.73,3.74,3.2,1.65,5,0.5,52.5,Moderate
EMP_4481,Engineering,Supportive,3.55,5.0,3.34,3.7,2.66,4,3.5,59.4,Moderate
EMP_4482,Sales,Supportive,5.0,2.49,3.22,4.28,1.05,3,1.1,55.3,Moderate
EMP_4483,Sales,Democratic,3.12,4.62,4.71,3.28,2.96,4,3.7,46.8,Moderate
EMP_4484,Sales,Autocratic/Micromanagement,3.35,3.56,1.73,3.57,1.63,1,2.1,36.4,Low
EMP_4485,Engineering,Autocratic/Micromanagement,3.32,2.83,2.37,2.68,3.58,3,0.5,34.3,Low
EMP_4486,Marketing,Democratic,3.55,3.48,2.34,3.04,2.47,4,1.0,40.5,Low
EMP_4487,Engineering,Supportive,3.37,3.97,1.78,3.3,1.58,4,0.9,52.7,Moderate
EMP_4488,Data Science,Supportive,2.62,4.42,2.62,2.86,1.02,4,0.6,72.8,Moderate
EMP_4489,HR,Supportive,3.22,4.83,3.75,4.29,1.92,2,2.2,50.3,Moderate
EMP_4490,Sales,Supportive,3.53,4.65,2.73,3.0,2.89,3,10.8,35.9,Low
EMP_4491,Data Science,Democratic,4.46,3.22,2.93,3.97,3.04,5,3.8,34.4,Low
EMP_4492,Marketing,Supportive,5.0,4.48,1.82,3.61,2.3,5,6.3,56.5,Moderate
EMP_4493,Sales,Supportive,4.53,4.03,2.56,3.52,3.44,3,13.9,32.0,Low
EMP_4494,HR,Supportive,3.06,3.41,2.83,4.39,1.79,4,2.7,51.2,Moderate
EMP_4495,Marketing,Democratic,3.11,3.67,3.71,2.14,1.0,2,1.0,49.7,Moderate
EMP_4496,Marketing,Democratic,3.49,3.37,1.86,3.38,2.93,3,9.2,39.3,Low
EMP_4497,Sales,Democratic,4.85,3.82,2.84,2.85,3.73,4,4.2,22.4,Low
EMP_4498,Engineering,Democratic,3.48,3.36,4.07,2.32,3.74,3,11.2,33.6,Low
EMP_4499,Data Science,Autocratic/Micromanagement,2.67,3.18,2.84,2.78,1.66,5,3.7,41.3,Low
EMP_4500,Sales,Supportive,3.25,4.09,1.51,3.51,2.26,4,5.2,35.5,Low
EMP_4501,Sales,Democratic,4.13,4.18,4.22,3.06,3.28,4,7.7,44.7,Low
EMP_4502,Sales,Democratic,4.08,3.69,3.79,4.04,2.2,1,5.0,45.0,Moderate
EMP_4503,Data Science,Democratic,3.46,4.62,3.9,3.37,2.78,4,2.9,59.8,Moderate
EMP_4504,Engineering,Autocratic/Micromanagement,4.08,3.64,1.8,3.31,2.13,5,2.2,25.3,Low
EMP_4505,Sales,Supportive,2.01,3.62,4.41,3.31,1.83,3,6.1,70.9,Moderate
EMP_4506,Data Science,Democratic,3.67,4.2,2.58,3.44,1.98,2,5.2,61.7,Moderate
EMP_4507,Marketing,Supportive,4.2,3.72,2.79,3.25,3.46,5,1.6,43.1,Low
EMP_4508,Engineering,Democratic,3.02,3.85,2.64,2.99,2.71,3,2.4,42.0,Low
EMP_4509,Sales,Supportive,3.01,2.29,3.96,4.09,3.72,3,3.5,36.8,Low
EMP_4510,Product,Supportive,2.29,3.81,3.06,3.13,3.12,1,0.5,46.9,Moderate
EMP_4511,Engineering,Democratic,4.71,2.7,3.59,3.27,3.99,2,1.0,26.1,Low
EMP_4512,Sales,Democratic,3.1,3.07,3.26,3.76,3.35,2,1.0,34.4,Low
EMP_4513,Engineering,Supportive,3.77,3.0,3.12,3.69,3.31,3,7.5,37.9,Low
EMP_4514,Marketing,Democratic,4.02,3.17,2.44,2.96,2.6,4,1.4,43.8,Low
EMP_4515,Sales,Democratic,4.66,3.47,4.65,3.95,5.0,4,2.8,37.5,Low
EMP_4516,Sales,Supportive,3.49,3.51,2.03,3.82,2.79,4,6.2,37.0,Low
EMP_4517,Sales,Democratic,3.22,4.2,3.53,3.61,1.12,3,1.1,44.6,Low
EMP_4518,Product,Democratic,3.72,3.93,3.5,3.24,2.91,5,0.5,27.7,Low
EMP_4519,Engineering,Democratic,4.5,2.66,4.12,3.26,1.91,5,10.4,39.0,Low
EMP_4520,Engineering,Supportive,3.48,3.85,4.31,3.38,3.51,3,4.3,41.6,Low
EMP_4521,Product,Supportive,2.93,3.99,3.09,2.76,3.28,2,0.7,45.2,Moderate
EMP_4522,Sales,Democratic,2.52,3.6,3.62,3.48,2.55,3,6.0,46.1,Moderate
EMP_4523,Product,Autocratic/Micromanagement,2.75,3.76,4.61,4.04,1.99,1,5.4,49.4,Moderate
EMP_4524,Sales,Democratic,4.21,3.91,3.15,4.03,2.82,5,6.4,36.2,Low
EMP_4525,HR,Supportive,3.38,4.26,2.35,3.27,2.19,2,1.1,43.8,Low
EMP_4526,Sales,Democratic,3.17,2.86,2.89,4.14,3.33,3,2.1,16.3,Low
EMP_4527,Marketing,Autocratic/Micromanagement,3.1,3.65,2.16,4.64,3.14,2,4.1,38.3,Low
EMP_4528,Product,Supportive,3.66,4.71,3.5,3.31,5.0,4,1.7,37.0,Low
EMP_4529,Sales,Autocratic/Micromanagement,3.43,4.65,4.05,3.91,2.34,1,0.5,43.6,Low
EMP_4530,Engineering,Autocratic/Micromanagement,3.41,4.31,3.1,2.14,2.46,4,0.5,51.4,Moderate
EMP_4531,Data Science,Supportive,4.54,4.12,1.9,2.75,2.58,5,3.2,69.9,Moderate
EMP_4532,Engineering,Autocratic/Micromanagement,4.68,4.79,4.02,3.55,2.61,3,1.6,36.7,Low
EMP_4533,Engineering,Supportive,2.47,4.95,1.78,2.9,3.52,3,0.5,59.4,Moderate
EMP_4534,Data Science,Autocratic/Micromanagement,3.83,3.72,1.96,4.72,2.48,3,5.1,36.9,Low
EMP_4535,Sales,Democratic,3.06,3.22,3.06,3.86,4.28,4,1.9,28.4,Low
EMP_4536,Sales,Democratic,3.43,3.64,3.4,4.08,3.17,2,1.3,38.5,Low
EMP_4537,Sales,Democratic,3.82,5.0,3.54,3.48,2.31,5,4.4,40.3,Low
EMP_4538,Marketing,Autocratic/Micromanagement,3.45,2.86,3.15,2.9,2.11,2,2.1,44.4,Low
EMP_4539,Engineering,Supportive,3.76,3.52,4.61,3.19,3.53,1,4.2,46.8,Moderate
EMP_4540,Engineering,Democratic,4.07,2.95,3.25,3.65,2.72,3,0.5,37.9,Low
EMP_4541,Engineering,Supportive,3.81,3.87,4.03,3.12,2.71,2,0.5,49.7,Moderate
EMP_4542,Sales,Supportive,3.15,3.08,3.83,3.9,2.22,4,2.9,47.0,Moderate
EMP_4543,Engineering,Supportive,3.16,3.73,2.17,3.93,2.65,2,14.1,47.8,Moderate
EMP_4544,Data Science,Democratic,2.59,2.63,3.06,3.5,2.19,5,1.1,46.8,Moderate
EMP_4545,Sales,Supportive,3.0,4.17,4.9,2.4,3.79,3,4.0,55.0,Moderate
EMP_4546,HR,Supportive,4.97,4.53,2.8,4.53,3.27,4,0.7,44.2,Low
EMP_4547,Engineering,Supportive,3.05,3.57,2.66,3.37,2.56,2,1.3,49.5,Moderate
EMP_4548,Marketing,Supportive,2.76,3.72,3.34,5.0,2.55,2,0.5,42.7,Low
EMP_4549,Marketing,Democratic,3.82,3.7,2.83,3.89,2.77,4,7.4,38.6,Low
EMP_4550,HR,Autocratic/Micromanagement,3.52,3.91,2.57,3.37,2.7,3,1.3,46.3,Moderate
EMP_4551,Product,Supportive,3.46,3.78,2.81,3.77,1.93,3,0.9,47.3,Moderate
EMP_4552,Engineering,Autocratic/Micromanagement,4.59,4.26,4.35,2.29,1.18,3,4.6,43.0,Low
EMP_4553,Engineering,Democratic,3.98,4.54,3.09,4.12,2.06,2,0.8,55.6,Moderate
EMP_4554,Product,Democratic,3.23,3.31,2.14,5.0,2.6,4,1.0,38.1,Low
EMP_4555,Sales,Democratic,3.3,3.61,1.99,2.25,2.11,5,0.5,25.2,Low
EMP_4556,Sales,Autocratic/Micromanagement,3.25,4.34,4.97,3.33,3.36,3,11.5,50.5,Moderate
EMP_4557,Marketing,Supportive,4.21,2.95,3.02,3.44,2.52,5,1.0,43.2,Low
EMP_4558,Marketing,Democratic,3.38,2.62,3.55,4.03,4.2,5,15.0,34.5,Low
EMP_4559,Product,Democratic,2.34,3.94,2.58,4.76,2.25,2,0.7,40.2,Low
EMP_4560,Product,Democratic,3.57,4.1,3.46,3.73,2.81,2,0.5,28.5,Low
EMP_4561,Marketing,Autocratic/Micromanagement,2.52,3.37,4.37,4.79,2.47,3,7.9,40.8,Low
EMP_4562,Data Science,Supportive,5.0,3.45,2.68,3.6,3.05,3,3.0,46.8,Moderate
EMP_4563,Product,Democratic,2.92,3.34,3.57,3.77,3.55,3,1.5,29.7,Low
EMP_4564,Engineering,Democratic,3.49,3.28,2.08,3.7,3.19,3,2.5,36.4,Low
EMP_4565,Engineering,Supportive,3.78,4.22,4.82,4.23,1.08,3,1.1,63.6,Moderate
EMP_4566,Product,Supportive,3.4,3.09,3.41,3.25,3.1,4,3.5,42.6,Low
EMP_4567,Data Science,Democratic,3.4,3.64,2.87,3.99,1.89,1,3.4,41.7,Low
EMP_4568,Engineering,Autocratic/Micromanagement,3.9,3.26,2.96,2.76,2.45,4,0.5,30.5,Low
EMP_4569,Engineering,Democratic,4.67,2.93,2.79,3.33,3.25,5,8.5,29.6,Low
EMP_4570,Product,Autocratic/Micromanagement,4.14,4.32,2.83,3.12,1.8,4,2.2,18.9,Low
EMP_4571,Sales,Democratic,4.63,3.49,1.24,3.55,3.62,2,0.8,19.1,Low
EMP_4572,Marketing,Supportive,2.87,3.91,3.12,3.31,2.42,1,1.3,51.3,Moderate
EMP_4573,Engineering,Supportive,3.82,2.9,3.09,4.18,4.44,3,7.0,35.6,Low
EMP_4574,HR,Supportive,3.71,3.35,3.59,2.97,2.75,5,1.7,42.9,Low
EMP_4575,HR,Supportive,3.85,4.25,2.78,2.46,4.06,5,2.9,42.4,Low
EMP_4576,Data Science,Supportive,4.56,5.0,2.58,2.69,3.66,4,10.3,59.1,Moderate
EMP_4577,Sales,Democratic,3.45,2.61,3.19,4.1,2.21,2,3.7,36.6,Low
EMP_4578,Engineering,Democratic,3.32,3.68,1.91,2.92,1.66,4,3.9,51.7,Moderate
EMP_4579,Product,Supportive,3.97,4.05,3.31,3.74,2.79,5,1.0,48.4,Moderate
EMP_4580,Marketing,Supportive,2.36,3.43,1.71,3.32,2.23,5,3.9,49.1,Moderate
EMP_4581,Product,Supportive,3.43,4.31,4.1,3.99,3.96,4,1.8,40.2,Low
EMP_4582,Data Science,Democratic,3.51,3.28,3.75,3.36,2.5,3,8.5,43.8,Low
EMP_4583,HR,Supportive,2.96,3.89,2.46,5.0,2.46,4,0.5,51.7,Moderate
EMP_4584,HR,Supportive,4.34,3.49,3.73,4.64,1.58,5,1.2,44.2,Low
EMP_4585,Marketing,Autocratic/Micromanagement,2.86,4.53,3.29,3.31,3.04,4,0.5,32.8,Low
EMP_4586,Product,Autocratic/Micromanagement,3.5,3.39,2.39,3.23,1.76,3,1.7,39.8,Low
EMP_4587,Data Science,Supportive,3.81,3.59,1.58,5.0,3.05,4,0.6,46.2,Moderate
EMP_4588,Engineering,Democratic,4.55,4.37,3.45,2.85,3.16,5,6.5,53.9,Moderate
EMP_4589,Marketing,Supportive,3.59,3.18,2.56,3.47,2.1,4,9.1,45.2,Moderate
EMP_4590,Marketing,Autocratic/Micromanagement,4.26,3.84,4.08,3.51,3.47,3,3.9,16.0,Low
EMP_4591,Sales,Democratic,4.09,2.71,3.21,3.5,2.48,4,0.5,47.3,Moderate
EMP_4592,Engineering,Supportive,3.69,3.15,2.64,2.46,1.52,4,1.5,53.3,Moderate
EMP_4593,Sales,Democratic,2.84,4.03,4.64,3.8,3.94,1,11.7,40.8,Low
EMP_4594,Data Science,Supportive,2.6,3.21,3.66,2.92,1.96,4,0.5,44.5,Low
EMP_4595,Sales,Supportive,3.67,3.47,1.0,4.36,3.11,3,2.8,28.6,Low
EMP_4596,Marketing,Supportive,3.22,4.1,2.81,2.63,3.04,5,1.5,40.9,Low
EMP_4597,Marketing,Democratic,4.24,3.45,2.09,3.54,3.01,5,15.0,34.5,Low
EMP_4598,Engineering,Supportive,4.12,4.29,2.56,2.17,3.0,3,1.2,64.2,Moderate
EMP_4599,Sales,Supportive,3.47,3.93,3.08,2.21,1.92,5,0.5,51.5,Moderate
EMP_4600,Data Science,Supportive,2.79,4.06,3.48,3.0,4.05,3,4.2,54.4,Moderate
EMP_4601,Engineering,Supportive,3.96,4.54,3.41,3.08,3.46,4,1.4,50.5,Moderate
EMP_4602,HR,Autocratic/Micromanagement,2.89,3.99,4.06,4.38,3.08,1,3.8,40.3,Low
EMP_4603,Product,Supportive,3.07,4.72,3.71,3.48,1.63,2,0.5,50.9,Moderate
EMP_4604,Data Science,Supportive,2.91,4.35,3.66,4.28,1.92,5,2.6,66.9,Moderate
EMP_4605,HR,Democratic,3.5,3.49,3.36,3.27,3.23,5,1.6,30.9,Low
EMP_4606,Product,Autocratic/Micromanagement,4.42,4.58,4.23,3.86,1.1,3,2.7,25.0,Low
EMP_4607,HR,Autocratic/Micromanagement,3.6,3.96,2.95,3.06,2.97,3,6.7,33.7,Low
EMP_4608,Engineering,Democratic,3.29,3.56,2.97,3.02,1.64,3,12.6,36.0,Low
EMP_4609,Product,Supportive,2.53,3.97,1.68,2.41,2.01,5,4.9,46.4,Moderate
EMP_4610,Data Science,Democratic,3.99,4.47,4.04,3.7,1.57,2,5.1,57.9,Moderate
EMP_4611,Data Science,Democratic,3.05,4.07,3.14,3.66,2.9,3,2.6,53.4,Moderate
EMP_4612,Engineering,Supportive,3.68,4.89,5.0,3.97,3.59,4,0.5,55.4,Moderate
EMP_4613,Sales,Autocratic/Micromanagement,3.35,4.45,2.88,3.63,2.98,5,3.8,15.6,Low
EMP_4614,Engineering,Supportive,4.19,4.11,3.27,4.72,3.07,1,0.6,59.4,Moderate
EMP_4615,Engineering,Autocratic/Micromanagement,3.49,3.18,3.64,3.61,2.83,5,1.0,41.2,Low
EMP_4616,Data Science,Autocratic/Micromanagement,3.56,3.69,2.32,4.1,3.25,4,4.3,30.7,Low
EMP_4617,HR,Democratic,3.94,3.84,3.49,3.31,3.07,2,3.7,36.2,Low
EMP_4618,Product,Autocratic/Micromanagement,5.0,4.22,3.23,2.95,1.0,4,1.3,24.2,Low
EMP_4619,Data Science,Democratic,4.22,4.18,2.96,3.93,3.43,4,5.2,55.2,Moderate
EMP_4620,Product,Supportive,3.54,3.9,4.14,3.45,3.34,2,9.8,42.4,Low
EMP_4621,Product,Democratic,3.6,3.87,2.48,4.0,2.41,3,2.8,42.5,Low
EMP_4622,HR,Supportive,3.23,4.23,3.42,3.71,1.12,4,4.0,60.0,Moderate
EMP_4623,Engineering,Supportive,2.94,3.28,4.36,3.02,2.89,2,1.1,54.7,Moderate
EMP_4624,Marketing,Democratic,3.21,4.82,2.63,4.14,2.96,3,12.4,29.9,Low
EMP_4625,Product,Supportive,3.06,2.57,2.96,2.98,2.35,2,1.1,42.4,Low
EMP_4626,Marketing,Supportive,4.06,4.67,5.0,3.88,2.85,3,7.6,53.0,Moderate
EMP_4627,Data Science,Democratic,2.85,3.77,3.58,4.27,3.56,2,9.2,39.0,Low
EMP_4628,Sales,Autocratic/Micromanagement,4.53,4.4,2.8,3.27,4.62,3,4.5,0.0,Low
EMP_4629,Marketing,Supportive,4.13,4.02,3.84,4.19,2.82,2,5.8,31.1,Low
EMP_4630,Sales,Supportive,3.61,4.01,2.75,3.74,2.97,3,2.1,32.0,Low
EMP_4631,Engineering,Supportive,3.6,4.13,1.95,4.01,2.04,3,8.8,58.2,Moderate
EMP_4632,Data Science,Democratic,3.21,4.29,4.3,3.0,2.3,4,4.8,50.5,Moderate
EMP_4633,HR,Supportive,3.79,3.6,2.32,3.63,2.59,4,1.4,49.3,Moderate
EMP_4634,Product,Democratic,4.36,4.42,5.0,2.66,3.64,1,0.5,35.2,Low
EMP_4635,Engineering,Supportive,3.11,3.15,2.81,4.53,3.36,5,2.7,52.8,Moderate
EMP_4636,Product,Supportive,2.53,3.8,4.91,2.29,4.24,4,6.4,39.1,Low
EMP_4637,Data Science,Autocratic/Micromanagement,4.09,4.3,2.11,3.29,1.51,4,6.9,35.3,Low
EMP_4638,Marketing,Supportive,3.83,4.4,4.02,2.94,1.64,3,6.3,57.2,Moderate
EMP_4639,HR,Democratic,2.82,4.08,3.6,3.9,3.58,2,0.8,35.8,Low
EMP_4640,HR,Supportive,3.09,3.56,3.87,4.65,3.86,5,1.9,40.8,Low
EMP_4641,Product,Democratic,3.0,4.34,3.97,3.89,2.73,1,3.3,37.9,Low
EMP_4642,Data Science,Democratic,3.09,3.4,2.8,5.0,1.0,4,3.9,43.6,Low
EMP_4643,Product,Supportive,3.37,4.85,2.15,2.67,2.11,3,1.4,54.0,Moderate
EMP_4644,Engineering,Supportive,3.41,3.75,3.16,2.72,2.97,5,4.1,55.1,Moderate
EMP_4645,Marketing,Supportive,3.14,2.88,3.38,2.96,1.98,3,3.1,47.5,Moderate
EMP_4646,Marketing,Democratic,3.07,3.08,2.82,3.57,2.85,3,2.9,39.3,Low
EMP_4647,Marketing,Autocratic/Micromanagement,3.44,3.83,3.42,2.88,4.22,4,3.8,23.4,Low
EMP_4648,Data Science,Democratic,3.72,3.88,3.46,3.05,3.84,1,3.2,27.4,Low
EMP_4649,Product,Democratic,3.38,4.98,2.47,3.87,3.35,1,0.6,37.7,Low
EMP_4650,Engineering,Supportive,4.41,3.18,3.52,2.76,2.65,2,7.3,47.7,Moderate
EMP_4651,Engineering,Supportive,3.96,3.82,2.99,2.82,2.3,2,1.0,44.1,Low
EMP_4652,Marketing,Supportive,2.49,3.16,2.64,3.26,3.31,1,4.8,45.1,Moderate
EMP_4653,Sales,Supportive,3.97,3.5,3.83,3.32,2.72,4,0.7,52.2,Moderate
EMP_4654,HR,Supportive,4.02,4.81,2.58,4.11,2.75,4,3.8,40.4,Low
EMP_4655,Data Science,Democratic,3.3,3.12,2.83,2.96,1.46,5,7.9,52.2,Moderate
EMP_4656,Engineering,Democratic,2.55,4.15,3.26,3.07,2.13,3,0.5,58.3,Moderate
EMP_4657,HR,Autocratic/Micromanagement,3.61,4.04,4.3,3.85,3.3,3,13.6,38.1,Low
EMP_4658,Sales,Supportive,3.59,3.79,3.35,3.98,1.82,5,0.5,51.8,Moderate
EMP_4659,Engineering,Democratic,2.81,4.11,3.62,4.36,2.91,5,0.5,60.6,Moderate
EMP_4660,Marketing,Autocratic/Micromanagement,2.58,3.1,2.96,3.78,3.03,4,6.8,41.2,Low
EMP_4661,Sales,Democratic,3.54,4.79,3.14,3.58,3.08,3,4.3,34.3,Low
EMP_4662,Marketing,Supportive,3.44,4.95,3.16,3.85,3.15,5,0.5,49.6,Moderate
EMP_4663,Sales,Supportive,3.31,3.83,3.43,3.34,3.2,2,9.7,41.9,Low
EMP_4664,HR,Supportive,3.54,5.0,2.96,3.34,2.2,1,3.9,48.7,Moderate
EMP_4665,HR,Supportive,2.83,3.56,4.27,2.44,1.53,4,0.5,60.4,Moderate
EMP_4666,Marketing,Democratic,3.3,4.04,2.9,4.04,2.0,4,6.9,42.9,Low
EMP_4667,Engineering,Supportive,3.97,4.66,1.83,3.63,3.28,2,2.3,63.5,Moderate
EMP_4668,HR,Supportive,3.36,3.52,5.0,3.97,1.74,4,1.1,58.0,Moderate
EMP_4669,Marketing,Democratic,2.43,2.97,2.94,1.81,1.87,4,6.1,44.3,Low
EMP_4670,Marketing,Autocratic/Micromanagement,3.27,2.83,4.25,3.47,1.86,5,4.7,37.6,Low
EMP_4671,Data Science,Democratic,2.85,5.0,4.32,2.99,1.22,3,3.4,67.8,Moderate
EMP_4672,Product,Democratic,3.79,3.48,3.96,4.4,1.78,1,8.0,44.6,Low
EMP_4673,Marketing,Supportive,3.82,3.69,3.04,3.87,3.5,3,6.9,47.2,Moderate
EMP_4674,Engineering,Supportive,2.44,3.13,3.43,3.64,2.13,5,0.9,50.7,Moderate
EMP_4675,Sales,Supportive,4.13,4.37,2.18,3.24,1.3,2,7.4,44.7,Low
EMP_4676,Product,Democratic,2.82,3.33,4.79,3.74,2.29,3,1.6,49.3,Moderate
EMP_4677,Engineering,Autocratic/Micromanagement,4.69,3.51,2.52,2.94,3.11,3,2.0,16.1,Low
EMP_4678,Product,Supportive,3.57,3.98,3.0,3.44,1.24,1,12.6,59.7,Moderate
EMP_4679,Marketing,Democratic,2.73,3.16,3.28,3.15,3.46,5,5.0,34.6,Low
EMP_4680,Marketing,Supportive,2.8,3.69,3.11,4.86,1.55,2,1.4,43.0,Low
EMP_4681,Data Science,Democratic,3.84,4.64,2.67,4.38,2.38,4,3.7,47.3,Moderate
EMP_4682,Engineering,Supportive,3.33,4.06,4.32,4.14,2.37,3,2.7,66.5,Moderate
EMP_4683,Product,Supportive,3.53,3.88,3.96,2.61,2.25,3,0.5,54.9,Moderate
EMP_4684,Data Science,Autocratic/Micromanagement,4.73,3.93,3.46,4.02,2.65,5,7.7,23.1,Low
EMP_4685,HR,Democratic,3.11,3.57,2.88,3.61,3.32,4,6.0,38.9,Low
EMP_4686,Data Science,Democratic,3.64,5.0,4.05,4.23,2.67,4,5.3,65.9,Moderate
EMP_4687,Engineering,Supportive,4.59,3.31,2.83,3.69,2.22,4,2.9,52.7,Moderate
EMP_4688,Engineering,Supportive,3.79,3.93,4.46,3.5,3.07,3,0.9,44.9,Low
EMP_4689,Sales,Supportive,2.48,3.87,3.29,3.64,2.87,4,7.5,46.5,Moderate
EMP_4690,Product,Autocratic/Micromanagement,3.95,4.41,4.18,2.42,2.16,3,1.5,48.5,Moderate
EMP_4691,Data Science,Autocratic/Micromanagement,2.79,4.46,3.11,3.04,2.73,5,0.5,46.4,Moderate
EMP_4692,Data Science,Democratic,4.58,3.78,3.26,3.72,2.1,4,14.0,46.7,Moderate
EMP_4693,Data Science,Supportive,3.02,3.97,4.18,4.18,2.01,2,6.9,51.0,Moderate
EMP_4694,Sales,Autocratic/Micromanagement,5.0,4.0,4.96,3.17,3.34,5,3.4,24.8,Low
EMP_4695,Sales,Democratic,4.63,2.44,4.45,3.48,3.06,4,0.5,41.0,Low
EMP_4696,Product,Democratic,3.04,2.85,3.9,2.54,3.32,3,0.9,42.5,Low
EMP_4697,Sales,Supportive,3.61,3.44,3.67,4.38,3.21,1,2.1,41.3,Low
EMP_4698,Sales,Democratic,4.13,3.46,2.79,4.17,1.99,5,3.5,26.4,Low
EMP_4699,Engineering,Democratic,4.15,3.08,3.44,3.89,3.5,5,4.3,29.4,Low
EMP_4700,Product,Autocratic/Micromanagement,3.91,4.25,2.47,3.74,2.46,4,5.4,48.8,Moderate
EMP_4701,Engineering,Autocratic/Micromanagement,4.48,3.8,3.5,4.43,3.44,3,2.8,17.0,Low
EMP_4702,Engineering,Supportive,3.51,3.67,3.55,3.02,2.6,3,3.7,41.6,Low
EMP_4703,Marketing,Democratic,3.34,3.05,1.63,2.95,2.95,3,5.8,34.6,Low
EMP_4704,Sales,Autocratic/Micromanagement,3.36,3.77,3.23,4.14,2.97,4,4.5,43.6,Low
EMP_4705,Sales,Supportive,4.2,2.22,3.53,4.1,3.35,2,10.8,40.0,Low
EMP_4706,Sales,Supportive,3.86,3.7,3.13,2.78,1.39,5,7.3,51.9,Moderate
EMP_4707,HR,Supportive,3.8,3.84,3.49,3.18,1.44,2,0.6,59.5,Moderate
EMP_4708,Engineering,Democratic,4.16,3.95,2.13,4.51,3.24,4,10.3,37.1,Low
EMP_4709,HR,Supportive,2.16,2.86,2.58,3.75,2.99,3,0.8,40.4,Low
EMP_4710,Marketing,Democratic,3.82,3.93,4.03,3.97,2.08,2,15.0,41.8,Low
EMP_4711,Sales,Supportive,3.75,3.18,3.2,2.8,2.99,4,4.2,45.8,Moderate
EMP_4712,Sales,Autocratic/Micromanagement,4.77,3.31,3.47,3.89,1.57,4,3.5,25.2,Low
EMP_4713,Data Science,Supportive,2.53,4.23,2.76,2.65,5.0,4,1.4,57.2,Moderate
EMP_4714,HR,Supportive,4.69,5.0,3.22,2.31,3.75,2,0.5,44.3,Low
EMP_4715,Sales,Democratic,3.65,3.83,1.36,3.94,3.2,3,0.5,20.1,Low
EMP_4716,Data Science,Democratic,3.94,3.31,3.88,4.36,2.76,5,7.0,36.9,Low
EMP_4717,Sales,Supportive,4.77,3.91,4.65,3.35,2.21,4,2.0,67.4,Moderate
EMP_4718,Product,Supportive,3.99,4.36,2.35,3.17,1.65,4,2.9,49.0,Moderate
EMP_4719,Sales,Supportive,3.88,4.17,2.45,4.53,2.61,3,9.4,22.4,Low
EMP_4720,Product,Democratic,3.77,5.0,3.55,3.38,2.01,4,1.0,39.8,Low
EMP_4721,Data Science,Autocratic/Micromanagement,3.26,3.37,4.38,3.46,2.06,3,5.1,42.6,Low
EMP_4722,Engineering,Democratic,3.58,3.95,3.2,4.52,1.57,3,2.2,40.9,Low
EMP_4723,Engineering,Democratic,3.1,4.73,2.22,3.29,2.9,3,0.8,49.3,Moderate
EMP_4724,Sales,Democratic,3.57,4.69,3.03,3.11,2.4,2,6.7,37.4,Low
EMP_4725,Engineering,Supportive,1.96,2.63,2.38,3.99,3.13,3,4.0,45.8,Moderate
EMP_4726,Engineering,Autocratic/Micromanagement,3.9,3.8,2.66,3.07,3.07,1,0.5,29.7,Low
EMP_4727,Product,Autocratic/Micromanagement,3.51,4.69,2.96,3.41,2.88,3,2.7,40.3,Low
EMP_4728,HR,Supportive,3.36,5.0,2.46,2.71,4.83,4,6.7,25.0,Low
EMP_4729,Marketing,Supportive,3.75,4.22,2.58,3.61,3.36,5,0.5,47.6,Moderate
EMP_4730,Engineering,Supportive,2.6,3.58,3.26,3.54,1.69,1,1.9,54.0,Moderate
EMP_4731,Engineering,Supportive,4.95,3.19,3.37,4.08,3.07,3,5.7,48.7,Moderate
EMP_4732,Engineering,Democratic,3.53,5.0,2.06,4.01,2.66,3,6.8,43.4,Low
EMP_4733,Marketing,Democratic,3.5,4.24,3.52,3.83,1.63,2,5.2,44.1,Low
EMP_4734,Product,Autocratic/Micromanagement,2.92,3.29,2.89,3.74,1.56,2,1.3,40.3,Low
EMP_4735,Sales,Democratic,3.62,3.68,3.78,3.46,3.06,3,2.5,44.2,Low
EMP_4736,Engineering,Democratic,4.57,3.99,3.82,3.87,3.26,4,4.7,37.1,Low
EMP_4737,Sales,Democratic,4.33,4.13,2.76,2.83,1.86,5,0.6,20.7,Low
EMP_4738,Data Science,Supportive,4.2,3.26,3.69,2.09,3.48,5,3.2,35.9,Low
EMP_4739,Data Science,Supportive,3.98,3.43,2.53,4.2,2.93,4,4.5,43.7,Low
EMP_4740,Marketing,Democratic,3.35,2.81,4.26,3.9,3.66,2,6.6,37.6,Low
EMP_4741,Marketing,Supportive,2.58,4.42,2.56,3.42,3.57,4,0.5,49.7,Moderate
EMP_4742,Engineering,Supportive,3.46,3.6,3.48,4.14,2.57,3,1.4,49.3,Moderate
EMP_4743,Engineering,Autocratic/Micromanagement,3.43,4.08,3.05,3.06,4.01,3,2.7,47.4,Moderate
EMP_4744,Product,Democratic,4.33,4.65,2.39,3.08,1.8,5,4.2,40.2,Low
EMP_4745,Engineering,Supportive,3.82,3.93,3.92,2.99,4.61,4,4.6,39.1,Low
EMP_4746,Engineering,Democratic,4.73,3.73,2.71,3.84,2.0,4,1.0,47.1,Moderate
EMP_4747,Engineering,Autocratic/Micromanagement,4.44,3.92,1.84,2.55,2.66,1,0.5,18.3,Low
EMP_4748,Engineering,Supportive,3.28,3.84,1.0,3.04,2.25,5,4.1,53.2,Moderate
EMP_4749,Data Science,Supportive,2.34,4.55,2.5,3.67,2.4,4,8.4,61.6,Moderate
EMP_4750,HR,Autocratic/Micromanagement,4.57,3.99,4.3,2.78,5.0,3,5.6,14.6,Low
EMP_4751,Data Science,Supportive,4.55,3.47,4.21,3.1,2.33,3,3.4,52.4,Moderate
EMP_4752,Sales,Supportive,2.64,4.43,2.63,2.17,3.38,1,13.3,34.7,Low
EMP_4753,Marketing,Democratic,4.66,4.54,2.9,3.86,2.51,1,2.0,48.1,Moderate
EMP_4754,Sales,Autocratic/Micromanagement,3.87,3.0,2.83,3.09,3.45,4,2.6,6.6,Low
EMP_4755,Product,Supportive,3.71,4.72,2.13,2.84,2.26,2,0.5,53.6,Moderate
EMP_4756,Product,Supportive,4.73,4.02,2.44,2.72,2.9,5,10.2,49.3,Moderate
EMP_4757,Engineering,Supportive,4.54,3.97,3.98,3.25,3.2,5,3.1,47.8,Moderate
EMP_4758,HR,Autocratic/Micromanagement,4.06,4.4,3.6,2.55,2.12,3,1.7,23.7,Low
EMP_4759,Sales,Supportive,3.93,3.46,3.42,4.67,4.91,3,0.5,39.1,Low
EMP_4760,Product,Democratic,4.03,4.37,2.13,2.07,3.24,3,1.6,37.1,Low
EMP_4761,Sales,Autocratic/Micromanagement,3.32,3.57,3.28,3.23,2.52,1,0.5,43.2,Low
EMP_4762,Product,Supportive,3.56,2.92,1.36,3.56,2.14,1,1.4,54.5,Moderate
EMP_4763,HR,Autocratic/Micromanagement,2.97,3.2,3.87,3.03,2.77,3,10.6,37.4,Low
EMP_4764,Engineering,Autocratic/Micromanagement,3.37,4.14,3.41,3.63,1.73,5,0.6,56.3,Moderate
EMP_4765,Sales,Autocratic/Micromanagement,3.34,3.23,2.12,3.02,4.13,5,2.8,16.5,Low
EMP_4766,Product,Supportive,3.16,4.77,4.49,4.42,3.05,5,0.7,44.2,Low
EMP_4767,Product,Democratic,3.7,4.51,1.76,2.83,2.63,4,5.4,47.1,Moderate
EMP_4768,Engineering,Autocratic/Micromanagement,3.37,4.6,3.62,2.09,3.54,5,2.9,42.7,Low
EMP_4769,Marketing,Autocratic/Micromanagement,3.95,3.87,3.64,2.72,2.12,3,0.8,44.2,Low
EMP_4770,Data Science,Supportive,2.46,3.95,2.21,3.73,1.78,2,7.0,55.7,Moderate
EMP_4771,Engineering,Autocratic/Micromanagement,3.52,3.08,3.17,3.43,2.6,4,5.4,35.6,Low
EMP_4772,Sales,Supportive,3.69,4.4,1.89,3.95,2.8,5,10.6,33.9,Low
EMP_4773,Engineering,Supportive,3.38,4.03,1.0,3.8,3.12,1,0.5,67.3,Moderate
EMP_4774,HR,Democratic,3.48,4.14,2.35,3.12,1.52,3,2.1,41.5,Low
EMP_4775,Data Science,Autocratic/Micromanagement,2.49,4.81,2.71,3.21,2.33,3,15.0,61.1,Moderate
EMP_4776,HR,Democratic,3.85,3.44,3.72,3.27,1.0,1,5.8,51.1,Moderate
EMP_4777,Engineering,Democratic,4.05,3.72,3.25,4.63,1.75,2,6.2,38.6,Low
EMP_4778,Data Science,Autocratic/Micromanagement,3.95,4.0,3.27,3.91,3.27,3,3.4,44.7,Low
EMP_4779,Engineering,Supportive,4.33,3.24,2.39,4.64,3.47,5,4.4,45.2,Moderate
EMP_4780,Engineering,Democratic,3.74,3.69,2.78,4.0,1.79,5,5.7,35.7,Low
EMP_4781,Engineering,Supportive,3.94,4.1,2.46,3.46,2.44,5,0.5,49.5,Moderate
EMP_4782,Engineering,Supportive,3.71,3.6,2.22,2.89,2.72,2,4.1,45.3,Moderate
EMP_4783,Sales,Democratic,4.08,4.59,2.73,3.62,3.56,1,5.9,29.9,Low
EMP_4784,Data Science,Autocratic/Micromanagement,2.5,2.89,3.26,3.46,3.92,2,0.5,30.1,Low
EMP_4785,Sales,Democratic,2.97,4.47,2.74,3.44,2.82,5,1.2,24.2,Low
EMP_4786,Data Science,Autocratic/Micromanagement,4.71,4.2,2.94,3.37,2.49,2,1.4,39.3,Low
EMP_4787,Product,Supportive,1.88,3.46,3.76,2.27,1.55,4,6.7,52.8,Moderate
EMP_4788,Product,Supportive,3.5,3.25,2.8,4.26,2.79,2,5.3,45.8,Moderate
EMP_4789,Sales,Democratic,4.42,2.55,2.13,3.47,4.36,1,3.7,21.5,Low
EMP_4790,Data Science,Supportive,3.53,3.32,3.65,2.65,3.73,1,5.7,43.4,Low
EMP_4791,Engineering,Supportive,3.32,4.43,3.41,3.79,2.84,4,2.1,61.8,Moderate
EMP_4792,Product,Democratic,3.69,3.77,3.46,2.99,2.94,2,7.3,40.8,Low
EMP_4793,Engineering,Supportive,3.35,4.5,3.7,3.84,2.15,2,0.9,60.2,Moderate
EMP_4794,Data Science,Supportive,3.62,3.43,3.57,4.03,2.41,3,4.3,42.8,Low
EMP_4795,Data Science,Democratic,3.12,4.22,3.22,4.11,2.82,4,1.0,44.2,Low
EMP_4796,Data Science,Democratic,4.38,3.37,5.0,3.4,2.82,3,0.5,40.2,Low
EMP_4797,Engineering,Autocratic/Micromanagement,4.6,3.22,2.17,3.25,3.51,5,1.2,15.4,Low
EMP_4798,HR,Democratic,3.51,3.74,2.73,3.12,3.47,3,2.4,38.5,Low
EMP_4799,Engineering,Democratic,2.63,3.4,3.97,3.07,3.12,2,6.5,36.2,Low
EMP_4800,Marketing,Autocratic/Micromanagement,3.23,2.87,3.31,3.49,1.9,3,2.5,34.6,Low
EMP_4801,Engineering,Autocratic/Micromanagement,3.47,3.69,3.81,3.37,1.93,3,0.7,39.5,Low
EMP_4802,Engineering,Supportive,3.95,3.86,3.34,3.0,1.99,4,15.0,55.5,Moderate
EMP_4803,Product,Supportive,2.89,4.56,4.3,2.81,2.89,5,1.1,45.7,Moderate
EMP_4804,Engineering,Democratic,3.06,4.36,2.39,3.43,1.08,5,14.8,66.1,Moderate
EMP_4805,HR,Democratic,3.96,4.53,4.27,3.24,2.69,3,9.6,35.6,Low
EMP_4806,Sales,Autocratic/Micromanagement,4.26,4.23,4.14,2.82,3.83,2,2.7,30.4,Low
EMP_4807,Engineering,Democratic,3.16,4.0,2.23,4.0,3.23,5,0.5,41.6,Low
EMP_4808,Product,Democratic,2.67,3.06,3.7,4.56,2.42,3,4.2,38.0,Low
EMP_4809,Engineering,Autocratic/Micromanagement,5.0,3.89,3.17,4.08,2.14,4,6.5,20.4,Low
EMP_4810,Product,Democratic,4.15,4.16,2.71,3.07,3.34,5,2.1,28.0,Low
EMP_4811,Engineering,Supportive,3.41,4.67,1.69,3.47,2.94,4,1.0,67.3,Moderate
EMP_4812,Product,Autocratic/Micromanagement,4.21,4.21,2.39,4.42,2.5,3,5.7,17.5,Low
EMP_4813,Engineering,Supportive,3.51,4.54,3.77,2.8,2.23,4,2.8,61.2,Moderate
EMP_4814,Sales,Autocratic/Micromanagement,4.21,3.18,3.85,3.97,2.76,2,0.8,26.1,Low
EMP_4815,HR,Autocratic/Micromanagement,3.71,3.6,3.03,2.63,2.46,3,10.5,39.7,Low
EMP_4816,Product,Democratic,3.66,4.06,3.85,4.51,3.33,3,10.4,38.9,Low
EMP_4817,Product,Democratic,3.52,4.5,3.96,3.24,3.69,2,1.6,24.9,Low
EMP_4818,HR,Democratic,2.59,3.71,3.32,4.84,1.61,4,0.5,38.8,Low
EMP_4819,Product,Supportive,4.96,3.75,2.62,4.54,1.72,4,3.5,62.7,Moderate
EMP_4820,Engineering,Supportive,2.94,4.21,3.55,3.44,3.78,4,1.3,62.3,Moderate
EMP_4821,Data Science,Democratic,2.65,3.12,3.59,3.07,2.83,5,0.5,31.9,Low
EMP_4822,Data Science,Autocratic/Micromanagement,3.45,4.76,3.74,3.62,1.79,2,7.8,58.1,Moderate
EMP_4823,Data Science,Democratic,2.93,3.27,3.89,3.39,3.49,4,15.0,29.3,Low
EMP_4824,Data Science,Supportive,3.56,2.65,2.11,3.26,2.97,3,1.5,53.6,Moderate
EMP_4825,Sales,Democratic,4.08,3.81,2.79,2.51,4.46,4,4.8,3.6,Low
EMP_4826,Engineering,Autocratic/Micromanagement,4.3,4.82,1.68,3.19,2.51,5,0.5,37.1,Low
EMP_4827,Marketing,Democratic,4.17,4.15,3.8,2.83,3.59,3,1.6,35.1,Low
EMP_4828,Engineering,Democratic,3.39,4.25,3.03,3.83,1.54,4,0.5,52.5,Moderate
EMP_4829,Data Science,Autocratic/Micromanagement,3.63,3.82,3.54,4.09,3.82,3,0.5,31.4,Low
EMP_4830,Sales,Democratic,3.89,3.71,2.02,3.94,3.46,4,3.1,21.3,Low
EMP_4831,HR,Democratic,2.37,2.87,4.32,3.71,3.98,4,5.7,23.2,Low
EMP_4832,Marketing,Autocratic/Micromanagement,4.0,2.44,2.24,2.99,3.59,4,2.1,27.4,Low
EMP_4833,Marketing,Supportive,2.58,3.92,3.82,3.62,2.62,3,2.6,47.4,Moderate
EMP_4834,Engineering,Autocratic/Micromanagement,5.0,4.59,3.29,3.98,1.76,4,1.1,34.9,Low
EMP_4835,Sales,Supportive,3.32,4.01,3.05,3.15,2.22,4,4.7,47.7,Moderate
EMP_4836,Engineering,Supportive,3.47,4.17,2.98,3.57,1.29,3,1.6,69.1,Moderate
EMP_4837,Data Science,Autocratic/Micromanagement,3.06,4.75,2.69,3.41,1.96,3,0.5,51.6,Moderate
EMP_4838,Sales,Supportive,3.16,4.0,4.24,4.5,3.04,3,0.6,58.2,Moderate
EMP_4839,Engineering,Democratic,5.0,3.73,3.21,4.01,2.66,1,0.5,39.5,Low
EMP_4840,Data Science,Autocratic/Micromanagement,4.26,3.31,2.18,3.87,2.52,2,2.0,24.6,Low
EMP_4841,Product,Autocratic/Micromanagement,2.52,5.0,2.89,2.47,2.07,1,0.5,34.5,Low
EMP_4842,Product,Autocratic/Micromanagement,4.65,4.12,3.3,3.6,1.28,5,5.7,23.1,Low
EMP_4843,Data Science,Supportive,4.44,3.23,3.92,3.41,2.85,5,8.4,50.1,Moderate
EMP_4844,Engineering,Democratic,3.4,3.1,2.72,3.4,3.0,5,1.0,29.1,Low
EMP_4845,Engineering,Supportive,3.81,4.55,2.77,2.56,1.91,5,2.3,66.9,Moderate
EMP_4846,Data Science,Democratic,3.59,3.18,3.22,2.85,2.27,2,2.6,39.9,Low
EMP_4847,Product,Autocratic/Micromanagement,4.98,4.91,3.9,3.46,3.93,3,14.7,1.4,Low
EMP_4848,Engineering,Supportive,3.04,2.15,2.1,4.17,3.63,5,0.5,26.2,Low
EMP_4849,HR,Democratic,3.7,4.65,3.6,3.15,1.51,4,3.9,44.9,Low
EMP_4850,Engineering,Democratic,3.3,4.09,2.83,3.26,2.63,1,1.5,52.1,Moderate
EMP_4851,Product,Democratic,2.6,3.87,2.94,4.57,3.86,3,2.4,30.3,Low
EMP_4852,Data Science,Autocratic/Micromanagement,5.0,3.69,4.8,3.32,2.53,1,0.9,21.4,Low
EMP_4853,HR,Supportive,2.77,4.93,3.04,3.42,2.48,3,0.6,53.8,Moderate
EMP_4854,Data Science,Democratic,3.75,4.22,3.8,3.43,3.57,3,1.0,51.6,Moderate
EMP_4855,Marketing,Autocratic/Micromanagement,2.38,3.26,3.78,2.69,3.49,5,0.5,30.5,Low
EMP_4856,Engineering,Democratic,3.32,2.77,2.26,3.84,3.45,4,1.1,27.2,Low
EMP_4857,Engineering,Supportive,3.9,3.91,1.72,3.11,2.49,3,4.1,51.4,Moderate
EMP_4858,Product,Democratic,3.02,3.8,3.86,3.48,3.23,3,3.7,29.6,Low
EMP_4859,Product,Supportive,4.01,2.89,2.33,3.77,3.9,5,2.8,39.8,Low
EMP_4860,Product,Supportive,3.41,3.77,1.87,4.67,2.66,3,0.5,49.0,Moderate
EMP_4861,Marketing,Autocratic/Micromanagement,4.41,3.46,4.02,2.71,2.38,4,0.5,27.0,Low
EMP_4862,HR,Democratic,4.55,3.81,2.38,4.02,3.68,3,6.5,39.9,Low
EMP_4863,Engineering,Autocratic/Micromanagement,3.19,4.24,2.58,4.02,4.34,3,1.1,45.8,Moderate
EMP_4864,Data Science,Autocratic/Micromanagement,3.65,4.7,4.78,3.12,4.39,1,8.5,42.7,Low
EMP_4865,Data Science,Democratic,3.73,4.35,1.87,3.86,2.4,5,7.3,48.2,Moderate
EMP_4866,Marketing,Supportive,4.03,3.37,2.19,4.49,2.48,1,0.6,58.6,Moderate
EMP_4867,Data Science,Democratic,3.61,4.02,2.83,3.04,1.88,2,8.0,55.1,Moderate
EMP_4868,Engineering,Supportive,3.73,3.84,3.01,3.64,2.79,3,3.5,50.8,Moderate
EMP_4869,Sales,Autocratic/Micromanagement,3.43,3.0,2.49,3.74,1.84,4,3.5,27.7,Low
EMP_4870,HR,Supportive,3.68,4.04,2.27,3.82,2.28,4,6.7,47.3,Moderate
EMP_4871,Data Science,Supportive,4.51,4.91,4.41,3.96,3.26,1,1.8,57.6,Moderate
EMP_4872,Engineering,Democratic,4.05,3.82,3.41,3.6,3.01,1,4.7,29.5,Low
EMP_4873,Engineering,Supportive,4.09,2.84,3.67,3.81,1.25,4,3.9,60.0,Moderate
EMP_4874,Engineering,Supportive,4.11,3.82,3.09,2.95,3.96,4,5.2,41.6,Low
EMP_4875,Data Science,Democratic,3.49,3.07,3.43,3.6,1.83,5,3.8,48.9,Moderate
EMP_4876,Marketing,Supportive,3.82,4.32,3.95,3.21,1.93,4,0.5,49.1,Moderate
EMP_4877,Marketing,Supportive,2.84,4.11,2.4,2.76,1.71,4,1.2,50.8,Moderate
EMP_4878,Marketing,Supportive,4.49,3.7,3.41,3.19,2.17,3,9.8,44.6,Low
EMP_4879,Data Science,Democratic,1.65,3.6,3.76,3.66,1.98,4,0.9,39.5,Low
EMP_4880,HR,Democratic,3.54,3.67,4.44,3.76,2.0,5,2.2,34.8,Low
EMP_4881,Engineering,Democratic,4.4,3.8,4.76,2.74,1.0,2,1.5,47.5,Moderate
EMP_4882,Sales,Democratic,2.65,3.34,3.26,2.94,2.8,3,0.5,37.9,Low
EMP_4883,HR,Supportive,3.88,2.97,4.11,3.93,2.89,4,0.7,54.4,Moderate
EMP_4884,Engineering,Autocratic/Micromanagement,3.12,4.48,1.06,3.8,4.5,3,1.2,37.5,Low
EMP_4885,Engineering,Supportive,3.34,3.57,4.44,4.03,3.09,4,2.2,52.2,Moderate
EMP_4886,Product,Democratic,4.26,3.9,2.62,4.32,2.3,3,7.3,34.8,Low
EMP_4887,Data Science,Autocratic/Micromanagement,3.74,3.97,3.01,3.82,1.74,1,2.5,43.9,Low
EMP_4888,Marketing,Autocratic/Micromanagement,2.18,3.99,3.55,3.25,2.62,1,3.7,32.5,Low
EMP_4889,Engineering,Supportive,2.92,3.1,3.08,3.57,3.06,5,1.9,47.2,Moderate
EMP_4890,Marketing,Supportive,4.28,2.79,3.36,4.5,2.3,5,7.1,37.1,Low
EMP_4891,Data Science,Democratic,3.91,3.45,4.47,5.0,2.75,2,3.8,34.3,Low
EMP_4892,Engineering,Supportive,4.82,4.04,2.89,3.78,4.22,2,0.5,56.5,Moderate
EMP_4893,Marketing,Autocratic/Micromanagement,4.78,3.36,2.33,3.82,2.39,1,2.3,30.0,Low
EMP_4894,Engineering,Democratic,3.36,3.59,4.65,3.94,1.19,2,6.1,34.0,Low
EMP_4895,Data Science,Democratic,5.0,5.0,3.62,3.51,3.4,3,4.6,49.7,Moderate
EMP_4896,Engineering,Supportive,3.62,2.69,4.74,4.2,2.95,2,8.3,44.1,Low
EMP_4897,Engineering,Democratic,2.93,3.35,3.89,4.1,1.33,4,0.9,34.4,Low
EMP_4898,Data Science,Democratic,3.16,4.94,2.14,3.71,3.04,4,13.2,45.7,Moderate
EMP_4899,Engineering,Autocratic/Micromanagement,2.02,3.77,3.72,3.31,1.9,1,1.2,39.1,Low
EMP_4900,Product,Supportive,4.72,3.38,2.41,2.59,3.05,4,0.5,48.6,Moderate
EMP_4901,Engineering,Supportive,4.72,4.5,3.21,3.94,4.23,3,2.4,56.4,Moderate
EMP_4902,Sales,Supportive,2.89,3.83,3.14,3.63,2.56,2,0.5,41.9,Low
EMP_4903,Engineering,Supportive,3.44,3.59,1.91,3.06,3.57,4,4.0,34.8,Low
EMP_4904,Data Science,Democratic,3.67,3.92,2.55,2.82,1.72,1,8.1,44.3,Low
EMP_4905,Product,Autocratic/Micromanagement,2.93,3.41,4.96,3.9,1.48,2,8.9,42.4,Low
EMP_4906,Engineering,Supportive,2.37,3.19,3.39,2.54,4.31,2,3.3,48.7,Moderate
EMP_4907,Product,Autocratic/Micromanagement,3.45,3.73,3.06,3.68,2.95,5,2.7,35.0,Low
EMP_4908,Engineering,Supportive,3.38,3.19,4.65,4.01,3.21,4,15.0,51.3,Moderate
EMP_4909,Marketing,Supportive,3.33,3.81,2.88,3.83,3.62,3,3.0,46.4,Moderate
EMP_4910,Sales,Supportive,3.76,4.01,3.13,3.27,2.28,5,9.2,53.8,Moderate
EMP_4911,Product,Supportive,4.6,4.31,3.99,2.75,3.36,2,8.7,47.0,Moderate
EMP_4912,Sales,Autocratic/Micromanagement,3.39,4.48,2.88,3.85,3.24,5,1.2,22.7,Low
EMP_4913,Sales,Supportive,3.72,3.56,2.6,4.22,1.66,4,0.5,26.1,Low
EMP_4914,Engineering,Democratic,4.11,4.1,1.4,3.16,3.91,4,2.0,46.2,Moderate
EMP_4915,Engineering,Democratic,3.99,4.1,2.45,3.8,3.75,4,6.9,44.8,Low
EMP_4916,Product,Autocratic/Micromanagement,3.17,4.0,2.44,4.45,1.67,4,6.3,48.8,Moderate
EMP_4917,Data Science,Supportive,3.67,3.51,3.33,3.7,2.86,5,3.2,42.1,Low
EMP_4918,Data Science,Supportive,3.98,3.18,2.71,3.26,2.52,5,0.6,47.3,Moderate
EMP_4919,HR,Supportive,2.81,4.1,4.93,4.12,3.83,2,0.5,46.8,Moderate
EMP_4920,Data Science,Democratic,4.48,2.78,2.35,3.06,1.57,2,10.8,44.4,Low
EMP_4921,Product,Supportive,4.6,3.64,4.32,2.72,5.0,1,1.9,38.3,Low
EMP_4922,Marketing,Autocratic/Micromanagement,3.09,2.27,3.38,3.99,2.56,2,3.7,44.0,Low
EMP_4923,Sales,Democratic,3.74,3.0,3.85,3.26,3.29,3,8.3,36.5,Low
EMP_4924,Product,Democratic,4.05,3.27,3.8,3.31,3.81,1,7.1,30.1,Low
EMP_4925,Engineering,Democratic,3.22,4.46,1.43,3.12,2.54,3,2.9,47.1,Moderate
EMP_4926,Data Science,Supportive,3.94,4.21,3.19,3.22,2.61,4,2.3,65.7,Moderate
EMP_4927,Sales,Democratic,3.71,3.47,2.99,4.34,2.3,5,4.7,20.8,Low
EMP_4928,Engineering,Autocratic/Micromanagement,2.57,4.24,2.29,4.5,1.99,1,1.5,54.8,Moderate
EMP_4929,Marketing,Autocratic/Micromanagement,3.92,4.33,3.57,4.58,2.92,1,3.4,42.3,Low
EMP_4930,Product,Autocratic/Micromanagement,2.83,3.7,4.57,4.15,2.59,2,0.5,37.2,Low
EMP_4931,Sales,Autocratic/Micromanagement,4.26,2.97,1.06,3.78,2.29,5,6.1,4.5,Low
EMP_4932,Data Science,Supportive,3.13,3.68,2.77,2.64,2.34,3,15.0,48.1,Moderate
EMP_4933,Product,Supportive,3.49,3.74,2.2,3.39,3.16,5,10.8,44.5,Low
EMP_4934,Sales,Supportive,4.56,3.06,3.26,4.79,2.06,5,1.6,45.8,Moderate
EMP_4935,Sales,Supportive,3.95,4.02,2.94,3.24,2.5,5,2.7,42.1,Low
EMP_4936,Data Science,Supportive,2.84,3.97,2.72,4.41,3.42,2,0.9,41.9,Low
EMP_4937,Product,Democratic,2.89,4.07,3.75,3.53,2.9,3,1.3,40.9,Low
EMP_4938,Sales,Democratic,3.18,3.97,4.51,1.89,1.86,5,2.1,48.5,Moderate
EMP_4939,HR,Autocratic/Micromanagement,3.88,4.24,5.0,3.88,2.68,2,4.8,40.7,Low
EMP_4940,HR,Democratic,3.85,3.69,2.61,4.26,3.05,4,0.5,37.1,Low
EMP_4941,Data Science,Autocratic/Micromanagement,3.01,3.92,1.74,3.47,3.49,3,1.8,34.4,Low
EMP_4942,Sales,Supportive,2.78,3.56,3.65,4.24,2.1,3,2.8,51.4,Moderate
EMP_4943,HR,Supportive,3.8,3.45,4.49,2.5,2.25,5,0.8,52.0,Moderate
EMP_4944,Data Science,Democratic,3.47,4.6,3.85,2.67,2.14,4,0.5,54.2,Moderate
EMP_4945,HR,Supportive,5.0,2.57,4.49,3.62,2.18,4,2.7,49.3,Moderate
EMP_4946,Product,Supportive,3.63,4.33,3.02,3.79,3.02,4,3.6,49.3,Moderate
EMP_4947,Marketing,Supportive,4.87,3.43,2.71,4.31,3.18,3,3.6,40.0,Low
EMP_4948,Marketing,Supportive,2.78,3.35,3.29,3.88,3.54,4,1.5,37.6,Low
EMP_4949,HR,Democratic,2.5,3.96,2.94,2.78,2.63,5,0.9,39.1,Low
EMP_4950,HR,Democratic,2.82,2.91,3.73,3.63,1.58,5,0.9,32.8,Low
EMP_4951,Data Science,Democratic,4.43,3.31,3.98,3.86,3.24,4,0.5,27.0,Low
EMP_4952,Engineering,Democratic,4.83,3.29,4.04,2.38,2.83,3,0.7,46.3,Moderate
EMP_4953,Sales,Supportive,3.05,3.67,3.61,3.47,2.75,2,6.0,55.4,Moderate
EMP_4954,Marketing,Supportive,3.28,3.32,3.4,3.3,1.67,1,0.5,49.6,Moderate
EMP_4955,Sales,Supportive,2.78,4.76,3.84,3.11,2.54,2,0.5,53.6,Moderate
EMP_4956,Marketing,Supportive,2.33,4.88,1.63,3.8,1.75,3,0.5,57.3,Moderate
EMP_4957,Data Science,Democratic,4.1,2.59,3.37,2.81,3.09,2,1.9,38.5,Low
EMP_4958,Marketing,Autocratic/Micromanagement,3.76,4.13,3.24,3.75,2.36,2,1.4,39.0,Low
EMP_4959,Engineering,Democratic,3.61,4.32,3.37,3.84,2.28,1,0.7,57.9,Moderate
EMP_4960,Marketing,Supportive,2.62,4.13,3.13,4.15,1.47,3,0.5,57.4,Moderate
EMP_4961,Sales,Democratic,4.75,3.41,3.55,2.83,3.52,2,9.8,37.4,Low
EMP_4962,Engineering,Democratic,3.25,3.65,2.74,2.6,2.49,4,8.5,31.0,Low
EMP_4963,Data Science,Democratic,3.97,3.35,4.1,3.67,2.77,3,5.2,47.7,Moderate
EMP_4964,Marketing,Democratic,2.58,3.55,3.58,3.33,2.11,4,1.0,52.5,Moderate
EMP_4965,Sales,Democratic,3.47,3.07,3.32,5.0,1.38,5,1.4,34.2,Low
EMP_4966,Engineering,Democratic,3.8,3.73,2.64,3.78,2.27,1,3.8,42.3,Low
EMP_4967,Product,Democratic,3.83,2.9,3.85,3.53,2.4,5,1.2,49.4,Moderate
EMP_4968,Marketing,Supportive,3.71,3.68,3.37,3.4,2.93,4,2.6,51.8,Moderate
EMP_4969,Product,Democratic,3.95,3.05,2.6,2.77,2.42,1,3.7,44.2,Low
EMP_4970,Sales,Supportive,2.81,3.92,3.15,3.84,2.13,3,2.6,43.2,Low
EMP_4971,Sales,Supportive,3.74,3.39,3.7,3.45,1.5,5,1.9,57.2,Moderate
EMP_4972,Product,Autocratic/Micromanagement,3.68,3.97,3.64,3.45,2.74,4,1.5,38.9,Low
EMP_4973,Sales,Autocratic/Micromanagement,3.76,4.45,3.59,3.56,2.06,3,5.3,44.6,Low
EMP_4974,Marketing,Supportive,3.65,4.75,3.27,3.63,3.76,5,4.7,37.9,Low
EMP_4975,Data Science,Democratic,2.71,2.28,4.02,2.46,2.82,4,4.2,17.0,Low
EMP_4976,Sales,Supportive,2.68,3.3,4.19,4.0,3.15,4,1.6,57.1,Moderate
EMP_4977,Engineering,Democratic,2.05,3.62,3.79,2.99,2.5,5,5.2,36.9,Low
EMP_4978,Engineering,Autocratic/Micromanagement,4.17,4.08,2.73,3.42,2.86,4,11.1,33.3,Low
EMP_4979,Engineering,Autocratic/Micromanagement,4.18,2.81,2.35,4.27,1.99,3,4.1,20.6,Low
EMP_4980,Engineering,Democratic,4.19,3.21,2.76,4.57,1.76,4,1.8,41.1,Low
EMP_4981,Product,Supportive,3.81,3.88,4.76,2.48,2.71,5,5.6,44.5,Low
EMP_4982,Engineering,Democratic,2.11,3.85,3.43,3.52,3.16,2,3.3,35.5,Low
EMP_4983,Marketing,Supportive,2.88,4.03,4.9,3.66,1.14,2,7.4,47.8,Moderate
EMP_4984,HR,Autocratic/Micromanagement,3.72,4.07,3.1,2.6,2.3,2,4.4,42.2,Low
EMP_4985,Sales,Autocratic/Micromanagement,3.69,4.0,2.99,3.98,4.17,2,5.1,17.5,Low
EMP_4986,Engineering,Democratic,3.44,3.92,3.14,3.57,3.08,2,3.9,29.8,Low
EMP_4987,Marketing,Supportive,3.86,3.83,3.13,3.62,3.93,5,0.5,48.9,Moderate
EMP_4988,Marketing,Supportive,3.61,4.2,2.58,2.95,2.19,5,2.3,46.0,Moderate
EMP_4989,Marketing,Supportive,3.68,2.46,2.28,3.75,2.33,2,0.5,55.5,Moderate
EMP_4990,HR,Autocratic/Micromanagement,3.15,4.73,3.6,4.0,3.47,4,2.1,36.0,Low
EMP_4991,Product,Democratic,4.29,2.48,4.04,3.58,3.2,4,4.4,40.6,Low
EMP_4992,Sales,Supportive,3.3,3.15,5.0,3.19,2.62,3,1.9,61.1,Moderate
EMP_4993,Data Science,Democratic,2.67,3.66,2.85,3.24,1.69,2,0.5,45.2,Moderate
EMP_4994,Marketing,Autocratic/Micromanagement,3.06,4.2,2.92,3.63,3.63,3,1.6,38.6,Low
EMP_4995,Engineering,Supportive,3.36,2.0,2.58,3.53,4.71,4,0.5,33.3,Low
EMP_4996,Product,Autocratic/Micromanagement,4.3,3.78,4.1,4.04,1.44,3,5.3,30.9,Low
EMP_4997,Engineering,Autocratic/Micromanagement,3.57,4.28,3.85,3.21,3.82,3,5.4,50.1,Moderate
EMP_4998,Data Science,Autocratic/Micromanagement,3.47,4.4,2.5,2.77,2.33,1,5.7,47.8,Moderate
EMP_4999,HR,Supportive,2.73,3.38,2.48,3.72,2.43,5,0.5,37.0,Low
EMP_5000,Sales,Supportive,4.15,3.62,3.96,3.21,2.92,4,0.5,46.2,Moderate
