employee_id,department,manager_leadership_style,pers_openness,pers_conscientiousness,pers_extraversion,pers_agreeableness,pers_neuroticism,work_flexibility_preference,years_at_company,p_o_fit_score,fit_eligibility_class
EMP_00001,Engineering,Democratic,3.68,4.54,4.23,3.73,1.86,3,2.4,59.8,Moderate
EMP_00002,Data Science,Supportive,4.15,4.31,2.51,2.81,2.55,2,9.8,61.8,Moderate
EMP_00003,Product Management,Supportive,3.44,4.03,1.87,2.79,1.5,5,4.2,59.0,Moderate
EMP_00004,Engineering,Supportive,2.84,4.3,3.47,3.26,3.13,4,3.5,62.5,Moderate
EMP_00005,Sales,Autocratic/Micromanagement,4.33,3.95,2.5,3.34,2.93,3,9.8,21.4,Low
EMP_00006,Product Management,Democratic,4.19,3.55,3.21,3.25,3.3,4,20.0,37.0,Low
EMP_00007,Engineering,Democratic,4.54,4.42,2.83,5.0,2.35,4,2.3,57.1,Moderate
EMP_00008,Product Management,Democratic,3.32,4.14,2.92,4.05,2.6,5,2.7,38.5,Low
EMP_00009,Sales,Supportive,3.88,3.8,3.84,3.19,2.9,4,8.8,57.4,Moderate
EMP_00010,Marketing,Democratic,4.21,3.81,3.58,4.05,1.57,1,11.9,49.6,Moderate
EMP_00011,Data Science,Autocratic/Micromanagement,3.53,3.82,3.56,3.84,3.42,4,5.4,31.9,Low
EMP_00012,Data Science,Autocratic/Micromanagement,3.94,4.55,3.37,3.77,2.62,4,7.0,54.7,Moderate
EMP_00013,Engineering,Supportive,3.95,4.54,3.32,1.66,2.33,3,0.7,71.4,Moderate
EMP_00014,Product Management,Democratic,2.6,2.91,2.77,4.5,2.31,3,5.2,45.8,Moderate
EMP_00015,Engineering,Supportive,3.4,4.03,2.86,3.01,4.11,3,0.5,46.1,Moderate
EMP_00016,Data Science,Autocratic/Micromanagement,3.8,4.36,1.7,3.51,2.2,1,7.4,58.1,Moderate
EMP_00017,Sales,Democratic,3.39,3.55,3.87,3.13,1.71,3,9.2,46.8,Moderate
EMP_00018,Data Science,Supportive,4.55,4.07,2.69,3.63,2.65,3,1.2,44.5,Low
EMP_00019,Marketing,Autocratic/Micromanagement,4.26,3.76,2.49,3.65,3.15,4,0.5,24.4,Low
EMP_00020,Product Management,Democratic,3.85,4.17,1.43,2.87,1.1,3,10.8,49.5,Moderate
EMP_00021,Engineering,Democratic,4.58,3.84,3.33,3.63,1.17,4,0.5,49.4,Moderate
EMP_00022,Engineering,Democratic,3.24,3.57,2.65,3.43,1.94,1,2.8,41.8,Low
EMP_00023,Engineering,Supportive,3.65,3.68,2.4,3.61,4.01,3,4.4,44.4,Low
EMP_00024,Sales,Supportive,4.0,3.3,3.34,4.0,1.64,4,2.6,55.6,Moderate
EMP_00025,Engineering,Autocratic/Micromanagement,3.25,3.62,3.41,3.53,2.48,4,9.4,37.6,Low
EMP_00026,Product Management,Democratic,3.18,3.42,3.03,4.4,1.98,1,3.1,39.4,Low
EMP_00027,Engineering,Democratic,3.32,3.61,2.22,3.15,3.69,2,4.2,29.2,Low
EMP_00028,Engineering,Democratic,5.0,3.66,3.21,4.37,2.2,3,1.8,52.6,Moderate
EMP_00029,Sales,Autocratic/Micromanagement,3.91,4.12,3.2,2.7,2.8,4,19.8,39.7,Low
EMP_00030,Marketing,Supportive,3.97,4.24,3.08,3.52,3.38,3,5.9,45.1,Moderate
EMP_00031,HR,Supportive,4.71,4.14,2.69,4.14,3.35,4,12.1,46.5,Moderate
EMP_00032,Marketing,Supportive,4.04,3.39,1.99,3.2,3.03,2,4.9,42.1,Low
EMP_00033,Sales,Supportive,4.74,3.5,4.21,2.73,1.4,5,0.5,67.8,Moderate
EMP_00034,Sales,Supportive,3.76,4.21,3.06,4.17,2.03,3,0.7,55.4,Moderate
EMP_00035,Engineering,Democratic,4.36,4.23,3.46,3.75,2.4,5,1.6,65.5,Moderate
EMP_00036,Sales,Democratic,4.3,4.36,3.5,4.24,1.42,3,1.1,39.7,Low
EMP_00037,Sales,Autocratic/Micromanagement,4.05,3.43,3.47,3.43,2.41,4,3.1,20.6,Low
EMP_00038,Sales,Supportive,3.64,3.93,2.62,4.36,2.78,3,1.6,46.2,Moderate
EMP_00039,Engineering,Democratic,3.58,3.97,3.73,3.23,2.3,3,0.6,46.5,Moderate
EMP_00040,Sales,Democratic,2.68,3.79,3.11,2.81,4.39,3,4.7,37.8,Low
EMP_00041,Product Management,Democratic,3.4,3.05,1.81,3.86,5.0,3,2.0,36.4,Low
EMP_00042,Data Science,Supportive,3.48,3.86,2.79,3.77,1.0,4,0.5,57.8,Moderate
EMP_00043,Engineering,Democratic,3.58,3.9,1.73,3.1,2.65,5,3.7,41.6,Low
EMP_00044,Engineering,Democratic,3.93,3.28,2.3,4.55,2.92,1,1.0,44.5,Low
EMP_00045,Engineering,Supportive,3.47,4.15,3.18,2.88,2.53,2,1.9,46.4,Moderate
EMP_00046,Engineering,Supportive,3.42,3.71,3.55,3.89,1.0,2,5.6,62.6,Moderate
EMP_00047,Marketing,Supportive,3.01,4.79,2.36,3.79,3.54,1,6.8,47.8,Moderate
EMP_00048,Marketing,Supportive,3.91,3.34,2.71,3.85,2.74,4,2.1,48.9,Moderate
EMP_00049,HR,Democratic,4.2,3.72,2.99,3.79,1.28,4,1.3,42.3,Low
EMP_00050,Engineering,Supportive,4.24,4.16,2.13,4.38,3.69,4,3.7,42.7,Low
EMP_00051,Engineering,Autocratic/Micromanagement,3.11,5.0,4.6,3.8,1.55,4,4.9,60.8,Moderate
EMP_00052,Product Management,Supportive,4.43,3.91,3.12,4.29,3.59,5,1.4,51.4,Moderate
EMP_00053,Engineering,Autocratic/Micromanagement,2.63,3.67,2.27,4.44,2.96,3,6.5,42.2,Low
EMP_00054,Sales,Supportive,2.66,3.98,3.84,4.3,2.84,5,4.3,48.9,Moderate
EMP_00055,Engineering,Democratic,2.48,3.92,3.69,3.58,2.62,2,1.8,47.2,Moderate
EMP_00056,Marketing,Democratic,4.27,4.09,2.26,4.12,2.36,5,12.1,42.7,Low
EMP_00057,Product Management,Supportive,3.87,3.95,2.65,4.0,2.83,2,1.4,41.0,Low
EMP_00058,Sales,Supportive,4.19,4.06,3.0,2.29,2.97,3,3.5,54.8,Moderate
EMP_00059,Data Science,Democratic,4.3,4.84,3.17,2.55,1.63,4,11.9,60.9,Moderate
EMP_00060,Marketing,Democratic,2.8,3.78,2.43,3.99,3.27,2,19.0,37.6,Low
EMP_00061,Marketing,Supportive,3.4,3.71,3.86,3.95,2.25,3,0.5,52.6,Moderate
EMP_00062,Sales,Supportive,2.7,2.83,2.27,4.07,2.01,5,18.1,38.8,Low
EMP_00063,Sales,Supportive,3.21,3.69,2.17,3.55,1.0,4,0.7,43.7,Low
EMP_00064,Engineering,Supportive,3.31,4.24,2.28,3.01,2.04,4,6.4,69.0,Moderate
EMP_00065,Product Management,Supportive,4.28,4.52,2.89,4.08,3.64,5,0.7,39.7,Low
EMP_00066,Sales,Autocratic/Micromanagement,4.15,3.65,3.8,4.09,2.1,5,2.1,25.2,Low
EMP_00067,Engineering,Supportive,2.75,3.75,3.08,3.59,2.56,4,4.6,53.0,Moderate
EMP_00068,Product Management,Democratic,2.97,4.14,3.75,3.81,2.05,4,2.3,49.0,Moderate
EMP_00069,Engineering,Supportive,4.04,3.61,3.58,3.86,1.0,3,5.0,52.6,Moderate
EMP_00070,Data Science,Supportive,2.9,4.22,2.51,3.81,2.26,3,6.7,80.5,High
EMP_00071,Sales,Supportive,3.69,3.95,3.94,3.95,3.45,3,5.0,45.0,Moderate
EMP_00072,Data Science,Supportive,3.48,3.53,2.75,2.97,2.84,5,1.0,59.1,Moderate
EMP_00073,Sales,Supportive,3.77,4.14,2.67,3.82,2.3,4,6.4,59.7,Moderate
EMP_00074,Sales,Supportive,3.32,3.71,2.29,3.2,1.24,2,0.5,39.9,Low
EMP_00075,Engineering,Supportive,4.64,4.57,4.15,3.59,3.04,4,1.1,73.2,Moderate
EMP_00076,Marketing,Supportive,3.94,2.91,3.49,3.08,3.05,4,9.0,42.2,Low
EMP_00077,Engineering,Autocratic/Micromanagement,4.21,3.77,1.85,3.62,1.0,2,5.7,36.5,Low
EMP_00078,Engineering,Supportive,3.59,3.88,3.3,3.79,2.15,5,3.0,51.4,Moderate
EMP_00079,HR,Democratic,3.07,3.24,3.81,4.09,2.77,3,17.3,44.0,Low
EMP_00080,Marketing,Supportive,4.51,4.28,3.86,3.94,3.5,1,1.0,44.1,Low
EMP_00081,Engineering,Autocratic/Micromanagement,3.93,4.19,4.03,3.28,1.0,3,1.5,48.8,Moderate
EMP_00082,HR,Supportive,3.07,4.29,3.51,3.48,2.69,4,1.5,48.1,Moderate
EMP_00083,Marketing,Democratic,2.95,4.62,1.97,3.79,2.35,4,0.5,44.4,Low
EMP_00084,Product Management,Democratic,3.85,3.57,3.32,3.67,2.57,5,8.5,47.6,Moderate
EMP_00085,Engineering,Autocratic/Micromanagement,3.94,4.07,2.83,4.1,2.19,5,1.0,46.0,Moderate
EMP_00086,Engineering,Autocratic/Micromanagement,4.22,4.41,3.83,3.68,2.67,3,1.7,41.5,Low
EMP_00087,Engineering,Democratic,4.02,3.62,2.99,3.61,2.49,4,0.8,42.4,Low
EMP_00088,HR,Democratic,3.47,3.92,2.12,4.4,3.86,5,0.5,36.9,Low
EMP_00089,HR,Autocratic/Micromanagement,3.35,4.36,3.13,3.87,2.09,2,1.3,35.9,Low
EMP_00090,Engineering,Supportive,4.64,3.58,3.01,4.24,2.49,2,4.7,49.6,Moderate
EMP_00091,Sales,Democratic,4.24,4.63,2.33,3.36,1.7,3,0.5,37.3,Low
EMP_00092,Product Management,Supportive,3.38,3.96,1.84,4.06,3.41,2,3.3,45.4,Moderate
EMP_00093,Marketing,Supportive,4.04,3.3,2.74,3.79,2.75,2,1.1,49.4,Moderate
EMP_00094,Engineering,Supportive,3.6,5.0,2.8,2.58,1.0,4,3.4,74.0,Moderate
EMP_00095,Sales,Democratic,4.59,4.19,2.31,2.78,3.14,4,1.8,29.8,Low
EMP_00096,Product Management,Supportive,2.85,4.32,3.45,3.17,3.37,4,3.5,44.7,Low
EMP_00097,Product Management,Democratic,2.84,3.58,3.84,3.87,2.27,4,5.2,47.1,Moderate
EMP_00098,Sales,Supportive,3.78,3.68,4.01,4.5,1.1,4,1.2,66.4,Moderate
EMP_00099,Product Management,Supportive,3.53,3.38,2.45,3.73,3.19,3,1.3,50.9,Moderate
EMP_00100,Engineering,Democratic,3.6,4.31,3.9,3.2,3.0,2,5.2,56.3,Moderate
EMP_00101,Product Management,Supportive,3.09,4.21,3.8,4.03,1.67,4,3.3,43.5,Low
EMP_00102,Data Science,Democratic,3.07,3.65,2.93,3.35,2.37,4,4.0,43.0,Low
EMP_00103,Product Management,Autocratic/Micromanagement,3.76,3.71,3.18,2.46,3.36,5,2.4,37.2,Low
EMP_00104,Data Science,Democratic,2.93,4.18,3.1,3.69,2.43,5,0.7,40.2,Low
EMP_00105,Data Science,Supportive,4.12,3.57,3.96,3.67,1.72,4,0.5,57.1,Moderate
EMP_00106,Sales,Supportive,3.89,4.12,3.3,4.54,1.26,4,6.7,63.1,Moderate
EMP_00107,Sales,Supportive,2.4,4.1,3.55,4.13,2.73,3,0.9,50.8,Moderate
EMP_00108,Marketing,Supportive,3.34,3.73,3.2,3.67,2.19,3,9.7,52.8,Moderate
EMP_00109,Sales,Supportive,4.35,3.97,4.49,3.95,3.02,4,1.6,61.8,Moderate
EMP_00110,Sales,Supportive,4.56,3.55,2.93,5.0,3.26,4,2.5,47.2,Moderate
EMP_00111,Product Management,Democratic,4.64,3.3,3.68,4.46,2.67,5,1.2,36.8,Low
EMP_00112,Marketing,Autocratic/Micromanagement,3.97,4.5,3.19,3.73,4.04,5,0.5,27.5,Low
EMP_00113,Data Science,Democratic,2.66,3.41,3.49,4.27,2.98,5,2.3,35.8,Low
EMP_00114,Marketing,Supportive,3.18,3.5,2.18,4.19,2.37,5,1.2,47.1,Moderate
EMP_00115,Product Management,Supportive,2.94,4.91,2.74,3.22,1.45,4,0.5,62.0,Moderate
EMP_00116,Engineering,Democratic,4.06,4.22,3.25,3.04,2.28,3,8.2,53.8,Moderate
EMP_00117,Data Science,Supportive,3.83,3.6,3.45,3.13,2.69,3,10.8,48.1,Moderate
EMP_00118,Engineering,Democratic,3.82,3.18,2.53,2.32,1.29,2,2.2,53.6,Moderate
EMP_00119,Product Management,Democratic,3.37,3.48,3.29,3.22,3.79,4,1.1,36.1,Low
EMP_00120,Marketing,Democratic,3.61,4.58,3.54,2.64,2.21,5,4.0,50.3,Moderate
EMP_00121,Marketing,Supportive,4.41,3.23,3.51,3.88,2.12,5,0.5,51.1,Moderate
EMP_00122,Sales,Supportive,3.34,4.15,4.41,2.84,1.43,1,4.7,64.9,Moderate
EMP_00123,Engineering,Democratic,3.12,4.66,1.72,4.3,2.66,4,1.9,61.4,Moderate
EMP_00124,Product Management,Democratic,3.33,3.95,2.95,3.19,3.76,1,2.8,31.8,Low
EMP_00125,Product Management,Autocratic/Micromanagement,4.14,4.97,2.81,3.53,1.77,4,3.3,23.9,Low
EMP_00126,HR,Democratic,3.24,3.87,3.17,3.51,3.34,2,2.9,41.1,Low
EMP_00127,Engineering,Democratic,3.55,3.79,3.38,2.42,2.96,3,2.8,38.2,Low
EMP_00128,Data Science,Supportive,4.08,3.72,2.33,3.65,2.08,3,2.3,57.3,Moderate
EMP_00129,Sales,Supportive,3.46,2.96,2.93,3.97,3.3,2,12.3,44.3,Low
EMP_00130,Product Management,Democratic,4.06,4.56,2.66,3.46,2.71,3,2.8,35.3,Low
EMP_00131,Engineering,Autocratic/Micromanagement,4.29,3.27,3.48,2.93,2.43,5,7.8,36.0,Low
EMP_00132,Sales,Democratic,3.71,3.93,2.63,3.34,2.25,5,0.5,49.2,Moderate
EMP_00133,Marketing,Autocratic/Micromanagement,4.4,4.14,1.51,3.05,1.71,2,0.9,30.1,Low
EMP_00134,Marketing,Supportive,4.28,4.41,3.89,2.91,2.72,3,1.9,46.2,Moderate
EMP_00135,Sales,Supportive,3.75,4.04,3.52,2.62,3.11,4,0.6,43.3,Low
EMP_00136,Sales,Autocratic/Micromanagement,3.71,3.74,1.94,3.64,3.08,2,1.5,25.2,Low
EMP_00137,Marketing,Democratic,4.44,3.79,2.49,3.6,2.28,5,0.5,47.1,Moderate
EMP_00138,Engineering,Democratic,3.16,4.48,2.7,3.98,2.4,4,0.5,51.5,Moderate
EMP_00139,Engineering,Autocratic/Micromanagement,3.08,4.13,2.48,3.01,2.71,4,4.3,44.1,Low
EMP_00140,Engineering,Autocratic/Micromanagement,4.32,3.35,3.22,3.39,1.36,4,0.9,26.1,Low
EMP_00141,Marketing,Democratic,3.08,2.88,3.77,4.3,1.23,4,1.2,51.1,Moderate
EMP_00142,Engineering,Democratic,4.04,3.88,4.3,3.39,3.05,5,0.5,34.5,Low
EMP_00143,Engineering,Autocratic/Micromanagement,4.46,4.1,3.84,3.04,4.14,3,10.3,16.1,Low
EMP_00144,Engineering,Autocratic/Micromanagement,4.7,4.06,3.33,3.62,1.95,2,8.7,28.5,Low
EMP_00145,HR,Autocratic/Micromanagement,3.16,3.96,3.04,4.39,1.2,2,2.5,43.9,Low
EMP_00146,Engineering,Democratic,4.08,3.18,2.94,3.13,1.8,5,20.0,43.2,Low
EMP_00147,Sales,Supportive,3.08,4.23,4.66,3.6,2.22,5,8.0,70.8,Moderate
EMP_00148,HR,Supportive,4.03,4.57,3.68,3.62,1.0,4,4.8,53.1,Moderate
EMP_00149,Sales,Supportive,4.05,3.46,3.41,3.14,3.15,4,1.5,49.2,Moderate
EMP_00150,Sales,Supportive,3.21,3.63,2.79,3.25,2.53,4,0.5,43.3,Low
EMP_00151,HR,Autocratic/Micromanagement,3.61,4.29,2.42,2.97,1.06,5,9.4,51.7,Moderate
EMP_00152,Engineering,Supportive,3.68,3.63,3.16,3.7,3.1,3,2.9,50.3,Moderate
EMP_00153,Product Management,Autocratic/Micromanagement,3.77,3.46,5.0,3.73,1.87,3,2.3,39.3,Low
EMP_00154,Engineering,Democratic,4.21,2.94,4.19,3.27,1.82,2,2.0,45.4,Moderate
EMP_00155,Marketing,Supportive,2.22,3.66,2.74,2.76,1.59,1,7.2,54.5,Moderate
EMP_00156,Marketing,Supportive,3.64,4.27,3.71,4.52,2.87,3,0.6,46.9,Moderate
EMP_00157,Marketing,Supportive,3.36,4.4,4.56,4.31,2.65,3,1.1,56.0,Moderate
EMP_00158,Sales,Supportive,4.78,3.91,3.02,2.85,2.17,3,6.3,55.6,Moderate
EMP_00159,Product Management,Supportive,3.02,3.48,3.31,2.54,3.64,4,5.7,47.0,Moderate
EMP_00160,Engineering,Supportive,2.8,3.26,2.79,3.96,3.3,3,0.5,47.3,Moderate
EMP_00161,Engineering,Autocratic/Micromanagement,4.37,3.96,3.8,3.58,2.57,3,1.9,17.4,Low
EMP_00162,Engineering,Supportive,3.54,4.45,3.35,3.62,2.84,2,3.5,66.1,Moderate
EMP_00163,Data Science,Supportive,3.51,4.59,4.62,3.76,3.91,3,2.7,63.4,Moderate
EMP_00164,Product Management,Democratic,3.11,3.62,3.24,3.84,2.31,2,14.5,46.7,Moderate
EMP_00165,Marketing,Democratic,3.77,3.68,3.18,3.04,1.95,3,2.4,52.2,Moderate
EMP_00166,Data Science,Autocratic/Micromanagement,4.22,4.25,3.71,3.72,3.26,1,4.9,37.3,Low
EMP_00167,HR,Supportive,4.27,4.13,3.5,3.08,2.18,3,15.5,48.5,Moderate
EMP_00168,Engineering,Autocratic/Micromanagement,4.74,3.59,2.69,5.0,2.59,4,5.1,23.0,Low
EMP_00169,HR,Democratic,4.3,4.35,3.15,4.53,3.59,3,5.5,34.0,Low
EMP_00170,Sales,Supportive,4.89,3.59,3.71,2.99,3.35,4,7.2,47.1,Moderate
EMP_00171,Data Science,Supportive,3.32,4.35,2.7,3.9,2.88,4,4.4,60.2,Moderate
EMP_00172,Marketing,Autocratic/Micromanagement,3.99,3.33,2.8,3.07,2.84,3,6.3,45.2,Moderate
EMP_00173,Product Management,Democratic,3.38,3.48,2.9,1.99,2.26,4,1.3,47.4,Moderate
EMP_00174,Engineering,Democratic,3.4,3.92,3.57,4.31,3.86,4,2.4,40.3,Low
EMP_00175,Engineering,Autocratic/Micromanagement,3.04,3.78,2.26,2.82,3.09,4,2.7,36.6,Low
EMP_00176,Product Management,Supportive,2.29,3.85,3.79,3.1,1.27,2,0.5,57.5,Moderate
EMP_00177,HR,Autocratic/Micromanagement,4.54,3.93,1.97,2.32,1.3,5,5.8,37.8,Low
EMP_00178,Marketing,Supportive,3.77,4.06,1.81,3.15,2.29,5,1.0,61.7,Moderate
EMP_00179,Product Management,Democratic,3.81,4.23,3.29,2.87,2.52,4,3.6,38.8,Low
EMP_00180,Engineering,Democratic,3.69,4.06,3.16,3.64,2.67,5,0.5,38.9,Low
EMP_00181,Engineering,Supportive,3.17,3.74,2.92,3.62,1.84,3,10.1,56.3,Moderate
EMP_00182,Engineering,Supportive,3.23,4.88,3.16,4.0,2.25,2,1.0,67.6,Moderate
EMP_00183,Engineering,Supportive,3.27,3.8,2.27,4.26,1.99,4,3.4,47.0,Moderate
EMP_00184,Marketing,Democratic,3.84,3.72,2.42,3.6,2.35,2,13.6,44.2,Low
EMP_00185,Product Management,Supportive,4.13,4.5,2.96,3.71,3.24,4,0.5,45.6,Moderate
EMP_00186,Engineering,Autocratic/Micromanagement,3.42,4.2,3.13,3.03,2.23,5,1.3,59.3,Moderate
EMP_00187,Engineering,Autocratic/Micromanagement,2.67,3.74,3.17,3.39,1.93,5,3.6,44.4,Low
EMP_00188,Engineering,Democratic,2.84,4.48,1.8,3.88,3.17,3,5.9,58.9,Moderate
EMP_00189,Product Management,Supportive,3.27,4.38,2.67,4.21,2.17,4,7.3,54.5,Moderate
EMP_00190,Marketing,Democratic,3.47,3.72,3.19,2.71,2.38,4,1.0,34.1,Low
EMP_00191,HR,Autocratic/Micromanagement,3.59,4.6,2.27,2.73,1.0,5,0.7,47.8,Moderate
EMP_00192,Engineering,Supportive,3.88,4.17,2.55,3.53,3.02,3,0.9,50.7,Moderate
EMP_00193,Engineering,Autocratic/Micromanagement,2.78,3.77,1.91,3.75,1.4,4,2.8,43.1,Low
EMP_00194,Engineering,Democratic,3.68,3.82,3.3,2.36,3.15,3,3.0,31.6,Low
EMP_00195,Product Management,Democratic,2.74,4.53,2.16,2.98,3.35,3,1.5,33.8,Low
EMP_00196,Sales,Supportive,3.65,4.44,3.5,3.23,3.08,2,9.2,43.6,Low
EMP_00197,Engineering,Supportive,3.93,4.1,2.6,3.46,2.69,4,1.0,46.0,Moderate
EMP_00198,Engineering,Democratic,3.55,3.92,2.93,3.83,4.1,1,3.2,41.1,Low
EMP_00199,Engineering,Democratic,3.93,3.55,3.54,3.85,2.11,4,7.1,31.7,Low
EMP_00200,Engineering,Supportive,3.95,4.31,3.85,4.29,1.2,4,12.0,70.6,Moderate
EMP_00201,Engineering,Supportive,3.8,3.52,2.42,3.65,2.44,3,3.0,49.1,Moderate
EMP_00202,HR,Democratic,4.01,3.93,3.29,2.78,2.58,4,7.1,48.1,Moderate
EMP_00203,Engineering,Democratic,4.08,3.55,2.82,3.83,3.98,3,3.6,41.2,Low
EMP_00204,Engineering,Democratic,3.37,3.2,2.08,4.1,2.63,2,4.8,46.7,Moderate
EMP_00205,Engineering,Supportive,4.75,3.62,3.18,3.23,2.27,4,10.2,48.9,Moderate
EMP_00206,Product Management,Supportive,3.79,4.37,2.29,2.56,1.49,5,8.0,60.8,Moderate
EMP_00207,HR,Democratic,3.57,4.49,2.44,3.53,2.8,4,4.9,42.6,Low
EMP_00208,Engineering,Supportive,3.37,4.65,2.6,3.75,2.48,1,1.0,64.3,Moderate
EMP_00209,Marketing,Democratic,3.36,4.08,2.89,1.76,3.11,3,1.2,43.7,Low
EMP_00210,HR,Democratic,2.94,4.09,2.94,3.66,1.34,2,3.9,44.6,Low
EMP_00211,Sales,Democratic,4.54,3.87,4.59,3.78,2.09,3,2.4,62.7,Moderate
EMP_00212,Sales,Supportive,3.8,3.82,4.14,4.79,2.42,3,4.2,73.1,Moderate
EMP_00213,Sales,Autocratic/Micromanagement,4.06,4.34,4.51,4.72,2.21,1,0.9,50.9,Moderate
EMP_00214,Engineering,Autocratic/Micromanagement,3.9,3.48,2.07,3.54,1.3,4,8.4,40.3,Low
EMP_00215,Engineering,Supportive,3.85,3.31,4.0,3.57,2.39,4,4.6,61.5,Moderate
EMP_00216,Data Science,Supportive,3.61,4.12,4.01,3.85,2.01,4,9.6,54.2,Moderate
EMP_00217,Data Science,Supportive,3.12,4.51,2.04,3.74,2.67,4,5.0,69.1,Moderate
EMP_00218,Data Science,Democratic,4.03,3.71,4.54,3.49,3.62,3,6.5,32.7,Low
EMP_00219,Engineering,Supportive,2.49,3.78,2.6,3.24,2.09,4,12.8,56.7,Moderate
EMP_00220,Engineering,Democratic,3.36,2.86,3.09,2.79,2.61,3,20.0,44.9,Low
EMP_00221,Engineering,Democratic,4.21,3.72,2.67,3.79,2.61,4,2.1,42.0,Low
EMP_00222,Product Management,Autocratic/Micromanagement,3.27,3.79,2.49,2.41,3.3,2,3.7,41.8,Low
EMP_00223,Marketing,Democratic,2.87,3.58,3.66,4.9,3.44,4,1.8,42.6,Low
EMP_00224,Marketing,Supportive,2.35,4.17,3.97,4.09,2.36,2,1.5,46.3,Moderate
EMP_00225,Engineering,Democratic,4.09,3.49,2.13,4.62,2.23,2,0.7,54.4,Moderate
EMP_00226,Engineering,Supportive,3.52,3.84,1.0,3.34,2.5,5,3.7,48.6,Moderate
EMP_00227,Data Science,Democratic,3.48,4.9,4.07,3.8,1.39,4,5.7,62.4,Moderate
EMP_00228,Marketing,Supportive,3.88,3.12,2.09,3.46,3.75,2,1.4,40.4,Low
EMP_00229,Sales,Democratic,4.05,3.47,2.54,3.26,3.22,2,0.5,40.6,Low
EMP_00230,Sales,Democratic,3.54,4.21,2.3,3.99,1.82,5,0.5,34.6,Low
EMP_00231,Marketing,Supportive,4.28,3.88,4.51,2.99,2.41,4,6.7,48.3,Moderate
EMP_00232,Engineering,Democratic,4.3,4.67,2.68,3.77,2.01,3,7.3,63.8,Moderate
EMP_00233,Engineering,Supportive,3.44,4.01,2.69,4.61,2.54,5,10.5,47.8,Moderate
EMP_00234,Sales,Democratic,2.57,3.8,2.53,3.52,2.54,4,11.9,32.2,Low
EMP_00235,Sales,Supportive,2.87,3.75,3.04,2.36,2.7,4,5.0,47.4,Moderate
EMP_00236,Sales,Autocratic/Micromanagement,3.24,4.27,4.33,3.34,1.54,5,9.8,64.1,Moderate
EMP_00237,Engineering,Democratic,4.39,3.81,4.35,2.91,2.24,2,1.8,42.8,Low
EMP_00238,Sales,Democratic,3.65,3.14,1.78,3.42,2.52,5,0.5,30.7,Low
EMP_00239,Sales,Autocratic/Micromanagement,4.51,3.74,3.4,2.56,2.73,4,11.8,21.4,Low
EMP_00240,Marketing,Democratic,3.16,3.72,2.65,4.18,2.63,5,2.9,47.9,Moderate
EMP_00241,Sales,Supportive,4.26,3.59,1.17,3.35,1.99,3,1.7,37.3,Low
EMP_00242,Engineering,Democratic,4.48,4.34,2.36,3.22,3.87,4,19.7,52.9,Moderate
EMP_00243,HR,Supportive,3.59,3.02,4.6,3.71,4.35,5,8.0,38.7,Low
EMP_00244,Sales,Supportive,4.47,2.99,2.98,3.63,2.75,3,5.1,51.8,Moderate
EMP_00245,Sales,Autocratic/Micromanagement,3.57,4.49,3.04,3.47,2.23,2,1.3,49.3,Moderate
EMP_00246,Data Science,Democratic,1.96,3.14,3.67,2.99,3.71,3,14.3,31.0,Low
EMP_00247,Data Science,Democratic,3.48,3.44,2.54,3.44,2.02,3,4.3,47.2,Moderate
EMP_00248,Marketing,Supportive,3.28,4.57,3.33,3.83,2.65,2,1.0,49.7,Moderate
EMP_00249,Engineering,Supportive,4.48,3.77,2.15,3.57,3.68,2,1.1,43.6,Low
EMP_00250,Product Management,Democratic,3.25,4.02,3.31,3.47,3.2,2,1.4,48.6,Moderate
EMP_00251,Engineering,Supportive,4.12,3.39,2.57,3.31,2.49,3,1.7,55.6,Moderate
EMP_00252,Engineering,Supportive,3.72,3.3,3.61,2.91,4.14,5,10.0,40.9,Low
EMP_00253,Marketing,Autocratic/Micromanagement,3.71,4.28,4.2,3.59,2.67,5,6.9,42.5,Low
EMP_00254,Marketing,Supportive,4.15,3.63,2.71,4.38,1.0,4,0.6,57.0,Moderate
EMP_00255,HR,Democratic,3.37,3.73,2.94,3.69,2.04,4,9.1,52.5,Moderate
EMP_00256,Data Science,Supportive,3.38,3.57,3.19,3.91,2.8,2,3.7,39.3,Low
EMP_00257,Data Science,Supportive,4.29,4.12,4.3,3.15,1.68,1,14.6,52.4,Moderate
EMP_00258,HR,Supportive,3.76,3.89,2.68,3.82,1.96,3,7.9,54.2,Moderate
EMP_00259,Data Science,Supportive,3.96,3.99,3.9,4.21,2.2,4,6.6,53.2,Moderate
EMP_00260,HR,Supportive,3.76,3.86,4.87,3.22,4.13,4,2.5,37.1,Low
EMP_00261,Sales,Supportive,3.33,3.82,2.8,3.7,2.59,5,4.0,50.5,Moderate
EMP_00262,Product Management,Supportive,3.17,2.92,2.86,3.07,3.12,1,0.8,45.4,Moderate
EMP_00263,Engineering,Supportive,3.91,3.38,1.6,3.35,3.48,3,7.5,49.0,Moderate
EMP_00264,HR,Autocratic/Micromanagement,3.7,3.57,2.96,5.0,4.08,4,2.7,28.4,Low
EMP_00265,Data Science,Supportive,4.21,4.36,1.95,2.68,2.7,4,12.0,65.8,Moderate
EMP_00266,Engineering,Supportive,4.13,3.32,2.88,2.41,3.54,3,0.5,34.3,Low
EMP_00267,Data Science,Democratic,3.97,4.05,2.77,4.16,2.17,5,2.4,37.5,Low
EMP_00268,Sales,Supportive,4.18,3.6,3.2,4.04,2.41,3,0.5,57.5,Moderate
EMP_00269,Data Science,Democratic,3.71,4.09,1.7,4.2,3.54,4,2.3,36.2,Low
EMP_00270,Sales,Supportive,3.63,3.9,2.54,3.47,2.57,3,4.2,49.3,Moderate
EMP_00271,Marketing,Autocratic/Micromanagement,4.33,4.82,2.61,3.14,1.0,3,6.6,39.4,Low
EMP_00272,Sales,Autocratic/Micromanagement,3.86,3.59,2.78,4.24,1.88,3,0.5,41.1,Low
EMP_00273,Data Science,Autocratic/Micromanagement,3.26,4.44,1.68,4.34,3.31,3,0.5,58.6,Moderate
EMP_00274,Sales,Supportive,3.76,4.18,3.14,4.15,2.4,5,3.5,52.8,Moderate
EMP_00275,Engineering,Supportive,4.13,4.18,3.22,3.85,2.17,2,3.6,47.8,Moderate
EMP_00276,Sales,Democratic,3.71,4.4,2.78,4.05,2.83,4,3.6,42.1,Low
EMP_00277,Engineering,Supportive,3.82,4.31,3.42,3.69,2.15,3,0.5,56.8,Moderate
EMP_00278,Product Management,Democratic,3.85,3.13,3.0,3.58,2.18,2,5.9,37.7,Low
EMP_00279,Engineering,Supportive,3.38,4.04,3.41,3.21,1.94,4,10.4,58.0,Moderate
EMP_00280,Product Management,Autocratic/Micromanagement,3.42,3.75,2.44,3.71,2.06,5,3.4,38.6,Low
EMP_00281,Data Science,Autocratic/Micromanagement,4.74,3.17,3.64,3.44,2.44,4,6.8,18.3,Low
EMP_00282,Engineering,Democratic,3.73,3.69,4.19,3.23,2.92,3,1.9,43.9,Low
EMP_00283,Sales,Supportive,3.3,3.56,2.72,3.8,2.05,4,8.1,52.4,Moderate
EMP_00284,Data Science,Autocratic/Micromanagement,2.82,3.66,1.6,3.63,1.87,3,3.3,53.1,Moderate
EMP_00285,Product Management,Supportive,4.29,4.28,2.46,3.34,2.88,4,1.9,50.2,Moderate
EMP_00286,Engineering,Supportive,2.96,4.34,3.18,2.87,2.46,1,1.7,64.5,Moderate
EMP_00287,Data Science,Democratic,2.97,3.73,3.63,2.52,2.86,3,5.2,49.0,Moderate
EMP_00288,Data Science,Democratic,2.81,4.04,2.23,3.51,3.03,4,1.4,38.0,Low
EMP_00289,Sales,Autocratic/Micromanagement,4.02,3.64,3.22,4.11,1.96,3,1.9,26.1,Low
EMP_00290,Engineering,Supportive,2.79,3.86,2.18,3.86,3.23,5,3.2,50.9,Moderate
EMP_00291,Engineering,Democratic,3.58,3.7,3.21,4.08,3.35,2,3.0,36.9,Low
EMP_00292,Sales,Democratic,3.56,3.37,2.28,2.83,1.0,4,2.4,40.7,Low
EMP_00293,HR,Democratic,5.0,4.05,3.7,2.5,1.9,4,0.5,48.4,Moderate
EMP_00294,HR,Democratic,3.44,4.26,2.14,2.81,3.45,3,5.9,42.1,Low
EMP_00295,Data Science,Supportive,3.96,4.88,3.2,3.27,3.01,3,7.2,53.2,Moderate
EMP_00296,Product Management,Democratic,3.83,4.13,3.7,3.19,4.48,2,0.5,26.2,Low
EMP_00297,Data Science,Democratic,4.49,3.74,3.75,3.78,3.26,4,7.9,30.4,Low
EMP_00298,Sales,Autocratic/Micromanagement,3.57,3.67,4.42,2.36,2.9,2,5.5,47.7,Moderate
EMP_00299,Marketing,Supportive,3.49,3.37,3.81,3.77,3.09,4,1.3,47.2,Moderate
EMP_00300,Engineering,Democratic,3.25,4.37,1.72,2.84,1.0,4,1.0,61.5,Moderate
EMP_00301,Sales,Democratic,3.32,4.2,3.32,3.29,2.3,4,4.2,39.7,Low
EMP_00302,Marketing,Supportive,3.44,3.97,2.54,3.59,3.15,3,5.5,42.5,Low
EMP_00303,Product Management,Supportive,2.92,3.48,3.46,3.57,2.41,4,1.3,48.9,Moderate
EMP_00304,Marketing,Supportive,2.83,4.33,4.06,3.37,1.88,2,4.7,55.1,Moderate
EMP_00305,Engineering,Supportive,4.04,3.33,4.76,3.04,2.52,4,3.8,47.0,Moderate
EMP_00306,HR,Supportive,3.5,3.76,3.32,3.84,2.67,4,3.4,40.9,Low
EMP_00307,Marketing,Autocratic/Micromanagement,4.09,3.68,3.61,3.07,1.59,4,9.8,24.6,Low
EMP_00308,Marketing,Democratic,3.38,3.26,2.63,4.32,2.11,3,1.3,49.9,Moderate
EMP_00309,Marketing,Supportive,3.83,4.51,3.46,3.81,1.83,5,5.3,48.7,Moderate
EMP_00310,Data Science,Democratic,3.49,4.46,2.27,3.6,3.39,4,3.9,54.2,Moderate
EMP_00311,HR,Democratic,4.51,4.76,4.32,3.47,2.17,3,10.4,33.4,Low
EMP_00312,Sales,Supportive,3.67,4.25,3.73,4.61,2.17,4,1.2,58.9,Moderate
EMP_00313,Engineering,Democratic,4.21,4.06,3.79,3.27,2.09,4,5.4,38.1,Low
EMP_00314,Sales,Supportive,3.31,4.12,2.74,2.94,1.0,3,0.5,60.1,Moderate
EMP_00315,Engineering,Autocratic/Micromanagement,4.06,3.09,3.36,3.69,3.86,2,3.9,15.0,Low
EMP_00316,Engineering,Supportive,4.39,4.62,2.82,4.12,3.12,5,9.4,59.9,Moderate
EMP_00317,Sales,Democratic,3.54,4.17,4.0,3.83,1.92,2,8.6,58.8,Moderate
EMP_00318,Engineering,Supportive,3.99,4.17,3.53,3.29,2.68,4,0.6,50.6,Moderate
EMP_00319,Data Science,Supportive,4.16,3.56,2.95,3.92,3.37,4,3.2,39.2,Low
EMP_00320,Sales,Democratic,3.12,3.86,3.34,2.92,1.79,2,4.4,38.5,Low
EMP_00321,HR,Autocratic/Micromanagement,2.53,4.49,3.43,2.62,2.32,3,5.8,41.2,Low
EMP_00322,Data Science,Autocratic/Micromanagement,4.15,4.02,2.39,4.96,1.59,3,0.7,17.0,Low
EMP_00323,Engineering,Autocratic/Micromanagement,3.62,3.94,4.75,3.4,3.22,4,1.1,43.1,Low
EMP_00324,Engineering,Supportive,3.87,4.04,3.88,3.78,2.62,5,1.7,50.8,Moderate
EMP_00325,Marketing,Democratic,3.03,3.89,3.28,3.76,2.67,4,8.9,37.1,Low
EMP_00326,Sales,Autocratic/Micromanagement,3.51,3.8,3.24,4.67,1.71,2,6.7,51.3,Moderate
EMP_00327,Marketing,Supportive,3.59,4.04,2.25,3.18,3.11,4,1.2,45.8,Moderate
EMP_00328,Sales,Supportive,2.65,3.43,2.86,3.55,1.49,3,2.7,53.8,Moderate
EMP_00329,Marketing,Autocratic/Micromanagement,4.06,4.11,3.12,3.61,1.78,3,6.9,17.9,Low
EMP_00330,Data Science,Autocratic/Micromanagement,3.86,4.21,3.99,2.55,3.55,5,4.8,49.8,Moderate
EMP_00331,Marketing,Supportive,3.82,4.59,3.11,3.29,2.38,4,0.5,55.1,Moderate
EMP_00332,HR,Democratic,4.3,3.72,3.25,4.09,1.95,5,2.3,41.7,Low
EMP_00333,Marketing,Democratic,3.61,3.28,2.76,3.65,1.57,4,0.5,46.0,Moderate
EMP_00334,Product Management,Democratic,3.43,3.28,2.43,3.69,2.31,5,2.7,52.4,Moderate
EMP_00335,Sales,Democratic,4.03,4.61,3.38,3.79,1.41,2,2.1,47.7,Moderate
EMP_00336,HR,Democratic,4.31,4.82,3.24,3.83,2.44,4,1.2,45.3,Moderate
EMP_00337,Engineering,Autocratic/Micromanagement,4.02,3.91,4.0,4.44,1.65,3,0.7,27.2,Low
EMP_00338,Product Management,Democratic,2.93,4.06,3.81,2.88,3.17,2,2.4,44.0,Low
EMP_00339,Engineering,Autocratic/Micromanagement,3.46,4.72,2.81,3.28,3.32,1,8.5,56.3,Moderate
EMP_00340,Engineering,Supportive,3.73,4.33,3.28,3.58,3.31,3,3.9,65.6,Moderate
EMP_00341,Engineering,Supportive,2.47,3.1,3.84,3.01,3.32,3,1.5,44.8,Low
EMP_00342,Marketing,Democratic,3.35,4.24,3.75,3.44,1.26,3,4.8,42.5,Low
EMP_00343,Marketing,Democratic,3.14,4.19,3.39,3.42,2.81,4,1.5,32.0,Low
EMP_00344,Product Management,Autocratic/Micromanagement,3.7,3.5,4.21,3.05,2.29,4,3.9,46.4,Moderate
EMP_00345,Sales,Supportive,3.87,4.68,3.78,3.58,2.79,5,2.3,46.1,Moderate
EMP_00346,Data Science,Supportive,4.01,3.85,2.01,4.53,2.16,5,4.8,57.4,Moderate
EMP_00347,Data Science,Autocratic/Micromanagement,3.42,4.18,2.38,4.55,2.81,2,3.5,31.1,Low
EMP_00348,Engineering,Democratic,3.9,4.22,4.13,2.98,2.49,4,0.5,56.9,Moderate
EMP_00349,Product Management,Autocratic/Micromanagement,3.08,3.78,2.62,3.38,2.73,3,14.9,39.0,Low
EMP_00350,Data Science,Supportive,4.24,4.1,2.23,4.59,2.5,5,0.6,48.1,Moderate
EMP_00351,Engineering,Democratic,3.96,4.66,2.05,4.36,2.18,3,6.1,61.5,Moderate
EMP_00352,Engineering,Democratic,3.48,3.98,2.34,3.35,1.29,4,0.5,49.3,Moderate
EMP_00353,Data Science,Democratic,4.83,3.95,3.7,3.31,2.15,5,2.7,43.1,Low
EMP_00354,Data Science,Supportive,3.73,5.0,2.71,3.5,1.2,4,3.6,77.5,High
EMP_00355,Sales,Supportive,4.44,3.27,2.04,3.94,2.96,4,1.0,32.4,Low
EMP_00356,Sales,Supportive,4.1,4.43,3.54,4.88,2.22,3,1.1,51.0,Moderate
EMP_00357,Sales,Supportive,2.99,4.28,4.16,4.27,2.81,4,7.2,58.4,Moderate
EMP_00358,Marketing,Supportive,4.28,4.17,3.55,2.64,2.28,4,2.9,53.2,Moderate
EMP_00359,Sales,Supportive,4.33,3.15,3.94,3.6,3.21,5,16.6,44.4,Low
EMP_00360,HR,Supportive,3.11,3.56,4.83,3.83,2.3,5,0.9,45.1,Moderate
EMP_00361,Engineering,Supportive,3.95,3.87,3.98,4.71,3.54,4,3.8,50.4,Moderate
EMP_00362,Sales,Supportive,4.11,3.67,3.06,4.01,1.36,3,2.9,57.7,Moderate
EMP_00363,Engineering,Democratic,4.45,3.58,2.65,3.98,2.38,5,4.3,43.4,Low
EMP_00364,Data Science,Democratic,4.01,4.47,3.47,3.23,1.83,2,0.5,64.2,Moderate
EMP_00365,Sales,Supportive,3.53,3.85,2.16,3.34,1.0,3,1.5,39.8,Low
EMP_00366,Data Science,Autocratic/Micromanagement,2.68,3.83,3.54,2.74,3.21,4,7.0,40.1,Low
EMP_00367,Engineering,Democratic,2.94,3.78,3.35,4.33,2.79,3,4.9,42.9,Low
EMP_00368,Data Science,Democratic,3.87,3.39,2.4,3.91,2.5,4,0.5,39.9,Low
EMP_00369,Data Science,Supportive,4.28,3.56,3.99,3.75,2.24,4,1.5,52.7,Moderate
EMP_00370,Product Management,Autocratic/Micromanagement,3.05,4.11,2.37,3.4,2.28,5,4.7,34.2,Low
EMP_00371,HR,Supportive,3.45,3.91,3.96,3.48,2.19,2,4.4,47.3,Moderate
EMP_00372,Sales,Autocratic/Micromanagement,3.44,3.28,2.99,3.32,2.1,3,3.4,52.8,Moderate
EMP_00373,Engineering,Democratic,4.02,5.0,1.96,3.2,2.15,3,0.7,58.9,Moderate
EMP_00374,Sales,Autocratic/Micromanagement,4.01,4.04,4.29,3.75,2.75,2,1.2,30.9,Low
EMP_00375,Engineering,Democratic,4.46,4.01,2.16,3.57,2.73,4,6.9,30.2,Low
EMP_00376,Product Management,Democratic,4.16,3.86,1.66,3.68,1.02,3,0.5,51.6,Moderate
EMP_00377,Engineering,Democratic,2.66,4.19,3.39,4.21,2.55,2,2.1,42.0,Low
EMP_00378,HR,Democratic,4.31,3.87,3.33,3.94,2.92,4,5.2,38.9,Low
EMP_00379,Sales,Democratic,3.82,4.33,1.46,3.37,1.94,4,4.9,22.4,Low
EMP_00380,Engineering,Supportive,2.98,3.87,3.02,3.3,2.25,3,4.6,49.2,Moderate
EMP_00381,Data Science,Supportive,3.14,4.05,5.0,3.03,1.65,5,16.2,56.2,Moderate
EMP_00382,Product Management,Supportive,3.24,4.49,2.94,1.96,2.28,4,3.1,45.9,Moderate
EMP_00383,Marketing,Autocratic/Micromanagement,3.74,3.62,1.76,3.82,2.21,3,0.5,54.2,Moderate
EMP_00384,HR,Supportive,3.31,4.49,3.32,2.89,1.15,2,0.5,55.1,Moderate
EMP_00385,Sales,Autocratic/Micromanagement,3.7,4.02,3.85,3.74,2.43,5,3.6,41.2,Low
EMP_00386,Engineering,Democratic,3.68,4.5,3.15,4.01,1.87,3,1.2,64.1,Moderate
EMP_00387,Data Science,Supportive,4.14,3.42,2.58,3.49,2.09,1,0.5,51.9,Moderate
EMP_00388,Marketing,Autocratic/Micromanagement,2.81,3.54,1.84,2.98,2.58,3,1.0,36.8,Low
EMP_00389,Product Management,Democratic,3.09,4.12,4.39,4.41,2.89,3,10.3,36.2,Low
EMP_00390,Marketing,Supportive,5.0,4.54,2.44,4.67,2.59,4,2.7,51.7,Moderate
EMP_00391,HR,Supportive,4.16,3.76,3.45,3.81,3.91,4,6.6,38.9,Low
EMP_00392,Sales,Supportive,3.05,3.61,2.74,4.23,1.57,4,0.5,62.2,Moderate
EMP_00393,Engineering,Supportive,4.43,3.9,3.91,2.56,1.22,3,1.3,62.2,Moderate
EMP_00394,Sales,Democratic,4.38,3.75,2.18,2.83,5.0,4,2.6,11.1,Low
EMP_00395,Sales,Autocratic/Micromanagement,2.72,3.95,3.38,3.71,3.12,3,1.1,39.4,Low
EMP_00396,Engineering,Autocratic/Micromanagement,3.51,2.7,3.01,3.45,2.44,5,6.2,22.5,Low
EMP_00397,Sales,Supportive,3.65,3.31,3.7,3.46,2.91,2,8.2,44.9,Low
EMP_00398,Data Science,Autocratic/Micromanagement,3.85,4.22,3.52,4.46,1.05,2,1.1,70.5,Moderate
EMP_00399,Product Management,Supportive,4.03,3.88,2.88,3.76,3.83,4,1.4,44.2,Low
EMP_00400,Product Management,Democratic,3.8,4.98,4.05,3.76,2.36,2,7.9,47.4,Moderate
EMP_00401,Product Management,Autocratic/Micromanagement,3.16,3.68,3.13,4.45,1.77,5,0.8,43.5,Low
EMP_00402,Sales,Autocratic/Micromanagement,4.62,3.7,3.45,3.68,3.11,5,1.1,26.2,Low
EMP_00403,Marketing,Democratic,3.24,3.95,3.06,3.88,1.54,3,8.8,46.1,Moderate
EMP_00404,Product Management,Autocratic/Micromanagement,3.33,4.11,2.34,3.28,3.85,3,3.7,28.8,Low
EMP_00405,Sales,Democratic,4.4,3.01,4.14,3.65,4.31,4,2.6,49.7,Moderate
EMP_00406,Engineering,Supportive,4.24,3.25,3.57,2.54,2.8,2,1.7,55.5,Moderate
EMP_00407,Engineering,Supportive,3.86,4.04,2.67,3.57,1.94,3,0.6,52.1,Moderate
EMP_00408,Engineering,Supportive,4.65,5.0,3.66,3.16,1.47,5,1.1,68.9,Moderate
EMP_00409,Data Science,Democratic,3.54,4.02,2.68,4.32,2.14,3,3.4,42.1,Low
EMP_00410,HR,Supportive,3.22,3.88,3.37,3.14,3.77,4,0.5,40.5,Low
EMP_00411,HR,Democratic,3.71,4.64,2.97,2.63,4.29,5,5.3,44.7,Low
EMP_00412,Sales,Democratic,4.67,3.83,3.34,3.26,1.0,3,1.7,40.0,Low
EMP_00413,Engineering,Supportive,3.28,3.74,3.97,4.09,3.28,3,0.5,56.9,Moderate
EMP_00414,Marketing,Autocratic/Micromanagement,3.54,3.44,3.92,3.36,2.48,3,0.5,40.1,Low
EMP_00415,Sales,Democratic,3.96,3.83,3.91,3.71,3.93,4,5.5,34.2,Low
EMP_00416,Sales,Supportive,4.25,4.54,2.51,3.72,2.44,3,2.2,51.5,Moderate
EMP_00417,Engineering,Democratic,3.94,3.44,2.7,4.61,2.53,4,0.5,42.1,Low
EMP_00418,Product Management,Supportive,2.54,4.03,3.42,3.23,2.6,2,5.1,56.5,Moderate
EMP_00419,Product Management,Democratic,3.23,3.27,1.83,2.93,1.61,1,0.5,37.6,Low
EMP_00420,Engineering,Supportive,4.68,3.27,3.12,2.61,2.32,5,1.5,45.4,Moderate
EMP_00421,Engineering,Democratic,3.37,4.26,2.96,2.44,1.34,4,6.5,63.5,Moderate
EMP_00422,Data Science,Supportive,3.48,4.89,3.02,4.42,2.66,4,0.5,64.1,Moderate
EMP_00423,HR,Supportive,4.18,3.53,2.95,3.72,1.86,4,17.2,48.3,Moderate
EMP_00424,Product Management,Supportive,4.38,4.16,5.0,4.19,3.59,3,3.5,42.2,Low
EMP_00425,Engineering,Democratic,3.69,3.93,2.81,2.42,3.37,5,5.1,34.9,Low
EMP_00426,Engineering,Supportive,3.41,3.62,2.06,3.47,2.18,5,3.9,59.9,Moderate
EMP_00427,Engineering,Supportive,2.76,3.79,3.1,3.77,2.57,4,7.4,43.8,Low
EMP_00428,Data Science,Supportive,2.47,4.15,2.96,3.91,2.33,3,2.8,51.6,Moderate
EMP_00429,Engineering,Democratic,3.87,3.93,2.39,3.06,1.0,5,18.8,54.6,Moderate
EMP_00430,Sales,Supportive,4.29,3.85,3.01,3.83,1.06,5,0.7,57.1,Moderate
EMP_00431,Marketing,Autocratic/Micromanagement,1.93,4.5,2.58,3.96,1.88,3,4.3,52.9,Moderate
EMP_00432,Sales,Democratic,3.22,3.74,3.24,2.75,2.78,1,0.5,36.9,Low
EMP_00433,Engineering,Autocratic/Micromanagement,3.43,4.8,2.0,4.01,2.49,4,0.5,63.6,Moderate
EMP_00434,Engineering,Democratic,3.6,3.3,2.42,3.98,1.0,4,11.0,50.3,Moderate
EMP_00435,Sales,Supportive,4.0,4.27,3.55,3.93,2.49,2,4.1,53.7,Moderate
EMP_00436,Marketing,Supportive,4.92,4.06,3.17,4.18,2.23,3,1.2,56.0,Moderate
EMP_00437,Engineering,Supportive,5.0,2.96,4.09,5.0,3.04,5,1.7,51.0,Moderate
EMP_00438,Marketing,Democratic,3.92,4.62,2.78,3.97,1.01,4,0.5,45.9,Moderate
EMP_00439,Sales,Autocratic/Micromanagement,4.34,3.35,3.76,3.86,2.15,3,0.7,28.9,Low
EMP_00440,Sales,Supportive,3.32,3.46,3.73,3.74,3.4,5,3.6,46.8,Moderate
EMP_00441,Marketing,Supportive,4.21,4.11,3.26,3.31,2.23,3,3.2,50.0,Moderate
EMP_00442,Sales,Autocratic/Micromanagement,3.89,3.41,2.63,3.27,2.27,3,3.1,52.5,Moderate
EMP_00443,Product Management,Autocratic/Micromanagement,4.18,3.1,2.7,4.15,3.14,5,10.0,16.3,Low
EMP_00444,Sales,Supportive,3.12,3.67,4.62,3.36,1.27,5,5.5,61.1,Moderate
EMP_00445,Engineering,Democratic,3.84,3.9,4.07,4.47,2.66,5,5.9,40.0,Low
EMP_00446,Engineering,Democratic,2.54,3.65,2.19,5.0,2.53,3,5.4,45.6,Moderate
EMP_00447,Engineering,Democratic,2.78,4.35,3.22,4.69,2.67,4,4.8,61.5,Moderate
EMP_00448,Product Management,Supportive,4.2,3.73,3.56,4.05,2.77,5,2.0,39.4,Low
EMP_00449,HR,Supportive,4.61,3.6,2.33,3.27,1.14,5,5.3,59.8,Moderate
EMP_00450,Product Management,Democratic,3.2,4.09,3.5,3.57,3.02,4,1.4,41.6,Low
EMP_00451,Engineering,Democratic,3.25,3.73,2.08,4.14,2.25,4,1.3,44.2,Low
EMP_00452,Marketing,Supportive,4.14,3.69,3.92,2.46,2.92,4,2.4,56.3,Moderate
EMP_00453,Marketing,Democratic,4.15,3.93,2.89,2.21,1.55,4,0.5,51.4,Moderate
EMP_00454,Marketing,Supportive,3.97,4.1,3.68,3.08,3.18,5,3.0,54.0,Moderate
EMP_00455,Data Science,Supportive,3.41,3.37,3.64,3.16,1.0,2,0.5,65.1,Moderate
EMP_00456,Engineering,Supportive,3.27,3.82,1.64,4.53,3.75,4,5.7,44.0,Low
EMP_00457,Sales,Democratic,3.89,4.85,2.44,3.84,2.67,3,3.9,26.4,Low
EMP_00458,Sales,Autocratic/Micromanagement,3.65,3.85,1.99,3.33,3.15,4,0.5,22.9,Low
EMP_00459,Product Management,Supportive,3.89,4.16,2.51,3.7,1.84,2,2.4,55.4,Moderate
EMP_00460,Marketing,Supportive,3.8,3.68,3.04,3.33,3.48,5,4.9,44.5,Low
EMP_00461,Sales,Autocratic/Micromanagement,3.54,4.68,1.7,3.97,4.33,3,13.7,17.4,Low
EMP_00462,HR,Democratic,3.63,3.56,3.07,2.9,2.34,4,11.6,40.0,Low
EMP_00463,Sales,Democratic,4.71,3.02,4.44,4.51,1.04,3,1.3,66.4,Moderate
EMP_00464,Engineering,Supportive,3.03,3.83,3.22,3.53,3.17,2,1.1,50.0,Moderate
EMP_00465,Data Science,Autocratic/Micromanagement,3.44,3.61,2.98,2.95,2.15,2,2.9,48.5,Moderate
EMP_00466,Engineering,Democratic,2.73,4.2,2.83,4.56,3.03,4,2.9,58.8,Moderate
EMP_00467,Data Science,Autocratic/Micromanagement,3.84,4.44,3.05,3.4,2.86,4,6.2,56.7,Moderate
EMP_00468,Data Science,Autocratic/Micromanagement,3.31,4.13,2.53,2.9,2.76,3,2.9,41.3,Low
EMP_00469,Engineering,Supportive,3.9,3.65,3.61,4.48,1.25,3,2.5,60.2,Moderate
EMP_00470,Data Science,Autocratic/Micromanagement,3.74,3.62,1.51,4.88,2.02,3,2.4,43.9,Low
EMP_00471,Data Science,Autocratic/Micromanagement,2.44,2.92,2.35,3.59,1.98,3,2.8,45.4,Moderate
EMP_00472,Engineering,Supportive,3.67,3.77,3.51,3.99,3.24,4,2.3,40.2,Low
EMP_00473,Marketing,Democratic,2.59,4.66,2.03,3.38,4.31,2,3.2,30.8,Low
EMP_00474,Engineering,Autocratic/Micromanagement,3.8,4.28,2.4,3.08,4.0,4,1.2,54.0,Moderate
EMP_00475,Sales,Democratic,3.24,4.46,2.56,3.95,1.0,4,4.2,52.6,Moderate
EMP_00476,Product Management,Autocratic/Micromanagement,3.74,4.27,3.27,2.74,2.5,4,3.0,41.6,Low
EMP_00477,Sales,Supportive,3.59,4.6,2.53,3.2,2.46,4,0.8,51.8,Moderate
EMP_00478,HR,Democratic,4.21,3.77,4.19,3.74,2.71,4,2.1,46.8,Moderate
EMP_00479,Product Management,Autocratic/Micromanagement,3.67,4.24,3.65,2.98,1.66,5,1.8,48.3,Moderate
EMP_00480,Engineering,Supportive,3.1,4.91,3.17,3.95,2.14,3,0.8,63.8,Moderate
EMP_00481,Engineering,Democratic,3.65,4.49,3.11,3.75,2.17,3,1.7,59.3,Moderate
EMP_00482,Sales,Democratic,4.1,4.05,2.62,4.13,2.11,4,0.5,43.2,Low
EMP_00483,Sales,Supportive,3.43,4.08,2.7,3.7,2.21,4,13.5,50.2,Moderate
EMP_00484,Engineering,Autocratic/Micromanagement,3.63,4.05,3.68,3.98,1.11,4,4.0,50.0,Moderate
EMP_00485,Engineering,Supportive,4.19,3.66,4.91,3.3,2.57,4,2.6,53.6,Moderate
EMP_00486,Engineering,Autocratic/Micromanagement,3.6,4.58,3.02,4.16,2.94,3,0.9,48.2,Moderate
EMP_00487,Marketing,Supportive,3.73,3.98,2.8,3.58,1.59,3,3.5,43.0,Low
EMP_00488,Sales,Autocratic/Micromanagement,3.95,3.66,2.85,4.27,2.91,5,2.2,32.7,Low
EMP_00489,HR,Supportive,3.79,4.3,4.39,4.11,2.56,4,8.4,50.8,Moderate
EMP_00490,Marketing,Democratic,2.33,3.94,2.33,3.26,1.57,4,2.3,47.8,Moderate
EMP_00491,Product Management,Autocratic/Micromanagement,4.11,3.57,3.06,3.93,3.56,3,2.4,16.7,Low
EMP_00492,Data Science,Supportive,3.58,3.13,2.81,2.76,2.34,3,5.4,52.8,Moderate
EMP_00493,Data Science,Democratic,3.06,3.79,2.36,3.61,2.33,4,1.2,41.7,Low
EMP_00494,Marketing,Democratic,3.27,3.29,4.2,3.73,2.78,1,4.1,39.9,Low
EMP_00495,Data Science,Supportive,3.67,3.73,3.37,2.65,2.92,4,0.5,48.7,Moderate
EMP_00496,Sales,Democratic,4.31,3.78,3.62,3.68,3.09,5,6.1,33.6,Low
EMP_00497,Product Management,Supportive,3.15,4.27,2.86,3.45,3.5,4,4.2,48.4,Moderate
EMP_00498,Engineering,Supportive,4.35,3.42,2.85,3.87,1.61,2,3.5,60.8,Moderate
EMP_00499,Data Science,Democratic,4.38,3.56,2.4,3.4,3.83,3,3.7,44.7,Low
EMP_00500,Product Management,Supportive,4.65,4.01,2.89,3.74,1.0,4,11.3,60.5,Moderate
EMP_00501,HR,Supportive,3.67,3.15,3.56,3.68,4.01,4,2.1,41.1,Low
EMP_00502,Marketing,Supportive,3.8,3.77,2.37,3.61,2.22,4,1.0,49.3,Moderate
EMP_00503,Marketing,Democratic,2.9,3.77,3.38,4.32,1.7,1,0.9,44.0,Low
EMP_00504,Marketing,Supportive,3.02,4.03,3.16,3.69,1.37,3,0.5,47.3,Moderate
EMP_00505,Product Management,Democratic,3.79,3.66,2.69,2.29,3.85,4,0.5,38.8,Low
EMP_00506,Engineering,Democratic,3.34,3.09,5.0,3.79,3.11,4,0.5,38.7,Low
EMP_00507,Data Science,Supportive,4.15,3.67,3.16,3.98,2.71,4,0.5,46.7,Moderate
EMP_00508,Engineering,Democratic,3.72,3.01,2.99,3.71,1.99,3,0.5,51.3,Moderate
EMP_00509,Sales,Autocratic/Micromanagement,4.03,3.98,2.65,4.89,2.25,4,0.7,25.4,Low
EMP_00510,Marketing,Autocratic/Micromanagement,3.51,3.45,4.18,3.31,2.33,5,20.0,42.1,Low
EMP_00511,Product Management,Democratic,3.62,3.72,3.42,4.2,2.06,3,4.0,41.5,Low
EMP_00512,HR,Supportive,4.95,4.51,3.99,2.74,1.0,1,1.9,59.5,Moderate
EMP_00513,Engineering,Democratic,4.77,3.51,2.89,3.36,2.01,2,3.0,37.8,Low
EMP_00514,Engineering,Supportive,2.84,3.3,3.77,3.54,3.0,3,1.9,47.2,Moderate
EMP_00515,Data Science,Supportive,3.64,3.37,3.11,3.81,2.4,5,10.1,49.2,Moderate
EMP_00516,Product Management,Democratic,3.9,3.72,2.38,4.0,1.54,4,0.5,53.0,Moderate
EMP_00517,Engineering,Democratic,3.85,4.31,3.15,3.94,2.21,3,0.5,56.9,Moderate
EMP_00518,Data Science,Supportive,4.36,3.6,2.78,3.46,2.69,5,1.2,56.3,Moderate
EMP_00519,Product Management,Autocratic/Micromanagement,3.3,3.69,3.65,4.63,2.6,1,1.0,37.8,Low
EMP_00520,Sales,Autocratic/Micromanagement,2.38,3.54,2.81,2.75,2.48,5,1.3,40.9,Low
EMP_00521,Product Management,Supportive,2.93,4.09,2.08,3.52,1.92,3,4.3,49.8,Moderate
EMP_00522,Sales,Supportive,4.76,3.64,2.53,3.31,2.34,4,5.4,51.3,Moderate
EMP_00523,Product Management,Democratic,3.97,4.83,3.23,4.02,2.88,4,4.6,44.3,Low
EMP_00524,Engineering,Autocratic/Micromanagement,3.34,4.54,2.12,2.88,3.18,4,2.6,48.6,Moderate
EMP_00525,Engineering,Autocratic/Micromanagement,4.87,5.0,2.72,3.68,3.36,3,3.3,35.9,Low
EMP_00526,Marketing,Democratic,3.45,3.29,3.71,3.86,2.94,1,10.3,39.8,Low
EMP_00527,Sales,Supportive,3.8,4.05,2.77,4.2,2.72,2,0.7,50.3,Moderate
EMP_00528,Sales,Democratic,2.55,3.64,2.03,3.77,2.6,3,0.5,25.2,Low
EMP_00529,Marketing,Supportive,3.28,3.83,3.17,3.58,3.46,4,3.7,48.9,Moderate
EMP_00530,Sales,Supportive,4.02,4.82,3.25,3.47,2.4,5,0.7,50.1,Moderate
EMP_00531,Data Science,Democratic,3.84,4.27,2.72,3.86,1.29,5,1.3,62.1,Moderate
EMP_00532,Engineering,Supportive,4.0,4.18,2.77,2.61,1.0,5,0.5,53.0,Moderate
EMP_00533,Engineering,Supportive,2.81,3.68,4.64,3.13,2.05,5,0.8,56.8,Moderate
EMP_00534,Data Science,Democratic,3.93,4.16,2.66,4.15,2.95,2,2.5,48.7,Moderate
EMP_00535,Sales,Supportive,3.83,3.19,2.7,4.74,3.07,4,1.0,52.3,Moderate
EMP_00536,Data Science,Democratic,3.66,3.93,3.71,3.24,3.68,4,1.0,34.9,Low
EMP_00537,Sales,Autocratic/Micromanagement,3.82,3.46,2.75,2.97,2.17,1,7.2,44.0,Low
EMP_00538,Marketing,Autocratic/Micromanagement,3.59,4.48,2.01,2.73,2.95,3,10.9,41.8,Low
EMP_00539,HR,Supportive,3.78,3.75,2.94,3.46,1.77,5,7.3,56.8,Moderate
EMP_00540,Marketing,Autocratic/Micromanagement,3.77,4.3,4.12,3.23,2.76,1,0.8,47.5,Moderate
EMP_00541,HR,Democratic,3.13,4.21,2.32,3.41,2.61,4,6.3,41.6,Low
EMP_00542,Data Science,Autocratic/Micromanagement,2.92,3.87,2.96,3.53,2.73,1,5.2,41.3,Low
EMP_00543,Product Management,Supportive,1.96,3.23,2.71,2.48,3.45,4,5.9,40.3,Low
EMP_00544,Sales,Supportive,3.23,3.82,1.87,4.13,1.94,4,4.2,40.9,Low
EMP_00545,Engineering,Democratic,4.64,4.12,3.29,3.61,1.63,1,2.4,44.5,Low
EMP_00546,Product Management,Democratic,3.65,3.83,3.82,4.27,1.66,4,6.4,53.8,Moderate
EMP_00547,Sales,Democratic,3.22,4.17,3.6,3.58,3.22,3,3.0,39.2,Low
EMP_00548,Engineering,Supportive,3.69,4.56,4.4,3.66,2.56,3,0.6,64.7,Moderate
EMP_00549,Engineering,Supportive,2.99,3.63,2.51,3.67,1.65,4,4.0,51.1,Moderate
EMP_00550,Marketing,Supportive,2.55,4.78,2.98,3.33,2.34,2,3.7,52.4,Moderate
EMP_00551,Data Science,Democratic,3.16,4.18,3.99,3.25,1.17,4,6.6,52.7,Moderate
EMP_00552,Data Science,Democratic,3.75,3.64,2.79,5.0,2.43,5,4.4,39.2,Low
EMP_00553,Marketing,Autocratic/Micromanagement,2.79,2.96,2.82,3.24,3.67,5,0.5,38.6,Low
EMP_00554,Product Management,Supportive,3.64,3.3,1.41,4.75,3.24,4,4.2,46.8,Moderate
EMP_00555,Marketing,Democratic,4.3,4.56,4.05,3.46,2.02,3,3.6,41.5,Low
EMP_00556,HR,Autocratic/Micromanagement,4.26,4.49,3.33,2.46,2.99,4,8.8,9.2,Low
EMP_00557,Product Management,Supportive,3.17,3.96,1.86,3.15,2.33,1,4.4,55.1,Moderate
EMP_00558,Engineering,Democratic,3.34,4.63,3.86,2.78,3.8,2,1.3,49.6,Moderate
EMP_00559,Sales,Supportive,3.03,3.82,3.51,3.44,2.15,2,5.2,52.7,Moderate
EMP_00560,Marketing,Supportive,3.34,3.36,2.27,3.12,1.74,4,2.0,57.1,Moderate
EMP_00561,Engineering,Supportive,1.75,4.18,2.83,4.23,2.44,1,12.7,51.4,Moderate
EMP_00562,Product Management,Supportive,4.8,4.69,3.46,3.55,2.11,1,3.4,40.7,Low
EMP_00563,Marketing,Democratic,3.66,3.2,3.91,2.95,1.99,4,2.9,51.2,Moderate
EMP_00564,HR,Autocratic/Micromanagement,4.52,3.92,3.31,3.76,1.24,2,4.6,27.5,Low
EMP_00565,Engineering,Supportive,3.39,3.45,2.41,3.92,1.92,1,0.5,57.8,Moderate
EMP_00566,Marketing,Supportive,3.74,2.78,2.16,3.72,1.04,2,1.3,63.9,Moderate
EMP_00567,Sales,Supportive,5.0,3.0,3.64,2.94,2.49,4,0.5,53.4,Moderate
EMP_00568,Product Management,Democratic,3.91,4.99,3.87,3.49,2.62,4,10.2,39.8,Low
EMP_00569,Sales,Autocratic/Micromanagement,3.77,3.67,3.23,2.68,2.89,4,2.2,40.7,Low
EMP_00570,Engineering,Democratic,4.15,4.66,2.71,3.41,2.62,4,1.4,54.2,Moderate
EMP_00571,Sales,Democratic,3.43,4.49,3.98,2.3,3.81,2,2.3,28.4,Low
EMP_00572,Engineering,Autocratic/Micromanagement,3.46,4.63,2.91,3.12,2.69,4,0.7,57.9,Moderate
EMP_00573,Marketing,Supportive,3.33,4.07,3.54,3.75,3.12,3,7.7,45.3,Moderate
EMP_00574,Marketing,Supportive,3.25,3.76,3.51,3.33,1.73,4,7.5,62.4,Moderate
EMP_00575,Data Science,Autocratic/Micromanagement,3.3,4.18,2.34,3.13,2.5,3,4.5,44.7,Low
EMP_00576,Data Science,Autocratic/Micromanagement,3.83,4.59,2.6,4.12,4.13,5,15.0,51.9,Moderate
EMP_00577,Sales,Democratic,4.17,3.69,2.78,3.44,1.65,3,8.3,51.1,Moderate
EMP_00578,Data Science,Autocratic/Micromanagement,3.56,4.59,2.43,3.97,2.38,4,0.6,59.2,Moderate
EMP_00579,Engineering,Democratic,3.19,3.9,3.41,3.47,4.27,4,1.4,41.8,Low
EMP_00580,Sales,Supportive,3.8,5.0,2.1,4.5,1.57,5,1.9,36.1,Low
EMP_00581,Data Science,Supportive,3.97,3.36,1.74,3.89,2.76,3,4.9,49.6,Moderate
EMP_00582,Data Science,Democratic,3.35,4.11,4.51,3.96,1.89,3,1.9,49.1,Moderate
EMP_00583,Marketing,Democratic,3.56,3.61,2.02,4.69,1.0,3,2.3,53.3,Moderate
EMP_00584,Data Science,Autocratic/Micromanagement,3.98,3.81,4.05,4.71,3.44,3,3.1,35.7,Low
EMP_00585,Marketing,Supportive,3.71,3.85,2.17,4.28,2.3,5,1.9,51.9,Moderate
EMP_00586,Sales,Supportive,3.7,3.89,1.73,3.87,2.66,2,9.6,35.4,Low
EMP_00587,Engineering,Supportive,4.31,3.23,3.46,3.4,3.21,4,9.2,41.2,Low
EMP_00588,HR,Democratic,3.68,3.72,2.85,3.19,2.54,3,4.7,43.6,Low
EMP_00589,Sales,Democratic,3.64,3.33,4.47,3.62,2.34,4,2.6,53.5,Moderate
EMP_00590,Marketing,Democratic,3.59,4.25,5.0,3.58,3.68,2,3.3,42.6,Low
EMP_00591,Sales,Autocratic/Micromanagement,4.6,3.79,3.39,4.24,3.79,4,1.6,8.7,Low
EMP_00592,Engineering,Democratic,4.54,3.71,3.17,3.78,2.61,4,4.5,44.1,Low
EMP_00593,Data Science,Supportive,3.9,3.9,3.88,3.51,1.59,4,6.5,53.4,Moderate
EMP_00594,Engineering,Autocratic/Micromanagement,3.55,4.11,3.13,3.17,2.21,4,1.9,52.9,Moderate
EMP_00595,HR,Democratic,4.07,3.59,2.65,3.33,2.03,1,0.5,47.9,Moderate
EMP_00596,Sales,Democratic,2.68,3.93,3.0,3.53,2.72,4,0.7,43.5,Low
EMP_00597,Engineering,Autocratic/Micromanagement,3.54,3.89,2.63,3.42,2.37,5,4.8,40.5,Low
EMP_00598,HR,Democratic,4.22,4.89,3.52,3.19,1.75,4,5.8,45.6,Moderate
EMP_00599,Data Science,Autocratic/Micromanagement,4.23,4.12,3.67,2.98,1.0,4,4.0,37.4,Low
EMP_00600,Product Management,Supportive,3.1,4.58,3.84,2.64,3.38,3,0.5,46.8,Moderate
EMP_00601,Data Science,Democratic,3.05,4.02,1.87,3.83,3.67,5,3.3,32.2,Low
EMP_00602,Product Management,Supportive,4.26,3.83,3.16,3.32,1.0,3,1.2,54.9,Moderate
EMP_00603,Engineering,Supportive,3.24,2.86,2.85,3.05,2.14,4,8.1,49.3,Moderate
EMP_00604,Engineering,Supportive,3.57,4.13,3.44,3.94,2.36,3,1.5,47.5,Moderate
EMP_00605,Sales,Autocratic/Micromanagement,3.45,4.95,4.3,3.37,3.55,1,1.4,50.0,Moderate
EMP_00606,HR,Autocratic/Micromanagement,2.92,3.63,2.47,4.56,2.6,5,0.9,43.0,Low
EMP_00607,Engineering,Supportive,3.77,4.16,3.65,3.84,2.09,2,2.4,48.5,Moderate
EMP_00608,Data Science,Supportive,3.87,3.66,2.15,3.99,2.76,1,3.8,45.7,Moderate
EMP_00609,Engineering,Democratic,3.14,3.86,2.92,4.26,1.0,2,2.2,47.1,Moderate
EMP_00610,Engineering,Democratic,4.76,3.76,2.53,3.19,2.14,3,7.6,45.8,Moderate
EMP_00611,Engineering,Supportive,4.04,3.76,3.41,3.87,3.58,5,1.5,30.1,Low
EMP_00612,Engineering,Supportive,4.06,3.99,3.05,3.77,1.53,2,4.9,60.5,Moderate
EMP_00613,Engineering,Autocratic/Micromanagement,3.59,3.94,2.06,3.44,2.78,3,20.0,42.6,Low
EMP_00614,Sales,Autocratic/Micromanagement,3.47,2.81,4.24,3.69,1.47,5,4.4,70.3,Moderate
EMP_00615,Sales,Democratic,3.46,3.63,3.14,3.41,2.67,4,6.4,47.8,Moderate
EMP_00616,Marketing,Supportive,3.88,4.38,3.81,4.77,3.33,5,0.6,41.4,Low
EMP_00617,Engineering,Democratic,3.28,2.93,3.74,3.23,2.28,5,14.4,40.9,Low
EMP_00618,HR,Supportive,3.33,4.15,2.94,3.5,2.29,5,3.1,47.8,Moderate
EMP_00619,Engineering,Autocratic/Micromanagement,3.59,3.98,2.44,3.58,3.99,5,7.5,37.7,Low
EMP_00620,Marketing,Democratic,3.59,3.7,3.58,3.35,1.28,5,5.0,48.4,Moderate
EMP_00621,Product Management,Autocratic/Micromanagement,4.06,4.62,1.12,4.19,3.45,2,2.2,15.7,Low
EMP_00622,Marketing,Supportive,3.41,3.81,3.61,4.07,2.57,1,10.2,52.9,Moderate
EMP_00623,Data Science,Supportive,5.0,4.58,2.34,2.8,2.46,1,7.7,66.5,Moderate
EMP_00624,Data Science,Democratic,3.66,4.16,3.51,3.37,2.94,5,1.9,34.6,Low
EMP_00625,Marketing,Supportive,4.25,4.04,2.11,3.47,1.95,4,0.5,50.1,Moderate
EMP_00626,Sales,Democratic,3.73,4.2,2.65,3.65,1.91,3,10.8,46.4,Moderate
EMP_00627,HR,Supportive,5.0,3.68,2.2,5.0,2.39,3,1.8,50.9,Moderate
EMP_00628,Product Management,Democratic,4.25,3.83,3.11,3.72,3.1,3,5.1,39.5,Low
EMP_00629,Sales,Supportive,3.02,3.76,2.35,3.42,3.24,5,0.5,28.6,Low
EMP_00630,HR,Democratic,4.47,4.56,3.09,2.9,2.59,4,2.1,43.8,Low
EMP_00631,Engineering,Democratic,3.51,4.19,1.98,3.65,2.16,3,3.1,47.3,Moderate
EMP_00632,Engineering,Autocratic/Micromanagement,3.32,4.3,3.05,3.53,1.74,4,0.5,58.6,Moderate
EMP_00633,Engineering,Democratic,2.32,4.51,4.45,3.34,1.94,4,3.7,61.4,Moderate
EMP_00634,Data Science,Democratic,3.57,3.37,2.43,4.32,1.29,5,1.4,43.9,Low
EMP_00635,Data Science,Democratic,3.94,4.55,2.7,3.14,2.66,5,11.5,58.8,Moderate
EMP_00636,Sales,Democratic,4.3,3.11,3.41,3.53,2.33,5,2.2,57.3,Moderate
EMP_00637,Data Science,Supportive,3.26,4.82,3.07,2.81,2.0,2,3.0,64.1,Moderate
EMP_00638,HR,Supportive,3.67,4.12,2.75,3.35,1.98,5,7.2,63.5,Moderate
EMP_00639,Engineering,Democratic,2.58,4.1,3.44,4.12,2.04,2,4.5,39.7,Low
EMP_00640,Product Management,Supportive,2.76,3.48,3.62,2.23,3.39,1,6.7,43.1,Low
EMP_00641,Data Science,Democratic,4.32,4.67,1.75,2.81,2.9,3,5.9,54.0,Moderate
EMP_00642,Engineering,Democratic,4.47,3.87,3.34,2.96,2.44,3,1.1,40.3,Low
EMP_00643,HR,Democratic,4.11,3.65,3.87,4.55,2.53,2,6.9,34.6,Low
EMP_00644,Sales,Supportive,3.36,4.23,3.95,3.21,2.59,2,3.3,50.6,Moderate
EMP_00645,Marketing,Democratic,4.46,3.73,3.06,2.62,2.78,4,6.7,39.4,Low
EMP_00646,Data Science,Autocratic/Micromanagement,3.07,4.75,2.45,2.82,2.77,5,2.7,52.3,Moderate
EMP_00647,Marketing,Democratic,3.03,3.62,3.19,3.42,1.81,3,2.1,44.9,Low
EMP_00648,Data Science,Supportive,4.29,3.47,2.89,3.87,2.13,3,1.0,55.0,Moderate
EMP_00649,Sales,Supportive,3.97,3.77,3.66,4.14,5.0,4,1.5,36.2,Low
EMP_00650,Sales,Democratic,3.7,3.48,2.74,4.67,2.66,3,9.4,38.6,Low
EMP_00651,Data Science,Democratic,2.67,4.6,3.53,3.48,2.81,4,6.6,53.6,Moderate
EMP_00652,Product Management,Supportive,4.52,3.28,2.54,3.62,2.14,2,8.2,52.9,Moderate
EMP_00653,Product Management,Democratic,4.47,3.2,4.37,4.69,2.82,2,20.0,40.3,Low
EMP_00654,Product Management,Supportive,3.19,4.46,3.65,3.64,2.74,3,9.2,49.5,Moderate
EMP_00655,Sales,Autocratic/Micromanagement,3.88,3.95,2.51,2.68,2.53,3,10.4,37.9,Low
EMP_00656,Marketing,Autocratic/Micromanagement,3.42,4.21,4.23,3.88,2.84,4,1.6,39.9,Low
EMP_00657,Data Science,Democratic,3.61,4.06,2.66,4.72,2.27,1,0.5,41.4,Low
EMP_00658,Engineering,Democratic,4.59,3.74,2.98,4.99,1.06,4,0.9,49.2,Moderate
EMP_00659,Data Science,Democratic,2.92,4.27,3.12,3.46,1.39,5,8.1,59.8,Moderate
EMP_00660,Data Science,Democratic,4.68,4.56,4.03,3.55,2.76,2,2.7,56.3,Moderate
EMP_00661,Sales,Autocratic/Micromanagement,3.84,3.85,2.44,3.87,1.28,4,9.2,37.7,Low
EMP_00662,HR,Supportive,3.92,2.92,2.63,3.15,2.88,5,4.2,50.8,Moderate
EMP_00663,Product Management,Supportive,2.41,3.63,3.16,3.27,1.84,5,6.2,58.9,Moderate
EMP_00664,Engineering,Democratic,3.49,3.75,2.82,4.13,1.41,2,1.7,58.4,Moderate
EMP_00665,Marketing,Supportive,2.96,4.31,2.17,3.27,3.84,3,0.5,39.7,Low
EMP_00666,Engineering,Supportive,3.8,4.98,3.73,3.77,2.57,5,0.9,60.3,Moderate
EMP_00667,Engineering,Democratic,3.38,3.54,2.45,3.88,2.05,5,7.5,42.8,Low
EMP_00668,Product Management,Democratic,3.99,3.71,2.7,4.24,3.03,4,2.5,40.6,Low
EMP_00669,Engineering,Democratic,2.84,3.69,3.34,3.88,1.0,4,5.2,52.1,Moderate
EMP_00670,Engineering,Supportive,3.4,4.03,2.72,4.51,4.17,4,0.5,38.2,Low
EMP_00671,Sales,Supportive,4.15,4.0,3.29,3.39,2.39,4,5.8,47.4,Moderate
EMP_00672,Engineering,Supportive,3.26,4.05,2.55,2.9,2.38,5,0.5,52.6,Moderate
EMP_00673,HR,Supportive,3.92,3.77,4.66,3.64,3.35,5,3.0,36.2,Low
EMP_00674,Sales,Democratic,3.14,3.96,3.18,2.83,4.03,4,3.1,39.2,Low
EMP_00675,Sales,Supportive,4.09,4.42,4.93,4.36,4.16,5,4.2,62.9,Moderate
EMP_00676,Data Science,Democratic,4.26,4.1,2.0,3.1,2.09,3,1.7,43.1,Low
EMP_00677,Sales,Democratic,3.93,3.36,2.93,3.79,2.16,3,1.9,42.9,Low
EMP_00678,Sales,Supportive,3.82,3.77,2.62,3.45,3.44,4,0.5,47.5,Moderate
EMP_00679,Sales,Supportive,3.93,4.27,3.07,4.05,2.13,5,0.6,49.7,Moderate
EMP_00680,Product Management,Democratic,4.14,3.08,3.56,4.46,2.27,3,15.0,43.4,Low
EMP_00681,Data Science,Autocratic/Micromanagement,4.22,3.56,4.14,4.26,2.25,4,2.4,33.6,Low
EMP_00682,Sales,Supportive,3.82,2.88,3.6,3.21,2.93,1,2.6,47.5,Moderate
EMP_00683,Data Science,Supportive,3.2,3.77,2.67,2.63,3.86,4,3.9,41.2,Low
EMP_00684,Engineering,Democratic,4.16,4.52,4.59,4.15,2.78,3,4.5,47.6,Moderate
EMP_00685,Data Science,Democratic,3.82,4.67,3.25,3.25,2.73,3,0.7,60.8,Moderate
EMP_00686,Data Science,Supportive,4.78,3.97,2.0,3.18,4.17,4,20.0,46.2,Moderate
EMP_00687,Engineering,Democratic,2.7,4.85,3.1,3.85,3.11,4,2.9,61.4,Moderate
EMP_00688,Data Science,Democratic,4.12,3.53,1.8,4.43,1.98,4,3.1,45.3,Moderate
EMP_00689,Engineering,Democratic,3.07,4.63,2.88,4.46,2.18,3,2.6,68.7,Moderate
EMP_00690,Sales,Autocratic/Micromanagement,3.98,3.78,2.14,3.84,2.11,4,1.6,28.1,Low
EMP_00691,Engineering,Autocratic/Micromanagement,2.84,3.15,2.73,3.29,2.07,4,1.4,41.3,Low
EMP_00692,Sales,Supportive,4.39,3.57,3.57,4.29,2.03,2,1.4,53.4,Moderate
EMP_00693,Data Science,Democratic,2.05,4.71,4.04,4.51,3.56,3,15.1,48.8,Moderate
EMP_00694,Engineering,Supportive,3.5,4.37,3.99,2.82,2.8,4,3.5,60.9,Moderate
EMP_00695,Marketing,Supportive,3.02,4.94,3.32,2.87,3.19,1,1.5,46.8,Moderate
EMP_00696,Engineering,Democratic,3.38,4.47,1.86,5.0,2.72,4,8.8,51.1,Moderate
EMP_00697,Engineering,Democratic,4.21,4.04,3.79,3.96,3.15,3,15.7,37.2,Low
EMP_00698,Engineering,Supportive,3.31,4.42,2.7,4.3,3.35,5,2.1,63.5,Moderate
EMP_00699,Engineering,Autocratic/Micromanagement,2.97,3.69,4.31,3.94,2.08,5,4.2,46.2,Moderate
EMP_00700,Engineering,Supportive,3.75,3.59,4.5,2.62,2.79,2,10.1,49.3,Moderate
EMP_00701,Engineering,Democratic,3.98,4.03,3.5,3.52,1.32,2,5.8,39.4,Low
EMP_00702,Marketing,Democratic,3.94,4.17,2.75,3.14,2.43,3,0.5,45.6,Moderate
EMP_00703,Engineering,Democratic,3.23,4.38,3.24,3.38,3.31,3,0.9,50.3,Moderate
EMP_00704,Product Management,Democratic,4.4,3.51,3.49,4.18,2.22,4,1.3,53.4,Moderate
EMP_00705,Sales,Supportive,4.49,3.74,3.47,3.19,3.42,3,6.8,36.3,Low
EMP_00706,Data Science,Supportive,3.98,4.3,3.7,4.3,1.68,5,0.8,65.7,Moderate
EMP_00707,HR,Democratic,4.28,4.3,2.63,3.2,3.49,4,1.6,41.3,Low
EMP_00708,Data Science,Supportive,3.84,4.2,2.81,3.84,2.52,4,16.7,67.2,Moderate
EMP_00709,Sales,Democratic,2.47,4.7,3.98,4.9,1.39,3,0.5,39.6,Low
EMP_00710,Sales,Supportive,3.51,3.92,3.89,3.01,2.56,3,4.7,47.5,Moderate
EMP_00711,HR,Supportive,4.53,2.95,2.59,3.59,2.92,3,0.5,42.9,Low
EMP_00712,Engineering,Supportive,4.63,4.23,3.44,4.04,1.83,5,3.0,63.4,Moderate
EMP_00713,Product Management,Democratic,4.47,3.81,2.86,3.25,2.67,5,0.5,39.7,Low
EMP_00714,Engineering,Autocratic/Micromanagement,3.64,4.57,3.07,3.73,2.49,1,0.5,53.2,Moderate
EMP_00715,Data Science,Democratic,4.34,3.89,2.95,3.33,2.48,5,0.5,37.3,Low
EMP_00716,Sales,Supportive,3.35,4.25,3.71,3.61,2.09,1,0.5,51.7,Moderate
EMP_00717,Sales,Supportive,3.87,3.92,4.09,4.14,2.04,3,14.7,66.0,Moderate
EMP_00718,Sales,Supportive,4.62,3.95,2.85,3.05,1.47,3,12.9,55.2,Moderate
EMP_00719,Engineering,Democratic,3.43,4.1,3.06,4.22,3.25,5,3.6,37.6,Low
EMP_00720,Sales,Democratic,3.94,3.37,2.35,4.34,3.67,4,3.2,22.5,Low
EMP_00721,Data Science,Supportive,3.48,3.44,2.35,3.71,2.49,5,7.5,43.9,Low
EMP_00722,HR,Supportive,5.0,3.8,3.51,5.0,1.0,5,2.2,58.2,Moderate
EMP_00723,Sales,Supportive,4.62,3.7,2.41,4.62,1.9,4,3.9,42.7,Low
EMP_00724,Marketing,Supportive,4.6,4.02,3.71,3.3,2.5,4,2.7,58.2,Moderate
EMP_00725,Sales,Autocratic/Micromanagement,3.23,3.86,3.35,3.65,3.28,3,3.2,42.7,Low
EMP_00726,Sales,Democratic,4.09,4.11,4.33,3.7,2.59,4,1.2,54.6,Moderate
EMP_00727,Data Science,Democratic,4.63,3.59,2.58,2.84,1.8,4,0.8,50.4,Moderate
EMP_00728,HR,Autocratic/Micromanagement,3.67,4.11,3.58,3.73,1.13,3,7.3,50.1,Moderate
EMP_00729,Product Management,Autocratic/Micromanagement,3.53,4.02,3.45,3.66,1.0,4,7.8,52.9,Moderate
EMP_00730,Marketing,Democratic,2.64,4.38,3.35,3.29,1.87,4,15.6,48.5,Moderate
EMP_00731,Engineering,Autocratic/Micromanagement,3.96,3.82,3.32,3.92,2.37,3,15.8,42.1,Low
EMP_00732,Data Science,Democratic,4.8,3.9,3.11,3.55,2.12,2,1.4,40.0,Low
EMP_00733,Sales,Supportive,3.55,3.7,3.89,3.69,2.37,4,7.0,50.5,Moderate
EMP_00734,Marketing,Autocratic/Micromanagement,3.17,3.7,4.3,3.38,3.64,2,1.8,38.8,Low
EMP_00735,Marketing,Supportive,4.35,3.96,3.67,3.72,3.38,5,9.9,47.3,Moderate
EMP_00736,Sales,Autocratic/Micromanagement,4.47,5.0,3.33,3.31,2.64,4,3.3,30.6,Low
EMP_00737,Sales,Democratic,4.43,3.48,2.8,4.11,3.99,4,0.5,33.5,Low
EMP_00738,Sales,Democratic,3.8,3.53,2.83,3.9,4.22,4,7.5,33.8,Low
EMP_00739,Sales,Supportive,2.88,3.1,3.3,3.69,2.35,3,1.0,47.3,Moderate
EMP_00740,Engineering,Democratic,4.44,3.8,3.39,2.38,2.21,5,1.7,37.9,Low
EMP_00741,Data Science,Supportive,3.15,3.32,3.8,3.95,1.38,4,11.2,64.5,Moderate
EMP_00742,HR,Supportive,3.83,4.37,4.36,3.31,3.32,5,1.9,44.4,Low
EMP_00743,HR,Democratic,3.83,4.32,3.07,2.92,1.54,4,2.1,52.5,Moderate
EMP_00744,Product Management,Democratic,3.75,4.3,2.36,3.71,1.25,3,7.3,54.9,Moderate
EMP_00745,Data Science,Supportive,3.45,3.57,2.9,3.13,1.7,5,7.0,55.1,Moderate
EMP_00746,Data Science,Supportive,3.18,3.59,3.81,2.32,2.35,4,4.3,55.2,Moderate
EMP_00747,Engineering,Autocratic/Micromanagement,3.56,3.25,3.52,3.54,1.3,4,2.3,46.2,Moderate
EMP_00748,Product Management,Democratic,3.19,3.59,2.13,4.24,2.76,3,9.9,45.8,Moderate
EMP_00749,Product Management,Supportive,3.83,4.4,3.36,3.8,2.43,4,9.3,57.1,Moderate
EMP_00750,Engineering,Supportive,3.83,3.84,3.57,3.98,2.91,5,0.6,51.3,Moderate
EMP_00751,Engineering,Autocratic/Micromanagement,4.06,3.01,3.5,4.55,3.25,5,4.1,20.4,Low
EMP_00752,Engineering,Autocratic/Micromanagement,3.36,4.4,3.11,3.51,1.97,4,9.8,59.8,Moderate
EMP_00753,Data Science,Supportive,4.04,4.64,2.77,3.8,2.49,4,8.9,71.4,Moderate
EMP_00754,Product Management,Supportive,4.14,2.96,3.89,4.16,1.8,2,6.3,46.5,Moderate
EMP_00755,Engineering,Democratic,3.88,3.31,3.21,2.22,3.22,3,5.4,38.4,Low
EMP_00756,Product Management,Autocratic/Micromanagement,2.91,5.0,3.76,3.7,1.82,3,4.7,40.6,Low
EMP_00757,HR,Autocratic/Micromanagement,3.34,3.58,2.68,2.81,1.58,3,20.0,41.7,Low
EMP_00758,Data Science,Supportive,3.28,3.42,3.35,2.26,1.69,3,4.9,58.4,Moderate
EMP_00759,Product Management,Autocratic/Micromanagement,2.72,5.0,2.89,2.6,1.0,3,1.7,44.7,Low
EMP_00760,Sales,Supportive,3.85,3.71,2.79,3.16,2.34,4,4.4,47.0,Moderate
EMP_00761,Sales,Autocratic/Micromanagement,4.1,4.27,3.18,3.36,2.32,5,1.6,30.2,Low
EMP_00762,Sales,Democratic,3.29,3.67,2.32,3.6,1.51,2,0.7,32.8,Low
EMP_00763,Marketing,Democratic,4.87,3.25,2.53,3.81,3.43,3,0.5,41.9,Low
EMP_00764,Product Management,Supportive,3.5,3.84,3.11,3.18,3.31,5,0.5,44.8,Low
EMP_00765,Marketing,Supportive,4.26,3.96,3.0,3.96,3.61,4,1.9,44.8,Low
EMP_00766,Engineering,Supportive,3.1,3.93,2.03,4.05,2.11,3,0.5,49.5,Moderate
EMP_00767,Sales,Supportive,3.14,4.59,2.83,4.1,2.19,3,2.2,45.0,Moderate
EMP_00768,Engineering,Democratic,3.16,3.95,3.31,2.45,4.75,4,0.7,27.5,Low
EMP_00769,Sales,Supportive,3.61,3.93,1.89,3.24,3.28,5,9.9,34.5,Low
EMP_00770,Data Science,Supportive,4.06,3.57,2.75,2.63,1.88,1,1.4,51.5,Moderate
EMP_00771,Data Science,Democratic,4.82,4.47,3.0,3.19,2.6,5,1.3,60.1,Moderate
EMP_00772,Marketing,Supportive,3.71,4.67,2.94,3.79,2.31,1,3.1,49.5,Moderate
EMP_00773,Engineering,Supportive,3.35,4.45,2.99,3.72,3.17,2,13.2,69.5,Moderate
EMP_00774,Data Science,Supportive,3.99,2.85,3.78,3.14,2.22,4,6.2,49.4,Moderate
EMP_00775,Marketing,Supportive,3.74,4.29,3.46,3.91,3.16,4,5.6,46.8,Moderate
EMP_00776,Marketing,Democratic,3.98,3.36,4.22,4.31,3.26,4,1.8,46.8,Moderate
EMP_00777,Data Science,Supportive,3.41,3.76,2.65,4.69,3.38,3,20.0,44.8,Low
EMP_00778,Sales,Supportive,3.23,3.41,3.61,5.0,2.82,2,5.2,47.8,Moderate
EMP_00779,Sales,Democratic,3.52,4.26,3.67,4.68,2.09,3,0.5,46.4,Moderate
EMP_00780,Marketing,Supportive,5.0,3.62,3.52,3.71,1.75,1,12.5,50.6,Moderate
EMP_00781,Sales,Democratic,3.57,3.49,1.8,2.94,1.62,3,4.4,31.1,Low
EMP_00782,Sales,Democratic,4.88,3.67,3.33,3.65,2.8,4,1.0,38.6,Low
EMP_00783,HR,Supportive,3.55,4.18,2.57,3.09,1.66,4,5.0,58.2,Moderate
EMP_00784,Engineering,Supportive,2.33,3.46,3.46,3.54,2.39,5,2.9,54.8,Moderate
EMP_00785,HR,Autocratic/Micromanagement,3.87,3.47,3.06,3.55,4.42,5,3.1,28.4,Low
EMP_00786,Engineering,Supportive,4.15,3.22,3.54,3.75,3.41,3,0.5,44.4,Low
EMP_00787,Engineering,Democratic,3.98,2.95,3.32,2.72,2.78,3,1.7,43.5,Low
EMP_00788,Engineering,Autocratic/Micromanagement,4.08,3.55,2.34,3.38,4.1,5,5.5,14.1,Low
EMP_00789,Engineering,Supportive,3.62,4.38,3.01,3.02,3.34,3,2.5,51.4,Moderate
EMP_00790,Engineering,Autocratic/Micromanagement,4.44,4.04,3.17,5.0,3.2,2,2.3,19.8,Low
EMP_00791,Sales,Democratic,3.71,3.82,3.88,2.85,1.43,3,2.9,50.5,Moderate
EMP_00792,Marketing,Supportive,3.4,4.74,3.16,3.98,1.0,4,8.8,62.0,Moderate
EMP_00793,Marketing,Supportive,3.57,4.03,2.79,4.82,2.35,3,4.0,50.3,Moderate
EMP_00794,Marketing,Supportive,3.15,3.56,3.15,3.08,2.74,4,0.5,53.8,Moderate
EMP_00795,Sales,Democratic,3.71,4.05,2.95,3.49,3.31,5,6.6,32.6,Low
EMP_00796,Sales,Democratic,1.74,3.51,4.08,3.87,2.23,3,5.2,57.9,Moderate
EMP_00797,Marketing,Democratic,3.98,3.37,2.48,4.04,1.82,2,7.2,52.0,Moderate
EMP_00798,Marketing,Supportive,3.65,4.13,2.9,3.95,1.0,3,3.2,55.1,Moderate
EMP_00799,Sales,Autocratic/Micromanagement,4.69,3.44,1.35,5.0,2.66,4,4.1,4.9,Low
EMP_00800,Marketing,Supportive,3.64,3.5,2.67,3.53,1.45,2,1.6,60.8,Moderate
EMP_00801,Marketing,Autocratic/Micromanagement,3.18,4.27,3.47,2.36,2.51,5,5.1,42.1,Low
EMP_00802,Data Science,Democratic,3.67,4.4,1.88,3.61,3.69,1,1.7,52.5,Moderate
EMP_00803,Marketing,Democratic,3.87,3.47,2.11,3.73,3.07,4,2.4,44.8,Low
EMP_00804,Sales,Democratic,2.88,4.19,4.19,4.35,2.57,3,4.9,48.6,Moderate
EMP_00805,Sales,Supportive,3.04,3.92,3.55,3.66,3.18,5,2.3,47.0,Moderate
EMP_00806,Sales,Autocratic/Micromanagement,4.23,4.38,1.0,4.6,1.8,4,12.1,12.8,Low
EMP_00807,Sales,Supportive,3.96,4.26,2.52,2.85,2.22,4,1.3,53.0,Moderate
EMP_00808,Product Management,Democratic,4.56,3.74,4.16,4.16,3.91,5,0.5,39.6,Low
EMP_00809,Marketing,Democratic,3.23,3.76,2.05,3.8,3.21,5,1.5,36.6,Low
EMP_00810,Marketing,Supportive,4.11,3.32,2.66,4.66,1.0,3,3.5,58.6,Moderate
EMP_00811,Marketing,Autocratic/Micromanagement,3.77,5.0,2.88,3.63,3.33,5,20.0,39.8,Low
EMP_00812,Marketing,Supportive,3.66,3.91,4.0,3.35,2.84,3,2.7,53.9,Moderate
EMP_00813,Engineering,Democratic,3.69,3.38,2.9,3.75,2.18,1,7.9,44.2,Low
EMP_00814,Data Science,Supportive,3.33,3.17,2.47,3.37,1.14,5,1.9,61.6,Moderate
EMP_00815,Marketing,Autocratic/Micromanagement,4.35,3.66,2.83,3.72,3.54,3,7.8,16.9,Low
EMP_00816,Engineering,Supportive,3.2,3.79,3.4,3.06,2.54,4,1.7,51.5,Moderate
EMP_00817,Engineering,Supportive,4.12,3.16,3.59,4.49,2.0,3,1.0,48.5,Moderate
EMP_00818,Product Management,Supportive,4.59,3.78,2.47,4.61,2.53,4,7.2,44.9,Low
EMP_00819,Sales,Democratic,3.06,3.81,3.55,2.89,2.81,5,7.1,40.2,Low
EMP_00820,Data Science,Supportive,3.46,4.73,2.45,3.93,3.17,3,0.5,52.0,Moderate
EMP_00821,Engineering,Supportive,2.95,4.88,2.94,2.71,4.77,4,0.8,48.3,Moderate
EMP_00822,Engineering,Autocratic/Micromanagement,3.68,4.3,3.3,3.53,2.73,2,0.5,50.2,Moderate
EMP_00823,Data Science,Democratic,4.48,4.94,2.72,2.83,2.97,4,8.8,62.5,Moderate
EMP_00824,Product Management,Autocratic/Micromanagement,3.5,4.1,4.49,3.84,1.32,4,1.8,48.6,Moderate
EMP_00825,Product Management,Supportive,3.56,3.83,3.6,2.65,3.62,3,5.7,46.0,Moderate
EMP_00826,Sales,Democratic,4.41,3.99,2.24,3.72,3.37,2,0.8,17.4,Low
EMP_00827,Sales,Supportive,3.51,3.52,3.24,3.15,2.69,3,0.7,50.2,Moderate
EMP_00828,Engineering,Democratic,4.39,4.16,2.89,4.72,1.9,2,7.7,45.9,Moderate
EMP_00829,Data Science,Democratic,3.37,4.13,3.08,3.64,1.61,4,3.2,49.9,Moderate
EMP_00830,Marketing,Supportive,3.49,3.57,2.9,3.82,2.28,3,0.6,47.8,Moderate
EMP_00831,Engineering,Supportive,4.25,2.92,3.54,4.66,3.36,4,7.7,43.2,Low
EMP_00832,Engineering,Supportive,5.0,3.82,3.46,3.22,2.18,2,16.8,52.4,Moderate
EMP_00833,Sales,Supportive,3.37,3.53,2.58,2.16,4.17,3,0.5,39.0,Low
EMP_00834,Sales,Democratic,4.52,3.34,2.18,3.27,2.46,4,5.4,32.6,Low
EMP_00835,HR,Supportive,3.38,3.12,3.69,3.83,1.85,5,11.1,54.9,Moderate
EMP_00836,Engineering,Supportive,3.37,3.75,3.72,3.42,3.27,3,6.0,43.7,Low
EMP_00837,Product Management,Supportive,4.41,2.99,3.33,2.86,2.16,2,3.0,43.9,Low
EMP_00838,Sales,Democratic,3.91,4.27,3.48,3.59,3.03,3,1.6,42.4,Low
EMP_00839,Data Science,Supportive,3.27,3.34,3.35,3.82,1.73,1,5.0,55.9,Moderate
EMP_00840,Engineering,Supportive,3.43,4.28,3.07,2.76,2.33,4,1.1,68.5,Moderate
EMP_00841,Engineering,Supportive,3.72,4.03,2.7,4.52,1.03,3,0.5,59.9,Moderate
EMP_00842,Sales,Supportive,3.53,4.59,3.82,3.24,3.7,5,1.8,42.5,Low
EMP_00843,HR,Supportive,4.19,3.82,1.6,4.14,3.24,4,1.4,56.5,Moderate
EMP_00844,Data Science,Democratic,3.59,3.73,1.99,3.97,3.4,4,5.8,35.3,Low
EMP_00845,Sales,Democratic,3.6,4.37,2.53,3.31,2.33,4,1.3,46.7,Moderate
EMP_00846,Sales,Supportive,2.98,3.63,2.7,4.24,2.95,4,4.1,48.9,Moderate
EMP_00847,Data Science,Democratic,3.65,4.4,2.52,3.98,3.62,4,1.3,57.0,Moderate
EMP_00848,Product Management,Democratic,3.96,3.28,1.77,3.22,3.63,5,8.4,35.6,Low
EMP_00849,Engineering,Supportive,3.29,4.0,3.73,4.67,1.29,3,1.5,49.3,Moderate
EMP_00850,Data Science,Supportive,3.78,3.75,2.94,4.03,3.69,4,3.5,49.2,Moderate
EMP_00851,Sales,Democratic,3.51,3.45,3.71,3.22,3.1,3,0.9,37.0,Low
EMP_00852,Product Management,Supportive,3.39,3.66,2.82,3.17,2.78,5,9.5,52.2,Moderate
EMP_00853,Product Management,Autocratic/Micromanagement,3.66,4.09,3.05,3.23,2.31,4,2.3,43.2,Low
EMP_00854,Sales,Democratic,4.46,3.45,2.02,4.2,1.14,5,0.5,37.2,Low
EMP_00855,Engineering,Democratic,3.55,4.25,3.1,4.18,1.87,4,13.1,67.2,Moderate
EMP_00856,Engineering,Supportive,3.61,3.71,2.97,3.97,1.0,3,1.2,51.8,Moderate
EMP_00857,Engineering,Supportive,3.59,3.9,4.43,3.35,1.26,3,3.8,55.2,Moderate
EMP_00858,Engineering,Democratic,3.2,3.27,2.49,4.08,1.71,3,3.2,46.1,Moderate
EMP_00859,Sales,Supportive,3.94,4.22,2.95,3.08,3.07,3,0.8,49.3,Moderate
EMP_00860,Engineering,Supportive,3.35,3.56,2.69,3.37,1.09,2,2.1,55.8,Moderate
EMP_00861,Marketing,Supportive,4.33,3.22,4.04,3.67,1.78,3,0.6,58.9,Moderate
EMP_00862,Engineering,Democratic,3.28,3.79,1.14,2.56,3.31,3,3.6,39.3,Low
EMP_00863,Marketing,Democratic,3.68,4.08,3.45,3.77,1.85,2,0.5,48.1,Moderate
EMP_00864,Marketing,Democratic,3.44,3.33,3.62,3.97,3.46,3,2.9,35.2,Low
EMP_00865,Data Science,Autocratic/Micromanagement,4.55,3.44,2.55,2.31,2.07,3,3.0,19.9,Low
EMP_00866,Marketing,Democratic,3.97,3.29,4.11,4.19,3.53,4,1.7,34.3,Low
EMP_00867,Sales,Supportive,3.09,4.0,3.46,3.64,1.53,4,3.5,54.7,Moderate
EMP_00868,Product Management,Autocratic/Micromanagement,4.41,4.62,2.78,4.74,1.0,5,0.5,34.0,Low
EMP_00869,Engineering,Autocratic/Micromanagement,4.74,4.09,3.22,3.05,2.77,5,0.9,26.9,Low
EMP_00870,Sales,Supportive,4.24,4.14,2.49,2.49,2.07,3,0.5,46.2,Moderate
EMP_00871,Data Science,Democratic,3.47,3.38,3.4,3.61,1.55,4,7.8,47.9,Moderate
EMP_00872,Sales,Supportive,3.04,4.3,2.62,3.42,2.47,4,6.9,48.0,Moderate
EMP_00873,Product Management,Democratic,3.84,3.3,4.04,3.88,2.04,4,1.3,43.3,Low
EMP_00874,Engineering,Supportive,4.74,2.92,1.81,3.54,1.97,5,0.5,44.9,Low
EMP_00875,Engineering,Democratic,3.62,4.08,1.94,2.94,2.85,5,2.2,42.2,Low
EMP_00876,Sales,Supportive,3.82,3.54,3.35,3.65,1.89,3,2.9,57.5,Moderate
EMP_00877,Marketing,Supportive,3.58,4.67,2.45,4.19,2.89,4,4.5,50.0,Moderate
EMP_00878,Sales,Supportive,4.37,4.18,2.31,3.09,2.51,4,2.2,36.6,Low
EMP_00879,Marketing,Autocratic/Micromanagement,3.3,5.0,2.57,3.94,1.67,2,0.5,47.1,Moderate
EMP_00880,Engineering,Democratic,4.01,3.05,3.76,3.46,1.5,3,0.5,42.0,Low
EMP_00881,Sales,Supportive,3.18,3.69,3.75,3.17,3.01,3,5.1,47.9,Moderate
EMP_00882,Engineering,Democratic,3.89,4.14,4.03,3.39,3.45,5,6.7,39.5,Low
EMP_00883,Sales,Democratic,3.27,3.82,2.86,2.49,3.02,3,1.1,41.0,Low
EMP_00884,Product Management,Autocratic/Micromanagement,3.77,4.23,2.91,3.66,2.13,4,3.9,42.0,Low
EMP_00885,Data Science,Supportive,4.37,4.84,3.07,2.24,2.34,4,4.6,68.7,Moderate
EMP_00886,Engineering,Democratic,4.24,3.4,2.35,3.33,2.78,3,7.8,41.0,Low
EMP_00887,Engineering,Democratic,3.39,3.72,3.08,2.9,3.35,4,1.0,34.2,Low
EMP_00888,Engineering,Autocratic/Micromanagement,2.69,3.83,1.66,4.19,2.65,5,2.0,39.0,Low
EMP_00889,HR,Democratic,2.85,3.07,2.47,5.0,2.39,1,4.5,43.3,Low
EMP_00890,HR,Democratic,3.59,5.0,3.94,3.07,1.43,3,0.5,41.8,Low
EMP_00891,Engineering,Supportive,3.93,3.25,2.66,4.25,2.0,4,6.2,54.7,Moderate
EMP_00892,Data Science,Supportive,3.0,4.19,2.93,2.81,2.15,4,0.6,41.3,Low
EMP_00893,Marketing,Autocratic/Micromanagement,4.58,4.52,3.7,4.24,2.93,3,7.5,17.1,Low
EMP_00894,Marketing,Supportive,4.4,3.9,4.04,3.76,2.07,3,2.6,57.8,Moderate
EMP_00895,Product Management,Supportive,2.7,3.64,3.46,3.2,2.11,3,5.0,60.0,Moderate
EMP_00896,Sales,Autocratic/Micromanagement,5.0,3.86,3.96,3.9,2.83,4,6.1,14.5,Low
EMP_00897,Sales,Supportive,4.36,4.3,4.5,2.41,1.0,4,2.4,76.2,High
EMP_00898,Sales,Democratic,2.99,4.31,2.33,3.6,2.23,5,0.5,22.6,Low
EMP_00899,Sales,Autocratic/Micromanagement,2.73,3.34,3.85,4.23,2.74,5,0.5,40.8,Low
EMP_00900,Product Management,Democratic,3.88,3.48,4.16,3.54,2.83,3,2.0,44.9,Low
EMP_00901,Data Science,Supportive,3.18,3.16,2.1,3.19,4.05,5,4.5,42.9,Low
EMP_00902,Engineering,Democratic,4.19,4.54,4.34,4.74,2.19,1,0.5,53.3,Moderate
EMP_00903,Engineering,Supportive,3.69,4.11,4.13,3.4,3.41,4,12.2,45.5,Moderate
EMP_00904,Data Science,Democratic,3.63,3.13,2.8,3.5,2.0,1,2.1,48.9,Moderate
EMP_00905,HR,Democratic,3.43,3.85,3.33,4.94,1.9,4,1.1,46.7,Moderate
EMP_00906,Engineering,Autocratic/Micromanagement,4.05,4.11,3.11,4.17,4.01,5,7.3,17.0,Low
EMP_00907,HR,Democratic,3.04,3.72,3.88,3.89,2.17,5,0.7,47.1,Moderate
EMP_00908,Data Science,Supportive,3.31,3.36,2.44,3.11,2.26,5,5.1,51.0,Moderate
EMP_00909,Product Management,Supportive,4.09,3.82,2.43,3.3,1.0,4,3.8,51.8,Moderate
EMP_00910,Marketing,Supportive,4.2,3.88,3.54,4.05,2.34,4,5.6,59.7,Moderate
EMP_00911,Marketing,Autocratic/Micromanagement,3.7,4.17,4.36,3.52,3.81,4,9.1,44.4,Low
EMP_00912,Data Science,Supportive,3.18,2.93,3.05,3.7,2.59,1,4.5,38.9,Low
EMP_00913,Marketing,Democratic,4.74,4.04,3.5,3.38,2.43,2,3.3,47.7,Moderate
EMP_00914,Engineering,Autocratic/Micromanagement,3.17,4.1,3.85,3.7,2.74,5,2.5,31.6,Low
EMP_00915,Marketing,Supportive,3.0,4.02,2.62,3.96,1.89,3,0.5,57.5,Moderate
EMP_00916,Product Management,Autocratic/Micromanagement,3.37,3.26,2.49,3.42,2.94,1,1.3,41.0,Low
EMP_00917,Sales,Autocratic/Micromanagement,3.09,3.65,2.74,3.49,1.76,4,5.3,50.7,Moderate
EMP_00918,Sales,Supportive,4.21,3.8,4.06,4.39,1.61,4,4.0,58.3,Moderate
EMP_00919,HR,Democratic,3.15,3.64,2.91,3.36,3.52,4,0.5,33.3,Low
EMP_00920,Engineering,Democratic,3.09,3.84,3.24,3.72,3.39,4,11.8,40.0,Low
EMP_00921,Marketing,Autocratic/Micromanagement,4.18,3.86,2.71,3.63,1.0,2,8.2,27.4,Low
EMP_00922,HR,Supportive,4.13,4.03,1.72,4.33,1.0,3,1.5,57.6,Moderate
EMP_00923,Engineering,Supportive,4.66,3.83,4.16,2.94,2.87,2,4.8,38.7,Low
EMP_00924,Marketing,Democratic,3.36,4.59,3.02,3.3,1.91,5,0.5,41.8,Low
EMP_00925,Marketing,Supportive,2.28,4.49,3.34,3.65,3.33,2,4.7,51.7,Moderate
EMP_00926,Engineering,Autocratic/Micromanagement,3.92,4.47,4.29,3.79,3.42,4,9.3,51.2,Moderate
EMP_00927,HR,Democratic,4.13,4.6,3.73,3.78,2.42,4,1.5,40.4,Low
EMP_00928,HR,Supportive,4.13,4.77,3.06,3.59,1.94,4,0.7,54.9,Moderate
EMP_00929,Engineering,Autocratic/Micromanagement,4.52,4.55,2.48,3.47,3.22,2,4.0,40.8,Low
EMP_00930,Sales,Supportive,4.48,3.11,2.93,3.57,3.78,3,0.5,45.3,Moderate
EMP_00931,Marketing,Democratic,4.31,4.71,2.88,3.55,2.06,4,7.9,42.5,Low
EMP_00932,Data Science,Democratic,4.25,3.11,1.8,2.9,3.16,3,3.3,37.4,Low
EMP_00933,HR,Democratic,4.3,3.35,2.61,3.16,1.8,3,2.7,39.2,Low
EMP_00934,Data Science,Supportive,4.44,3.92,2.98,3.29,2.4,4,5.3,51.3,Moderate
EMP_00935,HR,Democratic,3.12,4.19,3.83,3.46,3.3,4,10.0,41.9,Low
EMP_00936,Data Science,Supportive,3.69,4.31,2.16,3.5,2.77,2,3.4,71.2,Moderate
EMP_00937,Data Science,Autocratic/Micromanagement,3.9,3.25,3.84,3.41,2.27,4,0.5,47.5,Moderate
EMP_00938,Marketing,Democratic,4.79,3.46,2.99,3.45,3.14,5,1.6,35.0,Low
EMP_00939,Data Science,Supportive,3.46,4.58,1.62,4.13,2.77,3,0.5,59.3,Moderate
EMP_00940,Sales,Autocratic/Micromanagement,3.45,4.78,3.78,3.3,2.72,2,15.8,36.9,Low
EMP_00941,Engineering,Democratic,2.95,4.79,2.35,4.91,2.26,1,0.5,59.9,Moderate
EMP_00942,Engineering,Supportive,3.08,3.46,2.9,3.53,2.54,3,11.0,50.8,Moderate
EMP_00943,Marketing,Democratic,3.61,4.02,2.41,3.54,2.13,5,1.8,47.7,Moderate
EMP_00944,Product Management,Autocratic/Micromanagement,4.37,3.98,3.44,3.24,1.81,3,2.7,23.8,Low
EMP_00945,Sales,Supportive,3.85,3.68,2.27,3.87,3.24,4,5.4,34.6,Low
EMP_00946,Engineering,Supportive,2.32,3.83,1.71,3.99,3.64,3,4.4,45.0,Moderate
EMP_00947,Sales,Supportive,4.07,4.03,4.02,3.37,3.7,5,1.3,52.6,Moderate
EMP_00948,Product Management,Supportive,3.53,3.89,1.02,3.11,1.83,5,0.5,44.7,Low
EMP_00949,Product Management,Supportive,3.52,3.23,2.96,2.94,2.95,2,2.7,52.6,Moderate
EMP_00950,Marketing,Supportive,3.27,3.95,3.46,3.57,2.81,4,2.5,49.4,Moderate
EMP_00951,Product Management,Autocratic/Micromanagement,4.17,4.0,3.97,4.02,2.67,5,5.3,26.1,Low
EMP_00952,Sales,Democratic,4.39,3.8,2.15,2.97,1.5,4,2.2,36.1,Low
EMP_00953,Engineering,Supportive,4.01,2.96,2.93,3.99,1.37,4,3.8,54.6,Moderate
EMP_00954,Product Management,Democratic,3.16,4.06,2.26,3.18,1.64,5,1.1,44.4,Low
EMP_00955,Engineering,Supportive,4.1,3.24,2.52,3.38,3.36,5,0.8,53.1,Moderate
EMP_00956,Engineering,Democratic,4.05,4.21,4.16,2.66,4.0,1,2.2,48.4,Moderate
EMP_00957,Data Science,Supportive,3.0,4.83,4.31,3.12,3.47,5,1.5,65.6,Moderate
EMP_00958,HR,Autocratic/Micromanagement,3.52,3.66,2.16,3.23,4.23,4,0.5,30.3,Low
EMP_00959,Data Science,Supportive,4.25,4.02,3.01,3.76,2.17,3,1.1,52.9,Moderate
EMP_00960,Data Science,Supportive,3.56,3.88,3.23,4.01,2.92,5,11.6,53.3,Moderate
EMP_00961,Data Science,Autocratic/Micromanagement,4.26,3.69,2.81,3.11,2.11,3,3.4,23.1,Low
EMP_00962,Data Science,Supportive,4.21,4.11,1.67,3.07,1.49,3,5.9,50.3,Moderate
EMP_00963,Marketing,Supportive,4.45,4.73,3.34,3.05,2.24,4,7.1,56.0,Moderate
EMP_00964,Sales,Supportive,4.03,3.66,4.07,3.75,2.42,4,6.0,74.5,Moderate
EMP_00965,Engineering,Supportive,4.12,2.72,3.62,2.9,1.75,4,2.2,31.5,Low
EMP_00966,Data Science,Autocratic/Micromanagement,3.83,3.79,1.59,3.91,2.21,4,6.6,44.4,Low
EMP_00967,Sales,Supportive,2.35,3.81,3.1,3.8,2.48,1,0.5,46.6,Moderate
EMP_00968,Marketing,Autocratic/Micromanagement,3.36,4.26,3.2,3.25,3.01,2,0.5,43.1,Low
EMP_00969,Product Management,Supportive,3.72,3.15,4.27,2.05,2.59,3,0.5,51.1,Moderate
EMP_00970,Sales,Supportive,3.38,4.32,2.62,3.57,1.67,5,0.6,53.0,Moderate
EMP_00971,Data Science,Democratic,4.11,4.36,3.84,2.32,2.57,2,1.0,53.2,Moderate
EMP_00972,Product Management,Democratic,3.68,3.64,2.63,2.37,2.78,3,0.5,45.0,Moderate
EMP_00973,Engineering,Democratic,3.49,3.48,2.49,2.42,2.19,4,0.9,46.5,Moderate
EMP_00974,HR,Supportive,3.79,3.27,2.9,3.47,2.91,2,5.3,52.8,Moderate
EMP_00975,Data Science,Supportive,3.36,4.41,3.38,3.27,3.16,4,0.5,67.5,Moderate
EMP_00976,Product Management,Democratic,3.88,3.33,3.46,3.87,1.39,4,13.7,48.3,Moderate
EMP_00977,Engineering,Autocratic/Micromanagement,2.82,4.59,2.66,4.51,3.15,4,4.7,48.5,Moderate
EMP_00978,Data Science,Supportive,1.91,3.31,2.6,3.69,2.84,4,3.0,40.4,Low
EMP_00979,Engineering,Supportive,2.85,4.7,3.64,3.5,2.3,1,1.5,68.8,Moderate
EMP_00980,Product Management,Supportive,4.47,4.05,2.6,3.03,1.5,3,10.4,54.0,Moderate
EMP_00981,Engineering,Autocratic/Micromanagement,2.87,3.4,2.82,3.95,3.9,4,1.7,39.9,Low
EMP_00982,Sales,Supportive,3.42,4.21,3.16,3.5,2.88,5,0.5,52.8,Moderate
EMP_00983,Engineering,Democratic,4.0,3.28,2.32,4.68,2.68,5,2.7,42.8,Low
EMP_00984,Product Management,Supportive,2.37,4.43,2.46,3.13,2.79,3,3.8,50.3,Moderate
EMP_00985,Marketing,Autocratic/Micromanagement,3.61,3.92,3.96,3.99,2.36,5,1.1,39.2,Low
EMP_00986,Sales,Autocratic/Micromanagement,4.87,4.19,3.85,2.86,1.73,3,2.0,28.9,Low
EMP_00987,Engineering,Autocratic/Micromanagement,3.14,3.09,2.48,3.39,2.33,4,0.9,40.8,Low
EMP_00988,Engineering,Democratic,4.91,3.8,3.77,2.93,2.47,5,0.9,47.4,Moderate
EMP_00989,Sales,Democratic,3.56,3.79,2.51,3.91,3.11,2,4.8,34.3,Low
EMP_00990,Sales,Supportive,3.77,3.78,1.3,2.93,3.32,4,10.7,36.6,Low
EMP_00991,Marketing,Democratic,3.67,4.89,2.91,3.5,3.13,4,8.6,34.8,Low
EMP_00992,Sales,Autocratic/Micromanagement,3.63,4.69,2.49,4.63,1.94,4,0.5,23.0,Low
EMP_00993,Engineering,Supportive,3.93,3.07,3.79,3.77,2.94,2,10.6,47.2,Moderate
EMP_00994,Engineering,Democratic,3.6,3.88,2.88,4.24,3.94,3,11.8,33.2,Low
EMP_00995,Engineering,Democratic,4.44,3.49,4.21,3.27,1.34,3,2.2,44.2,Low
EMP_00996,Sales,Supportive,3.65,4.58,2.72,4.05,1.96,2,4.2,59.4,Moderate
EMP_00997,Engineering,Supportive,3.17,3.29,1.95,3.89,3.52,5,2.1,40.5,Low
EMP_00998,Sales,Supportive,3.72,3.28,2.02,4.02,2.73,5,4.9,35.2,Low
EMP_00999,Marketing,Supportive,4.03,3.82,4.5,3.31,1.98,4,4.7,50.4,Moderate
EMP_01000,Data Science,Supportive,4.08,4.25,2.28,3.25,3.14,4,1.2,63.6,Moderate
EMP_01001,Engineering,Supportive,3.63,3.24,2.8,4.16,3.47,4,1.0,41.8,Low
EMP_01002,Sales,Democratic,2.11,4.47,3.21,4.08,2.45,5,0.5,46.9,Moderate
EMP_01003,Marketing,Democratic,3.83,4.2,2.85,3.93,2.72,4,9.0,34.4,Low
EMP_01004,Product Management,Supportive,3.47,4.25,3.58,4.04,3.0,3,0.5,51.5,Moderate
EMP_01005,Product Management,Supportive,4.66,4.48,2.62,4.06,3.01,2,9.3,48.3,Moderate
EMP_01006,Marketing,Supportive,4.0,3.63,3.03,3.88,2.15,1,1.9,59.9,Moderate
EMP_01007,Marketing,Supportive,3.67,4.05,4.13,3.98,3.77,4,0.5,44.9,Low
EMP_01008,Marketing,Supportive,4.85,3.53,3.39,4.03,1.85,4,0.5,53.8,Moderate
EMP_01009,Data Science,Supportive,3.37,4.2,3.22,4.27,1.32,2,6.6,72.3,Moderate
EMP_01010,Engineering,Democratic,3.8,3.32,3.11,3.27,1.3,5,3.2,47.3,Moderate
EMP_01011,Sales,Autocratic/Micromanagement,3.7,3.95,2.6,3.42,2.68,3,0.8,43.1,Low
EMP_01012,Data Science,Democratic,2.97,4.07,4.49,3.39,3.81,4,5.1,40.1,Low
EMP_01013,Sales,Supportive,3.68,3.26,3.53,2.95,3.68,4,1.0,45.2,Moderate
EMP_01014,Sales,Supportive,3.5,4.24,1.66,3.61,3.04,1,0.5,29.2,Low
EMP_01015,Engineering,Autocratic/Micromanagement,3.93,2.58,2.91,2.71,3.34,3,0.6,19.0,Low
EMP_01016,Engineering,Democratic,4.2,3.52,1.68,3.3,2.46,2,0.5,49.8,Moderate
EMP_01017,Engineering,Supportive,4.34,3.56,2.04,3.57,1.88,4,8.4,46.7,Moderate
EMP_01018,Engineering,Supportive,3.48,4.29,3.37,2.87,3.01,4,1.7,68.1,Moderate
EMP_01019,Product Management,Democratic,2.95,4.06,3.95,3.15,1.65,3,3.6,50.3,Moderate
EMP_01020,Marketing,Autocratic/Micromanagement,2.19,3.81,3.14,3.25,4.15,4,10.2,39.2,Low
EMP_01021,Data Science,Democratic,3.45,2.86,2.87,3.41,2.54,2,4.2,44.6,Low
EMP_01022,HR,Supportive,3.89,2.91,4.0,3.67,2.62,2,1.1,39.9,Low
EMP_01023,Engineering,Supportive,3.47,3.16,2.53,4.04,1.75,3,2.3,62.9,Moderate
EMP_01024,Marketing,Democratic,2.23,2.86,3.16,3.8,2.95,5,3.3,47.7,Moderate
EMP_01025,Marketing,Democratic,4.37,3.53,4.09,3.67,1.79,4,4.0,49.2,Moderate
EMP_01026,Data Science,Democratic,4.51,3.58,2.55,1.83,2.53,3,4.8,44.5,Low
EMP_01027,Data Science,Supportive,4.01,3.42,1.42,5.0,2.55,5,7.4,48.5,Moderate
EMP_01028,Data Science,Democratic,3.53,4.37,3.18,3.25,1.22,4,0.5,67.1,Moderate
EMP_01029,Data Science,Democratic,3.92,4.29,2.6,2.85,2.7,5,3.6,51.9,Moderate
EMP_01030,Engineering,Democratic,3.97,4.61,3.22,2.97,2.43,5,5.4,51.8,Moderate
EMP_01031,Sales,Democratic,4.43,4.1,3.11,4.03,2.36,2,0.8,40.1,Low
EMP_01032,Product Management,Supportive,3.82,4.42,3.64,3.41,2.85,4,4.3,46.9,Moderate
EMP_01033,Sales,Democratic,2.89,3.73,2.96,3.04,1.46,3,0.5,45.5,Moderate
EMP_01034,Marketing,Autocratic/Micromanagement,4.16,3.28,3.41,4.29,1.14,4,9.4,23.1,Low
EMP_01035,Data Science,Supportive,3.51,3.55,3.89,4.62,2.25,3,8.0,58.6,Moderate
EMP_01036,Product Management,Autocratic/Micromanagement,2.7,3.87,4.06,3.45,4.11,2,1.4,33.1,Low
EMP_01037,Marketing,Supportive,3.12,4.06,3.17,2.77,1.84,5,3.4,50.9,Moderate
EMP_01038,Sales,Supportive,4.11,3.95,3.06,2.87,1.94,3,7.7,50.4,Moderate
EMP_01039,Data Science,Supportive,2.75,3.55,2.61,3.14,1.75,4,9.5,57.7,Moderate
EMP_01040,Sales,Supportive,3.45,3.22,2.41,2.35,1.86,3,1.1,40.0,Low
EMP_01041,Sales,Supportive,3.54,3.9,3.48,3.81,3.09,2,8.5,50.4,Moderate
EMP_01042,Product Management,Autocratic/Micromanagement,3.48,3.82,4.3,3.4,2.59,4,3.7,40.2,Low
EMP_01043,Product Management,Supportive,3.75,3.08,3.76,3.58,3.51,3,0.7,39.1,Low
EMP_01044,HR,Supportive,3.69,3.7,2.26,3.35,2.03,3,0.5,54.8,Moderate
EMP_01045,Product Management,Democratic,4.41,4.31,4.41,3.32,1.78,2,5.4,41.7,Low
EMP_01046,Product Management,Autocratic/Micromanagement,3.57,3.82,1.99,3.29,3.41,5,1.3,37.8,Low
EMP_01047,Product Management,Supportive,3.52,4.0,3.03,3.25,3.25,3,11.7,40.0,Low
EMP_01048,Engineering,Supportive,4.19,4.27,4.02,3.35,1.87,4,12.5,74.2,Moderate
EMP_01049,Sales,Autocratic/Micromanagement,3.77,4.75,4.05,3.74,2.77,3,2.4,57.9,Moderate
EMP_01050,Sales,Autocratic/Micromanagement,4.39,3.51,3.47,3.65,1.3,1,8.7,31.0,Low
EMP_01051,Engineering,Democratic,5.0,3.7,2.15,3.58,2.9,4,2.5,31.9,Low
EMP_01052,Marketing,Supportive,4.25,4.66,4.25,2.91,1.98,4,16.1,52.0,Moderate
EMP_01053,Sales,Democratic,2.59,2.71,2.23,4.05,2.23,4,2.6,20.3,Low
EMP_01054,Marketing,Democratic,4.17,2.88,1.82,3.57,2.5,4,5.1,46.1,Moderate
EMP_01055,Sales,Democratic,3.4,3.97,2.23,3.97,2.32,4,10.9,33.9,Low
EMP_01056,Sales,Democratic,3.62,3.36,3.43,1.99,2.79,3,1.9,47.5,Moderate
EMP_01057,Marketing,Supportive,2.53,3.82,4.33,3.5,1.97,4,8.5,59.9,Moderate
EMP_01058,Data Science,Supportive,4.33,2.67,4.23,3.07,3.3,4,8.3,25.5,Low
EMP_01059,Marketing,Supportive,3.83,5.0,1.43,4.32,1.0,3,12.6,62.5,Moderate
EMP_01060,Engineering,Democratic,3.98,3.53,3.03,4.35,1.52,3,1.4,43.6,Low
EMP_01061,Sales,Autocratic/Micromanagement,3.52,3.07,4.13,3.58,3.0,5,1.1,54.9,Moderate
EMP_01062,Marketing,Supportive,3.38,4.08,2.92,2.66,2.79,3,5.5,52.7,Moderate
EMP_01063,Marketing,Supportive,4.52,4.21,3.44,4.39,1.94,2,3.2,55.2,Moderate
EMP_01064,Engineering,Supportive,2.14,3.64,3.62,3.6,2.14,4,2.7,53.2,Moderate
EMP_01065,Data Science,Supportive,4.77,4.66,3.39,3.66,1.39,5,5.6,68.4,Moderate
EMP_01066,Engineering,Supportive,4.18,4.49,4.45,3.01,1.64,4,4.5,76.3,High
EMP_01067,Product Management,Democratic,4.34,3.51,2.88,3.85,1.9,5,1.9,49.1,Moderate
EMP_01068,Marketing,Supportive,5.0,3.98,2.42,3.84,3.45,4,0.9,46.0,Moderate
EMP_01069,Marketing,Autocratic/Micromanagement,3.68,3.73,3.11,3.34,3.8,1,3.6,41.1,Low
EMP_01070,Product Management,Supportive,3.75,4.21,3.0,3.91,1.61,5,4.5,49.3,Moderate
EMP_01071,Product Management,Democratic,3.73,3.03,2.52,3.45,2.85,4,1.5,30.4,Low
EMP_01072,HR,Supportive,4.12,4.11,2.9,3.93,1.99,2,2.0,56.2,Moderate
EMP_01073,Data Science,Supportive,4.4,4.28,2.57,3.37,2.62,5,0.5,67.2,Moderate
EMP_01074,Sales,Democratic,4.26,4.09,2.12,3.6,2.34,5,6.7,19.4,Low
EMP_01075,Engineering,Supportive,3.57,3.59,4.37,2.99,1.85,5,4.4,53.7,Moderate
EMP_01076,Marketing,Democratic,3.47,4.26,4.32,4.51,3.36,4,9.6,36.1,Low
EMP_01077,Sales,Democratic,3.54,3.37,3.01,3.91,3.05,4,4.8,41.4,Low
EMP_01078,Sales,Democratic,3.75,3.66,3.16,3.98,2.95,5,3.2,32.0,Low
EMP_01079,Product Management,Democratic,4.37,3.95,2.71,3.19,3.33,4,3.9,32.0,Low
EMP_01080,Sales,Autocratic/Micromanagement,2.72,4.16,2.86,3.65,2.45,4,0.7,46.6,Moderate
EMP_01081,Product Management,Supportive,2.58,3.64,3.05,3.37,2.37,4,8.3,60.7,Moderate
EMP_01082,Engineering,Autocratic/Micromanagement,4.12,4.21,2.77,3.73,1.31,4,8.3,42.3,Low
EMP_01083,HR,Autocratic/Micromanagement,3.42,3.33,2.36,4.22,3.07,2,7.2,40.1,Low
EMP_01084,Engineering,Democratic,3.65,3.33,3.96,5.0,3.1,4,6.6,42.2,Low
EMP_01085,HR,Autocratic/Micromanagement,4.2,3.39,2.24,2.68,2.44,3,1.1,17.1,Low
EMP_01086,Sales,Supportive,2.72,4.19,2.97,3.73,3.17,1,5.5,52.6,Moderate
EMP_01087,Engineering,Democratic,4.34,4.34,3.06,3.2,2.58,5,8.5,56.4,Moderate
EMP_01088,Engineering,Supportive,2.34,4.08,4.37,3.07,1.57,4,1.8,54.4,Moderate
EMP_01089,Sales,Autocratic/Micromanagement,3.84,3.53,2.99,2.71,1.39,5,0.5,46.7,Moderate
EMP_01090,Marketing,Democratic,3.5,4.44,2.85,3.45,2.59,4,10.6,35.6,Low
EMP_01091,Data Science,Democratic,3.9,3.98,2.84,3.85,3.01,4,0.7,34.2,Low
EMP_01092,HR,Autocratic/Micromanagement,3.4,4.02,3.41,3.12,2.71,4,2.3,39.6,Low
EMP_01093,Marketing,Democratic,2.89,3.48,2.96,2.68,1.34,4,0.8,55.2,Moderate
EMP_01094,Data Science,Supportive,4.29,3.7,2.42,3.76,1.32,5,9.6,59.6,Moderate
EMP_01095,Product Management,Supportive,3.44,3.69,3.89,4.33,2.39,5,4.2,53.0,Moderate
EMP_01096,Sales,Democratic,3.91,3.27,3.19,3.31,2.19,4,3.8,49.3,Moderate
EMP_01097,Sales,Democratic,4.02,3.4,3.35,4.86,3.62,4,4.3,34.5,Low
EMP_01098,Marketing,Supportive,3.83,4.11,2.3,2.31,3.22,3,4.8,40.4,Low
EMP_01099,Sales,Supportive,3.37,2.9,3.28,3.08,2.06,4,1.2,57.5,Moderate
EMP_01100,Data Science,Democratic,4.01,3.96,3.46,3.75,2.06,4,1.1,46.8,Moderate
EMP_01101,Data Science,Autocratic/Micromanagement,4.63,3.51,2.73,3.86,4.4,3,0.5,6.5,Low
EMP_01102,Engineering,Autocratic/Micromanagement,3.8,3.99,3.25,3.44,2.19,3,6.7,44.0,Low
EMP_01103,Data Science,Supportive,4.53,3.55,2.73,3.55,1.84,5,1.1,53.4,Moderate
EMP_01104,HR,Democratic,4.07,3.95,2.88,3.61,1.98,3,3.6,54.2,Moderate
EMP_01105,Engineering,Autocratic/Micromanagement,2.32,3.91,3.74,3.3,2.21,3,3.4,42.5,Low
EMP_01106,Sales,Supportive,3.75,3.8,2.56,3.28,1.81,4,0.5,52.3,Moderate
EMP_01107,Data Science,Autocratic/Micromanagement,4.34,3.48,3.38,3.8,2.8,2,5.9,23.1,Low
EMP_01108,Marketing,Supportive,3.81,3.61,3.62,3.22,2.8,3,1.6,53.8,Moderate
EMP_01109,Engineering,Supportive,2.93,3.13,3.36,3.38,3.06,3,7.8,49.3,Moderate
EMP_01110,Marketing,Autocratic/Micromanagement,4.15,3.47,3.91,3.44,2.45,4,2.6,14.6,Low
EMP_01111,HR,Democratic,4.44,4.73,2.72,4.35,1.14,3,1.1,51.5,Moderate
EMP_01112,Product Management,Supportive,3.64,3.55,3.81,4.65,3.0,2,5.7,41.7,Low
EMP_01113,Sales,Supportive,3.16,3.73,3.61,3.56,2.95,5,4.5,41.2,Low
EMP_01114,Marketing,Democratic,3.79,2.84,3.15,3.66,3.41,3,0.7,40.3,Low
EMP_01115,Engineering,Democratic,3.34,3.9,3.05,4.0,1.71,4,1.5,58.8,Moderate
EMP_01116,Engineering,Supportive,2.78,4.09,2.87,3.32,2.4,3,0.9,50.3,Moderate
EMP_01117,Sales,Supportive,3.59,3.5,2.55,4.39,2.69,4,0.5,51.4,Moderate
EMP_01118,Product Management,Democratic,3.15,4.4,2.98,3.44,4.13,5,4.6,36.6,Low
EMP_01119,Marketing,Autocratic/Micromanagement,2.54,3.56,4.96,2.36,1.0,2,3.4,48.7,Moderate
EMP_01120,Sales,Democratic,3.28,3.82,3.06,3.6,2.84,4,0.5,40.0,Low
EMP_01121,Engineering,Autocratic/Micromanagement,4.35,2.98,3.95,3.97,1.88,4,1.3,23.0,Low
EMP_01122,Sales,Democratic,3.22,3.43,2.37,2.4,2.04,5,1.2,28.5,Low
EMP_01123,Engineering,Autocratic/Micromanagement,4.09,3.52,3.22,3.83,1.93,4,6.1,28.0,Low
EMP_01124,Sales,Democratic,3.48,3.06,3.02,3.9,2.81,3,2.0,43.4,Low
EMP_01125,Engineering,Supportive,4.51,4.6,4.62,3.45,1.61,3,7.2,72.4,Moderate
EMP_01126,Product Management,Supportive,4.63,4.09,3.15,3.43,2.09,5,20.0,50.3,Moderate
EMP_01127,Engineering,Democratic,4.14,3.76,3.65,2.81,2.53,3,4.2,41.0,Low
EMP_01128,Sales,Supportive,4.62,4.09,2.68,2.75,2.32,3,3.2,52.8,Moderate
EMP_01129,HR,Supportive,4.01,3.08,2.65,3.22,3.18,5,0.5,47.2,Moderate
EMP_01130,Sales,Democratic,3.96,4.53,1.83,4.22,3.39,5,9.0,19.2,Low
EMP_01131,Marketing,Democratic,4.17,3.37,3.32,2.91,2.58,4,3.6,49.4,Moderate
EMP_01132,Marketing,Democratic,3.9,3.41,1.97,3.32,2.88,3,1.0,41.2,Low
EMP_01133,HR,Supportive,3.85,4.17,4.15,2.74,1.0,5,2.3,59.6,Moderate
EMP_01134,Sales,Supportive,3.98,5.0,2.89,3.33,3.06,2,1.3,44.1,Low
EMP_01135,HR,Supportive,3.99,3.75,2.74,2.58,2.76,3,3.7,46.3,Moderate
EMP_01136,Marketing,Supportive,3.02,3.68,3.37,4.46,3.9,4,1.0,46.1,Moderate
EMP_01137,Engineering,Democratic,4.29,4.22,3.62,2.89,1.97,4,3.0,60.9,Moderate
EMP_01138,Engineering,Democratic,4.57,3.61,3.01,3.03,2.37,3,4.2,41.5,Low
EMP_01139,Product Management,Supportive,4.48,3.55,2.52,3.96,2.32,2,0.9,46.2,Moderate
EMP_01140,Product Management,Autocratic/Micromanagement,4.04,3.79,3.78,4.13,3.44,1,9.0,26.0,Low
EMP_01141,Engineering,Supportive,4.49,3.72,2.47,3.75,2.51,3,4.4,43.2,Low
EMP_01142,Engineering,Supportive,3.84,3.79,3.28,3.09,1.81,3,0.9,62.4,Moderate
EMP_01143,Engineering,Supportive,4.66,4.12,2.73,3.31,2.46,3,2.5,59.9,Moderate
EMP_01144,Marketing,Democratic,3.98,4.02,4.22,3.38,3.17,4,1.9,40.5,Low
EMP_01145,Sales,Supportive,4.24,3.3,3.2,3.73,2.89,5,1.3,49.9,Moderate
EMP_01146,Engineering,Democratic,4.23,4.07,3.27,3.71,4.32,2,4.2,32.2,Low
EMP_01147,Marketing,Supportive,4.08,3.68,2.88,4.07,4.17,3,6.7,37.2,Low
EMP_01148,Sales,Democratic,4.25,3.48,3.55,3.93,4.39,3,6.5,31.7,Low
EMP_01149,Engineering,Democratic,3.19,3.95,2.69,3.5,2.6,3,2.3,36.2,Low
EMP_01150,HR,Democratic,4.92,4.01,3.45,3.45,2.2,3,0.7,53.2,Moderate
EMP_01151,Sales,Democratic,3.15,4.4,3.32,3.59,1.65,4,5.4,47.0,Moderate
EMP_01152,Data Science,Autocratic/Micromanagement,3.48,3.91,3.94,4.66,2.79,4,2.4,47.0,Moderate
EMP_01153,Product Management,Democratic,4.2,3.61,2.86,3.27,3.45,4,6.2,36.1,Low
EMP_01154,HR,Democratic,3.3,4.0,3.73,2.9,3.84,2,15.0,39.4,Low
EMP_01155,Engineering,Supportive,3.7,4.24,3.08,4.94,2.03,3,8.4,65.2,Moderate
EMP_01156,Data Science,Supportive,3.38,3.73,4.22,2.72,2.82,5,4.4,50.0,Moderate
EMP_01157,Sales,Supportive,3.83,3.4,3.35,4.11,2.52,4,3.8,47.5,Moderate
EMP_01158,Product Management,Supportive,3.58,3.25,2.37,3.74,3.27,3,1.6,47.7,Moderate
EMP_01159,Data Science,Supportive,3.38,4.27,3.38,3.23,2.5,5,1.7,68.4,Moderate
EMP_01160,Data Science,Supportive,3.17,3.34,3.92,3.4,3.88,4,4.1,46.3,Moderate
EMP_01161,Engineering,Supportive,4.78,3.4,3.11,3.75,2.33,4,0.9,55.5,Moderate
EMP_01162,Data Science,Autocratic/Micromanagement,3.4,3.87,2.46,3.68,1.88,5,0.5,43.1,Low
EMP_01163,Engineering,Supportive,4.22,3.17,2.3,4.3,3.36,3,0.5,47.0,Moderate
EMP_01164,Engineering,Democratic,4.32,3.6,2.67,4.81,2.85,3,2.4,46.6,Moderate
EMP_01165,Sales,Supportive,3.84,3.22,2.99,4.5,1.0,4,0.5,62.2,Moderate
EMP_01166,Sales,Supportive,4.03,3.91,2.78,4.21,2.55,5,0.5,47.2,Moderate
EMP_01167,Sales,Autocratic/Micromanagement,3.4,3.84,2.67,3.26,1.72,1,8.9,51.6,Moderate
EMP_01168,Sales,Supportive,4.37,4.33,2.1,3.46,1.85,1,1.6,37.0,Low
EMP_01169,Data Science,Democratic,4.51,4.55,3.13,4.49,2.85,5,15.7,62.4,Moderate
EMP_01170,Product Management,Supportive,3.49,3.79,3.89,4.48,1.75,5,0.5,51.7,Moderate
EMP_01171,Product Management,Supportive,3.22,3.71,2.52,3.02,3.06,4,9.2,53.9,Moderate
EMP_01172,Product Management,Democratic,4.19,3.14,3.33,4.4,2.37,4,10.3,43.8,Low
EMP_01173,Data Science,Autocratic/Micromanagement,4.11,3.38,3.87,3.98,1.05,3,8.6,30.8,Low
EMP_01174,Data Science,Autocratic/Micromanagement,3.84,3.87,2.55,3.41,2.21,2,1.4,51.2,Moderate
EMP_01175,Engineering,Supportive,2.56,2.88,3.04,3.58,3.74,3,0.7,46.7,Moderate
EMP_01176,Data Science,Supportive,3.76,4.03,2.11,3.67,3.09,4,14.2,49.1,Moderate
EMP_01177,Engineering,Supportive,2.95,4.24,3.09,2.71,1.48,3,3.9,67.2,Moderate
EMP_01178,Marketing,Supportive,3.99,3.43,3.31,3.35,1.52,4,2.8,50.1,Moderate
EMP_01179,Marketing,Autocratic/Micromanagement,4.19,3.19,2.14,3.63,1.99,4,1.8,21.0,Low
EMP_01180,Data Science,Supportive,3.36,3.77,2.37,2.7,2.93,4,4.2,47.1,Moderate
EMP_01181,Sales,Democratic,4.31,3.26,3.39,3.19,3.39,4,0.5,35.8,Low
EMP_01182,Engineering,Supportive,3.91,3.51,2.85,4.4,2.98,3,8.2,50.4,Moderate
EMP_01183,Engineering,Autocratic/Micromanagement,3.47,4.14,3.09,4.21,3.04,3,3.2,41.6,Low
EMP_01184,Sales,Autocratic/Micromanagement,3.92,3.53,2.87,3.63,2.27,3,0.5,44.9,Low
EMP_01185,Engineering,Democratic,4.17,3.51,2.26,3.95,1.45,5,1.1,60.0,Moderate
EMP_01186,Sales,Autocratic/Micromanagement,3.29,4.09,3.55,3.44,3.16,4,0.7,37.7,Low
EMP_01187,Data Science,Democratic,3.82,4.11,2.14,4.28,3.14,4,2.5,39.9,Low
EMP_01188,Sales,Supportive,2.85,3.17,4.0,3.4,4.14,3,0.5,56.5,Moderate
EMP_01189,Engineering,Supportive,2.94,4.25,3.09,3.0,1.29,3,2.4,73.7,Moderate
EMP_01190,Product Management,Supportive,3.0,4.04,2.51,3.4,2.42,1,0.5,54.3,Moderate
EMP_01191,Engineering,Supportive,3.69,4.42,1.96,3.57,2.51,3,7.0,70.1,Moderate
EMP_01192,Marketing,Supportive,3.73,3.79,2.93,2.93,2.8,5,0.6,54.5,Moderate
EMP_01193,Engineering,Democratic,3.71,3.33,2.52,3.73,2.68,3,9.7,46.2,Moderate
EMP_01194,Engineering,Autocratic/Micromanagement,2.9,3.71,3.67,3.55,1.0,4,2.8,55.8,Moderate
EMP_01195,Marketing,Autocratic/Micromanagement,3.9,3.78,3.49,3.39,2.51,4,2.0,40.8,Low
EMP_01196,HR,Supportive,3.82,4.31,2.89,3.53,1.58,5,7.7,55.5,Moderate
EMP_01197,Engineering,Democratic,3.76,3.37,2.98,1.6,2.54,3,3.5,37.4,Low
EMP_01198,Marketing,Supportive,3.99,4.05,2.79,2.13,4.3,2,0.8,50.3,Moderate
EMP_01199,Engineering,Supportive,2.93,4.1,2.5,3.85,1.2,2,0.5,60.7,Moderate
EMP_01200,Data Science,Supportive,3.04,4.06,3.48,2.8,2.6,4,2.4,47.3,Moderate
EMP_01201,Engineering,Democratic,3.77,3.08,3.29,2.48,2.36,1,0.5,45.6,Moderate
EMP_01202,Marketing,Democratic,4.81,3.27,2.82,2.36,3.19,5,10.2,45.5,Moderate
EMP_01203,Data Science,Autocratic/Micromanagement,3.31,3.86,2.68,2.32,2.69,4,1.2,44.3,Low
EMP_01204,Data Science,Autocratic/Micromanagement,4.05,3.47,4.16,3.05,1.36,4,4.5,21.9,Low
EMP_01205,Engineering,Autocratic/Micromanagement,3.26,5.0,2.48,2.82,2.06,5,8.2,58.5,Moderate
EMP_01206,Marketing,Supportive,3.83,4.87,3.38,4.41,2.29,4,0.7,49.2,Moderate
EMP_01207,Sales,Autocratic/Micromanagement,4.13,4.4,3.26,3.51,2.43,1,0.5,26.9,Low
EMP_01208,Marketing,Supportive,4.82,4.33,3.52,3.69,2.39,2,2.1,50.1,Moderate
EMP_01209,Marketing,Democratic,4.58,4.14,2.66,2.55,1.81,3,2.1,41.1,Low
EMP_01210,Engineering,Supportive,3.46,3.93,2.63,2.93,2.61,5,2.7,55.1,Moderate
EMP_01211,Product Management,Democratic,3.83,4.53,2.45,3.85,2.6,3,9.0,47.8,Moderate
EMP_01212,Marketing,Democratic,3.16,3.33,2.13,3.65,3.67,2,0.8,44.4,Low
EMP_01213,Engineering,Autocratic/Micromanagement,3.3,4.17,4.03,4.67,2.38,5,8.7,46.6,Moderate
EMP_01214,Engineering,Supportive,3.66,4.0,3.45,3.88,1.33,4,0.5,51.4,Moderate
EMP_01215,Data Science,Autocratic/Micromanagement,3.49,3.96,2.35,1.68,2.13,3,1.3,44.1,Low
EMP_01216,Marketing,Democratic,3.48,3.26,2.96,4.1,2.04,1,4.6,54.3,Moderate
EMP_01217,Product Management,Democratic,3.71,4.31,3.95,4.15,3.43,4,1.3,41.5,Low
EMP_01218,Marketing,Autocratic/Micromanagement,3.69,4.53,3.47,3.49,1.94,4,4.1,39.3,Low
EMP_01219,Product Management,Supportive,3.79,4.63,2.97,2.65,1.17,4,0.8,62.4,Moderate
EMP_01220,Marketing,Supportive,4.1,4.16,2.97,3.52,2.85,4,6.5,47.4,Moderate
EMP_01221,Engineering,Autocratic/Micromanagement,3.64,2.89,3.9,3.87,2.16,3,1.0,42.2,Low
EMP_01222,Engineering,Supportive,2.64,4.08,2.92,3.78,2.75,4,1.9,57.8,Moderate
EMP_01223,Sales,Autocratic/Micromanagement,4.1,3.41,4.56,4.25,2.9,5,0.5,37.3,Low
EMP_01224,Product Management,Autocratic/Micromanagement,2.75,3.74,3.96,3.03,1.32,1,1.5,46.2,Moderate
EMP_01225,Engineering,Democratic,2.7,3.63,2.25,4.21,2.79,4,7.5,37.6,Low
EMP_01226,Marketing,Supportive,3.73,3.41,2.16,2.86,1.96,5,0.5,55.5,Moderate
EMP_01227,Sales,Democratic,4.09,4.47,2.99,2.79,2.02,2,2.1,45.4,Moderate
EMP_01228,Sales,Democratic,3.82,5.0,2.7,3.85,2.85,2,2.9,43.6,Low
EMP_01229,Data Science,Supportive,3.84,3.26,1.03,2.71,2.83,3,2.0,45.9,Moderate
EMP_01230,Sales,Democratic,3.92,3.13,4.04,3.72,2.41,5,8.0,63.6,Moderate
EMP_01231,Product Management,Autocratic/Micromanagement,4.15,3.69,3.87,3.77,1.61,4,7.0,31.0,Low
EMP_01232,HR,Democratic,3.41,3.13,3.25,3.73,2.66,4,2.7,45.4,Moderate
EMP_01233,HR,Autocratic/Micromanagement,3.65,3.95,3.91,3.16,1.6,1,3.4,49.7,Moderate
EMP_01234,HR,Supportive,3.62,3.83,2.93,3.86,1.0,2,2.6,60.5,Moderate
EMP_01235,Engineering,Democratic,3.8,3.17,2.66,4.17,2.5,3,4.7,45.9,Moderate
EMP_01236,Sales,Supportive,3.52,3.89,2.95,4.17,1.75,3,6.2,47.8,Moderate
EMP_01237,Sales,Democratic,3.9,4.17,2.79,4.08,3.29,3,9.3,41.0,Low
EMP_01238,Marketing,Supportive,4.41,2.7,3.5,3.36,1.02,3,0.5,56.0,Moderate
EMP_01239,Engineering,Supportive,3.29,3.61,3.81,3.47,2.87,2,1.3,43.9,Low
EMP_01240,Product Management,Supportive,4.47,4.17,3.54,2.29,2.68,4,9.7,45.7,Moderate
EMP_01241,Sales,Democratic,4.03,4.27,1.24,3.11,3.89,3,7.8,18.7,Low
EMP_01242,Engineering,Autocratic/Micromanagement,3.43,3.47,2.95,4.14,3.23,4,0.9,43.4,Low
EMP_01243,Engineering,Autocratic/Micromanagement,2.95,2.96,3.19,3.92,2.58,4,3.2,33.8,Low
EMP_01244,HR,Autocratic/Micromanagement,4.08,4.03,3.12,2.92,3.38,3,3.3,19.5,Low
EMP_01245,Marketing,Autocratic/Micromanagement,3.48,4.39,2.4,4.77,2.15,4,2.9,41.0,Low
EMP_01246,Marketing,Democratic,2.91,4.03,3.23,3.68,3.42,1,0.9,30.6,Low
EMP_01247,Product Management,Democratic,3.98,3.06,4.01,2.54,2.73,4,3.5,40.0,Low
EMP_01248,Marketing,Autocratic/Micromanagement,3.55,3.49,2.53,3.94,2.33,3,1.4,41.4,Low
EMP_01249,Engineering,Democratic,2.77,4.0,2.96,3.29,3.19,5,1.3,39.6,Low
EMP_01250,Sales,Democratic,3.2,3.66,2.13,2.88,2.07,4,2.3,29.6,Low
EMP_01251,Engineering,Democratic,3.9,3.05,2.59,3.64,2.56,4,4.2,47.4,Moderate
EMP_01252,HR,Autocratic/Micromanagement,3.71,3.7,1.74,4.1,1.07,1,5.9,43.6,Low
EMP_01253,Sales,Supportive,3.09,3.69,2.65,3.94,2.62,4,0.7,46.4,Moderate
EMP_01254,Marketing,Democratic,2.52,4.8,2.14,4.2,2.12,4,5.8,47.5,Moderate
EMP_01255,Sales,Democratic,4.67,3.52,4.47,3.49,3.5,3,7.4,48.4,Moderate
EMP_01256,HR,Democratic,2.94,4.48,1.81,3.97,1.44,3,13.2,49.3,Moderate
EMP_01257,Product Management,Supportive,2.52,3.35,3.24,4.29,2.19,4,3.1,53.2,Moderate
EMP_01258,Data Science,Democratic,3.7,4.22,3.1,2.95,3.72,4,1.2,50.6,Moderate
EMP_01259,Product Management,Supportive,3.45,3.26,4.42,2.9,3.43,2,0.7,42.3,Low
EMP_01260,Data Science,Supportive,3.94,4.58,3.32,3.53,1.11,2,4.6,70.1,Moderate
EMP_01261,Sales,Autocratic/Micromanagement,3.82,4.01,2.69,3.1,3.86,4,1.1,37.4,Low
EMP_01262,Product Management,Democratic,3.46,4.02,4.19,3.43,3.82,5,0.9,41.6,Low
EMP_01263,Engineering,Supportive,2.88,4.04,3.35,4.83,2.94,4,4.0,46.5,Moderate
EMP_01264,Sales,Democratic,3.64,4.22,3.21,2.71,2.41,4,5.9,38.8,Low
EMP_01265,Marketing,Democratic,4.04,4.41,2.74,3.01,3.02,5,1.2,38.1,Low
EMP_01266,Engineering,Democratic,3.45,3.75,4.0,3.29,2.58,2,0.9,41.6,Low
EMP_01267,Engineering,Autocratic/Micromanagement,4.69,3.6,3.19,4.22,1.99,1,3.7,28.9,Low
EMP_01268,Marketing,Democratic,3.76,4.58,2.35,3.17,2.86,5,1.8,34.7,Low
EMP_01269,Engineering,Autocratic/Micromanagement,3.53,3.48,2.8,3.35,3.47,5,4.7,39.9,Low
EMP_01270,Sales,Democratic,3.8,3.23,3.12,4.14,2.25,5,14.5,54.2,Moderate
EMP_01271,Engineering,Autocratic/Micromanagement,3.56,2.35,3.54,2.71,3.26,1,9.0,18.0,Low
EMP_01272,Data Science,Autocratic/Micromanagement,4.22,4.05,4.1,3.36,3.42,3,2.6,12.1,Low
EMP_01273,Marketing,Autocratic/Micromanagement,3.48,4.65,3.51,3.49,3.15,4,5.9,39.0,Low
EMP_01274,Sales,Democratic,3.61,3.7,4.74,4.1,1.52,1,11.1,62.9,Moderate
EMP_01275,HR,Democratic,2.81,3.66,2.43,2.26,2.82,5,1.0,38.6,Low
EMP_01276,Data Science,Supportive,3.04,3.86,4.24,3.17,2.66,4,2.7,53.3,Moderate
EMP_01277,Sales,Democratic,3.25,4.12,3.26,3.49,3.47,5,0.5,43.0,Low
EMP_01278,Sales,Democratic,3.78,5.0,2.71,2.54,2.82,3,12.5,37.7,Low
EMP_01279,Engineering,Democratic,4.29,4.3,3.38,3.51,2.18,5,0.5,62.5,Moderate
EMP_01280,Engineering,Autocratic/Micromanagement,4.17,4.44,4.14,3.68,2.37,4,3.0,32.0,Low
EMP_01281,Data Science,Democratic,2.89,4.08,2.65,3.95,1.61,4,1.7,51.7,Moderate
EMP_01282,Marketing,Supportive,3.88,3.33,3.07,3.65,2.82,3,2.7,50.9,Moderate
EMP_01283,Product Management,Supportive,3.53,4.26,2.82,3.99,3.22,4,0.8,49.1,Moderate
EMP_01284,Sales,Supportive,4.41,4.27,2.57,4.07,3.32,3,0.5,43.1,Low
EMP_01285,Data Science,Supportive,4.47,3.52,2.64,3.37,3.89,4,6.9,49.1,Moderate
EMP_01286,Sales,Democratic,2.8,3.25,2.31,3.53,3.6,4,10.5,24.4,Low
EMP_01287,Engineering,Democratic,3.39,4.99,2.65,3.3,3.62,3,4.7,41.4,Low
EMP_01288,Product Management,Supportive,2.89,4.37,3.05,3.71,1.4,2,3.9,48.1,Moderate
EMP_01289,Data Science,Supportive,3.47,3.2,3.6,3.19,2.96,4,5.7,52.4,Moderate
EMP_01290,Sales,Democratic,3.42,4.1,2.02,3.21,1.16,4,2.7,37.4,Low
EMP_01291,Sales,Autocratic/Micromanagement,3.54,3.45,3.2,3.46,4.2,5,2.0,36.7,Low
EMP_01292,Sales,Autocratic/Micromanagement,5.0,3.69,3.03,3.53,2.64,4,0.5,14.0,Low
EMP_01293,Product Management,Democratic,3.03,3.0,3.46,3.71,1.93,4,5.6,42.4,Low
EMP_01294,Engineering,Supportive,3.42,4.04,2.45,4.42,2.28,4,20.0,51.7,Moderate
EMP_01295,Product Management,Autocratic/Micromanagement,4.23,3.78,3.7,3.36,2.77,4,14.8,19.0,Low
EMP_01296,Engineering,Democratic,4.7,4.07,2.54,4.14,2.66,4,5.9,36.5,Low
EMP_01297,Marketing,Democratic,3.67,3.63,3.62,2.72,3.12,3,0.5,40.0,Low
EMP_01298,Engineering,Supportive,4.3,3.99,3.43,4.8,1.78,3,2.7,52.6,Moderate
EMP_01299,Engineering,Supportive,3.52,5.0,2.1,3.12,1.89,4,2.6,76.7,High
EMP_01300,Engineering,Democratic,3.22,4.1,3.39,3.21,2.73,3,11.5,48.7,Moderate
EMP_01301,HR,Democratic,3.57,3.54,3.46,2.87,3.33,3,0.5,25.3,Low
EMP_01302,Sales,Autocratic/Micromanagement,4.11,4.4,2.34,3.08,2.49,5,4.0,11.8,Low
EMP_01303,Engineering,Autocratic/Micromanagement,2.63,5.0,3.2,3.89,3.22,4,1.1,50.9,Moderate
EMP_01304,Engineering,Supportive,3.13,3.07,2.21,4.1,2.79,3,5.8,48.2,Moderate
EMP_01305,Sales,Supportive,3.91,3.29,3.08,4.02,4.62,3,2.0,39.0,Low
EMP_01306,Sales,Supportive,2.92,3.47,2.88,3.36,4.56,5,3.1,38.1,Low
EMP_01307,Sales,Democratic,3.16,4.43,4.41,3.0,1.3,5,1.8,61.2,Moderate
EMP_01308,Data Science,Autocratic/Micromanagement,4.03,3.05,3.5,3.21,4.55,4,1.8,11.1,Low
EMP_01309,Marketing,Democratic,5.0,4.58,3.24,3.02,2.18,4,5.6,37.3,Low
EMP_01310,Sales,Autocratic/Micromanagement,3.8,3.18,3.52,2.89,4.35,4,10.1,32.0,Low
EMP_01311,HR,Democratic,3.42,4.54,2.88,3.92,1.97,2,4.8,54.5,Moderate
EMP_01312,Engineering,Democratic,2.98,4.28,4.21,3.07,3.23,1,1.0,50.0,Moderate
EMP_01313,Sales,Democratic,3.2,4.65,1.69,3.79,3.01,4,1.7,21.3,Low
EMP_01314,Data Science,Supportive,2.41,3.79,2.39,3.54,2.97,3,0.8,58.8,Moderate
EMP_01315,Sales,Supportive,3.46,5.0,3.41,3.94,3.29,4,4.5,52.8,Moderate
EMP_01316,Sales,Supportive,4.73,4.33,2.45,4.02,4.32,5,3.6,21.0,Low
EMP_01317,Engineering,Autocratic/Micromanagement,4.1,3.05,3.31,3.37,2.76,3,2.2,17.7,Low
EMP_01318,Engineering,Supportive,3.39,3.51,1.77,3.25,2.04,5,0.5,52.6,Moderate
EMP_01319,Product Management,Democratic,3.33,4.56,3.59,4.24,2.71,4,4.6,39.8,Low
EMP_01320,Engineering,Democratic,3.6,3.72,2.5,2.47,1.33,4,12.5,42.7,Low
EMP_01321,Marketing,Supportive,3.72,3.87,3.33,4.08,1.63,4,0.9,50.4,Moderate
EMP_01322,Sales,Supportive,3.41,4.3,4.39,4.13,3.29,2,0.9,48.9,Moderate
EMP_01323,Marketing,Supportive,3.17,4.57,3.64,3.2,1.44,3,2.2,46.4,Moderate
EMP_01324,Engineering,Supportive,2.14,3.63,2.97,2.95,2.96,2,2.4,49.2,Moderate
EMP_01325,Engineering,Supportive,2.55,3.79,3.87,3.62,2.33,4,2.4,53.6,Moderate
EMP_01326,Engineering,Autocratic/Micromanagement,4.56,4.03,3.6,3.92,1.84,3,1.0,22.3,Low
EMP_01327,Sales,Democratic,2.65,4.62,2.83,2.66,1.49,5,3.0,53.4,Moderate
EMP_01328,Product Management,Autocratic/Micromanagement,2.96,3.45,3.48,4.14,2.45,1,11.3,55.6,Moderate
EMP_01329,Data Science,Supportive,3.22,3.59,1.95,2.81,1.1,4,7.1,53.3,Moderate
EMP_01330,Sales,Supportive,2.42,3.27,3.1,4.93,2.66,3,5.3,53.4,Moderate
EMP_01331,Engineering,Supportive,4.42,3.39,3.92,3.59,2.55,4,1.4,53.1,Moderate
EMP_01332,Sales,Democratic,3.94,3.73,3.54,3.08,1.28,3,0.7,56.6,Moderate
EMP_01333,Sales,Autocratic/Micromanagement,3.88,3.38,3.11,4.2,2.94,4,0.5,32.5,Low
EMP_01334,Sales,Democratic,4.34,4.02,3.19,3.9,1.77,4,5.4,38.7,Low
EMP_01335,Marketing,Supportive,3.78,4.32,4.57,3.48,2.79,2,6.5,44.2,Low
EMP_01336,Engineering,Supportive,3.13,4.57,2.87,4.28,2.93,3,8.4,56.5,Moderate
EMP_01337,Engineering,Supportive,3.59,5.0,3.23,3.05,2.31,4,1.6,62.5,Moderate
EMP_01338,Data Science,Autocratic/Micromanagement,3.51,3.4,3.28,3.82,1.4,2,0.5,48.9,Moderate
EMP_01339,Product Management,Autocratic/Micromanagement,3.5,3.52,2.61,3.26,2.42,5,6.7,43.1,Low
EMP_01340,Sales,Supportive,4.03,4.01,3.9,3.66,3.46,3,1.8,50.6,Moderate
EMP_01341,HR,Supportive,2.94,3.88,1.1,2.67,1.24,5,4.8,53.8,Moderate
EMP_01342,Engineering,Supportive,3.31,4.15,3.4,3.83,1.31,4,8.3,49.3,Moderate
EMP_01343,Marketing,Democratic,4.27,4.3,3.26,3.44,1.83,3,0.9,47.6,Moderate
EMP_01344,Engineering,Autocratic/Micromanagement,2.33,3.38,2.01,3.27,1.25,5,4.3,56.3,Moderate
EMP_01345,Product Management,Democratic,2.96,2.7,3.42,3.82,1.64,3,8.3,42.4,Low
EMP_01346,Data Science,Democratic,4.29,3.44,2.04,3.9,1.52,5,5.7,54.1,Moderate
EMP_01347,Product Management,Democratic,3.4,3.86,3.38,4.02,3.65,5,5.1,39.5,Low
EMP_01348,Marketing,Supportive,4.05,4.36,2.07,3.48,2.19,3,6.1,47.8,Moderate
EMP_01349,Product Management,Supportive,4.71,3.56,3.28,3.55,3.53,4,1.2,43.9,Low
EMP_01350,Sales,Autocratic/Micromanagement,3.43,3.85,2.26,2.41,1.47,5,4.4,35.0,Low
EMP_01351,Marketing,Democratic,3.48,4.32,4.02,3.54,1.26,2,20.0,43.4,Low
EMP_01352,Engineering,Supportive,4.02,3.31,3.41,4.14,2.47,4,2.8,57.3,Moderate
EMP_01353,Engineering,Supportive,3.06,4.35,3.16,3.48,4.9,3,4.0,64.1,Moderate
EMP_01354,Engineering,Autocratic/Micromanagement,3.58,3.54,3.01,2.07,1.49,3,11.4,49.2,Moderate
EMP_01355,Engineering,Supportive,4.48,4.21,2.69,3.98,3.23,1,0.5,62.3,Moderate
EMP_01356,Product Management,Supportive,4.81,3.62,3.25,4.02,2.51,5,1.3,59.1,Moderate
EMP_01357,Sales,Supportive,3.34,4.36,3.98,3.35,2.57,3,6.9,47.7,Moderate
EMP_01358,Sales,Democratic,3.94,3.77,4.09,3.96,1.55,4,2.0,65.9,Moderate
EMP_01359,Engineering,Democratic,3.96,3.12,2.03,3.8,3.38,3,0.7,33.6,Low
EMP_01360,Marketing,Supportive,4.21,3.76,2.81,4.25,1.67,5,2.5,50.9,Moderate
EMP_01361,Sales,Supportive,3.39,4.5,2.35,2.43,2.43,1,10.1,39.0,Low
EMP_01362,Sales,Supportive,3.99,4.19,2.4,3.41,2.87,5,20.0,28.3,Low
EMP_01363,Engineering,Democratic,3.48,4.0,3.29,4.18,2.09,1,10.4,44.5,Low
EMP_01364,HR,Democratic,4.18,4.57,3.83,2.85,3.73,4,0.5,39.3,Low
EMP_01365,Data Science,Supportive,4.18,2.77,3.4,2.43,1.75,5,3.6,37.5,Low
EMP_01366,Engineering,Supportive,3.88,4.97,3.52,3.61,2.64,4,0.9,64.1,Moderate
EMP_01367,Engineering,Autocratic/Micromanagement,3.58,3.75,2.94,3.94,2.91,4,3.6,34.3,Low
EMP_01368,Engineering,Democratic,2.26,2.79,2.96,4.17,2.59,4,0.5,13.7,Low
EMP_01369,Engineering,Supportive,2.97,3.88,2.1,2.41,2.52,4,4.5,59.5,Moderate
EMP_01370,Engineering,Supportive,3.08,4.53,2.75,2.59,1.46,1,1.4,66.3,Moderate
EMP_01371,Data Science,Autocratic/Micromanagement,4.63,4.14,3.54,3.16,1.9,2,2.2,29.0,Low
EMP_01372,Data Science,Supportive,3.44,4.15,2.66,3.6,2.31,4,10.8,54.4,Moderate
EMP_01373,Engineering,Supportive,3.34,4.11,3.07,3.8,2.24,4,4.3,50.6,Moderate
EMP_01374,Marketing,Supportive,3.75,4.42,3.66,2.53,3.76,3,9.4,41.2,Low
EMP_01375,Engineering,Democratic,3.32,4.11,4.13,3.86,3.06,3,3.7,34.5,Low
EMP_01376,Engineering,Supportive,2.76,3.58,3.31,4.54,2.48,5,2.1,58.1,Moderate
EMP_01377,Sales,Supportive,3.03,4.84,2.87,4.11,1.82,4,0.5,57.7,Moderate
EMP_01378,Sales,Democratic,3.31,3.84,3.17,3.93,2.1,4,2.3,46.3,Moderate
EMP_01379,HR,Democratic,3.64,3.39,2.44,3.92,2.51,2,2.5,38.6,Low
EMP_01380,Data Science,Democratic,3.21,3.89,2.48,3.4,2.87,5,4.4,42.4,Low
EMP_01381,Engineering,Supportive,3.3,3.96,3.49,3.75,2.9,5,7.5,48.0,Moderate
EMP_01382,HR,Autocratic/Micromanagement,4.36,4.33,2.71,3.58,1.46,4,0.8,30.0,Low
EMP_01383,Data Science,Democratic,4.0,4.75,3.22,5.0,2.42,4,1.3,57.3,Moderate
EMP_01384,Engineering,Supportive,4.75,3.98,3.66,3.63,3.17,3,9.7,41.2,Low
EMP_01385,Marketing,Democratic,2.91,3.5,2.89,3.73,1.83,4,5.4,44.7,Low
EMP_01386,Sales,Democratic,3.87,4.48,2.03,3.9,2.04,5,8.0,34.2,Low
EMP_01387,Product Management,Supportive,3.41,3.89,1.14,3.62,3.87,4,1.5,47.1,Moderate
EMP_01388,Sales,Autocratic/Micromanagement,3.62,3.65,3.65,4.15,2.18,2,2.3,45.6,Moderate
EMP_01389,Sales,Democratic,4.78,4.44,1.35,2.67,2.23,5,0.5,19.7,Low
EMP_01390,Engineering,Democratic,3.11,3.01,3.1,3.99,3.25,4,0.5,35.9,Low
EMP_01391,Engineering,Autocratic/Micromanagement,3.32,4.58,3.81,4.2,3.14,5,0.7,51.0,Moderate
EMP_01392,Sales,Democratic,4.76,4.13,3.04,3.57,2.31,5,8.4,43.7,Low
EMP_01393,HR,Autocratic/Micromanagement,3.12,4.08,3.54,3.97,2.39,4,3.4,44.9,Low
EMP_01394,Product Management,Supportive,3.97,4.78,3.31,4.11,2.17,3,1.6,52.3,Moderate
EMP_01395,HR,Autocratic/Micromanagement,3.88,4.0,4.94,3.81,2.52,4,1.8,45.5,Moderate
EMP_01396,Data Science,Democratic,3.16,3.81,3.34,4.18,2.53,3,4.0,39.9,Low
EMP_01397,Marketing,Democratic,4.05,3.49,3.47,3.46,1.42,3,2.1,46.1,Moderate
EMP_01398,Sales,Autocratic/Micromanagement,4.28,4.51,1.72,4.03,1.7,5,3.1,11.9,Low
EMP_01399,Engineering,Supportive,3.61,4.03,3.44,3.13,2.6,2,4.7,48.9,Moderate
EMP_01400,Engineering,Supportive,3.75,4.47,3.79,2.99,2.74,4,3.5,58.2,Moderate
EMP_01401,Marketing,Democratic,4.1,3.52,3.38,3.61,1.64,5,7.6,44.2,Low
EMP_01402,Engineering,Supportive,3.79,4.53,2.79,4.26,1.61,5,5.5,77.1,High
EMP_01403,Sales,Democratic,3.96,3.51,4.74,4.45,2.7,5,6.0,57.4,Moderate
EMP_01404,Sales,Supportive,2.11,4.09,3.78,3.7,3.81,4,3.4,48.8,Moderate
EMP_01405,Engineering,Supportive,2.78,4.41,3.16,3.58,3.06,2,9.6,57.7,Moderate
EMP_01406,Engineering,Autocratic/Micromanagement,4.23,4.26,2.98,3.27,1.47,3,0.6,45.8,Moderate
EMP_01407,Engineering,Supportive,2.98,3.93,1.96,3.9,2.38,5,0.5,44.9,Low
EMP_01408,Data Science,Democratic,3.49,4.2,3.03,3.24,3.49,5,0.5,48.1,Moderate
EMP_01409,Product Management,Supportive,3.74,3.88,2.68,4.26,1.6,5,2.6,57.5,Moderate
EMP_01410,Engineering,Democratic,4.41,4.21,1.92,3.33,2.9,3,4.2,54.8,Moderate
EMP_01411,Sales,Democratic,3.88,4.54,4.25,3.25,1.01,2,1.2,63.0,Moderate
EMP_01412,Engineering,Supportive,3.01,4.23,3.23,3.46,1.1,3,6.8,74.4,Moderate
EMP_01413,Marketing,Autocratic/Micromanagement,3.94,4.02,3.35,4.38,4.07,4,2.9,31.3,Low
EMP_01414,Marketing,Democratic,3.33,3.87,2.84,3.36,2.66,4,7.2,37.7,Low
EMP_01415,Marketing,Democratic,2.78,4.54,3.77,3.08,1.34,3,4.5,46.5,Moderate
EMP_01416,Engineering,Democratic,3.3,3.84,3.35,2.99,3.73,3,0.8,28.5,Low
EMP_01417,Sales,Democratic,4.5,3.9,4.06,3.52,2.76,4,0.9,49.5,Moderate
EMP_01418,Data Science,Autocratic/Micromanagement,3.91,3.16,3.9,3.83,2.14,5,0.7,43.3,Low
EMP_01419,Data Science,Supportive,4.55,4.37,3.05,3.37,1.95,3,13.7,67.8,Moderate
EMP_01420,HR,Autocratic/Micromanagement,3.71,3.19,3.5,4.54,3.14,3,3.5,42.5,Low
EMP_01421,Engineering,Supportive,3.38,4.53,2.73,3.1,3.36,2,8.0,67.9,Moderate
EMP_01422,Engineering,Autocratic/Micromanagement,4.97,4.54,4.38,3.54,1.7,5,9.5,44.3,Low
EMP_01423,Product Management,Democratic,2.99,4.0,3.0,5.0,2.67,2,1.4,44.2,Low
EMP_01424,Product Management,Democratic,3.22,4.04,4.69,2.95,1.39,1,5.1,51.1,Moderate
EMP_01425,Product Management,Supportive,3.72,3.82,2.36,3.74,2.01,5,7.2,46.7,Moderate
EMP_01426,Product Management,Autocratic/Micromanagement,4.72,2.99,3.29,3.67,3.02,3,0.7,20.0,Low
EMP_01427,Engineering,Democratic,2.96,3.94,3.43,3.33,2.17,4,1.6,50.5,Moderate
EMP_01428,Data Science,Autocratic/Micromanagement,3.91,3.02,3.18,4.53,2.71,4,1.2,44.6,Low
EMP_01429,Engineering,Supportive,3.13,4.4,2.84,2.9,1.83,2,5.5,66.3,Moderate
EMP_01430,Engineering,Supportive,4.78,3.51,2.85,3.43,2.42,1,3.5,51.0,Moderate
EMP_01431,Sales,Supportive,3.72,4.02,3.03,2.92,3.84,3,5.1,49.2,Moderate
EMP_01432,Engineering,Supportive,3.65,4.06,3.85,4.52,1.89,5,1.1,48.3,Moderate
EMP_01433,Engineering,Supportive,2.38,3.71,4.18,3.93,2.48,3,2.7,49.7,Moderate
EMP_01434,Engineering,Democratic,4.07,3.73,1.88,4.04,2.91,5,2.0,45.5,Moderate
EMP_01435,Sales,Supportive,2.77,3.83,4.03,3.61,3.38,4,1.1,62.1,Moderate
EMP_01436,Engineering,Autocratic/Micromanagement,3.75,4.39,3.55,3.37,1.95,4,9.6,63.9,Moderate
EMP_01437,Product Management,Democratic,4.75,3.9,3.94,2.86,3.68,4,6.6,32.6,Low
EMP_01438,Data Science,Democratic,3.46,4.87,2.31,5.0,3.68,3,5.1,52.9,Moderate
EMP_01439,Marketing,Democratic,4.68,4.47,4.0,3.38,1.0,4,2.9,41.9,Low
EMP_01440,Product Management,Democratic,4.95,4.78,4.05,3.51,3.33,4,5.8,36.5,Low
EMP_01441,Engineering,Democratic,3.8,3.74,2.53,4.81,2.23,3,2.5,46.1,Moderate
EMP_01442,HR,Democratic,3.36,3.18,2.35,4.35,2.73,4,2.0,36.3,Low
EMP_01443,Product Management,Supportive,4.35,4.06,4.1,4.26,2.97,3,0.6,51.8,Moderate
EMP_01444,HR,Supportive,4.09,3.18,3.43,3.92,1.73,1,1.7,59.2,Moderate
EMP_01445,Engineering,Supportive,3.67,3.26,2.95,3.93,1.31,4,4.8,57.7,Moderate
EMP_01446,Sales,Supportive,3.86,3.91,3.23,3.88,1.85,5,4.0,57.3,Moderate
EMP_01447,Product Management,Supportive,4.37,3.49,4.62,3.67,4.84,3,5.4,37.8,Low
EMP_01448,Product Management,Autocratic/Micromanagement,3.43,3.59,3.21,3.42,2.47,4,0.5,53.6,Moderate
EMP_01449,Marketing,Supportive,4.16,4.78,3.07,2.75,3.25,2,6.3,43.9,Low
EMP_01450,HR,Democratic,3.4,3.51,2.61,4.02,2.39,5,1.6,42.9,Low
EMP_01451,Engineering,Autocratic/Micromanagement,3.23,3.83,3.4,4.29,1.69,4,5.3,41.5,Low
EMP_01452,Sales,Democratic,4.73,4.23,3.06,4.46,2.54,3,1.9,49.2,Moderate
EMP_01453,Engineering,Democratic,3.57,3.38,2.27,4.03,4.14,5,4.1,41.0,Low
EMP_01454,Sales,Democratic,3.2,3.25,3.03,3.47,1.95,2,16.7,41.9,Low
EMP_01455,Engineering,Autocratic/Micromanagement,4.53,4.63,1.98,3.37,2.1,3,0.5,41.9,Low
EMP_01456,Sales,Autocratic/Micromanagement,4.72,3.47,3.78,4.52,4.47,2,1.2,18.2,Low
EMP_01457,Product Management,Autocratic/Micromanagement,3.17,3.85,3.39,5.0,1.98,4,0.7,43.0,Low
EMP_01458,Sales,Autocratic/Micromanagement,3.33,4.32,3.01,3.2,3.51,2,1.1,45.8,Moderate
EMP_01459,Marketing,Democratic,3.81,3.69,2.0,4.22,3.06,4,2.6,32.0,Low
EMP_01460,Engineering,Supportive,2.66,4.67,3.89,4.75,2.68,4,1.3,65.7,Moderate
EMP_01461,Marketing,Democratic,4.34,3.88,1.88,3.79,3.08,4,0.5,36.5,Low
EMP_01462,Product Management,Supportive,3.2,4.41,2.29,4.33,2.78,4,2.2,40.3,Low
EMP_01463,Data Science,Democratic,3.29,3.51,2.03,2.88,2.69,3,3.6,42.8,Low
EMP_01464,Engineering,Democratic,4.94,5.0,2.57,2.91,1.67,3,4.2,61.7,Moderate
EMP_01465,Marketing,Democratic,3.81,4.75,3.97,3.65,2.64,4,9.1,41.4,Low
EMP_01466,Marketing,Supportive,3.18,3.77,3.14,3.91,2.13,5,11.3,57.0,Moderate
EMP_01467,Sales,Supportive,4.17,3.7,2.86,4.09,2.16,4,5.9,53.1,Moderate
EMP_01468,Sales,Supportive,3.4,3.71,2.54,3.8,1.88,1,2.9,55.8,Moderate
EMP_01469,Sales,Supportive,3.8,3.59,3.21,3.89,2.68,5,9.0,53.4,Moderate
EMP_01470,Product Management,Supportive,4.7,3.72,4.77,4.09,4.18,4,3.5,41.3,Low
EMP_01471,Marketing,Supportive,5.0,4.69,3.52,3.98,1.91,4,0.5,47.1,Moderate
EMP_01472,Product Management,Democratic,3.4,4.45,1.75,3.27,2.68,3,6.1,42.3,Low
EMP_01473,Engineering,Supportive,3.52,2.97,2.62,3.08,2.08,3,1.8,50.0,Moderate
EMP_01474,Engineering,Supportive,3.82,4.37,2.26,3.37,2.16,3,11.2,69.9,Moderate
EMP_01475,Engineering,Democratic,3.57,3.37,3.61,3.72,2.84,3,3.3,45.0,Moderate
EMP_01476,Engineering,Autocratic/Micromanagement,4.51,4.05,4.07,4.18,3.67,5,0.5,13.2,Low
EMP_01477,HR,Autocratic/Micromanagement,3.83,3.95,3.89,4.24,2.37,5,1.1,44.5,Low
EMP_01478,Sales,Supportive,3.7,4.17,3.29,2.54,2.9,3,1.4,51.4,Moderate
EMP_01479,Data Science,Supportive,3.27,3.72,2.17,3.3,2.01,4,1.6,48.2,Moderate
EMP_01480,Engineering,Democratic,3.22,4.67,2.1,3.64,2.48,2,3.3,57.1,Moderate
EMP_01481,Product Management,Democratic,3.0,4.03,3.0,3.39,2.31,1,0.5,42.6,Low
EMP_01482,Product Management,Autocratic/Micromanagement,3.05,3.7,2.16,3.99,3.14,4,1.7,37.8,Low
EMP_01483,HR,Autocratic/Micromanagement,4.21,3.05,3.38,4.31,2.52,4,7.6,24.0,Low
EMP_01484,Engineering,Democratic,2.89,3.93,3.65,2.77,3.58,4,2.6,35.3,Low
EMP_01485,Product Management,Supportive,3.69,4.93,2.31,3.46,3.63,5,0.5,46.4,Moderate
EMP_01486,Sales,Democratic,4.56,4.94,3.52,4.92,2.68,3,0.5,39.1,Low
EMP_01487,HR,Supportive,3.11,4.04,3.51,4.15,2.75,4,3.8,48.0,Moderate
EMP_01488,Product Management,Supportive,3.6,4.74,3.1,4.17,3.62,2,1.0,45.0,Moderate
EMP_01489,Product Management,Supportive,4.39,3.33,3.48,3.02,2.94,4,0.5,48.0,Moderate
EMP_01490,HR,Democratic,4.08,3.11,3.51,3.14,2.28,3,1.3,35.5,Low
EMP_01491,Sales,Supportive,4.12,4.35,4.54,3.7,2.14,3,1.0,64.3,Moderate
EMP_01492,Data Science,Supportive,3.57,3.42,2.51,3.58,3.14,4,3.7,48.5,Moderate
EMP_01493,Data Science,Supportive,3.0,4.33,2.41,3.78,1.67,4,5.6,74.1,Moderate
EMP_01494,Marketing,Autocratic/Micromanagement,4.23,3.83,2.94,3.88,3.02,4,0.5,21.0,Low
EMP_01495,HR,Autocratic/Micromanagement,2.94,2.9,2.72,2.26,2.27,2,1.7,48.2,Moderate
EMP_01496,Engineering,Supportive,3.86,3.77,3.01,5.0,3.24,5,4.0,43.3,Low
EMP_01497,Marketing,Autocratic/Micromanagement,3.22,3.39,3.12,3.86,3.11,1,3.8,45.8,Moderate
EMP_01498,Marketing,Democratic,3.91,4.25,4.59,4.08,1.85,3,2.0,44.7,Low
EMP_01499,Data Science,Autocratic/Micromanagement,2.88,2.88,2.06,4.1,2.59,5,4.8,49.7,Moderate
EMP_01500,Sales,Autocratic/Micromanagement,4.22,3.33,4.06,3.84,2.54,4,4.7,35.4,Low
EMP_01501,Sales,Democratic,3.42,3.03,3.16,3.48,1.0,2,1.8,47.9,Moderate
EMP_01502,Data Science,Autocratic/Micromanagement,4.54,3.51,2.73,4.01,1.65,4,0.6,15.2,Low
EMP_01503,Product Management,Democratic,3.9,3.15,2.75,3.15,2.52,1,0.6,40.8,Low
EMP_01504,Engineering,Democratic,3.0,3.51,2.31,3.83,1.86,4,1.4,49.0,Moderate
EMP_01505,Marketing,Supportive,3.58,5.0,3.23,3.42,3.36,3,7.5,48.4,Moderate
EMP_01506,Product Management,Supportive,4.17,4.14,2.67,3.15,2.96,4,1.6,47.3,Moderate
EMP_01507,Engineering,Supportive,3.87,4.28,2.65,3.26,1.75,3,0.5,75.5,High
EMP_01508,Engineering,Supportive,3.11,3.21,2.31,2.48,3.04,2,3.7,47.4,Moderate
EMP_01509,Marketing,Supportive,2.47,3.66,2.37,3.48,1.0,2,2.3,55.0,Moderate
EMP_01510,Engineering,Democratic,2.19,2.62,2.77,4.41,2.77,4,1.6,18.3,Low
EMP_01511,Marketing,Supportive,3.78,3.96,4.53,3.54,3.41,3,9.8,40.1,Low
EMP_01512,Marketing,Supportive,2.74,3.61,2.66,3.53,2.05,3,5.7,52.9,Moderate
EMP_01513,Engineering,Supportive,4.42,4.51,3.74,3.34,2.1,5,12.9,73.1,Moderate
EMP_01514,Sales,Supportive,3.18,3.78,2.5,2.89,2.45,3,4.7,45.4,Moderate
EMP_01515,Engineering,Autocratic/Micromanagement,2.67,3.4,3.11,4.06,2.98,5,0.8,34.2,Low
EMP_01516,Marketing,Supportive,4.21,4.04,3.16,3.07,4.46,4,3.0,40.9,Low
EMP_01517,Product Management,Democratic,3.9,3.74,1.79,4.32,2.44,3,9.4,43.3,Low
EMP_01518,Sales,Supportive,4.39,4.11,2.87,3.81,3.64,4,5.3,45.6,Moderate
EMP_01519,HR,Democratic,3.37,4.24,4.49,3.36,2.78,5,1.1,36.8,Low
EMP_01520,Data Science,Supportive,4.02,3.73,2.27,3.6,1.9,4,0.5,54.8,Moderate
EMP_01521,Marketing,Democratic,3.53,4.0,3.37,4.09,1.4,1,10.9,49.5,Moderate
EMP_01522,Product Management,Democratic,3.61,4.05,2.42,1.99,1.94,5,7.5,45.6,Moderate
EMP_01523,Product Management,Supportive,3.75,4.06,4.07,3.54,2.53,4,1.2,51.9,Moderate
EMP_01524,Sales,Democratic,3.16,4.61,2.53,2.61,1.24,5,4.3,47.1,Moderate
EMP_01525,Engineering,Autocratic/Micromanagement,3.66,3.45,3.25,3.75,2.6,4,3.1,48.4,Moderate
EMP_01526,Data Science,Democratic,3.32,3.56,3.24,3.21,3.09,3,0.7,37.1,Low
EMP_01527,Engineering,Supportive,3.1,3.31,3.6,3.52,3.16,2,5.1,50.7,Moderate
EMP_01528,Sales,Democratic,3.83,4.16,2.06,4.11,2.77,4,2.4,26.6,Low
EMP_01529,Engineering,Autocratic/Micromanagement,2.44,3.97,2.44,4.03,2.36,3,10.4,48.4,Moderate
EMP_01530,Engineering,Supportive,3.17,3.99,1.77,3.83,2.33,4,3.5,46.7,Moderate
EMP_01531,Product Management,Supportive,4.38,3.72,3.59,3.99,3.09,2,1.5,48.7,Moderate
EMP_01532,HR,Supportive,2.55,3.64,2.69,4.14,2.24,3,3.1,51.6,Moderate
EMP_01533,Marketing,Supportive,3.96,4.89,2.49,3.55,1.72,2,3.2,53.8,Moderate
EMP_01534,Engineering,Supportive,2.44,3.62,3.83,3.55,2.52,1,1.0,49.0,Moderate
EMP_01535,Data Science,Autocratic/Micromanagement,2.81,3.36,2.66,4.03,2.94,5,0.6,32.3,Low
EMP_01536,Engineering,Democratic,3.94,3.4,2.16,4.51,4.33,3,2.4,32.2,Low
EMP_01537,Sales,Autocratic/Micromanagement,3.68,4.07,3.45,3.19,2.02,3,1.5,43.9,Low
EMP_01538,Data Science,Supportive,3.59,3.47,3.82,3.29,3.38,1,1.5,41.0,Low
EMP_01539,Marketing,Autocratic/Micromanagement,4.06,3.75,3.21,3.38,1.42,1,7.3,31.7,Low
EMP_01540,Engineering,Autocratic/Micromanagement,2.68,3.89,1.79,2.88,2.33,2,3.9,44.3,Low
EMP_01541,Data Science,Supportive,3.17,4.61,3.91,4.06,3.26,2,2.0,53.1,Moderate
EMP_01542,Product Management,Democratic,3.77,4.04,3.83,3.35,3.54,2,7.8,35.4,Low
EMP_01543,Product Management,Supportive,3.42,4.26,3.24,3.87,1.61,5,4.0,57.7,Moderate
EMP_01544,Sales,Supportive,3.34,4.23,1.65,3.83,1.35,5,4.8,35.8,Low
EMP_01545,Sales,Autocratic/Micromanagement,2.92,3.78,2.71,3.47,2.67,5,7.2,45.1,Moderate
EMP_01546,Sales,Democratic,3.67,4.13,2.76,3.58,2.38,1,1.4,41.1,Low
EMP_01547,Sales,Democratic,3.33,3.5,2.85,3.11,2.84,3,2.9,41.9,Low
EMP_01548,Marketing,Supportive,3.47,3.71,3.51,4.1,1.28,2,3.6,53.6,Moderate
EMP_01549,Sales,Supportive,4.19,3.82,4.38,3.86,2.94,2,6.3,62.5,Moderate
EMP_01550,Engineering,Democratic,3.31,3.17,1.99,3.52,2.5,2,0.8,38.8,Low
EMP_01551,Product Management,Autocratic/Micromanagement,3.46,3.86,2.84,3.69,2.28,4,0.5,36.0,Low
EMP_01552,Sales,Supportive,3.91,4.14,3.6,2.46,2.43,3,1.5,59.7,Moderate
EMP_01553,Data Science,Democratic,3.89,3.12,4.16,3.9,1.89,4,4.5,50.0,Moderate
EMP_01554,Engineering,Democratic,3.55,4.04,3.52,3.39,2.11,4,1.2,46.1,Moderate
EMP_01555,Engineering,Democratic,4.21,3.69,1.28,3.84,1.63,3,13.4,53.1,Moderate
EMP_01556,Marketing,Democratic,4.21,3.35,3.13,3.5,3.46,4,3.3,29.3,Low
EMP_01557,Engineering,Democratic,3.46,4.27,3.24,2.63,2.61,5,4.0,59.1,Moderate
EMP_01558,Engineering,Autocratic/Micromanagement,4.35,4.66,3.76,4.24,2.58,4,1.2,36.4,Low
EMP_01559,Product Management,Democratic,3.8,3.26,3.8,3.11,3.7,3,1.2,40.2,Low
EMP_01560,Sales,Democratic,3.13,3.77,3.79,3.86,3.97,3,10.1,35.6,Low
EMP_01561,Product Management,Autocratic/Micromanagement,3.92,3.01,3.31,3.95,2.47,2,2.8,48.3,Moderate
EMP_01562,Marketing,Democratic,3.43,4.68,4.32,3.67,1.95,5,4.6,42.2,Low
EMP_01563,Product Management,Autocratic/Micromanagement,4.4,3.99,3.78,4.49,1.95,3,7.1,25.9,Low
EMP_01564,Sales,Autocratic/Micromanagement,3.35,3.6,2.87,3.24,3.25,4,5.3,44.4,Low
EMP_01565,Engineering,Democratic,2.44,4.64,2.6,3.54,2.45,4,4.2,55.6,Moderate
EMP_01566,Engineering,Supportive,2.74,3.49,2.97,2.87,2.98,4,1.7,51.5,Moderate
EMP_01567,Data Science,Democratic,3.06,5.0,1.17,5.0,3.26,5,2.2,56.3,Moderate
EMP_01568,Engineering,Autocratic/Micromanagement,3.54,4.41,3.37,3.16,1.51,4,3.1,63.6,Moderate
EMP_01569,Data Science,Democratic,3.22,4.71,3.93,2.85,2.16,4,0.8,58.6,Moderate
EMP_01570,HR,Supportive,2.96,4.91,4.51,3.75,3.65,3,2.3,44.6,Low
EMP_01571,Engineering,Supportive,3.99,4.33,2.71,4.75,4.04,4,0.5,56.2,Moderate
EMP_01572,Sales,Autocratic/Micromanagement,3.53,4.76,2.77,3.52,2.44,5,6.8,51.6,Moderate
EMP_01573,Engineering,Supportive,4.39,2.96,1.64,3.83,1.99,3,0.9,50.9,Moderate
EMP_01574,Marketing,Democratic,4.14,3.68,2.01,3.25,2.83,1,0.5,36.8,Low
EMP_01575,Engineering,Supportive,2.71,4.02,2.35,4.03,2.61,3,7.1,56.3,Moderate
EMP_01576,Engineering,Democratic,4.27,4.03,3.13,4.23,2.97,1,1.6,41.7,Low
EMP_01577,Marketing,Supportive,3.81,3.55,3.02,3.57,2.1,4,1.5,51.7,Moderate
EMP_01578,Engineering,Supportive,3.77,4.13,2.26,4.64,2.01,2,1.0,47.5,Moderate
EMP_01579,HR,Autocratic/Micromanagement,3.73,3.99,3.46,3.01,3.09,4,0.5,41.2,Low
EMP_01580,Product Management,Supportive,2.87,4.8,3.02,3.32,1.0,4,2.9,57.2,Moderate
EMP_01581,Sales,Democratic,3.06,3.28,2.36,3.71,3.72,4,6.5,21.9,Low
EMP_01582,Sales,Autocratic/Micromanagement,3.4,3.54,3.82,4.0,1.17,4,6.0,49.4,Moderate
EMP_01583,Data Science,Democratic,4.43,3.58,3.97,3.51,2.62,3,8.3,42.0,Low
EMP_01584,Sales,Democratic,4.12,4.01,2.62,4.63,3.69,3,0.5,36.4,Low
EMP_01585,Marketing,Supportive,3.82,3.66,2.74,3.66,1.44,3,1.3,46.7,Moderate
EMP_01586,Data Science,Supportive,4.0,4.02,3.71,3.73,2.42,3,4.3,51.1,Moderate
EMP_01587,Engineering,Democratic,2.66,3.85,2.91,3.13,2.12,2,1.4,44.4,Low
EMP_01588,Data Science,Democratic,4.38,4.38,1.9,3.19,2.67,3,3.4,56.0,Moderate
EMP_01589,Product Management,Autocratic/Micromanagement,3.92,4.17,3.77,2.5,2.74,4,11.1,38.9,Low
EMP_01590,HR,Supportive,3.52,3.8,2.64,3.21,1.84,2,5.1,53.8,Moderate
EMP_01591,Engineering,Democratic,4.41,3.73,3.24,3.21,2.12,3,2.1,36.1,Low
EMP_01592,Engineering,Democratic,3.78,4.68,3.29,4.14,1.91,1,5.4,60.6,Moderate
EMP_01593,Marketing,Supportive,4.44,3.91,3.07,4.24,1.87,4,3.2,50.0,Moderate
EMP_01594,Product Management,Supportive,3.43,3.32,3.94,4.17,2.95,4,1.5,35.1,Low
EMP_01595,Engineering,Supportive,4.17,3.53,2.47,3.42,1.8,3,3.2,57.3,Moderate
EMP_01596,HR,Autocratic/Micromanagement,2.99,4.96,3.35,3.28,1.42,2,0.5,46.8,Moderate
EMP_01597,Sales,Democratic,4.38,3.96,3.17,3.46,3.69,3,2.1,36.4,Low
EMP_01598,HR,Democratic,4.51,3.71,4.08,2.96,2.13,2,18.0,51.0,Moderate
EMP_01599,Marketing,Supportive,3.44,4.14,3.3,4.21,4.07,2,1.8,46.0,Moderate
EMP_01600,Engineering,Democratic,4.75,4.36,3.63,2.83,3.74,3,1.5,44.3,Low
EMP_01601,HR,Democratic,3.71,3.55,3.84,4.53,2.92,3,4.6,47.8,Moderate
EMP_01602,Engineering,Democratic,3.6,3.7,3.72,3.61,3.01,4,10.8,34.5,Low
EMP_01603,Product Management,Supportive,3.28,3.71,3.75,3.37,1.7,2,1.6,53.8,Moderate
EMP_01604,Engineering,Supportive,4.37,2.82,3.48,3.91,1.61,4,9.4,53.8,Moderate
EMP_01605,Engineering,Autocratic/Micromanagement,4.47,3.12,3.38,2.86,1.55,5,1.8,24.0,Low
EMP_01606,Engineering,Supportive,3.51,3.94,3.46,3.2,1.66,4,2.4,55.9,Moderate
EMP_01607,Sales,Supportive,4.41,3.14,4.05,2.61,2.72,3,5.2,62.3,Moderate
EMP_01608,Sales,Democratic,3.22,3.68,4.05,3.95,1.97,3,0.5,64.3,Moderate
EMP_01609,Engineering,Autocratic/Micromanagement,3.53,3.73,2.49,3.0,2.24,5,5.9,42.9,Low
EMP_01610,HR,Supportive,3.22,3.42,2.73,3.61,1.43,4,3.9,56.1,Moderate
EMP_01611,Sales,Supportive,3.16,3.11,4.14,3.76,3.02,4,5.8,64.5,Moderate
EMP_01612,Engineering,Supportive,2.4,3.97,5.0,2.84,3.14,2,1.2,45.3,Moderate
EMP_01613,Engineering,Supportive,2.84,3.5,5.0,3.49,2.65,4,2.5,56.6,Moderate
EMP_01614,Sales,Democratic,4.5,3.89,2.61,2.67,3.49,1,3.7,39.2,Low
EMP_01615,Data Science,Democratic,3.71,5.0,3.91,4.61,1.81,4,1.6,60.6,Moderate
EMP_01616,Engineering,Supportive,3.18,3.91,3.58,3.04,3.39,4,0.5,44.3,Low
EMP_01617,Marketing,Democratic,3.87,3.16,4.88,4.17,2.98,2,1.2,34.6,Low
EMP_01618,Sales,Supportive,3.82,3.22,3.85,3.11,3.18,4,1.9,43.2,Low
EMP_01619,Product Management,Autocratic/Micromanagement,2.88,4.19,3.3,2.78,1.81,4,2.4,48.9,Moderate
EMP_01620,Data Science,Democratic,3.57,4.45,3.0,4.25,2.11,2,4.3,63.0,Moderate
EMP_01621,Data Science,Autocratic/Micromanagement,3.99,4.61,2.77,3.35,3.1,3,1.5,54.9,Moderate
EMP_01622,Sales,Democratic,3.39,4.32,3.08,3.24,2.84,4,0.8,32.2,Low
EMP_01623,Data Science,Democratic,2.66,3.36,2.49,3.81,3.29,3,11.1,33.1,Low
EMP_01624,Data Science,Autocratic/Micromanagement,3.64,4.58,2.91,4.12,1.72,2,10.1,59.2,Moderate
EMP_01625,Data Science,Democratic,3.01,3.25,3.92,2.53,3.62,4,7.3,28.2,Low
EMP_01626,Marketing,Autocratic/Micromanagement,2.98,4.18,3.22,4.06,4.27,4,0.6,34.3,Low
EMP_01627,Sales,Democratic,3.89,3.46,2.7,3.94,2.66,5,1.1,31.6,Low
EMP_01628,Data Science,Supportive,3.74,4.61,3.12,3.4,2.19,4,1.7,65.0,Moderate
EMP_01629,Engineering,Autocratic/Micromanagement,3.33,4.41,2.58,3.91,2.75,3,3.1,52.0,Moderate
EMP_01630,Engineering,Democratic,4.33,3.56,2.56,3.45,1.68,2,18.1,49.1,Moderate
EMP_01631,Engineering,Autocratic/Micromanagement,4.29,3.01,3.37,3.28,3.4,4,7.8,18.5,Low
EMP_01632,Data Science,Supportive,4.21,3.28,2.78,4.03,1.0,3,6.0,53.5,Moderate
EMP_01633,Product Management,Democratic,3.41,3.2,3.42,3.85,3.1,3,5.3,32.2,Low
EMP_01634,Engineering,Supportive,2.62,2.93,4.07,3.61,2.14,3,1.0,51.3,Moderate
EMP_01635,HR,Supportive,4.68,4.32,2.41,3.52,1.83,3,3.2,52.9,Moderate
EMP_01636,Sales,Democratic,4.36,3.88,2.05,3.44,2.86,5,0.9,24.0,Low
EMP_01637,Data Science,Supportive,3.3,3.99,1.88,4.29,2.07,4,3.6,46.8,Moderate
EMP_01638,Product Management,Supportive,3.28,3.42,3.77,3.2,1.13,2,3.6,63.5,Moderate
EMP_01639,Marketing,Autocratic/Micromanagement,3.34,2.84,4.12,5.0,1.89,4,1.7,44.5,Low
EMP_01640,Engineering,Supportive,3.73,4.16,2.05,3.51,1.64,5,1.4,55.5,Moderate
EMP_01641,Engineering,Democratic,3.95,3.51,3.78,3.89,1.06,5,0.5,54.1,Moderate
EMP_01642,Engineering,Supportive,3.58,3.87,1.87,3.97,1.0,3,3.6,55.4,Moderate
EMP_01643,Engineering,Autocratic/Micromanagement,2.85,4.31,3.75,4.1,2.43,5,14.4,57.0,Moderate
EMP_01644,Engineering,Democratic,3.09,3.71,2.21,3.89,1.56,4,1.4,51.2,Moderate
EMP_01645,Data Science,Supportive,3.01,4.22,2.86,2.92,2.17,2,5.5,64.6,Moderate
EMP_01646,Sales,Supportive,4.51,4.04,4.05,3.47,1.29,4,7.6,74.1,Moderate
EMP_01647,HR,Supportive,4.57,3.45,3.79,2.65,3.4,2,7.6,47.7,Moderate
EMP_01648,Sales,Autocratic/Micromanagement,4.05,3.86,4.11,3.79,2.33,3,3.2,30.4,Low
EMP_01649,Marketing,Supportive,4.2,3.21,4.44,3.16,2.54,4,0.6,47.4,Moderate
EMP_01650,Engineering,Supportive,3.67,5.0,3.29,4.62,3.46,5,1.0,50.6,Moderate
EMP_01651,Marketing,Autocratic/Micromanagement,3.47,3.65,3.26,3.65,1.39,1,1.1,45.8,Moderate
EMP_01652,Engineering,Supportive,3.41,4.69,3.89,2.73,2.36,1,5.7,66.9,Moderate
EMP_01653,Engineering,Supportive,3.8,3.52,2.86,3.23,2.37,3,0.5,55.8,Moderate
EMP_01654,Engineering,Democratic,3.01,3.82,4.4,3.62,1.82,3,2.1,47.5,Moderate
EMP_01655,Sales,Autocratic/Micromanagement,2.99,4.33,3.6,4.2,2.84,5,2.4,39.7,Low
EMP_01656,Data Science,Autocratic/Micromanagement,3.18,3.94,2.63,3.26,2.59,1,1.3,46.5,Moderate
EMP_01657,HR,Democratic,3.85,4.5,3.22,3.0,3.29,4,1.2,41.3,Low
EMP_01658,Data Science,Democratic,3.16,4.28,2.85,3.69,2.64,5,10.6,48.8,Moderate
EMP_01659,Sales,Democratic,2.69,3.96,2.76,4.12,2.99,4,0.6,42.6,Low
EMP_01660,Data Science,Autocratic/Micromanagement,4.1,4.19,2.76,4.44,2.49,5,3.6,19.4,Low
EMP_01661,Engineering,Democratic,2.72,3.71,2.38,2.92,4.0,4,1.3,30.7,Low
EMP_01662,Data Science,Autocratic/Micromanagement,4.01,3.36,4.33,2.68,2.99,4,0.5,24.0,Low
EMP_01663,Engineering,Supportive,3.2,3.53,3.71,2.49,2.7,4,0.6,44.3,Low
EMP_01664,Marketing,Democratic,3.0,3.87,3.72,3.45,2.7,4,3.8,36.8,Low
EMP_01665,Product Management,Supportive,3.43,3.53,3.3,3.84,3.24,2,4.0,50.4,Moderate
EMP_01666,Product Management,Supportive,3.89,5.0,3.96,3.38,2.67,3,5.3,43.9,Low
EMP_01667,Data Science,Democratic,4.04,4.2,2.52,4.06,2.47,4,1.6,63.0,Moderate
EMP_01668,Engineering,Democratic,4.08,3.71,3.11,3.43,2.52,5,2.5,54.7,Moderate
EMP_01669,Engineering,Supportive,3.68,4.7,3.27,3.11,3.36,5,13.6,62.8,Moderate
EMP_01670,Engineering,Democratic,2.8,3.67,3.05,3.23,2.96,2,20.0,41.5,Low
EMP_01671,Engineering,Democratic,3.38,4.16,3.5,3.52,3.02,4,2.3,40.1,Low
EMP_01672,HR,Supportive,3.84,2.89,3.3,3.37,1.47,5,7.2,61.1,Moderate
EMP_01673,Data Science,Autocratic/Micromanagement,3.05,3.32,3.04,2.8,1.86,5,8.7,43.7,Low
EMP_01674,Product Management,Supportive,2.28,3.27,3.57,2.74,1.72,4,0.5,61.4,Moderate
EMP_01675,Marketing,Supportive,3.99,4.13,4.02,3.7,3.18,5,13.6,51.4,Moderate
EMP_01676,Data Science,Supportive,3.73,3.23,3.1,3.8,2.86,4,5.2,46.4,Moderate
EMP_01677,Data Science,Democratic,2.36,3.48,2.76,2.56,2.63,2,6.4,36.9,Low
EMP_01678,Marketing,Democratic,3.41,3.17,3.2,3.34,1.0,4,3.9,54.6,Moderate
EMP_01679,Sales,Supportive,3.75,3.68,2.34,2.75,2.58,5,6.8,30.4,Low
EMP_01680,Data Science,Supportive,4.09,3.83,3.33,3.63,2.98,5,0.5,48.2,Moderate
EMP_01681,Sales,Supportive,3.31,3.46,3.09,3.86,1.86,3,0.5,46.3,Moderate
EMP_01682,Engineering,Autocratic/Micromanagement,3.92,3.46,3.47,4.68,2.76,3,2.4,38.7,Low
EMP_01683,Marketing,Democratic,3.13,4.06,2.89,4.54,1.84,4,5.0,40.9,Low
EMP_01684,Data Science,Autocratic/Micromanagement,3.36,3.72,3.55,3.86,2.61,4,0.5,47.5,Moderate
EMP_01685,Marketing,Supportive,2.43,4.28,3.43,4.2,2.73,4,0.5,59.7,Moderate
EMP_01686,Engineering,Supportive,4.12,2.52,3.27,3.22,2.3,5,0.8,28.3,Low
EMP_01687,Marketing,Supportive,3.25,4.87,2.55,3.45,2.55,5,1.8,46.7,Moderate
EMP_01688,Sales,Supportive,3.42,3.31,2.26,3.21,1.61,4,4.3,34.9,Low
EMP_01689,Engineering,Supportive,3.63,3.66,3.03,4.34,2.51,5,3.5,58.8,Moderate
EMP_01690,Data Science,Supportive,2.73,3.04,2.56,3.16,3.07,3,10.7,50.9,Moderate
EMP_01691,HR,Democratic,3.89,4.15,3.1,3.84,3.31,4,2.1,30.4,Low
EMP_01692,Product Management,Democratic,4.25,3.9,2.47,3.29,1.87,4,0.9,46.5,Moderate
EMP_01693,HR,Supportive,3.98,3.83,3.83,4.42,3.55,4,1.3,41.1,Low
EMP_01694,Data Science,Democratic,3.48,4.69,2.64,2.68,2.04,2,7.2,56.9,Moderate
EMP_01695,Sales,Autocratic/Micromanagement,3.14,3.76,1.94,3.79,1.0,3,1.1,35.7,Low
EMP_01696,Sales,Democratic,4.54,4.63,3.28,3.21,1.81,4,0.5,53.7,Moderate
EMP_01697,Sales,Democratic,3.23,3.55,2.8,3.82,1.58,4,9.7,48.0,Moderate
EMP_01698,Engineering,Democratic,3.92,3.32,3.08,3.7,2.11,1,3.2,40.3,Low
EMP_01699,Sales,Democratic,3.35,2.85,3.13,3.05,1.81,3,3.1,53.0,Moderate
EMP_01700,Product Management,Democratic,3.09,4.34,3.84,3.02,3.11,4,3.8,39.4,Low
EMP_01701,Engineering,Supportive,3.32,4.3,3.0,3.42,1.7,4,4.2,72.9,Moderate
EMP_01702,Engineering,Supportive,3.96,3.63,2.85,3.69,1.37,4,4.3,55.8,Moderate
EMP_01703,Engineering,Supportive,4.28,3.88,2.48,4.15,2.77,2,1.0,52.0,Moderate
EMP_01704,Marketing,Supportive,3.32,3.63,3.24,3.95,2.94,5,10.5,49.5,Moderate
EMP_01705,Sales,Supportive,3.57,3.54,3.16,3.08,1.6,3,1.4,57.2,Moderate
EMP_01706,Sales,Autocratic/Micromanagement,4.2,3.02,3.94,2.88,3.13,4,10.1,17.6,Low
EMP_01707,Data Science,Supportive,3.8,3.32,3.24,2.48,1.01,4,0.8,58.8,Moderate
EMP_01708,Product Management,Democratic,3.65,3.05,2.0,3.36,1.73,4,3.2,50.0,Moderate
EMP_01709,Engineering,Autocratic/Micromanagement,3.11,4.29,3.16,3.43,3.26,1,0.5,51.5,Moderate
EMP_01710,Engineering,Autocratic/Micromanagement,4.08,3.43,3.56,3.75,3.39,4,2.7,5.2,Low
EMP_01711,Product Management,Democratic,4.62,3.7,2.72,3.06,2.09,5,1.1,38.5,Low
EMP_01712,Product Management,Supportive,3.77,3.55,2.25,4.2,1.0,3,0.5,61.0,Moderate
EMP_01713,Marketing,Supportive,3.98,4.2,3.33,3.33,2.35,3,7.0,58.1,Moderate
EMP_01714,Sales,Autocratic/Micromanagement,3.6,4.75,3.16,3.25,2.93,4,0.5,40.6,Low
EMP_01715,Engineering,Supportive,3.72,4.12,3.54,3.31,3.3,4,4.9,41.7,Low
EMP_01716,Marketing,Autocratic/Micromanagement,3.57,4.44,2.98,4.52,2.88,4,1.6,36.7,Low
EMP_01717,Data Science,Supportive,3.61,4.28,3.21,4.45,3.34,5,8.3,61.2,Moderate
EMP_01718,Engineering,Supportive,2.74,3.63,2.31,3.39,4.72,4,4.3,29.6,Low
EMP_01719,Engineering,Democratic,3.87,4.48,3.54,3.82,2.25,5,5.9,58.0,Moderate
EMP_01720,Product Management,Supportive,3.01,3.65,2.09,2.99,2.12,3,3.4,53.1,Moderate
EMP_01721,Engineering,Autocratic/Micromanagement,4.12,3.51,2.02,3.19,1.54,3,4.5,24.6,Low
EMP_01722,Product Management,Supportive,3.14,3.9,2.52,4.0,2.12,4,0.6,51.3,Moderate
EMP_01723,Sales,Supportive,3.46,4.52,2.23,3.64,1.83,5,6.1,42.6,Low
EMP_01724,Marketing,Autocratic/Micromanagement,3.86,3.23,3.14,4.08,1.0,2,1.9,48.6,Moderate
EMP_01725,Engineering,Democratic,4.06,3.56,3.24,3.54,2.32,2,6.1,51.7,Moderate
EMP_01726,Product Management,Supportive,3.59,4.1,2.68,4.49,2.47,4,1.3,48.3,Moderate
EMP_01727,Data Science,Supportive,3.97,3.57,3.01,3.65,3.2,5,1.7,50.4,Moderate
EMP_01728,HR,Supportive,3.41,3.6,3.69,4.4,2.1,5,12.8,58.9,Moderate
EMP_01729,Data Science,Autocratic/Micromanagement,4.79,3.95,2.54,2.48,1.0,5,1.9,23.1,Low
EMP_01730,Engineering,Supportive,3.35,3.81,3.92,3.61,1.0,1,12.5,58.4,Moderate
EMP_01731,Marketing,Democratic,4.28,3.12,3.11,2.36,1.4,3,1.3,53.4,Moderate
EMP_01732,Sales,Autocratic/Micromanagement,3.81,3.78,2.55,3.6,1.97,5,2.7,45.9,Moderate
EMP_01733,HR,Autocratic/Micromanagement,3.34,4.56,4.78,3.82,3.42,5,1.2,42.2,Low
EMP_01734,Marketing,Autocratic/Micromanagement,3.98,3.83,3.07,4.13,4.21,3,7.2,38.7,Low
EMP_01735,Engineering,Democratic,3.45,4.1,2.51,2.79,1.88,3,9.2,44.3,Low
EMP_01736,Engineering,Supportive,5.0,3.71,2.08,3.79,2.66,4,5.3,54.3,Moderate
EMP_01737,Engineering,Supportive,4.46,4.21,2.65,2.47,2.24,5,1.9,59.4,Moderate
EMP_01738,Sales,Supportive,4.33,3.12,3.51,4.03,2.18,4,1.1,54.9,Moderate
EMP_01739,HR,Democratic,3.82,3.82,2.46,3.42,1.71,3,3.2,47.9,Moderate
EMP_01740,HR,Supportive,3.46,4.19,3.47,3.96,2.27,4,5.1,45.5,Moderate
EMP_01741,Engineering,Supportive,3.01,4.19,3.35,1.97,1.0,3,0.7,59.8,Moderate
EMP_01742,Engineering,Autocratic/Micromanagement,3.47,3.23,4.11,3.0,3.29,2,5.3,31.0,Low
EMP_01743,Engineering,Supportive,4.69,3.74,2.85,3.41,1.41,4,0.7,59.7,Moderate
EMP_01744,Product Management,Democratic,4.05,3.41,3.79,3.62,3.17,5,8.6,31.9,Low
EMP_01745,Marketing,Supportive,3.97,3.16,2.17,2.79,1.58,4,1.4,60.3,Moderate
EMP_01746,Data Science,Supportive,3.19,3.66,3.8,3.88,2.33,3,1.4,51.9,Moderate
EMP_01747,Marketing,Supportive,4.54,3.7,3.75,4.28,1.54,1,0.5,53.8,Moderate
EMP_01748,Engineering,Democratic,4.27,3.96,3.28,4.16,2.27,4,7.6,40.5,Low
EMP_01749,Marketing,Democratic,3.51,3.45,2.52,3.65,1.7,2,0.9,44.3,Low
EMP_01750,Engineering,Democratic,4.29,4.74,3.73,3.88,2.71,4,1.2,55.2,Moderate
EMP_01751,Sales,Supportive,2.7,3.55,1.9,4.1,1.04,3,2.3,39.6,Low
EMP_01752,Engineering,Supportive,4.31,4.92,3.22,2.37,2.45,5,2.9,64.7,Moderate
EMP_01753,Data Science,Autocratic/Micromanagement,2.85,3.59,3.95,4.61,1.81,2,3.6,48.0,Moderate
EMP_01754,Sales,Democratic,3.68,3.02,3.74,4.33,2.67,4,8.5,43.5,Low
EMP_01755,Product Management,Democratic,3.12,4.34,2.33,3.8,2.5,1,4.5,44.0,Low
EMP_01756,Engineering,Democratic,3.63,3.85,3.98,3.2,2.95,3,4.3,41.3,Low
EMP_01757,Engineering,Supportive,4.11,3.37,4.04,3.29,2.09,2,1.0,51.1,Moderate
EMP_01758,Sales,Democratic,2.96,4.96,3.03,3.11,2.27,4,6.6,44.1,Low
EMP_01759,Sales,Democratic,3.91,3.79,3.19,3.62,2.36,2,5.4,42.8,Low
EMP_01760,Data Science,Supportive,3.42,3.59,2.33,2.99,1.32,3,1.4,57.6,Moderate
EMP_01761,Data Science,Democratic,3.86,3.32,3.48,2.75,1.49,4,5.0,51.8,Moderate
EMP_01762,Data Science,Supportive,4.06,3.07,3.78,3.93,1.95,5,4.6,60.1,Moderate
EMP_01763,Sales,Autocratic/Micromanagement,3.38,4.03,3.5,4.14,2.26,3,0.9,34.4,Low
EMP_01764,Sales,Autocratic/Micromanagement,3.65,3.36,3.1,4.07,2.92,5,11.2,38.6,Low
EMP_01765,Engineering,Supportive,3.34,2.97,2.95,3.28,2.12,4,2.9,57.7,Moderate
EMP_01766,Data Science,Autocratic/Micromanagement,4.65,4.14,1.37,3.49,3.5,4,3.5,13.7,Low
EMP_01767,Data Science,Supportive,3.62,4.57,1.43,3.77,2.79,3,3.4,72.1,Moderate
EMP_01768,Sales,Supportive,4.34,2.99,3.91,4.04,1.62,2,8.1,61.9,Moderate
EMP_01769,Data Science,Democratic,4.13,3.8,3.14,4.68,1.0,4,7.3,50.6,Moderate
EMP_01770,Engineering,Supportive,3.88,4.11,2.62,3.15,3.11,3,1.0,49.5,Moderate
EMP_01771,HR,Democratic,4.2,3.63,2.8,3.93,2.45,4,8.5,39.3,Low
EMP_01772,Sales,Democratic,3.42,3.97,1.52,3.19,3.11,3,3.5,30.5,Low
EMP_01773,HR,Democratic,3.27,3.9,2.91,4.22,2.03,1,5.4,46.0,Moderate
EMP_01774,HR,Democratic,3.75,4.71,1.59,3.52,1.19,4,3.6,53.3,Moderate
EMP_01775,Product Management,Democratic,5.0,3.68,4.17,3.22,2.8,3,0.7,53.2,Moderate
EMP_01776,Marketing,Democratic,4.19,4.2,2.12,2.85,3.1,5,5.4,41.5,Low
EMP_01777,Data Science,Supportive,4.28,4.23,2.79,2.89,4.92,1,17.8,52.8,Moderate
EMP_01778,Engineering,Supportive,3.3,3.25,3.79,4.33,3.69,5,0.5,41.6,Low
EMP_01779,Sales,Supportive,4.65,3.3,2.44,4.35,1.2,3,15.5,35.2,Low
EMP_01780,Marketing,Supportive,3.44,4.19,2.89,2.77,1.49,4,2.0,54.4,Moderate
EMP_01781,HR,Democratic,2.68,4.26,2.14,3.34,3.36,4,2.5,32.7,Low
EMP_01782,Engineering,Democratic,4.44,3.56,3.02,3.04,2.44,3,9.1,52.0,Moderate
EMP_01783,Marketing,Supportive,3.39,2.96,3.22,3.33,1.65,4,0.9,52.0,Moderate
EMP_01784,Engineering,Supportive,3.74,4.67,3.05,3.2,2.32,4,0.5,62.1,Moderate
EMP_01785,Marketing,Supportive,2.27,3.76,2.52,4.35,2.01,1,1.6,53.9,Moderate
EMP_01786,Sales,Supportive,2.96,3.66,3.92,2.42,3.06,4,4.2,46.4,Moderate
EMP_01787,Sales,Democratic,4.69,2.93,3.63,2.94,1.18,5,1.3,48.2,Moderate
EMP_01788,Engineering,Autocratic/Micromanagement,3.92,3.85,4.29,3.36,1.84,5,0.6,44.7,Low
EMP_01789,Marketing,Democratic,3.61,3.88,2.83,3.9,3.22,5,0.5,41.1,Low
EMP_01790,Sales,Supportive,3.99,3.65,3.93,3.41,3.87,4,3.7,44.2,Low
EMP_01791,Data Science,Autocratic/Micromanagement,4.26,3.97,3.6,3.69,1.99,4,0.5,22.0,Low
EMP_01792,Engineering,Autocratic/Micromanagement,2.82,4.12,3.77,3.4,1.6,1,0.8,48.5,Moderate
EMP_01793,HR,Autocratic/Micromanagement,3.57,3.63,2.22,3.45,3.45,5,7.3,41.6,Low
EMP_01794,Sales,Democratic,3.22,4.52,3.31,4.89,3.55,4,5.7,41.9,Low
EMP_01795,Sales,Supportive,4.2,3.71,3.35,3.18,2.15,2,4.5,54.7,Moderate
EMP_01796,Sales,Democratic,3.8,4.09,2.85,4.54,2.01,5,0.5,43.6,Low
EMP_01797,Sales,Autocratic/Micromanagement,3.33,4.27,2.92,4.14,2.27,3,0.5,44.6,Low
EMP_01798,Sales,Supportive,4.03,3.56,4.23,2.87,3.27,2,1.6,60.5,Moderate
EMP_01799,Engineering,Supportive,3.8,3.82,3.26,2.26,2.23,3,0.5,54.2,Moderate
EMP_01800,Sales,Democratic,2.55,3.25,2.45,3.52,3.1,4,5.0,27.1,Low
EMP_01801,Sales,Democratic,3.77,4.09,3.63,3.56,1.9,3,0.5,42.8,Low
EMP_01802,Product Management,Democratic,3.42,3.93,2.94,3.87,3.71,5,7.2,41.0,Low
EMP_01803,Marketing,Supportive,3.39,3.98,4.38,3.93,2.36,1,0.6,59.7,Moderate
EMP_01804,Engineering,Supportive,3.48,4.16,3.25,3.7,1.56,5,1.3,59.1,Moderate
EMP_01805,Engineering,Democratic,5.0,2.9,4.05,3.2,4.44,3,7.1,30.3,Low
EMP_01806,HR,Democratic,4.38,3.73,3.45,3.01,2.65,5,4.6,35.3,Low
EMP_01807,Data Science,Democratic,3.48,4.34,2.86,3.29,3.11,4,1.1,49.6,Moderate
EMP_01808,Sales,Autocratic/Micromanagement,3.39,4.28,3.79,2.6,2.22,4,3.3,39.6,Low
EMP_01809,Marketing,Supportive,4.36,4.08,2.83,3.53,3.11,5,3.3,46.0,Moderate
EMP_01810,Engineering,Supportive,3.45,3.52,2.91,3.22,1.91,3,6.4,58.4,Moderate
EMP_01811,Data Science,Supportive,4.95,3.95,3.2,3.23,2.15,4,4.6,53.2,Moderate
EMP_01812,Marketing,Democratic,4.28,4.42,4.12,3.86,1.0,1,4.4,50.4,Moderate
EMP_01813,Product Management,Democratic,3.54,3.99,3.17,3.43,1.24,4,0.5,47.8,Moderate
EMP_01814,Engineering,Supportive,4.78,2.67,2.97,3.54,2.01,4,1.0,37.5,Low
EMP_01815,Engineering,Supportive,3.55,4.35,2.65,3.7,2.67,3,0.5,64.1,Moderate
EMP_01816,Product Management,Supportive,3.38,2.91,3.74,3.56,3.0,4,2.2,38.2,Low
EMP_01817,HR,Supportive,3.59,4.12,2.89,3.71,1.37,4,3.9,56.3,Moderate
EMP_01818,Marketing,Autocratic/Micromanagement,4.03,4.37,1.67,3.81,1.19,2,0.8,24.4,Low
EMP_01819,Engineering,Autocratic/Micromanagement,3.13,3.25,3.25,3.51,1.0,3,2.6,48.6,Moderate
EMP_01820,Product Management,Democratic,4.47,4.29,2.54,3.27,1.0,4,3.6,52.8,Moderate
EMP_01821,Product Management,Supportive,2.79,4.13,2.59,3.41,4.12,4,0.7,45.1,Moderate
EMP_01822,Engineering,Supportive,3.31,3.58,2.55,3.6,2.34,4,20.0,46.7,Moderate
EMP_01823,Marketing,Autocratic/Micromanagement,3.74,3.77,4.2,2.94,3.44,3,2.3,34.4,Low
EMP_01824,Marketing,Supportive,4.66,4.2,2.39,3.27,3.0,5,0.5,45.0,Moderate
EMP_01825,Engineering,Supportive,4.13,4.41,2.5,3.86,2.12,5,2.4,64.3,Moderate
EMP_01826,HR,Autocratic/Micromanagement,3.48,3.72,3.29,3.45,2.63,5,5.3,51.3,Moderate
EMP_01827,Product Management,Supportive,3.48,4.04,3.33,3.65,1.01,3,2.0,58.9,Moderate
EMP_01828,Engineering,Supportive,3.84,3.01,3.46,3.76,2.41,3,3.0,45.1,Moderate
EMP_01829,Marketing,Supportive,3.49,3.39,3.05,3.2,1.93,4,3.3,53.3,Moderate
EMP_01830,Marketing,Supportive,3.5,4.08,2.26,3.53,2.59,3,4.0,50.6,Moderate
EMP_01831,Product Management,Supportive,3.02,3.85,2.39,3.39,2.36,5,1.2,57.7,Moderate
EMP_01832,Engineering,Supportive,3.7,3.86,3.52,2.9,2.14,5,1.6,52.8,Moderate
EMP_01833,Data Science,Democratic,4.63,3.94,3.41,3.14,1.63,5,0.5,42.1,Low
EMP_01834,Marketing,Supportive,4.76,3.99,3.48,3.49,2.5,5,3.2,48.5,Moderate
EMP_01835,Marketing,Autocratic/Micromanagement,3.97,3.95,2.37,3.32,3.58,5,2.0,42.4,Low
EMP_01836,Engineering,Supportive,3.99,4.44,2.23,3.7,1.0,4,11.7,79.2,High
EMP_01837,HR,Democratic,3.48,3.91,5.0,4.24,2.14,2,1.2,47.8,Moderate
EMP_01838,Marketing,Autocratic/Micromanagement,3.53,3.29,2.94,2.73,2.67,4,15.8,45.6,Moderate
EMP_01839,Engineering,Autocratic/Micromanagement,2.91,3.47,3.53,4.33,2.18,4,5.9,41.9,Low
EMP_01840,Engineering,Democratic,3.47,3.68,2.62,4.22,2.61,1,7.0,46.5,Moderate
EMP_01841,Product Management,Supportive,3.58,3.67,3.94,3.98,3.13,4,0.5,44.5,Low
EMP_01842,Engineering,Supportive,3.99,4.89,4.05,3.25,1.61,2,0.9,67.8,Moderate
EMP_01843,Marketing,Autocratic/Micromanagement,3.6,3.79,3.48,3.48,2.08,2,6.1,43.2,Low
EMP_01844,Sales,Supportive,3.67,3.5,2.67,3.1,2.15,2,1.8,56.7,Moderate
EMP_01845,Engineering,Supportive,3.26,4.36,4.03,4.04,2.74,3,3.4,60.9,Moderate
EMP_01846,Data Science,Autocratic/Micromanagement,3.52,3.14,3.0,3.63,2.44,3,1.4,45.0,Moderate
EMP_01847,Product Management,Democratic,3.65,3.74,4.2,3.73,1.61,5,2.9,48.6,Moderate
EMP_01848,Data Science,Democratic,3.87,2.95,3.94,4.11,2.24,1,1.0,42.7,Low
EMP_01849,Data Science,Democratic,3.89,4.92,3.44,4.21,1.52,3,6.1,60.7,Moderate
EMP_01850,Sales,Supportive,3.96,3.32,4.37,2.96,1.38,4,2.0,74.3,Moderate
EMP_01851,Sales,Supportive,2.93,3.8,2.05,3.88,1.07,3,14.6,49.2,Moderate
EMP_01852,Data Science,Supportive,3.08,4.17,2.4,2.47,2.18,2,6.6,44.2,Low
EMP_01853,Marketing,Democratic,4.49,4.21,2.93,4.8,2.15,5,6.8,41.9,Low
EMP_01854,Data Science,Democratic,3.77,4.95,3.59,3.33,2.67,3,0.5,64.7,Moderate
EMP_01855,Sales,Supportive,3.77,3.68,2.47,4.31,2.61,3,4.5,32.1,Low
EMP_01856,Engineering,Supportive,4.2,3.75,4.27,4.34,1.72,3,1.1,47.7,Moderate
EMP_01857,Sales,Supportive,4.06,3.24,3.57,3.41,1.36,4,7.9,57.1,Moderate
EMP_01858,Engineering,Supportive,2.85,3.63,2.89,3.85,1.0,4,1.2,71.0,Moderate
EMP_01859,Sales,Autocratic/Micromanagement,2.67,3.8,1.76,3.87,3.28,3,11.6,19.7,Low
EMP_01860,Data Science,Supportive,4.37,4.62,4.56,3.6,1.56,3,5.4,68.6,Moderate
EMP_01861,Product Management,Autocratic/Micromanagement,3.35,3.88,3.13,3.28,3.37,1,1.4,37.8,Low
EMP_01862,Marketing,Democratic,2.27,3.86,3.76,3.99,2.27,2,19.2,48.2,Moderate
EMP_01863,HR,Supportive,4.29,4.34,1.9,3.23,2.86,4,1.0,48.2,Moderate
EMP_01864,Product Management,Supportive,4.17,4.57,2.56,3.95,1.33,4,1.3,57.8,Moderate
EMP_01865,HR,Supportive,4.95,4.08,3.91,4.1,2.03,4,11.7,53.2,Moderate
EMP_01866,Engineering,Democratic,3.12,3.96,3.62,3.19,2.52,3,7.8,52.1,Moderate
EMP_01867,Sales,Democratic,3.78,4.19,4.0,4.17,2.43,3,5.3,53.1,Moderate
EMP_01868,Marketing,Supportive,2.69,3.96,4.2,2.71,1.1,2,1.4,65.0,Moderate
EMP_01869,Sales,Autocratic/Micromanagement,3.64,3.47,2.06,3.86,2.71,5,4.6,29.0,Low
EMP_01870,Engineering,Supportive,3.42,4.01,3.11,2.72,2.28,4,1.5,54.1,Moderate
EMP_01871,Marketing,Democratic,4.6,3.51,3.65,4.33,2.13,1,3.6,38.6,Low
EMP_01872,Data Science,Supportive,3.55,3.55,4.16,3.26,3.3,4,12.0,55.0,Moderate
EMP_01873,Engineering,Autocratic/Micromanagement,3.39,3.6,3.05,4.03,1.51,4,4.1,46.7,Moderate
EMP_01874,Sales,Supportive,4.29,3.48,2.76,3.48,1.65,1,1.7,64.2,Moderate
EMP_01875,Data Science,Supportive,4.03,3.41,3.26,3.04,3.8,4,10.1,50.4,Moderate
EMP_01876,Data Science,Supportive,3.53,4.35,2.42,3.64,1.29,4,2.2,75.6,High
EMP_01877,Engineering,Democratic,3.88,3.95,2.41,3.31,3.99,5,2.1,33.4,Low
EMP_01878,Sales,Supportive,4.49,3.15,2.04,4.21,2.52,2,1.4,29.7,Low
EMP_01879,HR,Democratic,3.46,4.16,4.66,4.65,1.0,4,2.0,57.7,Moderate
EMP_01880,Sales,Supportive,3.63,3.23,2.4,3.18,1.87,4,1.3,37.6,Low
EMP_01881,Engineering,Democratic,3.14,4.43,3.45,3.35,2.73,5,20.0,46.1,Moderate
EMP_01882,Engineering,Supportive,3.98,3.9,3.81,3.55,2.08,3,0.5,52.6,Moderate
EMP_01883,Engineering,Democratic,3.79,4.77,3.47,2.69,3.04,5,1.3,54.6,Moderate
EMP_01884,Marketing,Autocratic/Micromanagement,3.19,4.1,3.62,4.2,2.56,2,5.9,38.0,Low
EMP_01885,Sales,Supportive,3.2,3.75,3.19,2.55,1.63,4,1.0,56.0,Moderate
EMP_01886,Marketing,Democratic,3.35,3.34,1.53,3.38,2.33,4,1.9,41.0,Low
EMP_01887,Engineering,Supportive,4.11,3.71,2.32,2.98,2.97,3,6.5,51.0,Moderate
EMP_01888,Product Management,Supportive,3.76,3.42,1.29,4.11,3.71,3,1.8,44.7,Low
EMP_01889,Sales,Supportive,3.5,3.59,2.85,3.55,2.86,5,11.3,47.9,Moderate
EMP_01890,Marketing,Autocratic/Micromanagement,3.44,3.35,3.17,3.43,2.65,5,8.7,36.6,Low
EMP_01891,Marketing,Democratic,3.39,3.15,3.25,3.27,3.09,4,11.3,40.6,Low
EMP_01892,Marketing,Supportive,4.46,3.44,2.38,4.03,2.95,3,5.0,45.5,Moderate
EMP_01893,Sales,Supportive,3.62,3.24,3.66,3.09,2.36,5,0.5,45.8,Moderate
EMP_01894,Engineering,Supportive,3.46,4.66,2.92,3.62,3.29,3,2.3,58.1,Moderate
EMP_01895,Data Science,Supportive,3.74,3.83,3.8,4.54,3.49,4,0.5,42.3,Low
EMP_01896,Sales,Democratic,4.41,4.19,2.03,4.15,3.05,5,4.3,29.2,Low
EMP_01897,HR,Supportive,3.87,4.08,2.55,5.0,2.56,3,0.7,46.5,Moderate
EMP_01898,Data Science,Democratic,3.04,4.52,2.98,3.9,3.61,2,3.2,53.2,Moderate
EMP_01899,HR,Supportive,3.99,3.59,4.18,4.04,1.64,5,10.0,51.6,Moderate
EMP_01900,Marketing,Autocratic/Micromanagement,3.56,4.07,4.07,3.55,1.0,2,4.0,53.5,Moderate
EMP_01901,Product Management,Supportive,4.0,4.67,1.71,2.95,2.25,5,3.4,58.7,Moderate
EMP_01902,Engineering,Supportive,4.26,4.0,3.5,2.82,2.31,5,7.7,49.9,Moderate
EMP_01903,Sales,Supportive,4.73,4.02,3.53,3.57,2.33,4,2.3,50.2,Moderate
EMP_01904,Engineering,Supportive,4.03,3.64,2.76,4.06,2.66,1,7.2,49.8,Moderate
EMP_01905,Product Management,Autocratic/Micromanagement,4.09,4.32,2.89,3.12,3.31,4,14.4,13.7,Low
EMP_01906,Marketing,Supportive,4.04,3.98,3.19,3.46,2.11,4,0.7,51.5,Moderate
EMP_01907,Data Science,Democratic,3.24,4.04,2.9,3.83,2.14,4,0.5,45.2,Moderate
EMP_01908,Engineering,Supportive,4.23,3.77,3.0,3.24,3.02,3,2.2,51.0,Moderate
EMP_01909,Engineering,Supportive,3.42,3.98,2.59,4.69,3.18,5,4.6,43.3,Low
EMP_01910,Sales,Autocratic/Micromanagement,5.0,3.56,2.57,4.34,3.61,3,2.2,21.4,Low
EMP_01911,Data Science,Autocratic/Micromanagement,4.47,3.97,4.45,3.64,2.47,3,5.4,26.6,Low
EMP_01912,Sales,Supportive,3.93,3.8,2.84,5.0,2.82,4,2.6,46.0,Moderate
EMP_01913,HR,Supportive,3.04,4.08,3.42,2.8,1.9,3,6.0,52.3,Moderate
EMP_01914,Sales,Democratic,3.99,2.99,2.47,4.48,2.11,3,0.5,26.5,Low
EMP_01915,Sales,Autocratic/Micromanagement,3.13,2.97,3.22,3.2,2.76,4,1.3,40.1,Low
EMP_01916,Product Management,Autocratic/Micromanagement,3.64,4.19,3.42,3.45,2.13,4,2.7,36.7,Low
EMP_01917,Sales,Democratic,2.89,3.57,3.72,3.12,1.78,1,5.8,46.0,Moderate
EMP_01918,Engineering,Democratic,2.75,2.36,2.49,3.59,1.56,5,5.8,30.9,Low
EMP_01919,Engineering,Supportive,4.48,3.24,2.02,3.67,2.58,3,1.3,48.0,Moderate
EMP_01920,Engineering,Supportive,2.87,3.56,3.99,3.57,1.62,3,0.9,54.8,Moderate
EMP_01921,Engineering,Supportive,4.07,3.27,2.28,3.27,2.52,2,2.8,46.3,Moderate
EMP_01922,Engineering,Supportive,2.96,4.0,3.54,3.0,2.66,4,0.5,48.0,Moderate
EMP_01923,Engineering,Democratic,3.97,3.61,3.28,3.53,2.9,3,13.0,36.0,Low
EMP_01924,Data Science,Supportive,3.31,3.5,3.27,2.95,1.75,4,0.5,53.2,Moderate
EMP_01925,Data Science,Supportive,3.19,3.89,3.8,4.58,1.98,3,3.5,56.8,Moderate
EMP_01926,Product Management,Autocratic/Micromanagement,3.24,4.23,2.87,3.64,3.31,4,1.9,36.3,Low
EMP_01927,Marketing,Supportive,4.34,3.87,4.58,3.15,3.61,3,4.2,40.7,Low
EMP_01928,Sales,Supportive,3.38,3.87,4.13,3.81,3.26,4,0.5,65.3,Moderate
EMP_01929,Marketing,Autocratic/Micromanagement,3.21,3.56,4.06,3.38,1.07,4,6.3,49.7,Moderate
EMP_01930,Marketing,Autocratic/Micromanagement,3.1,4.08,2.44,4.04,2.74,2,4.7,40.3,Low
EMP_01931,Marketing,Supportive,3.4,3.11,3.14,3.33,2.13,3,0.5,45.6,Moderate
EMP_01932,HR,Supportive,2.58,4.14,3.97,4.33,2.1,5,2.4,53.7,Moderate
EMP_01933,Sales,Supportive,3.86,4.65,4.22,3.7,3.77,3,1.5,57.7,Moderate
EMP_01934,Engineering,Democratic,3.57,3.21,2.58,2.59,3.29,2,2.5,46.1,Moderate
EMP_01935,Data Science,Autocratic/Micromanagement,4.3,2.98,3.81,3.07,1.24,5,2.3,33.2,Low
EMP_01936,Engineering,Supportive,3.14,4.8,4.68,3.39,3.0,4,6.6,55.3,Moderate
EMP_01937,Sales,Supportive,3.15,4.59,2.37,3.51,3.64,2,10.2,13.6,Low
EMP_01938,Marketing,Autocratic/Micromanagement,4.09,3.2,2.93,2.68,3.93,4,2.1,10.6,Low
EMP_01939,HR,Democratic,2.57,4.35,3.27,3.44,2.89,5,13.4,40.3,Low
EMP_01940,HR,Supportive,4.08,3.63,4.14,4.09,2.01,4,4.5,55.0,Moderate
EMP_01941,Engineering,Supportive,3.26,3.04,2.93,3.76,2.46,2,6.6,60.6,Moderate
EMP_01942,Engineering,Democratic,3.63,3.71,3.43,4.15,2.18,5,8.1,37.4,Low
EMP_01943,Marketing,Democratic,3.66,2.66,2.54,2.93,2.44,4,1.7,31.1,Low
EMP_01944,Engineering,Autocratic/Micromanagement,4.22,3.04,3.72,3.07,1.0,5,3.3,33.8,Low
EMP_01945,Sales,Supportive,4.95,3.5,3.32,2.76,2.73,4,20.0,41.2,Low
EMP_01946,Product Management,Autocratic/Micromanagement,3.11,4.6,3.02,3.27,2.77,2,1.6,36.6,Low
EMP_01947,Sales,Supportive,3.33,4.3,3.71,3.56,3.59,5,5.1,43.4,Low
EMP_01948,Engineering,Supportive,5.0,4.0,3.63,3.84,1.16,5,5.7,58.1,Moderate
EMP_01949,Sales,Democratic,4.38,3.92,2.26,3.11,1.71,4,3.6,35.3,Low
EMP_01950,Marketing,Democratic,3.21,3.71,3.87,3.63,3.49,4,0.5,44.6,Low
EMP_01951,Marketing,Autocratic/Micromanagement,4.28,3.97,1.74,3.41,2.96,3,4.9,17.5,Low
EMP_01952,HR,Autocratic/Micromanagement,3.76,4.26,2.21,4.15,3.01,3,2.9,43.8,Low
EMP_01953,Data Science,Supportive,4.05,4.99,2.07,2.62,2.05,1,8.5,62.6,Moderate
EMP_01954,Product Management,Supportive,3.89,4.15,3.99,3.88,2.48,5,4.6,50.3,Moderate
EMP_01955,Data Science,Supportive,4.13,3.59,2.66,3.9,2.02,2,3.2,56.8,Moderate
EMP_01956,Engineering,Supportive,3.91,4.29,3.38,2.61,1.25,3,0.8,71.2,Moderate
EMP_01957,HR,Supportive,4.0,3.2,2.95,3.4,3.0,5,1.1,43.1,Low
EMP_01958,Product Management,Supportive,2.44,3.96,2.61,3.24,1.93,4,7.5,53.9,Moderate
EMP_01959,Product Management,Supportive,3.47,3.63,4.11,4.03,3.2,3,1.0,48.1,Moderate
EMP_01960,Marketing,Democratic,3.46,3.5,3.45,3.66,1.73,4,5.6,57.7,Moderate
EMP_01961,Product Management,Autocratic/Micromanagement,3.35,3.89,3.46,4.76,2.46,4,3.4,40.7,Low
EMP_01962,Data Science,Autocratic/Micromanagement,3.26,4.2,4.03,3.24,2.96,5,0.8,58.4,Moderate
EMP_01963,Marketing,Democratic,3.92,4.26,1.76,3.26,2.3,5,8.1,40.5,Low
EMP_01964,Product Management,Democratic,4.67,4.77,2.41,2.48,3.39,1,2.8,38.8,Low
EMP_01965,HR,Supportive,4.81,4.13,3.06,3.73,2.76,2,4.6,39.8,Low
EMP_01966,Engineering,Supportive,2.47,4.72,3.98,3.26,3.01,5,3.1,51.9,Moderate
EMP_01967,Data Science,Supportive,2.95,3.31,1.88,3.91,2.81,3,7.4,43.1,Low
EMP_01968,HR,Democratic,4.13,4.02,3.59,3.26,1.86,3,6.6,45.6,Moderate
EMP_01969,Data Science,Supportive,4.37,4.95,3.76,4.25,2.85,2,0.5,70.0,Moderate
EMP_01970,Sales,Democratic,4.47,3.92,3.15,4.41,1.33,3,14.6,47.2,Moderate
EMP_01971,Data Science,Democratic,2.88,3.89,3.34,4.51,1.87,3,0.5,45.8,Moderate
EMP_01972,Product Management,Supportive,4.38,3.81,3.25,3.0,3.21,5,3.5,36.1,Low
EMP_01973,Engineering,Autocratic/Micromanagement,4.04,4.28,2.87,2.72,1.0,4,1.1,42.4,Low
EMP_01974,Engineering,Autocratic/Micromanagement,3.45,3.82,3.77,3.11,2.85,4,1.2,38.1,Low
EMP_01975,Engineering,Democratic,3.01,4.05,3.35,3.76,2.62,4,3.6,42.8,Low
EMP_01976,Sales,Autocratic/Micromanagement,3.29,3.95,3.65,3.63,3.28,4,0.5,41.1,Low
EMP_01977,Engineering,Autocratic/Micromanagement,3.83,3.65,3.1,3.7,2.13,4,4.5,40.8,Low
EMP_01978,Engineering,Autocratic/Micromanagement,4.48,3.91,2.7,4.24,2.58,4,9.6,23.7,Low
EMP_01979,Engineering,Supportive,3.35,4.17,3.91,4.28,2.56,4,5.6,54.3,Moderate
EMP_01980,Data Science,Supportive,4.32,4.32,3.64,4.85,3.34,5,2.0,68.0,Moderate
EMP_01981,Product Management,Supportive,3.51,4.03,4.08,2.72,2.58,1,14.1,53.6,Moderate
EMP_01982,Product Management,Autocratic/Micromanagement,3.88,3.63,2.3,4.13,1.85,5,8.0,44.6,Low
EMP_01983,Engineering,Autocratic/Micromanagement,3.65,3.78,2.59,2.69,2.93,5,8.1,48.9,Moderate
EMP_01984,Sales,Supportive,4.22,3.76,4.11,4.34,1.74,5,6.2,65.3,Moderate
EMP_01985,Sales,Democratic,2.75,4.05,4.41,4.05,2.82,2,3.7,59.7,Moderate
EMP_01986,Data Science,Autocratic/Micromanagement,4.15,4.35,2.53,3.62,1.88,3,3.2,41.4,Low
EMP_01987,Marketing,Democratic,3.3,3.88,3.24,3.25,1.05,3,2.2,40.6,Low
EMP_01988,Sales,Democratic,3.65,4.15,2.71,4.76,2.35,2,1.5,33.5,Low
EMP_01989,Engineering,Autocratic/Micromanagement,4.14,4.2,3.49,3.76,3.0,5,2.2,23.5,Low
EMP_01990,Data Science,Supportive,3.9,3.55,2.28,4.75,2.35,4,9.2,50.6,Moderate
EMP_01991,Marketing,Democratic,3.99,4.41,2.67,4.95,2.06,4,0.5,52.2,Moderate
EMP_01992,Sales,Supportive,4.2,3.97,2.16,3.49,2.25,4,0.5,34.4,Low
EMP_01993,Data Science,Democratic,3.73,3.55,2.73,2.63,2.62,4,6.2,33.6,Low
EMP_01994,Data Science,Supportive,3.85,3.86,4.03,2.11,1.47,5,1.7,52.9,Moderate
EMP_01995,Data Science,Democratic,3.92,3.36,2.33,3.67,2.18,5,9.1,46.9,Moderate
EMP_01996,Data Science,Democratic,3.1,3.22,3.43,3.71,1.8,3,0.9,45.9,Moderate
EMP_01997,Product Management,Supportive,3.85,4.32,3.18,3.46,2.99,3,3.1,48.2,Moderate
EMP_01998,Data Science,Supportive,4.7,3.33,3.54,4.13,1.39,4,1.1,50.3,Moderate
EMP_01999,Sales,Autocratic/Micromanagement,3.21,4.37,3.48,3.39,2.92,4,1.5,42.4,Low
EMP_02000,Product Management,Supportive,3.73,4.17,3.62,3.72,2.13,4,4.1,55.9,Moderate
EMP_02001,Sales,Autocratic/Micromanagement,3.88,3.92,2.96,3.85,3.9,4,0.9,37.9,Low
EMP_02002,Engineering,Democratic,3.99,3.85,3.19,3.91,1.54,5,0.5,49.9,Moderate
EMP_02003,Sales,Democratic,4.17,4.04,3.15,3.39,2.7,4,2.4,45.6,Moderate
EMP_02004,Data Science,Democratic,3.89,3.66,1.92,3.81,4.01,4,1.7,20.4,Low
EMP_02005,Engineering,Democratic,2.82,4.73,3.09,3.39,3.28,4,0.9,55.5,Moderate
EMP_02006,Product Management,Supportive,3.88,3.39,2.48,3.79,3.32,5,1.4,48.9,Moderate
EMP_02007,Engineering,Democratic,2.86,3.46,3.64,2.98,3.03,5,6.7,43.5,Low
EMP_02008,Engineering,Democratic,3.14,4.18,3.53,3.36,1.5,3,2.1,53.0,Moderate
EMP_02009,HR,Supportive,4.19,3.8,3.83,2.59,2.99,5,4.2,50.3,Moderate
EMP_02010,Marketing,Democratic,3.49,3.29,1.75,3.92,2.71,5,6.5,47.6,Moderate
EMP_02011,Engineering,Democratic,3.93,3.58,2.89,3.81,1.85,4,1.5,48.5,Moderate
EMP_02012,Product Management,Democratic,4.38,3.65,4.83,3.28,3.1,3,0.5,30.7,Low
EMP_02013,HR,Democratic,4.27,4.33,2.12,3.67,1.42,3,4.5,39.6,Low
EMP_02014,Engineering,Supportive,4.05,3.13,2.93,3.86,2.95,3,0.6,47.9,Moderate
EMP_02015,Engineering,Autocratic/Micromanagement,3.46,3.91,3.85,1.96,2.28,2,1.6,46.6,Moderate
EMP_02016,Data Science,Democratic,3.2,3.7,2.6,3.27,1.69,4,1.7,50.5,Moderate
EMP_02017,Data Science,Supportive,4.49,3.63,2.72,4.19,4.55,3,2.6,43.1,Low
EMP_02018,HR,Supportive,3.43,3.86,2.9,5.0,2.26,3,0.5,53.6,Moderate
EMP_02019,Product Management,Democratic,3.65,5.0,2.93,2.98,2.03,3,6.9,52.0,Moderate
EMP_02020,Marketing,Supportive,4.22,3.23,3.59,3.38,1.97,2,2.6,61.5,Moderate
EMP_02021,Data Science,Democratic,3.06,3.04,2.85,3.97,1.77,4,3.0,49.8,Moderate
EMP_02022,Data Science,Autocratic/Micromanagement,2.92,3.56,2.48,2.69,2.93,3,3.6,43.9,Low
EMP_02023,HR,Autocratic/Micromanagement,3.65,2.95,1.64,2.03,1.74,4,1.4,42.3,Low
EMP_02024,Data Science,Democratic,3.67,3.5,2.47,3.23,1.97,1,4.8,53.0,Moderate
EMP_02025,Sales,Democratic,3.53,3.49,2.81,3.81,3.11,5,0.5,40.6,Low
EMP_02026,Marketing,Supportive,3.84,4.15,2.77,3.76,2.71,3,0.5,58.6,Moderate
EMP_02027,Sales,Democratic,3.75,3.98,3.18,4.54,2.21,4,0.5,43.7,Low
EMP_02028,Engineering,Autocratic/Micromanagement,3.6,2.72,3.02,4.12,2.05,4,2.9,22.3,Low
EMP_02029,Data Science,Democratic,2.89,2.98,2.28,2.58,2.38,2,4.7,41.8,Low
EMP_02030,Marketing,Supportive,4.22,4.17,3.18,2.91,1.0,1,4.0,58.7,Moderate
EMP_02031,Engineering,Supportive,3.66,4.51,4.14,3.55,1.73,4,0.5,69.2,Moderate
EMP_02032,Engineering,Supportive,4.02,4.28,2.8,4.51,2.52,5,0.9,65.8,Moderate
EMP_02033,HR,Democratic,3.37,4.45,2.24,2.62,3.14,3,17.2,35.8,Low
EMP_02034,Engineering,Supportive,3.55,3.57,4.28,3.76,2.8,2,1.5,50.2,Moderate
EMP_02035,Sales,Supportive,3.87,3.97,1.52,2.56,1.91,5,3.4,35.3,Low
EMP_02036,Sales,Democratic,3.61,3.81,4.08,4.38,2.12,4,16.5,64.9,Moderate
EMP_02037,Marketing,Democratic,4.47,3.78,3.5,3.5,4.31,4,0.5,39.2,Low
EMP_02038,Sales,Democratic,4.66,3.67,3.99,4.19,2.86,2,0.7,48.8,Moderate
EMP_02039,Marketing,Democratic,3.74,3.95,3.17,4.82,2.77,1,16.7,40.0,Low
EMP_02040,Product Management,Democratic,4.59,3.17,1.82,3.64,2.3,4,2.7,46.4,Moderate
EMP_02041,Sales,Supportive,3.45,4.16,3.76,3.43,2.02,5,2.9,52.3,Moderate
EMP_02042,Marketing,Supportive,3.79,4.72,3.24,3.58,2.42,4,1.2,48.7,Moderate
EMP_02043,Sales,Autocratic/Micromanagement,3.74,4.5,3.35,2.21,3.6,4,9.9,38.5,Low
EMP_02044,Data Science,Autocratic/Micromanagement,3.45,4.49,2.77,3.72,3.41,4,3.3,48.2,Moderate
EMP_02045,Marketing,Supportive,3.61,3.05,3.2,2.93,1.0,3,2.9,57.7,Moderate
EMP_02046,Data Science,Autocratic/Micromanagement,2.45,3.45,3.92,3.1,3.85,4,7.5,42.4,Low
EMP_02047,Sales,Democratic,4.15,4.48,3.37,3.41,2.44,2,2.1,45.1,Moderate
EMP_02048,Data Science,Supportive,3.57,3.55,3.22,3.49,2.72,4,2.8,41.2,Low
EMP_02049,Engineering,Supportive,4.12,3.39,4.01,3.23,3.72,4,0.8,40.7,Low
EMP_02050,HR,Supportive,3.33,3.64,2.81,2.58,1.14,3,1.4,64.2,Moderate
EMP_02051,Product Management,Supportive,2.48,3.68,2.69,3.96,5.0,1,1.2,40.5,Low
EMP_02052,Data Science,Supportive,3.96,4.05,2.89,2.98,3.53,4,4.1,45.8,Moderate
EMP_02053,Product Management,Democratic,3.92,3.19,2.1,3.16,1.77,3,0.5,54.0,Moderate
EMP_02054,Data Science,Democratic,3.41,4.1,4.01,4.42,2.78,2,1.3,42.0,Low
EMP_02055,Product Management,Autocratic/Micromanagement,3.69,3.03,2.13,4.64,1.98,2,15.8,40.6,Low
EMP_02056,Engineering,Autocratic/Micromanagement,3.08,3.95,3.64,4.66,2.14,3,1.0,47.3,Moderate
EMP_02057,Product Management,Democratic,3.0,4.37,3.9,4.94,1.48,3,0.7,43.2,Low
EMP_02058,HR,Supportive,4.07,3.46,3.13,4.23,3.01,4,7.1,46.0,Moderate
EMP_02059,Product Management,Supportive,3.33,4.43,2.31,3.1,2.56,4,3.7,48.0,Moderate
EMP_02060,HR,Autocratic/Micromanagement,4.06,4.63,3.18,4.46,2.66,2,3.1,19.9,Low
EMP_02061,Engineering,Supportive,3.55,3.23,2.58,4.31,3.62,3,1.9,45.9,Moderate
EMP_02062,Sales,Democratic,3.62,4.02,1.46,2.91,2.04,4,3.1,28.0,Low
EMP_02063,Product Management,Autocratic/Micromanagement,2.84,3.49,3.37,3.12,2.23,1,1.5,40.7,Low
EMP_02064,Engineering,Supportive,2.2,2.95,3.51,3.2,3.25,3,2.2,52.5,Moderate
EMP_02065,Engineering,Democratic,3.71,3.6,2.12,3.98,1.94,3,7.4,52.1,Moderate
EMP_02066,Engineering,Supportive,3.92,3.73,3.35,3.32,2.69,3,0.5,42.9,Low
EMP_02067,Marketing,Democratic,3.41,3.82,3.36,3.2,2.42,2,6.4,37.7,Low
EMP_02068,Data Science,Supportive,4.42,3.52,3.55,3.8,2.96,4,2.4,42.8,Low
EMP_02069,Data Science,Democratic,3.17,5.0,3.83,3.88,2.62,1,2.6,58.5,Moderate
EMP_02070,Engineering,Supportive,3.83,4.28,1.14,2.84,1.0,4,13.2,78.0,High
EMP_02071,Marketing,Democratic,3.09,4.03,3.63,3.2,2.24,5,0.5,45.0,Moderate
EMP_02072,Engineering,Democratic,1.95,3.92,4.64,2.66,2.82,4,2.3,41.3,Low
EMP_02073,Marketing,Democratic,3.3,3.7,2.79,3.15,2.36,4,17.1,45.8,Moderate
EMP_02074,Sales,Supportive,2.95,3.66,3.58,4.41,2.87,5,3.1,51.7,Moderate
EMP_02075,HR,Democratic,3.79,4.09,4.19,3.96,1.45,1,0.5,45.8,Moderate
EMP_02076,Engineering,Supportive,2.76,4.84,2.6,3.86,2.9,3,1.9,62.1,Moderate
EMP_02077,Engineering,Supportive,4.3,4.25,3.41,2.26,3.18,3,2.4,59.3,Moderate
EMP_02078,Data Science,Autocratic/Micromanagement,3.37,3.72,3.07,3.96,1.87,3,2.7,45.4,Moderate
EMP_02079,Product Management,Democratic,3.32,4.64,2.56,3.99,2.74,5,2.3,46.2,Moderate
EMP_02080,Data Science,Democratic,3.69,3.14,4.6,3.32,3.21,2,3.4,32.9,Low
EMP_02081,Marketing,Supportive,3.78,4.52,3.0,3.35,2.29,4,1.8,47.8,Moderate
EMP_02082,Marketing,Supportive,3.81,4.45,3.3,3.17,1.0,3,1.4,57.7,Moderate
EMP_02083,Product Management,Supportive,4.02,4.05,3.91,3.73,2.22,3,1.9,48.6,Moderate
EMP_02084,Marketing,Supportive,2.54,3.51,2.19,3.13,2.55,5,1.5,47.3,Moderate
EMP_02085,Data Science,Democratic,4.46,3.28,3.21,4.15,2.82,1,0.5,49.0,Moderate
EMP_02086,Engineering,Supportive,3.97,4.45,1.93,4.19,2.36,5,0.8,70.4,Moderate
EMP_02087,Marketing,Democratic,3.22,3.86,4.16,3.85,4.11,5,1.9,26.3,Low
EMP_02088,Data Science,Supportive,4.37,3.51,1.75,3.02,3.02,1,2.8,43.7,Low
EMP_02089,Marketing,Democratic,4.47,4.42,3.69,4.72,2.62,4,0.5,54.1,Moderate
EMP_02090,Data Science,Democratic,3.59,3.98,2.01,3.59,2.4,5,1.6,44.9,Low
EMP_02091,Marketing,Democratic,4.55,4.26,3.2,3.71,1.49,4,4.3,51.3,Moderate
EMP_02092,Engineering,Supportive,3.8,4.23,2.7,3.69,3.78,4,3.9,62.4,Moderate
EMP_02093,Engineering,Democratic,3.99,3.76,2.17,4.03,2.27,4,0.6,38.6,Low
EMP_02094,Marketing,Supportive,3.12,4.14,2.71,4.9,2.66,1,2.5,44.1,Low
EMP_02095,Data Science,Supportive,3.76,4.42,3.9,3.55,3.78,3,2.0,62.0,Moderate
EMP_02096,Data Science,Supportive,3.9,4.01,2.97,3.96,2.63,5,0.5,48.2,Moderate
EMP_02097,Data Science,Democratic,3.98,5.0,3.5,4.01,2.28,5,5.9,63.4,Moderate
EMP_02098,Sales,Supportive,4.57,4.42,3.69,3.19,3.67,4,3.0,45.6,Moderate
EMP_02099,Sales,Supportive,2.73,3.83,3.56,3.93,1.59,4,1.8,58.1,Moderate
EMP_02100,Marketing,Autocratic/Micromanagement,2.95,3.96,3.19,4.16,1.21,3,0.8,54.7,Moderate
EMP_02101,Marketing,Supportive,4.09,3.4,3.07,3.5,2.91,1,11.1,55.5,Moderate
EMP_02102,Data Science,Autocratic/Micromanagement,3.9,3.95,3.36,3.91,2.87,3,2.3,35.9,Low
EMP_02103,Engineering,Supportive,3.76,4.58,3.17,2.88,4.67,2,12.9,54.2,Moderate
EMP_02104,Data Science,Supportive,3.3,4.65,2.81,3.45,4.23,4,0.5,51.1,Moderate
EMP_02105,Sales,Democratic,3.65,3.44,3.39,3.57,2.23,3,12.0,49.3,Moderate
EMP_02106,Sales,Supportive,4.3,4.6,2.56,3.23,3.48,5,1.1,41.9,Low
EMP_02107,HR,Democratic,3.76,3.56,3.5,3.84,3.21,4,1.7,40.9,Low
EMP_02108,HR,Autocratic/Micromanagement,4.82,3.23,4.09,2.69,3.42,3,12.2,14.2,Low
EMP_02109,Sales,Supportive,3.61,3.47,3.55,3.69,3.16,3,5.0,52.4,Moderate
EMP_02110,Engineering,Supportive,4.04,3.97,3.46,3.84,3.13,1,0.5,48.2,Moderate
EMP_02111,Sales,Democratic,3.04,4.34,3.92,2.94,1.36,4,13.8,47.2,Moderate
EMP_02112,HR,Democratic,3.38,3.8,3.95,3.43,1.44,4,9.0,49.5,Moderate
EMP_02113,Engineering,Democratic,4.59,3.32,2.99,4.57,2.86,2,0.6,43.5,Low
EMP_02114,Sales,Democratic,3.26,4.57,2.71,3.06,1.14,5,6.5,48.1,Moderate
EMP_02115,Marketing,Democratic,4.69,4.76,3.18,3.84,2.61,5,2.1,33.5,Low
EMP_02116,Sales,Democratic,3.92,4.1,2.97,3.9,3.0,3,2.1,41.5,Low
EMP_02117,Product Management,Democratic,3.28,3.2,3.31,4.32,3.2,2,7.3,40.3,Low
EMP_02118,Product Management,Supportive,3.61,3.63,4.21,3.47,2.81,1,2.9,50.7,Moderate
EMP_02119,Product Management,Supportive,3.17,3.48,2.58,4.18,2.2,3,20.0,56.5,Moderate
EMP_02120,Marketing,Autocratic/Micromanagement,3.87,2.73,2.25,3.58,1.52,4,3.3,52.2,Moderate
EMP_02121,Engineering,Democratic,2.62,3.58,3.17,3.42,2.8,4,2.3,36.3,Low
EMP_02122,Engineering,Democratic,4.02,4.03,3.77,3.69,2.8,4,1.3,42.4,Low
EMP_02123,Engineering,Supportive,3.24,4.1,2.97,3.53,2.07,4,0.8,46.8,Moderate
EMP_02124,Sales,Supportive,4.59,3.71,4.07,3.73,2.85,3,15.8,63.0,Moderate
EMP_02125,HR,Democratic,3.34,3.57,2.87,4.09,2.73,4,15.2,44.3,Low
EMP_02126,Product Management,Democratic,3.3,4.25,3.95,3.79,3.24,4,6.0,37.3,Low
EMP_02127,Sales,Autocratic/Micromanagement,3.84,3.65,2.98,2.41,2.45,1,4.7,37.9,Low
EMP_02128,Product Management,Democratic,3.82,3.83,3.01,2.81,1.37,1,2.1,46.7,Moderate
EMP_02129,Marketing,Democratic,4.7,3.93,3.08,4.15,3.15,3,4.1,32.7,Low
EMP_02130,HR,Supportive,4.06,3.42,3.65,4.21,3.36,5,4.6,35.3,Low
EMP_02131,Engineering,Supportive,2.8,4.23,2.17,3.38,2.98,4,2.6,62.0,Moderate
EMP_02132,Sales,Democratic,3.03,4.35,3.38,2.92,3.5,3,4.4,43.5,Low
EMP_02133,Sales,Democratic,3.76,4.8,3.75,3.16,1.75,3,3.9,55.5,Moderate
EMP_02134,Marketing,Autocratic/Micromanagement,3.87,3.54,3.18,4.27,1.43,5,0.5,49.5,Moderate
EMP_02135,Marketing,Supportive,2.47,4.5,4.0,3.25,2.7,5,7.7,47.4,Moderate
EMP_02136,Product Management,Autocratic/Micromanagement,4.58,2.91,3.56,2.13,4.07,4,2.9,10.3,Low
EMP_02137,Engineering,Supportive,3.69,3.68,2.78,3.47,2.84,3,2.1,46.9,Moderate
EMP_02138,Engineering,Autocratic/Micromanagement,3.93,3.77,3.15,4.47,2.36,4,17.7,48.7,Moderate
EMP_02139,Marketing,Democratic,3.25,3.74,2.9,4.92,2.91,4,1.6,40.4,Low
EMP_02140,Sales,Democratic,2.83,3.77,3.88,3.05,1.8,4,1.0,39.5,Low
EMP_02141,Sales,Supportive,4.73,3.82,3.54,2.88,3.04,4,3.1,42.3,Low
EMP_02142,Engineering,Supportive,4.25,4.9,3.29,2.52,3.25,4,1.5,64.5,Moderate
EMP_02143,Engineering,Autocratic/Micromanagement,2.81,3.63,4.16,3.07,2.49,4,1.0,45.5,Moderate
EMP_02144,Engineering,Supportive,3.32,4.04,2.31,4.57,4.16,3,9.0,46.1,Moderate
EMP_02145,Engineering,Supportive,3.45,3.72,2.93,1.96,1.66,5,2.7,49.5,Moderate
EMP_02146,Engineering,Autocratic/Micromanagement,3.38,3.48,3.64,4.61,1.13,5,0.8,50.9,Moderate
EMP_02147,Sales,Supportive,3.01,3.6,2.36,4.42,2.65,3,6.6,30.8,Low
EMP_02148,Engineering,Supportive,3.51,4.56,2.03,2.55,2.64,3,0.5,64.2,Moderate
EMP_02149,Engineering,Democratic,3.18,4.46,3.82,2.54,3.71,4,5.3,55.7,Moderate
EMP_02150,Marketing,Autocratic/Micromanagement,3.55,3.51,3.36,1.95,3.19,1,3.9,36.0,Low
EMP_02151,Product Management,Democratic,4.08,4.2,3.99,3.99,1.85,3,13.9,38.8,Low
EMP_02152,Engineering,Democratic,2.82,4.31,2.85,4.1,1.84,3,0.5,59.3,Moderate
EMP_02153,Engineering,Supportive,3.36,3.6,2.46,3.18,2.97,4,2.5,43.5,Low
EMP_02154,Engineering,Democratic,3.91,4.05,2.88,3.74,1.79,3,1.4,51.2,Moderate
EMP_02155,Sales,Supportive,4.53,3.74,2.84,3.33,1.46,4,3.1,61.1,Moderate
EMP_02156,Product Management,Democratic,2.9,4.06,4.0,4.0,1.0,2,2.4,47.3,Moderate
EMP_02157,Engineering,Supportive,3.79,3.33,4.53,3.71,2.24,4,1.6,58.9,Moderate
EMP_02158,Sales,Supportive,3.88,4.0,3.59,4.05,2.39,1,2.7,48.8,Moderate
EMP_02159,Sales,Democratic,3.35,3.87,2.31,3.1,3.06,4,2.3,25.7,Low
EMP_02160,Sales,Autocratic/Micromanagement,3.08,3.77,2.69,3.95,2.38,4,3.1,43.8,Low
EMP_02161,Data Science,Supportive,4.02,4.04,2.51,3.66,1.53,4,2.2,63.3,Moderate
EMP_02162,Marketing,Autocratic/Micromanagement,3.22,4.4,3.55,4.06,2.89,4,2.0,34.0,Low
EMP_02163,Product Management,Democratic,3.19,4.35,2.6,4.51,2.89,3,8.3,40.1,Low
EMP_02164,Engineering,Supportive,2.42,3.49,3.18,4.58,3.32,4,11.5,49.1,Moderate
EMP_02165,Sales,Democratic,4.22,4.31,2.07,3.14,2.68,4,10.9,27.4,Low
EMP_02166,Data Science,Democratic,4.02,3.57,3.85,4.78,3.85,4,0.9,25.8,Low
EMP_02167,Engineering,Democratic,3.88,3.93,2.78,3.51,1.87,5,16.8,37.6,Low
EMP_02168,Marketing,Democratic,3.36,4.14,2.61,3.15,1.56,5,0.5,46.7,Moderate
EMP_02169,Engineering,Supportive,3.26,4.33,2.76,3.38,2.72,2,1.7,66.8,Moderate
EMP_02170,Engineering,Supportive,2.94,3.79,2.97,3.48,1.0,4,2.8,56.2,Moderate
EMP_02171,Data Science,Supportive,4.02,3.07,2.86,2.95,2.35,5,3.6,51.3,Moderate
EMP_02172,Product Management,Autocratic/Micromanagement,3.0,4.69,3.84,3.57,1.89,4,6.2,46.0,Moderate
EMP_02173,Product Management,Democratic,2.84,3.99,3.4,2.87,2.72,5,4.2,38.8,Low
EMP_02174,Engineering,Supportive,3.1,4.2,3.26,2.88,2.05,4,1.7,68.5,Moderate
EMP_02175,HR,Supportive,4.8,3.98,3.15,3.34,2.05,4,0.6,46.9,Moderate
EMP_02176,Product Management,Supportive,3.23,4.16,2.82,3.63,2.58,5,1.8,45.7,Moderate
EMP_02177,Marketing,Democratic,4.17,4.5,2.06,3.05,3.15,5,4.5,44.1,Low
EMP_02178,Product Management,Democratic,4.07,3.86,3.61,2.98,3.94,4,8.1,27.5,Low
EMP_02179,Sales,Democratic,3.71,3.61,3.74,2.84,2.29,3,7.7,44.1,Low
EMP_02180,Engineering,Democratic,4.35,3.19,3.07,3.65,3.38,4,4.3,37.3,Low
EMP_02181,Sales,Supportive,3.43,3.73,2.1,4.5,2.64,5,2.5,27.3,Low
EMP_02182,Engineering,Supportive,2.61,3.91,4.07,3.51,2.25,4,3.7,48.6,Moderate
EMP_02183,Engineering,Democratic,2.9,3.53,1.94,4.08,3.05,4,5.1,34.1,Low
EMP_02184,Data Science,Autocratic/Micromanagement,2.85,4.76,2.9,4.38,1.0,4,16.8,65.3,Moderate
EMP_02185,Engineering,Democratic,3.6,4.71,3.22,4.1,3.07,3,3.2,55.2,Moderate
EMP_02186,Sales,Democratic,3.21,4.07,3.52,4.51,2.34,3,5.3,38.3,Low
EMP_02187,HR,Democratic,3.67,3.89,2.77,3.61,2.04,3,1.4,49.7,Moderate
EMP_02188,Engineering,Democratic,3.31,4.27,3.01,3.42,2.17,2,0.5,54.2,Moderate
EMP_02189,Engineering,Democratic,3.69,3.77,3.48,4.06,2.13,3,9.6,32.7,Low
EMP_02190,Product Management,Democratic,4.66,4.72,3.27,3.5,3.27,3,5.5,36.9,Low
EMP_02191,Product Management,Supportive,4.04,5.0,2.65,3.7,2.61,2,15.1,50.6,Moderate
EMP_02192,Sales,Supportive,3.79,3.77,3.5,4.03,2.75,4,16.4,49.6,Moderate
EMP_02193,Sales,Supportive,3.62,3.51,3.16,3.9,2.82,4,6.7,42.5,Low
EMP_02194,Marketing,Autocratic/Micromanagement,3.33,3.61,2.91,4.11,2.93,5,1.8,42.3,Low
EMP_02195,Marketing,Supportive,2.88,3.23,3.18,4.11,1.54,3,2.3,59.3,Moderate
EMP_02196,Engineering,Supportive,3.34,4.28,2.2,3.9,1.56,3,3.1,59.5,Moderate
EMP_02197,Sales,Supportive,3.0,4.62,3.95,3.01,1.38,5,2.7,53.6,Moderate
EMP_02198,Marketing,Autocratic/Micromanagement,4.14,3.94,2.57,3.57,2.28,2,4.3,24.2,Low
EMP_02199,Sales,Supportive,3.83,3.35,3.23,4.22,2.24,4,5.6,51.9,Moderate
EMP_02200,Engineering,Democratic,2.98,4.92,2.15,2.68,2.78,1,4.0,56.7,Moderate
EMP_02201,Engineering,Supportive,3.09,3.41,3.52,3.61,1.67,3,1.8,55.2,Moderate
EMP_02202,Engineering,Democratic,4.53,4.56,4.36,4.87,2.74,3,4.9,64.4,Moderate
EMP_02203,Engineering,Democratic,4.3,4.27,3.34,4.86,2.69,4,4.6,64.2,Moderate
EMP_02204,HR,Democratic,3.79,3.04,3.69,3.55,3.03,4,2.0,36.1,Low
EMP_02205,Engineering,Supportive,3.71,3.48,2.64,3.71,1.43,4,6.5,59.2,Moderate
EMP_02206,Sales,Supportive,4.39,3.14,3.24,3.74,2.31,4,3.7,50.8,Moderate
EMP_02207,Data Science,Democratic,3.39,4.28,2.25,3.25,3.83,5,2.8,55.9,Moderate
EMP_02208,Marketing,Supportive,3.39,3.82,4.03,3.62,2.6,1,1.0,50.5,Moderate
EMP_02209,Engineering,Autocratic/Micromanagement,4.11,3.31,3.98,3.05,1.5,4,0.5,21.7,Low
EMP_02210,Engineering,Supportive,3.76,4.03,3.26,3.82,3.13,4,5.9,53.6,Moderate
EMP_02211,Engineering,Democratic,3.46,3.47,3.41,3.37,2.6,3,4.0,48.6,Moderate
EMP_02212,Engineering,Supportive,3.41,3.41,1.73,4.83,1.56,3,4.7,57.0,Moderate
EMP_02213,Sales,Democratic,3.39,4.43,3.66,4.45,1.91,4,4.3,40.0,Low
EMP_02214,Product Management,Democratic,5.0,4.67,4.74,4.04,1.97,5,8.1,46.8,Moderate
EMP_02215,Product Management,Supportive,3.2,3.72,3.65,3.12,1.85,5,2.6,61.8,Moderate
EMP_02216,Engineering,Supportive,3.73,4.0,3.66,2.79,3.3,4,6.9,45.3,Moderate
EMP_02217,Engineering,Autocratic/Micromanagement,3.42,3.28,2.6,2.99,2.57,1,0.5,40.2,Low
EMP_02218,Marketing,Democratic,3.33,4.13,2.54,4.22,3.48,2,2.4,39.2,Low
EMP_02219,Data Science,Democratic,3.97,3.57,1.93,2.78,3.93,4,0.5,26.2,Low
EMP_02220,Engineering,Democratic,2.84,3.74,1.96,3.03,2.13,4,0.6,46.0,Moderate
EMP_02221,Data Science,Democratic,4.94,4.12,2.59,3.77,2.4,4,3.4,33.6,Low
EMP_02222,Engineering,Supportive,4.09,3.58,3.62,3.62,1.13,4,2.7,59.2,Moderate
EMP_02223,Product Management,Autocratic/Micromanagement,2.97,3.7,3.77,3.08,2.3,3,3.9,40.6,Low
EMP_02224,HR,Democratic,4.44,4.19,3.21,3.34,2.23,3,2.2,49.1,Moderate
EMP_02225,Sales,Supportive,3.08,3.29,2.68,4.27,4.03,3,8.5,44.1,Low
EMP_02226,Engineering,Autocratic/Micromanagement,3.77,3.86,2.9,4.3,4.22,1,4.9,37.2,Low
EMP_02227,Engineering,Autocratic/Micromanagement,3.49,3.12,3.71,4.39,1.92,2,1.0,49.3,Moderate
EMP_02228,Engineering,Supportive,2.62,3.24,4.29,5.0,2.31,3,0.5,51.8,Moderate
EMP_02229,Marketing,Supportive,3.78,4.41,3.24,3.55,2.94,1,5.4,50.5,Moderate
EMP_02230,Engineering,Autocratic/Micromanagement,2.38,4.8,2.19,3.71,1.73,5,2.2,64.3,Moderate
EMP_02231,Engineering,Democratic,3.61,4.72,2.84,3.26,2.88,4,3.9,55.1,Moderate
EMP_02232,Marketing,Democratic,3.61,3.62,4.38,4.53,1.0,2,1.4,50.9,Moderate
EMP_02233,Engineering,Supportive,4.65,4.92,3.17,3.07,2.06,4,7.1,61.9,Moderate
EMP_02234,Marketing,Supportive,5.0,3.69,3.4,3.89,3.83,5,7.3,41.3,Low
EMP_02235,Sales,Autocratic/Micromanagement,4.32,3.54,3.37,2.94,2.46,4,10.5,11.7,Low
EMP_02236,Engineering,Democratic,3.28,4.47,3.6,4.06,3.45,2,4.1,53.5,Moderate
EMP_02237,Marketing,Democratic,4.31,4.3,2.69,3.25,2.01,2,0.5,46.5,Moderate
EMP_02238,Data Science,Supportive,3.75,2.96,2.47,2.89,3.11,4,2.1,39.3,Low
EMP_02239,Data Science,Supportive,3.61,4.25,4.04,3.06,2.42,4,5.1,66.9,Moderate
EMP_02240,Data Science,Autocratic/Micromanagement,2.63,3.49,4.1,2.6,2.08,5,11.1,45.9,Moderate
EMP_02241,Engineering,Democratic,3.09,3.59,2.75,3.19,1.06,4,3.2,47.3,Moderate
EMP_02242,Engineering,Democratic,3.95,3.38,3.51,3.55,1.3,3,4.4,47.7,Moderate
EMP_02243,HR,Democratic,4.65,4.63,1.97,3.27,3.42,5,3.7,39.1,Low
EMP_02244,Data Science,Democratic,4.56,4.94,2.42,3.13,3.21,4,1.1,52.0,Moderate
EMP_02245,Engineering,Supportive,3.03,4.72,3.08,4.43,2.83,4,7.9,60.3,Moderate
EMP_02246,Engineering,Supportive,2.82,3.95,3.03,4.68,5.0,4,3.8,45.4,Moderate
EMP_02247,Engineering,Supportive,3.37,3.48,2.85,3.97,2.5,2,2.2,49.2,Moderate
EMP_02248,Engineering,Democratic,3.01,4.2,2.42,4.21,2.7,2,0.6,53.4,Moderate
EMP_02249,Marketing,Autocratic/Micromanagement,3.47,3.47,2.71,4.35,3.14,4,0.8,46.9,Moderate
EMP_02250,Engineering,Democratic,4.1,4.3,3.08,3.68,3.46,5,2.9,52.4,Moderate
EMP_02251,Marketing,Supportive,3.62,3.58,2.14,3.59,4.27,4,0.5,39.5,Low
EMP_02252,Data Science,Supportive,4.33,3.09,3.21,3.96,2.92,4,1.6,47.9,Moderate
EMP_02253,Engineering,Democratic,2.29,3.42,3.4,4.09,3.23,5,0.6,29.7,Low
EMP_02254,Engineering,Autocratic/Micromanagement,5.0,4.6,2.51,3.56,2.25,4,2.2,35.6,Low
EMP_02255,Engineering,Democratic,5.0,3.42,2.94,3.19,1.47,3,1.0,59.7,Moderate
EMP_02256,Sales,Supportive,3.65,3.74,2.27,3.49,2.0,5,5.7,39.4,Low
EMP_02257,Marketing,Democratic,3.1,2.83,2.22,3.73,3.97,1,5.4,32.5,Low
EMP_02258,Marketing,Supportive,4.79,3.86,3.35,2.82,3.43,1,6.5,45.1,Moderate
EMP_02259,Product Management,Supportive,3.94,3.29,3.41,3.79,3.36,1,3.3,50.2,Moderate
EMP_02260,Engineering,Democratic,3.95,3.55,3.5,3.57,4.19,4,1.2,30.7,Low
EMP_02261,Engineering,Democratic,4.34,3.32,1.7,3.69,2.62,1,1.8,46.5,Moderate
EMP_02262,Marketing,Autocratic/Micromanagement,3.85,4.49,3.78,3.93,1.91,3,7.4,42.6,Low
EMP_02263,Data Science,Autocratic/Micromanagement,3.84,4.27,3.0,4.76,2.67,4,10.2,65.1,Moderate
EMP_02264,Engineering,Autocratic/Micromanagement,3.67,4.21,4.29,3.77,3.23,5,7.0,50.9,Moderate
EMP_02265,Marketing,Democratic,3.31,3.79,3.92,3.1,3.88,3,14.9,30.5,Low
EMP_02266,Engineering,Autocratic/Micromanagement,3.59,4.18,3.0,3.45,1.87,4,10.5,48.3,Moderate
EMP_02267,Engineering,Supportive,4.51,4.0,2.61,3.57,3.49,5,14.6,49.5,Moderate
EMP_02268,Product Management,Democratic,4.17,4.08,2.8,3.75,2.47,3,2.5,44.6,Low
EMP_02269,Engineering,Supportive,3.82,4.02,2.6,3.41,2.74,4,20.0,46.5,Moderate
EMP_02270,Product Management,Supportive,4.17,3.71,3.69,3.68,2.09,2,4.8,49.3,Moderate
EMP_02271,Data Science,Supportive,3.65,4.53,2.72,3.67,2.84,3,0.9,57.9,Moderate
EMP_02272,Engineering,Democratic,3.53,4.35,2.95,3.98,2.31,5,6.8,54.8,Moderate
EMP_02273,Engineering,Democratic,3.73,3.99,3.55,4.87,1.71,4,0.5,54.1,Moderate
EMP_02274,Data Science,Autocratic/Micromanagement,3.05,3.95,1.08,3.79,2.05,4,4.1,50.4,Moderate
EMP_02275,HR,Autocratic/Micromanagement,4.78,4.26,2.42,3.73,1.0,4,5.1,37.5,Low
EMP_02276,Sales,Supportive,3.03,3.98,4.13,3.66,1.55,5,9.2,68.3,Moderate
EMP_02277,Data Science,Democratic,2.84,3.79,2.6,4.1,2.17,2,0.7,43.9,Low
EMP_02278,Sales,Democratic,3.5,4.71,3.2,3.62,2.65,3,4.8,31.8,Low
EMP_02279,Marketing,Democratic,3.65,4.03,3.56,3.6,3.5,2,2.2,41.5,Low
EMP_02280,Engineering,Democratic,3.16,4.12,3.19,3.04,2.3,4,1.2,44.5,Low
EMP_02281,Marketing,Democratic,3.88,3.82,2.94,3.41,1.95,4,2.6,46.0,Moderate
EMP_02282,Data Science,Supportive,3.29,3.81,3.1,4.3,1.9,4,1.5,51.0,Moderate
EMP_02283,Marketing,Supportive,3.94,4.04,3.3,4.15,1.91,4,2.7,56.1,Moderate
EMP_02284,Data Science,Supportive,4.41,4.64,3.24,3.65,2.17,4,6.4,62.1,Moderate
EMP_02285,Product Management,Autocratic/Micromanagement,3.72,3.57,3.34,2.92,4.14,5,0.5,33.7,Low
EMP_02286,Marketing,Supportive,3.84,3.02,3.19,3.56,2.61,2,1.0,45.1,Moderate
EMP_02287,Engineering,Supportive,3.44,4.28,2.46,2.96,3.03,4,1.7,67.2,Moderate
EMP_02288,Engineering,Democratic,4.07,4.46,2.41,4.27,1.58,2,5.5,64.9,Moderate
EMP_02289,Product Management,Supportive,2.2,4.08,3.11,4.49,3.12,1,6.3,48.3,Moderate
EMP_02290,Engineering,Autocratic/Micromanagement,2.67,3.62,4.55,1.75,2.29,4,3.3,43.5,Low
EMP_02291,Sales,Supportive,2.83,3.93,3.87,3.59,1.26,4,3.3,60.9,Moderate
EMP_02292,Data Science,Supportive,3.69,3.14,3.31,3.36,2.54,4,2.9,47.2,Moderate
EMP_02293,Data Science,Autocratic/Micromanagement,4.18,4.08,3.22,3.24,2.46,4,4.7,25.3,Low
EMP_02294,Marketing,Democratic,3.69,4.0,1.0,3.12,2.22,4,2.8,36.2,Low
EMP_02295,Marketing,Supportive,3.04,3.23,2.93,3.62,3.13,5,6.9,50.9,Moderate
EMP_02296,Engineering,Democratic,3.67,4.24,2.54,3.59,3.11,5,2.8,55.6,Moderate
EMP_02297,Sales,Supportive,3.28,3.46,2.72,5.0,2.69,4,13.3,47.7,Moderate
EMP_02298,Sales,Autocratic/Micromanagement,4.18,3.65,2.66,4.22,2.09,3,5.9,22.6,Low
EMP_02299,Engineering,Democratic,3.5,4.0,2.0,3.85,3.04,4,3.6,35.5,Low
EMP_02300,Product Management,Democratic,3.66,3.56,3.07,3.48,3.08,5,0.9,39.6,Low
EMP_02301,Sales,Supportive,3.66,4.18,3.02,3.85,3.42,3,1.7,50.7,Moderate
EMP_02302,Data Science,Supportive,3.72,3.76,2.15,4.25,3.08,5,0.8,47.1,Moderate
EMP_02303,HR,Supportive,4.28,4.57,2.62,3.14,2.81,4,2.9,52.8,Moderate
EMP_02304,Engineering,Supportive,2.94,4.79,4.27,4.96,1.98,3,4.7,72.8,Moderate
EMP_02305,Engineering,Supportive,4.2,4.15,3.01,2.47,3.1,4,6.4,43.0,Low
EMP_02306,Engineering,Supportive,4.44,4.18,2.48,3.08,2.2,5,7.5,57.4,Moderate
EMP_02307,Engineering,Democratic,3.97,2.97,2.81,3.93,3.66,3,8.7,34.9,Low
EMP_02308,Sales,Democratic,4.35,3.56,2.68,3.72,1.74,3,8.0,50.3,Moderate
EMP_02309,Marketing,Supportive,4.48,3.88,4.09,4.25,2.17,5,1.5,51.0,Moderate
EMP_02310,Data Science,Supportive,2.92,3.46,4.17,4.28,2.95,4,4.5,47.6,Moderate
EMP_02311,Data Science,Supportive,2.09,3.77,2.55,3.27,2.14,2,4.5,55.6,Moderate
EMP_02312,Sales,Supportive,3.2,4.72,2.59,3.5,4.74,2,3.0,37.5,Low
EMP_02313,Engineering,Supportive,4.47,3.72,2.82,3.2,1.88,4,2.1,48.1,Moderate
EMP_02314,Engineering,Democratic,3.32,4.37,3.03,3.22,2.51,3,0.5,64.8,Moderate
EMP_02315,Marketing,Supportive,3.88,4.83,2.94,3.15,2.73,4,1.2,52.7,Moderate
EMP_02316,Sales,Autocratic/Micromanagement,4.54,4.67,4.14,2.93,2.42,5,2.0,36.6,Low
EMP_02317,Marketing,Supportive,4.6,3.34,3.14,2.85,2.52,3,1.1,50.4,Moderate
EMP_02318,Sales,Supportive,4.78,3.93,2.91,3.57,2.93,3,1.7,47.0,Moderate
EMP_02319,Engineering,Autocratic/Micromanagement,3.94,4.15,2.69,3.36,2.42,4,0.5,40.3,Low
EMP_02320,Sales,Democratic,2.97,3.37,1.92,3.59,2.1,5,5.8,27.1,Low
EMP_02321,Engineering,Democratic,4.44,3.34,2.68,2.92,3.72,5,1.3,33.6,Low
EMP_02322,Product Management,Supportive,3.63,3.7,2.93,4.06,1.51,2,2.5,56.2,Moderate
EMP_02323,Sales,Democratic,2.77,4.03,3.99,2.39,2.83,5,5.4,43.0,Low
EMP_02324,Engineering,Supportive,4.03,4.69,2.2,2.62,2.83,5,0.5,57.9,Moderate
EMP_02325,HR,Supportive,4.27,3.55,1.81,3.72,2.8,2,0.8,45.1,Moderate
EMP_02326,Sales,Supportive,4.51,3.73,4.1,4.1,1.67,4,10.5,61.8,Moderate
EMP_02327,Data Science,Supportive,3.94,3.9,2.8,2.95,2.93,1,4.5,53.0,Moderate
EMP_02328,Data Science,Democratic,3.6,3.22,2.59,3.93,1.53,4,5.3,45.3,Moderate
EMP_02329,Engineering,Democratic,3.54,3.24,3.83,2.82,2.04,3,2.3,40.8,Low
EMP_02330,Engineering,Autocratic/Micromanagement,3.89,4.16,3.44,2.45,2.6,4,1.9,44.7,Low
EMP_02331,Engineering,Democratic,3.47,3.83,3.55,4.5,1.97,5,1.6,47.5,Moderate
EMP_02332,HR,Democratic,2.97,4.47,3.47,2.65,1.0,5,0.5,47.1,Moderate
EMP_02333,Engineering,Autocratic/Micromanagement,3.01,3.62,3.28,3.47,2.65,4,1.3,43.0,Low
EMP_02334,Engineering,Supportive,3.02,4.05,2.4,3.65,2.64,4,2.8,47.3,Moderate
EMP_02335,Engineering,Supportive,4.08,4.69,3.1,2.53,2.25,3,1.2,66.0,Moderate
EMP_02336,Data Science,Autocratic/Micromanagement,3.24,4.15,1.7,3.21,1.69,5,7.8,52.7,Moderate
EMP_02337,Engineering,Autocratic/Micromanagement,3.54,4.57,3.23,4.19,3.26,5,2.9,54.7,Moderate
EMP_02338,HR,Democratic,4.23,4.26,3.34,3.31,3.84,3,5.1,44.4,Low
EMP_02339,Sales,Autocratic/Micromanagement,3.53,3.86,3.23,3.46,2.75,3,0.5,42.6,Low
EMP_02340,Product Management,Democratic,3.31,3.83,3.42,3.88,2.07,3,3.1,40.3,Low
EMP_02341,Sales,Supportive,3.7,3.53,3.26,3.34,2.79,3,1.6,39.8,Low
EMP_02342,Engineering,Democratic,4.15,4.21,3.66,4.11,2.13,2,2.4,61.0,Moderate
EMP_02343,Engineering,Democratic,3.28,3.81,3.79,3.31,1.81,1,3.0,32.5,Low
EMP_02344,Marketing,Democratic,3.87,4.2,2.46,3.82,2.62,4,1.8,34.8,Low
EMP_02345,Marketing,Supportive,3.07,3.73,2.6,3.41,3.84,3,7.2,37.7,Low
EMP_02346,Engineering,Democratic,3.1,4.06,1.84,4.42,2.67,1,20.0,45.3,Moderate
EMP_02347,Sales,Democratic,3.62,3.78,3.32,3.32,2.08,4,4.8,47.7,Moderate
EMP_02348,Product Management,Democratic,4.64,3.96,2.83,2.89,3.86,1,13.6,36.4,Low
EMP_02349,Sales,Supportive,3.47,4.18,2.63,3.99,2.25,4,8.1,57.5,Moderate
EMP_02350,Product Management,Supportive,3.21,3.32,2.07,3.58,2.13,4,10.1,47.7,Moderate
EMP_02351,HR,Supportive,3.72,3.65,2.75,3.71,2.78,5,5.7,54.8,Moderate
EMP_02352,Marketing,Autocratic/Micromanagement,3.49,4.47,3.35,3.78,1.26,4,0.9,43.6,Low
EMP_02353,Data Science,Autocratic/Micromanagement,3.86,4.66,2.86,2.86,3.56,3,2.1,54.4,Moderate
EMP_02354,Engineering,Democratic,3.76,3.52,2.67,4.21,2.55,3,17.3,40.5,Low
EMP_02355,Data Science,Autocratic/Micromanagement,4.49,3.6,2.21,3.13,2.09,4,12.3,24.6,Low
EMP_02356,Sales,Democratic,3.32,3.92,2.8,3.89,2.63,4,2.6,46.7,Moderate
EMP_02357,Engineering,Autocratic/Micromanagement,4.23,3.95,1.31,4.72,2.25,3,3.2,23.7,Low
EMP_02358,Sales,Democratic,3.62,4.5,3.87,3.48,1.72,4,1.0,46.8,Moderate
EMP_02359,Engineering,Supportive,3.68,3.79,2.98,3.1,1.69,3,5.1,44.6,Low
EMP_02360,Data Science,Supportive,3.74,5.0,3.55,3.48,2.61,3,3.5,74.6,Moderate
EMP_02361,Marketing,Democratic,3.4,4.43,2.98,3.01,2.0,2,1.6,47.9,Moderate
EMP_02362,Marketing,Autocratic/Micromanagement,2.59,4.35,3.17,4.63,2.11,4,4.7,39.7,Low
EMP_02363,Sales,Supportive,3.84,3.54,2.78,3.91,1.72,3,0.7,51.6,Moderate
EMP_02364,HR,Supportive,2.96,3.43,2.51,4.18,2.41,2,5.3,52.5,Moderate
EMP_02365,Engineering,Democratic,4.55,4.21,2.16,3.98,3.01,4,0.6,59.8,Moderate
EMP_02366,Sales,Democratic,4.2,4.4,2.24,2.33,2.49,3,11.4,23.3,Low
EMP_02367,Product Management,Autocratic/Micromanagement,3.92,3.86,2.99,2.93,1.74,3,1.3,51.2,Moderate
EMP_02368,Sales,Democratic,4.45,3.97,3.04,4.83,1.84,5,5.7,42.9,Low
EMP_02369,Product Management,Supportive,3.97,4.15,2.74,3.2,2.86,1,1.3,45.7,Moderate
EMP_02370,Product Management,Democratic,4.44,3.77,3.57,3.59,3.82,3,0.5,34.6,Low
EMP_02371,Sales,Autocratic/Micromanagement,4.25,3.25,2.48,3.55,2.29,1,11.3,13.6,Low
EMP_02372,Data Science,Democratic,4.19,3.79,3.11,3.87,2.92,3,1.5,35.6,Low
EMP_02373,Engineering,Supportive,4.0,3.45,4.24,3.26,3.0,5,0.5,45.6,Moderate
EMP_02374,Data Science,Democratic,3.91,3.81,3.41,1.9,2.86,3,2.8,43.4,Low
EMP_02375,Engineering,Supportive,2.77,4.07,2.46,3.64,2.44,4,3.9,55.1,Moderate
EMP_02376,Engineering,Supportive,2.8,2.85,2.96,3.59,3.04,5,4.3,42.6,Low
EMP_02377,Engineering,Democratic,4.48,2.97,2.92,3.4,1.81,3,9.1,49.6,Moderate
EMP_02378,HR,Supportive,2.56,4.53,2.19,4.0,2.87,3,6.5,45.3,Moderate
EMP_02379,Engineering,Democratic,3.42,3.26,3.04,3.64,2.17,1,2.3,40.6,Low
EMP_02380,Engineering,Democratic,3.47,4.67,3.36,3.63,2.23,3,1.2,58.2,Moderate
EMP_02381,Sales,Autocratic/Micromanagement,3.44,2.99,3.51,2.42,2.7,4,1.7,40.9,Low
EMP_02382,Product Management,Democratic,2.75,3.32,2.71,3.34,2.82,5,2.1,37.4,Low
EMP_02383,HR,Supportive,3.54,3.61,2.46,4.56,1.57,4,5.0,56.2,Moderate
EMP_02384,Sales,Democratic,3.44,4.02,3.24,4.24,2.17,4,4.0,44.8,Low
EMP_02385,Product Management,Democratic,3.41,4.92,2.49,3.76,1.03,3,6.7,52.4,Moderate
EMP_02386,Product Management,Democratic,3.47,4.28,2.31,2.35,3.25,4,3.3,38.8,Low
EMP_02387,Data Science,Supportive,4.6,4.1,2.61,4.28,2.58,5,14.5,44.0,Low
EMP_02388,Data Science,Supportive,4.36,3.6,3.92,3.5,3.6,2,2.7,46.5,Moderate
EMP_02389,Sales,Supportive,3.94,4.01,3.03,3.28,2.09,3,0.5,55.4,Moderate
EMP_02390,Engineering,Supportive,4.32,3.34,3.16,3.37,2.48,2,2.1,48.3,Moderate
EMP_02391,Product Management,Supportive,4.34,3.84,2.36,3.39,3.02,4,11.5,47.1,Moderate
EMP_02392,Engineering,Supportive,3.8,3.15,2.49,2.83,2.94,3,0.5,47.5,Moderate
EMP_02393,Product Management,Democratic,5.0,3.93,4.42,3.91,2.55,1,1.8,34.6,Low
EMP_02394,Data Science,Supportive,5.0,4.54,2.62,3.31,1.24,3,0.5,74.4,Moderate
EMP_02395,Engineering,Democratic,4.1,4.94,2.48,4.28,1.09,4,4.6,60.8,Moderate
EMP_02396,Engineering,Autocratic/Micromanagement,4.3,3.74,2.64,3.63,2.04,4,0.6,31.4,Low
EMP_02397,HR,Autocratic/Micromanagement,3.71,4.02,3.38,4.18,2.59,3,0.5,43.4,Low
EMP_02398,Sales,Supportive,4.54,4.65,3.5,2.93,2.9,4,1.7,54.6,Moderate
EMP_02399,Engineering,Autocratic/Micromanagement,3.52,4.8,3.53,3.96,1.79,4,3.5,65.2,Moderate
EMP_02400,Sales,Democratic,3.6,4.27,2.36,3.65,1.76,2,9.5,37.5,Low
EMP_02401,Sales,Democratic,3.11,3.88,2.91,2.83,2.33,4,3.9,46.2,Moderate
EMP_02402,Data Science,Supportive,3.99,3.74,3.68,3.55,3.92,3,3.8,41.8,Low
EMP_02403,Engineering,Supportive,4.45,3.93,3.31,3.51,3.35,4,8.3,41.0,Low
EMP_02404,Engineering,Supportive,3.9,4.61,2.98,3.38,2.73,3,2.7,59.4,Moderate
EMP_02405,Marketing,Supportive,4.33,3.07,3.24,2.22,3.66,4,11.1,34.7,Low
EMP_02406,Engineering,Autocratic/Micromanagement,3.15,5.0,3.22,3.65,2.36,4,9.6,53.7,Moderate
EMP_02407,Engineering,Autocratic/Micromanagement,3.23,4.17,4.36,4.37,1.9,2,0.5,33.7,Low
EMP_02408,Engineering,Autocratic/Micromanagement,4.12,3.7,3.39,3.32,3.1,4,3.2,20.6,Low
EMP_02409,Product Management,Autocratic/Micromanagement,3.71,3.62,2.98,3.65,2.0,3,11.6,45.7,Moderate
EMP_02410,Marketing,Autocratic/Micromanagement,4.02,3.2,3.11,3.49,1.99,3,6.4,21.8,Low
EMP_02411,Sales,Supportive,4.53,3.91,3.64,3.88,3.02,5,0.8,41.1,Low
EMP_02412,Product Management,Autocratic/Micromanagement,3.31,4.38,2.75,3.45,1.43,1,2.7,44.9,Low
EMP_02413,Product Management,Democratic,3.88,4.2,3.87,2.6,1.85,4,7.2,44.5,Low
EMP_02414,HR,Democratic,4.23,3.43,4.49,3.06,2.76,3,8.3,42.4,Low
EMP_02415,Sales,Democratic,3.02,4.44,2.88,4.33,2.99,2,0.5,39.3,Low
EMP_02416,Product Management,Autocratic/Micromanagement,4.34,4.1,2.67,4.4,2.48,5,1.4,27.2,Low
EMP_02417,Sales,Autocratic/Micromanagement,4.17,3.41,3.5,3.18,1.43,5,4.4,27.8,Low
EMP_02418,Product Management,Supportive,3.51,3.14,4.61,3.66,1.62,4,0.5,54.3,Moderate
EMP_02419,Engineering,Democratic,3.29,2.92,3.93,3.7,1.77,1,4.5,41.0,Low
EMP_02420,Engineering,Supportive,3.28,4.01,3.3,3.97,3.08,4,0.7,53.7,Moderate
EMP_02421,Marketing,Autocratic/Micromanagement,3.49,4.99,2.42,4.05,3.37,5,0.5,41.4,Low
EMP_02422,Sales,Autocratic/Micromanagement,5.0,4.34,2.45,4.29,2.27,4,2.9,5.1,Low
EMP_02423,Engineering,Democratic,3.37,4.04,3.61,3.84,3.02,3,11.9,38.7,Low
EMP_02424,Sales,Autocratic/Micromanagement,4.02,3.97,4.57,3.38,2.9,5,3.2,24.1,Low
EMP_02425,Engineering,Democratic,4.14,3.72,3.5,3.98,3.19,1,2.8,48.2,Moderate
EMP_02426,Sales,Supportive,3.56,3.59,4.67,3.19,3.14,4,2.5,64.8,Moderate
EMP_02427,Sales,Democratic,4.12,4.3,3.0,3.11,2.07,2,6.5,44.6,Low
EMP_02428,Marketing,Democratic,4.44,4.28,3.91,3.53,3.11,5,1.7,41.4,Low
EMP_02429,Marketing,Democratic,3.72,4.52,3.58,3.37,1.96,5,4.4,41.5,Low
EMP_02430,Data Science,Supportive,3.15,3.84,3.25,3.46,2.2,3,2.1,49.7,Moderate
EMP_02431,Sales,Autocratic/Micromanagement,3.2,3.54,3.09,2.38,2.5,3,7.7,48.6,Moderate
EMP_02432,Sales,Supportive,3.16,4.1,2.49,3.23,2.1,3,5.3,37.6,Low
EMP_02433,HR,Democratic,4.1,3.8,3.4,2.58,1.28,4,1.4,49.5,Moderate
EMP_02434,Engineering,Supportive,3.44,3.77,3.69,3.35,4.22,5,0.5,35.7,Low
EMP_02435,Sales,Autocratic/Micromanagement,3.84,3.81,3.08,3.13,3.54,4,10.7,35.2,Low
EMP_02436,Data Science,Autocratic/Micromanagement,3.72,3.56,3.07,2.96,2.0,2,0.9,44.2,Low
EMP_02437,Data Science,Supportive,3.96,4.29,4.2,4.75,2.6,4,6.0,61.6,Moderate
EMP_02438,Engineering,Democratic,3.42,4.18,3.39,3.35,3.34,4,5.1,41.2,Low
EMP_02439,Data Science,Autocratic/Micromanagement,4.43,4.56,2.49,4.43,2.88,4,2.9,36.0,Low
EMP_02440,Engineering,Supportive,3.88,4.13,2.28,3.51,2.51,1,0.5,42.1,Low
EMP_02441,HR,Supportive,4.44,4.32,3.11,4.12,2.91,4,2.1,47.5,Moderate
EMP_02442,Engineering,Supportive,3.71,3.68,3.35,3.1,2.59,4,0.8,36.9,Low
EMP_02443,Engineering,Democratic,3.26,4.65,3.9,4.83,2.41,4,8.1,63.7,Moderate
EMP_02444,Marketing,Supportive,3.97,4.72,3.4,3.12,4.29,3,0.5,47.6,Moderate
EMP_02445,Sales,Supportive,4.61,3.46,3.54,3.74,1.21,4,0.5,65.1,Moderate
EMP_02446,Engineering,Democratic,3.4,4.47,2.96,3.64,3.13,1,1.0,57.0,Moderate
EMP_02447,Engineering,Democratic,3.4,3.94,3.07,2.83,3.31,5,1.2,40.0,Low
EMP_02448,HR,Supportive,3.69,4.54,3.64,3.48,3.17,1,9.8,53.1,Moderate
EMP_02449,Engineering,Supportive,3.65,4.14,4.53,3.62,2.26,3,2.2,50.1,Moderate
EMP_02450,Sales,Autocratic/Micromanagement,3.29,4.17,2.35,3.46,3.82,2,4.9,12.7,Low
EMP_02451,Engineering,Supportive,4.0,3.51,3.33,4.2,2.51,3,0.5,55.1,Moderate
EMP_02452,Data Science,Supportive,3.16,3.69,2.81,2.52,1.4,3,2.1,58.9,Moderate
EMP_02453,Engineering,Democratic,4.05,3.38,2.84,4.7,2.82,4,0.7,43.8,Low
EMP_02454,Engineering,Democratic,3.55,4.11,2.62,2.6,3.82,3,6.1,36.4,Low
EMP_02455,Engineering,Supportive,4.04,4.65,3.04,2.91,2.41,2,1.1,66.2,Moderate
EMP_02456,Engineering,Democratic,3.2,4.4,2.94,3.77,1.68,3,0.5,59.7,Moderate
EMP_02457,Engineering,Supportive,4.22,4.17,1.82,3.54,2.93,3,0.7,49.6,Moderate
EMP_02458,Data Science,Supportive,4.23,3.84,2.75,3.63,2.57,5,0.5,47.3,Moderate
EMP_02459,Engineering,Democratic,3.79,3.71,2.53,4.51,2.49,4,4.3,44.4,Low
EMP_02460,HR,Democratic,3.95,3.96,1.92,3.84,2.33,5,0.7,45.0,Moderate
EMP_02461,Sales,Supportive,2.91,3.67,3.42,3.4,1.91,3,11.8,55.4,Moderate
EMP_02462,Engineering,Democratic,3.64,3.71,2.81,4.06,1.84,4,0.5,43.1,Low
EMP_02463,Data Science,Democratic,3.29,3.72,2.76,2.48,3.23,2,4.8,26.8,Low
EMP_02464,Engineering,Democratic,3.79,3.89,3.04,3.95,2.67,3,0.5,43.0,Low
EMP_02465,Sales,Supportive,4.87,2.93,2.44,3.62,3.83,1,9.5,23.4,Low
EMP_02466,Data Science,Democratic,3.6,3.91,2.35,3.74,1.27,5,1.0,57.2,Moderate
EMP_02467,Marketing,Supportive,3.56,2.72,2.87,4.54,1.47,5,0.5,55.1,Moderate
EMP_02468,Data Science,Democratic,3.62,4.01,2.26,3.74,1.65,3,11.0,50.7,Moderate
EMP_02469,Product Management,Democratic,4.35,4.32,3.48,3.4,1.99,5,0.5,36.3,Low
EMP_02470,Product Management,Autocratic/Micromanagement,4.01,4.48,2.58,2.85,2.73,4,1.2,13.6,Low
EMP_02471,Marketing,Supportive,4.24,4.57,3.4,3.2,2.38,4,1.2,59.9,Moderate
EMP_02472,Sales,Supportive,3.85,3.08,3.24,3.45,2.66,4,8.1,53.1,Moderate
EMP_02473,Engineering,Democratic,4.04,2.58,2.59,4.17,1.58,4,7.5,27.1,Low
EMP_02474,Engineering,Democratic,3.86,4.35,3.6,3.59,1.55,3,0.8,61.5,Moderate
EMP_02475,Data Science,Supportive,3.42,4.03,2.64,3.46,3.28,5,1.2,49.9,Moderate
EMP_02476,Engineering,Autocratic/Micromanagement,2.28,3.67,3.13,3.67,2.8,4,4.6,39.6,Low
EMP_02477,HR,Autocratic/Micromanagement,3.05,3.63,2.93,4.33,4.23,3,3.6,35.9,Low
EMP_02478,Sales,Autocratic/Micromanagement,4.63,3.83,2.45,3.16,1.46,2,11.8,14.8,Low
EMP_02479,Marketing,Autocratic/Micromanagement,3.31,3.53,3.26,4.06,2.45,4,8.2,41.3,Low
EMP_02480,Engineering,Supportive,2.62,4.64,4.23,2.84,2.37,4,7.5,64.2,Moderate
EMP_02481,Engineering,Democratic,3.52,3.36,3.14,3.68,3.83,5,2.2,37.2,Low
EMP_02482,Engineering,Autocratic/Micromanagement,3.86,3.38,2.51,3.91,3.02,5,16.0,45.1,Moderate
EMP_02483,Product Management,Autocratic/Micromanagement,3.89,3.91,3.01,2.82,2.99,2,6.4,42.6,Low
EMP_02484,Product Management,Supportive,2.88,3.91,3.87,4.5,2.0,4,2.2,48.2,Moderate
EMP_02485,Sales,Democratic,4.15,4.12,3.95,2.79,1.53,2,0.7,47.2,Moderate
EMP_02486,Data Science,Supportive,4.28,3.59,3.94,3.6,3.14,3,5.0,49.6,Moderate
EMP_02487,Engineering,Democratic,3.13,5.0,2.68,3.19,3.07,2,4.0,53.2,Moderate
EMP_02488,Engineering,Democratic,3.85,3.41,1.9,3.25,2.17,4,6.1,36.7,Low
EMP_02489,Engineering,Supportive,2.76,3.9,3.5,4.13,2.01,4,0.9,51.2,Moderate
EMP_02490,Engineering,Supportive,2.9,5.0,2.44,3.54,2.45,4,1.4,59.8,Moderate
EMP_02491,Engineering,Autocratic/Micromanagement,4.96,3.67,2.69,4.16,2.97,2,4.3,17.8,Low
EMP_02492,Sales,Supportive,2.77,3.15,3.17,3.77,4.12,4,0.5,38.3,Low
EMP_02493,Data Science,Supportive,2.9,4.27,3.46,4.11,3.12,3,0.5,63.8,Moderate
EMP_02494,Data Science,Supportive,4.31,3.21,4.06,4.31,3.54,5,7.8,45.3,Moderate
EMP_02495,Engineering,Autocratic/Micromanagement,3.84,4.82,4.19,3.41,1.86,2,4.2,60.4,Moderate
EMP_02496,Data Science,Supportive,4.26,4.81,3.07,3.32,3.14,4,4.0,71.6,Moderate
EMP_02497,HR,Democratic,4.08,4.54,3.53,3.93,3.21,1,1.3,36.7,Low
EMP_02498,Engineering,Autocratic/Micromanagement,4.01,4.49,2.64,3.18,2.31,5,4.6,39.4,Low
EMP_02499,Data Science,Supportive,4.01,5.0,3.85,3.59,1.0,5,0.6,66.9,Moderate
EMP_02500,Data Science,Democratic,4.57,3.16,1.85,3.82,2.55,4,1.8,46.4,Moderate
EMP_02501,Product Management,Democratic,4.14,3.31,2.88,3.6,2.93,4,0.6,34.4,Low
EMP_02502,Data Science,Supportive,4.17,4.14,3.7,3.4,2.09,5,2.2,53.7,Moderate
EMP_02503,Product Management,Supportive,4.66,3.62,3.79,3.6,1.01,3,5.0,59.0,Moderate
EMP_02504,HR,Democratic,3.65,4.01,4.01,4.13,3.78,4,1.5,32.5,Low
EMP_02505,HR,Supportive,3.61,5.0,3.67,3.73,2.19,4,0.5,55.2,Moderate
EMP_02506,Marketing,Autocratic/Micromanagement,4.6,4.3,2.7,3.63,2.88,4,0.8,14.6,Low
EMP_02507,Engineering,Supportive,3.89,4.48,2.46,4.08,3.15,5,7.3,60.2,Moderate
EMP_02508,Marketing,Democratic,3.65,3.14,3.17,4.89,3.01,4,0.5,37.9,Low
EMP_02509,HR,Autocratic/Micromanagement,4.3,3.43,3.02,3.57,1.97,5,0.5,25.2,Low
EMP_02510,Engineering,Autocratic/Micromanagement,2.77,4.27,3.92,3.98,2.52,4,2.8,55.1,Moderate
EMP_02511,Product Management,Democratic,3.4,4.47,2.64,5.0,3.2,4,7.8,38.8,Low
EMP_02512,Marketing,Supportive,3.1,4.27,3.4,3.97,3.25,4,0.6,48.4,Moderate
EMP_02513,Sales,Democratic,4.42,3.51,1.94,3.22,3.89,4,4.3,23.6,Low
EMP_02514,Engineering,Supportive,3.98,2.54,2.9,4.04,2.49,3,0.5,29.9,Low
EMP_02515,Data Science,Democratic,2.8,3.66,3.38,3.01,3.19,5,2.5,38.9,Low
EMP_02516,Marketing,Autocratic/Micromanagement,3.72,3.84,2.71,4.44,1.44,4,0.5,50.4,Moderate
EMP_02517,Data Science,Supportive,3.78,3.82,1.92,4.05,2.37,2,0.5,48.2,Moderate
EMP_02518,Marketing,Democratic,4.21,3.68,2.97,4.21,2.34,1,1.9,43.6,Low
EMP_02519,Engineering,Supportive,4.15,3.74,3.13,3.14,3.57,5,0.5,52.9,Moderate
EMP_02520,Sales,Autocratic/Micromanagement,3.75,4.77,3.82,3.33,1.69,4,20.0,49.5,Moderate
EMP_02521,Sales,Democratic,4.97,4.48,3.68,3.15,2.12,4,0.7,41.8,Low
EMP_02522,Engineering,Supportive,2.93,4.09,2.3,2.95,1.0,4,0.9,55.8,Moderate
EMP_02523,Sales,Autocratic/Micromanagement,3.92,3.84,3.66,3.58,3.68,3,3.1,34.8,Low
EMP_02524,Marketing,Supportive,3.96,4.49,2.59,3.41,1.77,3,8.2,55.6,Moderate
EMP_02525,HR,Democratic,4.07,2.96,3.75,3.53,3.01,4,1.1,45.9,Moderate
EMP_02526,Sales,Supportive,3.4,3.87,2.86,3.16,1.11,4,2.3,65.1,Moderate
EMP_02527,Data Science,Democratic,3.05,3.32,2.89,4.93,2.71,1,0.5,36.7,Low
EMP_02528,Engineering,Supportive,4.85,4.15,3.22,4.13,2.09,4,0.6,49.4,Moderate
EMP_02529,Engineering,Democratic,3.66,4.06,2.0,3.99,2.27,5,2.2,42.7,Low
EMP_02530,Marketing,Supportive,4.33,3.59,2.74,3.99,2.08,4,2.9,52.9,Moderate
EMP_02531,Sales,Supportive,3.66,3.47,3.03,3.18,3.0,4,2.0,52.3,Moderate
EMP_02532,Product Management,Supportive,4.61,4.25,1.92,3.17,2.03,3,5.2,52.2,Moderate
EMP_02533,Marketing,Supportive,3.06,4.09,2.38,4.16,2.22,5,2.3,56.0,Moderate
EMP_02534,Product Management,Democratic,3.93,4.27,3.75,4.61,1.59,4,1.1,48.8,Moderate
EMP_02535,HR,Democratic,3.12,3.45,3.76,3.82,2.66,2,0.7,47.7,Moderate
EMP_02536,HR,Democratic,4.57,3.64,2.81,3.89,3.62,4,9.4,36.6,Low
EMP_02537,Sales,Democratic,3.32,3.35,3.58,3.55,3.13,3,6.4,37.2,Low
EMP_02538,Engineering,Democratic,4.14,3.66,4.38,2.24,2.28,3,1.4,41.4,Low
EMP_02539,HR,Democratic,3.55,4.01,3.72,4.12,3.03,3,0.5,44.2,Low
EMP_02540,Engineering,Democratic,4.15,4.15,2.6,3.97,2.17,4,20.0,41.6,Low
EMP_02541,Engineering,Autocratic/Micromanagement,4.47,4.33,2.62,4.24,2.67,3,5.7,36.8,Low
EMP_02542,HR,Democratic,4.03,4.43,2.78,3.53,2.57,4,2.3,38.2,Low
EMP_02543,Product Management,Supportive,4.8,3.39,2.69,3.23,1.0,5,0.6,58.3,Moderate
EMP_02544,Engineering,Democratic,4.96,3.38,2.18,3.61,2.84,5,4.9,43.6,Low
EMP_02545,Engineering,Supportive,4.59,4.38,2.84,2.77,2.0,4,7.2,61.7,Moderate
EMP_02546,Data Science,Supportive,3.0,4.43,2.74,4.71,2.5,4,4.7,58.0,Moderate
EMP_02547,Data Science,Supportive,3.33,4.35,2.64,4.26,1.96,3,2.0,64.0,Moderate
EMP_02548,Marketing,Autocratic/Micromanagement,2.84,3.79,2.79,3.67,3.28,2,2.1,43.4,Low
EMP_02549,Engineering,Democratic,2.71,4.72,2.5,3.31,2.54,4,3.3,51.1,Moderate
EMP_02550,Engineering,Supportive,3.14,5.0,2.89,3.14,2.16,5,1.6,62.0,Moderate
EMP_02551,Marketing,Supportive,2.9,3.29,2.44,2.94,2.22,4,3.1,51.1,Moderate
EMP_02552,Engineering,Supportive,3.74,4.2,3.25,3.55,1.3,4,0.8,75.1,High
EMP_02553,Product Management,Democratic,2.44,3.75,3.71,4.59,2.7,3,0.5,40.7,Low
EMP_02554,HR,Supportive,3.87,3.59,5.0,3.27,2.69,1,15.1,50.5,Moderate
EMP_02555,Marketing,Autocratic/Micromanagement,3.96,4.46,3.59,3.58,3.2,4,1.5,35.4,Low
EMP_02556,Marketing,Democratic,3.35,3.62,3.57,2.01,3.09,3,1.3,38.6,Low
EMP_02557,Marketing,Autocratic/Micromanagement,3.31,3.55,2.34,3.58,3.33,4,1.9,34.1,Low
EMP_02558,Marketing,Democratic,3.89,4.01,3.86,3.92,1.63,4,3.5,44.0,Low
EMP_02559,Marketing,Democratic,4.36,4.93,4.01,2.77,1.72,5,1.4,45.4,Moderate
EMP_02560,Engineering,Autocratic/Micromanagement,3.4,3.83,3.31,4.77,2.7,5,0.5,48.1,Moderate
EMP_02561,HR,Supportive,3.19,4.01,2.31,3.42,2.99,4,3.6,49.3,Moderate
EMP_02562,Product Management,Supportive,3.46,3.36,2.67,4.03,3.5,5,2.5,44.6,Low
EMP_02563,Sales,Democratic,3.71,4.33,2.32,4.12,1.86,2,4.7,36.2,Low
EMP_02564,Data Science,Supportive,3.82,4.67,2.34,3.44,2.08,1,3.3,75.6,High
EMP_02565,Marketing,Supportive,3.35,4.19,3.72,4.57,1.94,3,9.6,47.6,Moderate
EMP_02566,Marketing,Supportive,4.32,3.87,2.14,3.66,1.92,4,2.0,49.3,Moderate
EMP_02567,Engineering,Supportive,3.41,3.79,2.95,3.27,2.75,5,1.0,43.1,Low
EMP_02568,Product Management,Democratic,4.09,3.7,4.01,3.3,3.9,5,3.3,43.0,Low
EMP_02569,HR,Supportive,3.41,4.31,2.25,3.04,1.91,4,1.3,48.3,Moderate
EMP_02570,Data Science,Democratic,3.03,4.02,3.7,4.11,3.64,5,7.6,31.2,Low
EMP_02571,Marketing,Supportive,3.45,4.27,2.7,4.16,2.68,3,2.1,53.1,Moderate
EMP_02572,Engineering,Democratic,3.37,3.78,3.23,3.77,3.56,2,1.1,35.9,Low
EMP_02573,Engineering,Supportive,3.44,4.33,3.06,3.22,2.47,3,2.3,61.4,Moderate
EMP_02574,Sales,Democratic,3.12,4.01,2.85,2.39,3.29,2,1.7,34.6,Low
EMP_02575,Data Science,Democratic,4.0,4.57,2.68,3.52,2.55,4,3.1,57.7,Moderate
EMP_02576,HR,Supportive,3.61,4.17,2.79,4.14,2.17,3,1.0,47.5,Moderate
EMP_02577,Engineering,Supportive,4.07,4.61,3.31,3.2,3.26,3,10.5,59.2,Moderate
EMP_02578,Data Science,Autocratic/Micromanagement,4.7,3.81,2.55,4.23,1.0,3,1.1,34.1,Low
EMP_02579,Data Science,Supportive,4.59,4.16,3.25,4.33,2.5,5,0.5,55.7,Moderate
EMP_02580,Engineering,Supportive,5.0,3.91,2.72,3.37,1.83,3,2.4,56.9,Moderate
EMP_02581,Product Management,Autocratic/Micromanagement,3.92,3.35,3.52,4.37,3.83,2,1.3,36.2,Low
EMP_02582,Product Management,Democratic,3.48,3.64,2.59,3.71,2.16,4,4.0,37.4,Low
EMP_02583,Engineering,Autocratic/Micromanagement,4.33,3.98,3.07,3.81,2.5,4,2.1,26.8,Low
EMP_02584,Engineering,Autocratic/Micromanagement,4.72,3.94,3.88,3.24,1.57,5,1.5,26.6,Low
EMP_02585,Sales,Supportive,4.04,5.0,3.43,3.74,3.11,3,5.4,49.1,Moderate
EMP_02586,Sales,Autocratic/Micromanagement,4.75,4.06,2.36,3.48,3.38,3,4.5,9.0,Low
EMP_02587,Product Management,Democratic,4.59,3.52,2.31,4.41,2.74,3,4.2,33.6,Low
EMP_02588,HR,Democratic,4.33,3.34,3.56,3.68,2.82,4,3.1,46.1,Moderate
EMP_02589,Engineering,Supportive,3.54,3.29,3.22,4.23,2.94,2,5.7,44.6,Low
EMP_02590,Product Management,Supportive,5.0,3.08,2.63,2.84,2.92,4,2.4,50.3,Moderate
EMP_02591,Engineering,Autocratic/Micromanagement,3.88,3.29,3.22,4.26,4.28,1,3.1,29.6,Low
EMP_02592,Marketing,Supportive,3.28,3.59,3.21,3.75,2.65,1,0.5,54.7,Moderate
EMP_02593,Marketing,Democratic,2.61,4.71,2.99,2.75,2.4,2,0.9,41.4,Low
EMP_02594,Engineering,Supportive,3.38,3.86,2.64,3.16,2.77,4,7.8,56.0,Moderate
EMP_02595,Engineering,Democratic,3.82,4.1,3.41,3.75,1.06,5,4.5,43.1,Low
EMP_02596,Engineering,Democratic,3.02,4.06,3.27,3.0,2.33,5,3.8,39.2,Low
EMP_02597,Marketing,Democratic,3.76,3.24,3.19,3.7,3.35,3,4.4,32.4,Low
EMP_02598,Product Management,Democratic,2.81,3.32,2.46,3.76,4.09,5,11.1,37.3,Low
EMP_02599,Sales,Democratic,3.86,3.04,2.59,2.66,2.46,1,0.5,44.2,Low
EMP_02600,Data Science,Supportive,4.91,3.84,2.36,2.66,1.4,1,1.7,59.4,Moderate
EMP_02601,HR,Supportive,2.35,3.83,3.27,2.98,1.54,5,5.5,52.2,Moderate
EMP_02602,Data Science,Autocratic/Micromanagement,3.19,4.15,2.07,3.61,3.0,4,4.6,39.0,Low
EMP_02603,Engineering,Autocratic/Micromanagement,3.65,3.29,2.37,4.17,2.81,2,0.8,40.3,Low
EMP_02604,Sales,Autocratic/Micromanagement,3.9,3.83,3.52,3.96,1.99,5,4.4,46.5,Moderate
EMP_02605,Product Management,Democratic,4.07,3.56,1.58,3.91,3.21,5,6.4,46.4,Moderate
EMP_02606,Marketing,Supportive,4.06,3.69,3.81,3.78,2.34,2,2.3,59.2,Moderate
EMP_02607,Data Science,Supportive,3.13,5.0,3.56,3.85,1.33,2,3.2,69.9,Moderate
EMP_02608,HR,Supportive,4.2,4.01,3.46,3.08,2.2,5,0.5,50.9,Moderate
EMP_02609,Engineering,Democratic,4.68,3.44,3.26,3.29,2.1,5,0.5,41.2,Low
EMP_02610,Product Management,Supportive,3.43,3.91,3.11,3.8,3.13,3,10.3,31.1,Low
EMP_02611,Engineering,Supportive,3.99,4.16,3.46,3.88,2.17,4,0.5,48.4,Moderate
EMP_02612,Sales,Democratic,2.5,4.05,3.98,4.15,3.29,3,2.7,39.9,Low
EMP_02613,Engineering,Democratic,3.12,3.7,3.23,3.26,1.0,3,3.1,53.4,Moderate
EMP_02614,Product Management,Supportive,3.72,4.67,4.03,3.87,2.56,3,4.4,48.1,Moderate
EMP_02615,Marketing,Autocratic/Micromanagement,3.24,3.93,3.09,2.92,2.32,4,0.5,45.2,Moderate
EMP_02616,Product Management,Supportive,4.22,3.5,1.39,3.13,4.26,1,5.1,38.7,Low
EMP_02617,HR,Democratic,4.9,4.4,2.82,3.17,1.65,4,4.6,42.0,Low
EMP_02618,Data Science,Supportive,3.72,4.07,2.7,2.55,2.85,4,0.5,57.9,Moderate
EMP_02619,Sales,Supportive,3.26,3.38,4.26,3.57,2.4,1,9.0,68.0,Moderate
EMP_02620,Sales,Democratic,4.05,3.5,2.71,3.51,1.69,4,3.4,52.5,Moderate
EMP_02621,Engineering,Autocratic/Micromanagement,4.5,4.56,2.8,3.18,1.0,2,0.5,39.1,Low
EMP_02622,Sales,Autocratic/Micromanagement,4.67,4.19,2.87,3.16,2.26,5,10.5,18.6,Low
EMP_02623,Marketing,Supportive,3.22,3.74,3.39,2.6,2.6,4,1.4,40.2,Low
EMP_02624,Engineering,Democratic,4.63,3.7,2.41,3.13,3.88,3,1.5,33.7,Low
EMP_02625,Engineering,Democratic,2.59,4.4,2.56,4.4,2.65,4,9.0,61.3,Moderate
EMP_02626,Product Management,Autocratic/Micromanagement,3.44,4.51,3.71,3.94,2.89,5,1.0,38.3,Low
EMP_02627,HR,Democratic,3.01,3.81,2.51,2.64,2.92,2,3.2,43.8,Low
EMP_02628,Data Science,Democratic,4.06,4.36,2.13,3.28,1.84,2,1.0,63.3,Moderate
EMP_02629,Engineering,Democratic,4.59,3.62,3.27,2.18,3.48,4,2.9,36.6,Low
EMP_02630,Engineering,Democratic,4.25,4.7,3.77,3.51,2.13,5,1.0,63.2,Moderate
EMP_02631,Engineering,Supportive,3.61,4.76,4.06,3.47,1.0,3,15.0,70.5,Moderate
EMP_02632,Sales,Supportive,2.73,3.71,3.78,2.52,3.25,4,3.2,49.6,Moderate
EMP_02633,Sales,Supportive,4.03,3.9,3.7,3.53,1.96,3,3.9,56.4,Moderate
EMP_02634,Engineering,Democratic,3.52,2.85,3.69,2.91,1.91,5,9.5,40.3,Low
EMP_02635,Sales,Democratic,4.49,3.19,2.79,3.11,2.05,1,1.3,37.1,Low
EMP_02636,Data Science,Autocratic/Micromanagement,4.64,4.19,5.0,3.21,2.13,4,0.5,31.8,Low
EMP_02637,Engineering,Supportive,3.85,3.97,2.94,3.38,1.74,4,1.1,52.5,Moderate
EMP_02638,Sales,Autocratic/Micromanagement,2.76,4.71,3.17,2.57,2.55,4,5.3,35.5,Low
EMP_02639,Engineering,Supportive,4.09,4.06,2.67,3.33,2.87,4,13.7,53.0,Moderate
EMP_02640,Engineering,Autocratic/Micromanagement,4.1,4.01,4.92,3.89,4.27,5,1.4,14.7,Low
EMP_02641,Marketing,Autocratic/Micromanagement,4.4,4.2,3.31,2.85,1.67,2,1.2,32.8,Low
EMP_02642,Engineering,Supportive,4.23,4.06,3.23,1.77,2.07,2,10.7,59.6,Moderate
EMP_02643,HR,Democratic,4.18,3.62,3.6,3.16,1.0,3,4.6,51.8,Moderate
EMP_02644,Engineering,Democratic,3.27,3.29,2.96,3.68,2.69,4,4.0,41.4,Low
EMP_02645,Sales,Democratic,4.11,3.91,3.21,3.42,3.75,3,4.1,45.9,Moderate
EMP_02646,Product Management,Autocratic/Micromanagement,3.11,4.55,3.99,3.45,2.15,1,1.1,45.4,Moderate
EMP_02647,Engineering,Supportive,3.28,3.92,3.12,4.89,1.92,5,6.7,49.0,Moderate
EMP_02648,Product Management,Democratic,2.42,3.24,3.86,4.51,1.88,3,5.4,49.1,Moderate
EMP_02649,Sales,Democratic,3.81,3.43,3.9,3.71,3.09,3,2.4,46.2,Moderate
EMP_02650,Sales,Democratic,3.24,3.81,1.98,3.81,3.02,4,0.7,17.3,Low
EMP_02651,Engineering,Autocratic/Micromanagement,3.72,4.49,2.59,5.0,2.13,4,1.8,57.9,Moderate
EMP_02652,Marketing,Autocratic/Micromanagement,2.74,3.85,3.52,3.34,3.5,4,3.0,35.1,Low
EMP_02653,Product Management,Democratic,4.04,3.93,3.71,3.27,2.82,2,2.4,39.9,Low
EMP_02654,Sales,Autocratic/Micromanagement,3.54,3.56,2.35,3.79,2.35,2,5.7,26.5,Low
EMP_02655,Sales,Supportive,4.12,3.67,4.66,3.51,1.9,4,4.8,58.6,Moderate
EMP_02656,Engineering,Supportive,3.31,3.94,3.12,4.11,2.9,5,6.0,47.7,Moderate
EMP_02657,Marketing,Democratic,2.95,3.55,2.26,2.77,3.26,2,2.5,43.0,Low
EMP_02658,Marketing,Autocratic/Micromanagement,3.55,3.64,2.5,3.71,2.42,4,2.7,38.8,Low
EMP_02659,Marketing,Supportive,4.16,3.85,3.36,3.01,1.17,4,1.6,54.9,Moderate
EMP_02660,Sales,Autocratic/Micromanagement,3.86,4.22,2.39,3.89,4.09,3,5.4,19.6,Low
EMP_02661,Marketing,Autocratic/Micromanagement,3.78,4.07,4.09,3.79,2.26,4,5.7,48.7,Moderate
EMP_02662,Sales,Autocratic/Micromanagement,4.17,4.26,3.52,3.01,2.36,5,6.6,20.6,Low
EMP_02663,Sales,Democratic,2.76,4.51,4.26,3.41,2.06,5,0.5,61.7,Moderate
EMP_02664,Data Science,Supportive,4.72,3.67,2.68,1.88,2.14,2,6.6,46.3,Moderate
EMP_02665,Engineering,Democratic,3.58,3.93,2.37,3.04,2.05,3,2.1,46.5,Moderate
EMP_02666,Sales,Autocratic/Micromanagement,4.19,3.35,3.31,3.61,1.29,4,4.4,35.0,Low
EMP_02667,Marketing,Democratic,3.65,4.68,4.26,4.13,3.65,5,6.8,39.7,Low
EMP_02668,Product Management,Democratic,4.75,3.78,4.11,3.24,1.6,2,14.2,44.7,Low
EMP_02669,Engineering,Autocratic/Micromanagement,4.35,4.29,3.36,3.32,3.6,4,0.6,30.0,Low
EMP_02670,Engineering,Democratic,2.45,3.47,3.53,3.39,3.17,3,2.3,36.7,Low
EMP_02671,Data Science,Supportive,3.37,4.07,2.13,4.2,2.46,3,10.9,45.2,Moderate
EMP_02672,Marketing,Supportive,3.51,3.64,3.92,2.98,2.14,3,1.9,56.1,Moderate
EMP_02673,Marketing,Supportive,4.16,3.8,2.32,3.85,3.4,2,3.2,44.3,Low
EMP_02674,Engineering,Autocratic/Micromanagement,3.0,3.33,3.25,3.37,1.84,3,6.0,42.7,Low
EMP_02675,Marketing,Supportive,3.59,3.98,3.01,5.0,3.44,1,5.5,45.4,Moderate
EMP_02676,Engineering,Supportive,3.87,4.66,3.79,2.46,3.04,3,1.5,55.2,Moderate
EMP_02677,HR,Democratic,4.21,4.0,2.95,3.75,1.72,4,15.4,43.7,Low
EMP_02678,HR,Supportive,3.77,3.1,2.94,3.79,3.13,3,6.8,57.4,Moderate
EMP_02679,Marketing,Democratic,3.87,2.85,3.16,3.41,2.21,4,1.8,45.2,Moderate
EMP_02680,Engineering,Supportive,3.56,3.39,3.5,3.13,3.17,3,7.7,48.4,Moderate
EMP_02681,Sales,Supportive,3.94,4.04,3.85,4.02,1.85,5,0.5,56.5,Moderate
EMP_02682,Engineering,Supportive,4.51,4.73,2.89,3.01,3.73,2,6.6,66.4,Moderate
EMP_02683,Marketing,Democratic,4.13,3.34,3.47,3.03,2.83,1,9.7,41.4,Low
EMP_02684,Engineering,Supportive,4.58,3.39,2.07,3.92,1.05,4,6.5,62.7,Moderate
EMP_02685,Sales,Autocratic/Micromanagement,3.44,3.54,3.03,4.5,1.39,4,3.5,51.7,Moderate
EMP_02686,Engineering,Supportive,2.53,3.56,3.19,4.24,3.0,5,9.1,45.0,Moderate
EMP_02687,Marketing,Supportive,4.14,4.0,1.65,3.75,2.3,4,0.5,44.5,Low
EMP_02688,Product Management,Autocratic/Micromanagement,3.42,4.11,3.61,3.82,2.46,2,0.5,39.8,Low
EMP_02689,Product Management,Supportive,3.12,4.15,4.61,4.13,1.36,5,0.5,48.5,Moderate
EMP_02690,Sales,Democratic,5.0,3.13,2.25,4.25,2.72,2,0.8,26.1,Low
EMP_02691,Engineering,Democratic,4.67,3.88,4.06,3.6,2.21,4,0.5,45.9,Moderate
EMP_02692,Marketing,Supportive,3.79,4.29,3.72,3.51,2.59,1,4.3,52.9,Moderate
EMP_02693,Engineering,Autocratic/Micromanagement,4.62,4.61,2.6,2.93,3.64,5,3.8,34.9,Low
EMP_02694,Engineering,Supportive,4.71,4.1,2.35,3.25,2.67,2,4.8,49.4,Moderate
EMP_02695,Data Science,Democratic,4.45,3.22,2.74,3.43,4.37,5,2.0,32.7,Low
EMP_02696,Marketing,Supportive,4.17,3.56,3.1,3.81,2.52,4,0.5,52.7,Moderate
EMP_02697,Sales,Democratic,5.0,2.95,1.97,3.31,2.71,2,2.3,30.8,Low
EMP_02698,Marketing,Autocratic/Micromanagement,3.58,3.85,3.59,3.46,2.02,3,0.8,50.9,Moderate
EMP_02699,Sales,Supportive,2.58,3.82,3.37,4.68,2.32,2,1.4,48.0,Moderate
EMP_02700,Marketing,Democratic,4.32,4.03,3.69,3.82,2.54,4,3.5,39.3,Low
EMP_02701,Engineering,Supportive,4.37,4.72,2.46,4.6,2.97,2,1.7,59.3,Moderate
EMP_02702,Engineering,Supportive,1.94,4.58,4.33,4.05,1.09,4,1.5,73.8,Moderate
EMP_02703,Product Management,Supportive,3.94,3.33,3.87,3.97,2.49,4,2.9,49.7,Moderate
EMP_02704,Sales,Supportive,3.69,3.92,1.9,3.01,2.07,2,5.3,38.5,Low
EMP_02705,Sales,Autocratic/Micromanagement,3.96,3.95,4.19,3.5,2.67,1,1.4,61.5,Moderate
EMP_02706,Sales,Democratic,3.46,4.22,2.82,3.94,3.06,4,1.5,37.4,Low
EMP_02707,Sales,Supportive,3.32,4.02,4.03,3.52,2.96,4,1.3,56.1,Moderate
EMP_02708,Sales,Democratic,4.74,4.46,3.13,2.87,2.07,4,4.8,45.8,Moderate
EMP_02709,Marketing,Supportive,4.75,3.85,4.03,3.62,1.6,5,5.9,57.1,Moderate
EMP_02710,Data Science,Supportive,4.62,4.17,4.12,3.55,4.18,4,2.9,39.3,Low
EMP_02711,Sales,Autocratic/Micromanagement,4.76,3.92,5.0,2.81,2.91,4,4.3,29.1,Low
EMP_02712,Product Management,Democratic,4.2,3.94,3.36,3.22,2.33,5,0.5,42.1,Low
EMP_02713,Marketing,Democratic,3.31,4.46,3.81,3.95,3.32,4,3.7,36.4,Low
EMP_02714,Engineering,Autocratic/Micromanagement,2.89,4.24,2.1,2.8,2.81,2,3.2,63.0,Moderate
EMP_02715,Engineering,Democratic,3.92,4.21,2.86,4.01,2.31,3,3.7,62.8,Moderate
EMP_02716,HR,Democratic,3.44,4.47,2.49,3.57,3.34,4,1.2,44.0,Low
EMP_02717,Sales,Democratic,4.64,3.73,3.11,3.51,3.49,5,3.6,36.7,Low
EMP_02718,Marketing,Supportive,4.29,2.7,2.41,3.51,3.14,3,18.3,46.6,Moderate
EMP_02719,Data Science,Supportive,3.92,4.58,2.3,3.92,2.89,3,3.5,67.5,Moderate
EMP_02720,Sales,Supportive,3.25,3.9,3.04,4.66,2.89,3,5.2,57.1,Moderate
EMP_02721,Product Management,Democratic,4.05,3.17,3.44,4.4,2.82,2,0.5,42.2,Low
EMP_02722,Engineering,Supportive,3.84,3.61,1.62,3.01,1.0,5,2.6,57.0,Moderate
EMP_02723,Sales,Supportive,3.25,4.25,3.03,3.48,1.74,4,2.2,57.4,Moderate
EMP_02724,HR,Supportive,3.64,3.92,3.73,2.87,3.69,5,5.0,47.4,Moderate
EMP_02725,Sales,Supportive,4.85,3.51,3.61,4.24,2.93,2,3.4,43.5,Low
EMP_02726,Data Science,Democratic,3.66,4.1,3.17,3.48,1.67,4,10.4,51.8,Moderate
EMP_02727,Product Management,Supportive,2.94,4.15,2.92,4.04,3.92,4,2.2,48.9,Moderate
EMP_02728,Product Management,Democratic,3.84,3.05,2.62,4.24,2.13,3,2.8,44.1,Low
EMP_02729,Sales,Democratic,3.58,3.44,3.89,3.95,2.57,4,6.2,40.6,Low
EMP_02730,HR,Supportive,4.14,4.05,2.86,4.37,1.33,4,4.6,55.8,Moderate
EMP_02731,Engineering,Democratic,3.7,4.51,3.52,3.96,3.35,4,2.5,55.5,Moderate
EMP_02732,HR,Democratic,2.67,4.11,4.36,3.99,1.94,4,1.8,42.7,Low
EMP_02733,Engineering,Supportive,3.52,4.36,3.85,2.81,1.8,5,9.3,68.5,Moderate
EMP_02734,Engineering,Autocratic/Micromanagement,3.32,3.78,3.03,2.86,2.47,3,3.6,46.7,Moderate
EMP_02735,Engineering,Supportive,2.85,4.54,3.14,3.74,1.97,3,1.7,74.0,Moderate
EMP_02736,Marketing,Supportive,4.02,3.67,2.94,3.51,2.53,3,0.5,52.1,Moderate
EMP_02737,Data Science,Autocratic/Micromanagement,3.96,4.16,3.4,3.9,2.58,2,7.2,36.1,Low
EMP_02738,Engineering,Autocratic/Micromanagement,2.42,3.71,2.33,2.9,1.81,3,12.6,48.0,Moderate
EMP_02739,Sales,Democratic,4.73,4.53,2.11,3.81,2.68,2,11.3,28.6,Low
EMP_02740,Data Science,Supportive,3.2,4.2,2.46,3.36,3.38,1,1.9,67.3,Moderate
EMP_02741,Engineering,Supportive,3.86,3.73,2.9,4.15,3.12,3,2.8,37.7,Low
EMP_02742,Data Science,Democratic,3.22,3.61,3.0,4.9,3.11,4,5.5,35.8,Low
EMP_02743,Data Science,Democratic,3.7,4.21,3.9,3.06,1.89,3,1.4,60.0,Moderate
EMP_02744,Engineering,Supportive,3.61,4.12,1.99,3.54,3.02,1,8.1,48.0,Moderate
EMP_02745,Data Science,Autocratic/Micromanagement,3.84,3.46,3.47,3.43,2.67,3,10.5,51.6,Moderate
EMP_02746,Data Science,Democratic,3.41,3.91,3.3,3.84,1.61,4,9.5,52.2,Moderate
EMP_02747,Marketing,Autocratic/Micromanagement,2.78,4.4,3.04,3.38,2.81,2,2.4,36.9,Low
EMP_02748,Data Science,Supportive,3.14,3.53,3.62,3.0,3.21,4,8.1,43.5,Low
EMP_02749,Marketing,Supportive,4.56,3.59,3.16,3.04,3.03,4,1.6,52.4,Moderate
EMP_02750,Sales,Democratic,3.2,3.52,2.36,4.31,2.65,4,3.8,28.8,Low
EMP_02751,Sales,Democratic,5.0,3.84,3.17,3.51,1.12,4,8.7,45.9,Moderate
EMP_02752,HR,Supportive,3.84,4.2,3.2,2.87,3.93,3,0.5,40.3,Low
EMP_02753,Marketing,Democratic,2.97,4.12,3.36,4.0,1.81,4,1.7,44.6,Low
EMP_02754,Engineering,Autocratic/Micromanagement,3.95,4.29,4.1,3.03,3.02,4,1.2,53.0,Moderate
EMP_02755,Product Management,Democratic,3.8,3.35,2.48,3.36,2.47,5,1.3,43.2,Low
EMP_02756,Sales,Autocratic/Micromanagement,3.15,4.22,3.45,3.93,1.0,2,18.0,55.0,Moderate
EMP_02757,Sales,Democratic,3.97,3.92,2.97,3.25,2.66,4,3.8,49.6,Moderate
EMP_02758,Sales,Supportive,4.67,3.93,2.72,3.04,2.18,4,5.5,50.2,Moderate
EMP_02759,Engineering,Democratic,3.44,3.43,3.93,3.87,2.79,5,6.3,41.7,Low
EMP_02760,Product Management,Supportive,3.05,3.55,3.38,3.24,1.96,4,6.5,52.0,Moderate
EMP_02761,Sales,Supportive,2.93,3.88,3.31,4.49,3.07,4,7.6,50.7,Moderate
EMP_02762,Marketing,Supportive,3.61,4.66,3.5,4.15,2.59,1,9.0,45.1,Moderate
EMP_02763,Sales,Democratic,3.78,3.92,3.0,3.8,1.71,1,5.7,47.1,Moderate
EMP_02764,Engineering,Autocratic/Micromanagement,3.07,4.35,4.04,3.2,3.82,3,4.0,55.4,Moderate
EMP_02765,Sales,Supportive,2.49,4.8,1.87,3.59,3.61,1,2.3,28.6,Low
EMP_02766,Product Management,Supportive,3.6,3.68,3.45,2.87,2.87,4,3.2,54.9,Moderate
EMP_02767,Marketing,Supportive,3.89,3.75,2.64,4.55,3.79,3,0.5,47.4,Moderate
EMP_02768,Sales,Supportive,2.92,4.07,3.82,4.07,2.93,3,18.4,43.1,Low
EMP_02769,Engineering,Supportive,5.0,3.89,3.31,4.1,3.16,5,0.5,39.9,Low
EMP_02770,Marketing,Autocratic/Micromanagement,3.8,3.67,4.77,3.05,3.17,5,0.9,41.1,Low
EMP_02771,Marketing,Supportive,4.63,4.7,3.35,3.59,3.09,2,3.0,40.7,Low
EMP_02772,Sales,Democratic,3.96,4.8,1.31,3.84,3.43,4,4.5,18.3,Low
EMP_02773,Engineering,Democratic,3.6,3.96,2.91,3.23,2.8,4,4.1,42.8,Low
EMP_02774,Engineering,Supportive,4.07,3.85,3.97,3.26,4.24,3,4.0,40.2,Low
EMP_02775,Sales,Democratic,4.81,3.94,3.24,3.54,1.52,4,1.0,48.7,Moderate
EMP_02776,Product Management,Supportive,4.33,3.92,1.88,3.7,1.84,5,0.5,56.0,Moderate
EMP_02777,Sales,Supportive,3.73,4.65,4.01,3.23,3.27,4,7.9,58.1,Moderate
EMP_02778,Data Science,Democratic,3.49,4.4,3.43,3.18,2.48,5,0.8,59.4,Moderate
EMP_02779,Sales,Autocratic/Micromanagement,4.43,3.75,2.59,4.74,2.3,5,0.5,24.3,Low
EMP_02780,Sales,Autocratic/Micromanagement,3.67,4.16,3.1,2.64,3.86,4,1.9,34.8,Low
EMP_02781,Sales,Supportive,2.9,3.6,3.02,3.93,2.21,4,0.5,55.5,Moderate
EMP_02782,Sales,Autocratic/Micromanagement,4.23,4.31,3.78,3.23,3.09,4,3.2,26.8,Low
EMP_02783,Marketing,Supportive,3.87,3.64,3.97,3.61,1.96,4,7.9,50.6,Moderate
EMP_02784,Product Management,Autocratic/Micromanagement,4.18,4.04,3.37,4.03,2.69,3,9.3,20.1,Low
EMP_02785,Data Science,Supportive,3.45,3.99,3.56,3.66,2.36,2,4.8,40.9,Low
EMP_02786,Engineering,Supportive,3.04,3.69,4.02,3.88,2.37,1,2.0,55.5,Moderate
EMP_02787,Marketing,Autocratic/Micromanagement,3.87,4.09,3.49,3.98,2.56,4,2.7,41.9,Low
EMP_02788,Data Science,Supportive,3.14,4.04,3.69,2.81,1.54,3,1.1,56.7,Moderate
EMP_02789,Sales,Autocratic/Micromanagement,4.13,4.79,3.26,4.01,1.83,1,6.4,29.3,Low
EMP_02790,Product Management,Autocratic/Micromanagement,2.91,3.87,1.65,3.85,3.21,3,7.7,26.2,Low
EMP_02791,HR,Supportive,2.59,4.55,4.58,3.06,3.91,5,5.9,37.4,Low
EMP_02792,Sales,Democratic,3.81,3.47,3.09,3.47,1.87,4,3.8,54.1,Moderate
EMP_02793,Engineering,Autocratic/Micromanagement,4.41,4.1,1.44,3.74,2.11,4,3.1,26.4,Low
EMP_02794,Engineering,Democratic,4.18,3.55,2.62,3.6,2.52,4,2.9,50.0,Moderate
EMP_02795,Marketing,Democratic,3.87,3.81,3.48,2.49,3.07,5,1.5,38.3,Low
EMP_02796,Product Management,Supportive,3.25,4.54,3.34,3.62,2.93,3,2.5,50.0,Moderate
EMP_02797,Engineering,Autocratic/Micromanagement,3.68,3.82,4.55,2.68,1.86,4,0.6,40.7,Low
EMP_02798,Engineering,Supportive,4.74,3.85,2.88,4.03,3.35,4,1.4,53.7,Moderate
EMP_02799,Engineering,Autocratic/Micromanagement,3.51,4.03,2.7,2.89,1.94,4,1.8,41.1,Low
EMP_02800,Sales,Autocratic/Micromanagement,3.68,4.28,3.03,4.39,2.05,4,2.5,43.1,Low
EMP_02801,HR,Autocratic/Micromanagement,2.47,3.65,4.76,3.44,1.64,4,11.8,47.9,Moderate
EMP_02802,Product Management,Democratic,3.2,4.15,1.85,4.09,3.19,5,3.5,34.1,Low
EMP_02803,Marketing,Autocratic/Micromanagement,4.22,3.53,2.53,3.72,2.72,1,2.2,19.5,Low
EMP_02804,Data Science,Autocratic/Micromanagement,2.26,4.21,2.9,3.62,2.83,3,1.4,67.1,Moderate
EMP_02805,Sales,Autocratic/Micromanagement,4.06,3.0,2.15,3.63,2.34,4,3.2,8.0,Low
EMP_02806,Sales,Supportive,4.1,3.74,4.0,3.31,2.64,4,2.6,64.3,Moderate
EMP_02807,Marketing,Democratic,4.86,4.02,3.06,3.75,2.02,4,1.3,39.6,Low
EMP_02808,Marketing,Supportive,3.43,4.07,3.14,4.87,2.47,5,1.6,46.3,Moderate
EMP_02809,Engineering,Supportive,2.7,4.07,3.94,3.8,1.94,4,4.0,49.0,Moderate
EMP_02810,HR,Democratic,3.63,3.29,3.0,3.72,2.11,3,2.4,48.0,Moderate
EMP_02811,Sales,Supportive,4.02,4.14,2.1,2.98,1.0,3,2.6,42.5,Low
EMP_02812,Engineering,Supportive,3.34,4.09,2.05,2.89,1.98,4,0.9,47.8,Moderate
EMP_02813,Data Science,Supportive,3.58,3.76,3.1,3.24,2.31,5,0.5,47.8,Moderate
EMP_02814,Product Management,Supportive,3.62,3.3,2.62,3.79,2.96,5,2.7,46.9,Moderate
EMP_02815,Product Management,Supportive,4.15,3.64,2.73,2.59,1.8,4,0.8,50.8,Moderate
EMP_02816,Marketing,Supportive,3.82,4.02,3.19,4.27,2.5,4,3.0,48.0,Moderate
EMP_02817,Product Management,Autocratic/Micromanagement,2.86,3.59,4.86,3.96,4.04,3,1.1,31.9,Low
EMP_02818,Sales,Democratic,5.0,4.11,2.0,3.57,2.91,4,0.7,20.7,Low
EMP_02819,Sales,Supportive,4.59,3.87,1.61,4.06,1.72,3,10.7,44.1,Low
EMP_02820,Engineering,Supportive,3.91,3.08,3.37,3.8,4.27,3,8.9,42.7,Low
EMP_02821,Marketing,Supportive,3.03,3.54,1.86,3.67,3.53,4,20.0,42.0,Low
EMP_02822,Data Science,Supportive,4.43,4.27,1.97,4.0,2.19,3,2.2,67.6,Moderate
EMP_02823,Marketing,Supportive,3.64,4.46,2.75,3.36,3.65,5,11.0,47.8,Moderate
EMP_02824,Marketing,Supportive,3.06,4.08,3.61,2.91,1.92,4,2.1,51.2,Moderate
EMP_02825,HR,Democratic,3.69,3.55,2.99,4.14,2.61,4,0.7,42.6,Low
EMP_02826,Engineering,Supportive,4.26,3.88,2.27,3.49,1.35,5,0.7,55.9,Moderate
EMP_02827,Data Science,Supportive,4.46,3.6,2.97,3.36,1.44,1,2.4,61.0,Moderate
EMP_02828,Engineering,Supportive,3.09,4.15,3.74,3.88,2.02,2,1.2,54.9,Moderate
EMP_02829,Marketing,Supportive,3.56,3.78,3.67,3.38,1.27,4,1.8,49.7,Moderate
EMP_02830,Engineering,Democratic,3.68,4.64,2.93,2.09,2.2,1,5.1,58.6,Moderate
EMP_02831,Engineering,Democratic,2.46,3.1,4.3,3.21,2.95,5,5.9,47.7,Moderate
EMP_02832,Engineering,Democratic,3.43,4.13,1.9,3.24,3.56,3,5.4,32.9,Low
EMP_02833,Sales,Supportive,3.69,3.72,3.27,3.92,2.39,5,0.5,46.4,Moderate
EMP_02834,Marketing,Democratic,3.29,3.91,2.48,2.82,3.64,3,0.5,37.3,Low
EMP_02835,Sales,Democratic,2.48,3.79,1.18,3.12,3.66,3,19.4,18.8,Low
EMP_02836,Sales,Democratic,3.96,4.25,3.57,4.1,3.7,4,1.0,42.1,Low
EMP_02837,Sales,Democratic,3.66,3.11,3.31,3.04,2.12,4,0.7,37.2,Low
EMP_02838,Data Science,Supportive,4.11,3.21,3.25,4.52,2.28,3,5.1,51.7,Moderate
EMP_02839,Sales,Supportive,3.16,3.78,3.47,3.95,1.94,3,1.4,45.4,Moderate
EMP_02840,Sales,Democratic,2.97,3.15,4.92,4.33,2.18,5,13.6,60.6,Moderate
EMP_02841,Engineering,Autocratic/Micromanagement,3.61,4.16,3.42,4.17,1.66,5,9.9,43.1,Low
EMP_02842,Marketing,Supportive,3.93,3.33,3.02,3.32,3.11,4,0.5,47.1,Moderate
EMP_02843,Data Science,Supportive,3.76,3.29,3.21,3.82,3.23,3,7.3,45.2,Moderate
EMP_02844,Engineering,Democratic,2.89,3.39,1.1,3.29,2.86,2,9.4,39.7,Low
EMP_02845,Engineering,Supportive,5.0,4.04,2.79,3.05,3.09,4,0.7,47.2,Moderate
EMP_02846,Engineering,Autocratic/Micromanagement,4.26,3.74,4.2,3.76,3.4,4,0.5,14.5,Low
EMP_02847,Data Science,Democratic,3.69,4.38,3.82,2.77,3.56,5,7.8,54.2,Moderate
EMP_02848,Marketing,Autocratic/Micromanagement,3.91,3.8,3.18,4.47,3.72,4,2.4,31.3,Low
EMP_02849,Engineering,Supportive,3.32,4.5,3.03,3.24,3.32,5,5.0,60.8,Moderate
EMP_02850,Sales,Democratic,4.32,3.47,1.89,3.46,1.0,4,8.8,27.5,Low
EMP_02851,Engineering,Supportive,3.15,3.69,3.63,3.47,2.49,4,2.3,50.0,Moderate
EMP_02852,Data Science,Supportive,4.26,4.22,2.65,3.46,3.01,3,1.3,64.8,Moderate
EMP_02853,Sales,Democratic,3.73,3.89,3.14,3.84,2.4,5,3.4,43.0,Low
EMP_02854,Sales,Autocratic/Micromanagement,4.18,3.58,3.43,3.41,1.99,4,4.6,29.4,Low
EMP_02855,Sales,Supportive,4.6,3.42,4.04,3.79,2.92,5,5.9,62.8,Moderate
EMP_02856,Sales,Democratic,3.49,3.82,3.07,3.96,3.84,4,7.8,30.4,Low
EMP_02857,Data Science,Democratic,4.22,3.66,2.8,4.0,3.71,5,3.6,39.8,Low
EMP_02858,Marketing,Democratic,3.83,3.68,2.1,2.68,3.03,4,5.8,31.1,Low
EMP_02859,Engineering,Democratic,4.28,3.75,3.46,3.58,2.86,2,5.4,43.8,Low
EMP_02860,Marketing,Supportive,4.01,3.91,3.65,3.62,2.05,4,6.2,52.9,Moderate
EMP_02861,Product Management,Autocratic/Micromanagement,3.59,4.23,2.87,2.67,3.09,2,0.5,38.4,Low
EMP_02862,Data Science,Supportive,3.98,4.83,2.66,4.38,2.37,5,2.5,73.9,Moderate
EMP_02863,HR,Autocratic/Micromanagement,3.89,3.88,1.71,1.91,3.1,4,5.8,37.8,Low
EMP_02864,Marketing,Democratic,4.01,3.45,3.86,3.93,2.43,3,0.5,36.4,Low
EMP_02865,Marketing,Autocratic/Micromanagement,4.09,2.99,3.26,3.52,2.02,4,4.1,24.5,Low
EMP_02866,Sales,Supportive,5.0,4.42,3.41,4.34,3.01,4,2.7,48.1,Moderate
EMP_02867,Marketing,Supportive,3.94,4.14,2.84,4.3,2.53,4,2.8,56.8,Moderate
EMP_02868,Marketing,Democratic,3.59,3.75,3.19,2.96,3.52,4,2.7,43.8,Low
EMP_02869,Engineering,Democratic,3.21,4.51,2.86,2.82,2.25,2,7.7,54.1,Moderate
EMP_02870,Engineering,Democratic,3.63,3.72,4.32,4.23,3.61,4,0.9,46.5,Moderate
EMP_02871,Data Science,Supportive,4.23,3.38,3.01,3.11,2.47,5,2.6,53.3,Moderate
EMP_02872,Product Management,Autocratic/Micromanagement,4.03,3.9,2.51,3.04,2.64,5,7.9,24.1,Low
EMP_02873,HR,Supportive,3.92,4.2,2.87,3.77,2.44,5,0.6,50.2,Moderate
EMP_02874,Data Science,Supportive,3.69,3.91,3.72,3.66,4.27,4,4.8,50.2,Moderate
EMP_02875,Engineering,Autocratic/Micromanagement,3.17,4.08,3.67,2.9,1.91,5,0.5,51.0,Moderate
EMP_02876,Engineering,Autocratic/Micromanagement,4.48,4.2,3.86,3.04,1.0,3,0.5,46.2,Moderate
EMP_02877,Product Management,Supportive,3.98,4.03,2.66,3.08,2.9,5,0.5,46.9,Moderate
EMP_02878,Product Management,Autocratic/Micromanagement,4.29,3.62,2.76,3.44,3.08,4,3.5,20.0,Low
EMP_02879,Marketing,Supportive,2.86,4.28,3.05,3.52,2.53,4,7.9,52.6,Moderate
EMP_02880,Data Science,Supportive,3.23,3.66,3.75,3.66,3.21,5,7.2,44.0,Low
EMP_02881,Engineering,Supportive,4.38,4.18,2.3,2.36,3.66,5,4.4,38.2,Low
EMP_02882,Data Science,Autocratic/Micromanagement,3.19,3.67,2.85,4.05,3.3,4,2.7,41.0,Low
EMP_02883,Engineering,Autocratic/Micromanagement,3.72,4.42,2.34,3.13,1.46,4,1.0,64.1,Moderate
EMP_02884,HR,Democratic,3.88,3.95,3.36,3.31,2.71,4,1.5,34.6,Low
EMP_02885,Product Management,Supportive,3.43,3.76,3.24,3.3,2.89,5,0.5,51.8,Moderate
EMP_02886,Data Science,Supportive,3.87,3.56,3.32,3.91,2.78,1,0.5,49.0,Moderate
EMP_02887,Marketing,Supportive,3.59,3.79,2.7,2.96,2.73,2,1.1,44.8,Low
EMP_02888,HR,Supportive,4.04,4.82,2.64,4.63,2.39,1,11.8,44.1,Low
EMP_02889,Engineering,Supportive,3.09,3.61,3.37,2.78,3.23,3,1.9,49.1,Moderate
EMP_02890,Data Science,Autocratic/Micromanagement,4.77,4.35,3.08,4.8,1.76,3,5.6,48.2,Moderate
EMP_02891,HR,Democratic,4.38,3.82,2.74,3.95,1.95,4,1.7,40.7,Low
EMP_02892,Sales,Autocratic/Micromanagement,4.34,4.42,3.37,3.02,3.12,5,0.5,19.1,Low
EMP_02893,Engineering,Supportive,3.98,3.2,3.88,3.56,2.38,3,2.7,43.0,Low
EMP_02894,Product Management,Autocratic/Micromanagement,3.01,3.58,2.4,4.06,3.31,5,1.1,35.1,Low
EMP_02895,HR,Autocratic/Micromanagement,3.83,3.68,4.3,3.12,2.79,4,4.5,43.0,Low
EMP_02896,Sales,Democratic,4.4,3.77,2.5,2.64,2.92,3,0.6,39.5,Low
EMP_02897,Data Science,Democratic,2.91,3.73,2.54,4.51,3.42,4,2.2,40.3,Low
EMP_02898,Marketing,Supportive,4.03,3.44,2.46,2.96,2.59,5,9.4,51.3,Moderate
EMP_02899,Engineering,Autocratic/Micromanagement,3.04,4.44,3.47,3.11,3.86,4,3.2,46.8,Moderate
EMP_02900,Sales,Democratic,4.25,3.42,3.93,4.31,2.74,3,1.9,48.0,Moderate
EMP_02901,Marketing,Supportive,3.06,2.66,3.1,2.42,2.72,4,0.5,47.4,Moderate
EMP_02902,Sales,Supportive,4.47,4.11,2.43,3.29,1.78,3,3.2,37.2,Low
EMP_02903,Engineering,Supportive,3.67,4.07,4.15,3.96,3.64,4,0.6,38.3,Low
EMP_02904,Engineering,Supportive,3.7,3.6,1.9,4.07,1.09,4,3.5,50.6,Moderate
EMP_02905,Data Science,Supportive,2.85,3.61,2.1,3.94,2.54,4,2.8,49.2,Moderate
EMP_02906,Marketing,Democratic,3.42,3.69,2.91,2.73,3.05,4,3.2,43.3,Low
EMP_02907,Marketing,Democratic,2.69,4.85,2.93,4.08,3.36,4,1.3,31.6,Low
EMP_02908,Product Management,Democratic,2.66,3.9,3.04,3.9,2.01,4,0.8,48.4,Moderate
EMP_02909,Marketing,Democratic,4.27,4.06,3.28,2.92,3.36,5,12.6,37.1,Low
EMP_02910,HR,Supportive,4.89,4.88,1.93,3.88,2.04,4,0.5,56.3,Moderate
EMP_02911,Product Management,Supportive,4.61,3.81,2.8,4.04,3.85,4,3.8,45.8,Moderate
EMP_02912,Data Science,Supportive,4.51,3.48,3.6,4.02,1.1,2,9.1,54.8,Moderate
EMP_02913,Marketing,Democratic,2.56,3.81,3.25,4.26,3.4,2,0.8,38.6,Low
EMP_02914,Sales,Democratic,3.27,4.48,2.23,2.93,1.35,5,1.3,28.7,Low
EMP_02915,Engineering,Autocratic/Micromanagement,3.31,4.45,1.92,2.54,3.18,5,0.5,51.5,Moderate
EMP_02916,Data Science,Autocratic/Micromanagement,3.34,3.57,3.05,3.05,2.53,4,2.3,41.0,Low
EMP_02917,Sales,Democratic,3.38,3.84,3.44,4.23,2.72,5,6.0,45.1,Moderate
EMP_02918,Engineering,Democratic,3.7,4.01,3.27,3.96,3.09,4,1.4,42.4,Low
EMP_02919,Data Science,Supportive,3.63,4.26,1.63,3.27,3.37,4,1.3,55.8,Moderate
EMP_02920,Product Management,Supportive,3.4,3.43,3.11,3.39,2.77,5,4.1,52.2,Moderate
EMP_02921,Marketing,Democratic,3.73,3.63,3.16,2.7,2.1,4,0.8,57.4,Moderate
EMP_02922,Sales,Supportive,3.97,3.74,3.72,4.08,1.64,1,4.1,54.3,Moderate
EMP_02923,Marketing,Supportive,3.6,4.35,3.02,3.02,2.85,2,9.5,57.6,Moderate
EMP_02924,HR,Democratic,4.28,3.89,2.97,4.86,2.59,5,0.9,35.7,Low
EMP_02925,Sales,Autocratic/Micromanagement,3.16,4.2,3.37,3.3,1.8,4,4.1,43.8,Low
EMP_02926,Marketing,Democratic,2.96,4.31,2.68,3.04,4.19,4,8.2,38.4,Low
EMP_02927,Engineering,Supportive,2.9,3.07,2.28,4.13,3.1,2,0.5,38.2,Low
EMP_02928,HR,Supportive,2.6,3.28,2.2,3.47,1.45,3,2.0,58.4,Moderate
EMP_02929,Sales,Democratic,3.97,4.5,2.27,3.31,2.83,3,2.2,26.2,Low
EMP_02930,Product Management,Supportive,4.17,4.14,4.17,3.57,3.19,5,15.2,41.8,Low
EMP_02931,Engineering,Democratic,4.19,3.72,3.0,4.78,2.24,4,2.3,48.5,Moderate
EMP_02932,Marketing,Democratic,4.02,4.27,3.62,3.77,3.36,5,1.1,46.5,Moderate
EMP_02933,Engineering,Supportive,4.25,2.77,4.08,2.97,3.08,4,3.0,29.4,Low
EMP_02934,Marketing,Supportive,3.68,3.33,2.5,2.87,1.6,3,2.3,53.4,Moderate
EMP_02935,Sales,Supportive,3.64,4.37,3.2,2.88,3.37,4,0.9,47.6,Moderate
EMP_02936,Engineering,Democratic,2.82,4.61,3.21,3.64,1.27,2,1.0,72.9,Moderate
EMP_02937,Sales,Autocratic/Micromanagement,4.01,4.2,2.46,3.37,2.29,4,1.4,8.9,Low
EMP_02938,Marketing,Democratic,4.34,3.34,2.82,2.93,2.08,4,0.9,44.7,Low
EMP_02939,Data Science,Supportive,3.11,3.77,3.4,4.35,1.55,5,0.5,56.7,Moderate
EMP_02940,Sales,Democratic,4.13,3.92,3.68,3.31,1.89,3,1.3,44.0,Low
EMP_02941,Marketing,Autocratic/Micromanagement,3.91,2.84,2.71,2.94,1.95,2,6.0,44.9,Low
EMP_02942,Product Management,Supportive,4.25,3.82,3.99,3.16,2.49,4,0.5,52.5,Moderate
EMP_02943,Engineering,Supportive,3.79,4.01,2.87,3.33,2.72,3,6.1,48.2,Moderate
EMP_02944,Sales,Democratic,3.92,4.37,3.16,4.52,3.06,3,2.2,40.4,Low
EMP_02945,Data Science,Democratic,3.45,4.34,3.42,2.58,3.1,4,2.3,47.0,Moderate
EMP_02946,Engineering,Democratic,3.32,3.87,2.75,4.04,2.5,5,0.5,37.8,Low
EMP_02947,Sales,Autocratic/Micromanagement,3.18,4.11,2.81,3.73,3.03,5,1.6,44.3,Low
EMP_02948,Data Science,Democratic,4.37,3.83,2.93,3.35,1.36,3,2.5,40.4,Low
EMP_02949,Sales,Supportive,3.16,4.71,2.75,3.61,2.76,3,0.7,47.2,Moderate
EMP_02950,Data Science,Supportive,3.25,4.19,2.36,3.92,2.32,3,3.5,50.1,Moderate
EMP_02951,Sales,Democratic,5.0,4.27,4.73,4.73,2.23,3,2.1,57.3,Moderate
EMP_02952,Engineering,Autocratic/Micromanagement,3.67,3.9,2.8,4.83,2.47,3,3.8,33.8,Low
EMP_02953,Engineering,Supportive,2.62,3.84,2.87,2.75,1.0,3,1.5,56.6,Moderate
EMP_02954,Marketing,Democratic,4.26,3.64,1.46,3.39,2.35,5,1.2,42.1,Low
EMP_02955,Sales,Democratic,3.9,3.28,1.7,4.06,2.74,4,2.0,27.7,Low
EMP_02956,Engineering,Supportive,3.42,4.22,2.69,3.52,2.61,4,5.4,66.8,Moderate
EMP_02957,Sales,Supportive,3.23,4.22,2.83,4.22,2.61,5,5.1,49.9,Moderate
EMP_02958,Product Management,Autocratic/Micromanagement,2.79,3.49,2.36,3.66,2.25,4,8.3,43.9,Low
EMP_02959,Product Management,Democratic,3.91,3.9,3.87,4.16,3.88,3,10.7,35.8,Low
EMP_02960,Engineering,Supportive,3.19,3.99,2.52,3.7,2.78,4,6.1,43.6,Low
EMP_02961,Engineering,Democratic,3.22,3.27,3.38,3.42,4.01,2,1.3,24.7,Low
EMP_02962,Engineering,Supportive,3.56,3.53,3.61,2.86,1.96,3,1.0,48.7,Moderate
EMP_02963,Sales,Democratic,3.52,3.7,3.64,3.25,1.77,4,4.1,46.5,Moderate
EMP_02964,Sales,Democratic,4.2,4.55,2.72,3.7,1.82,3,0.5,53.1,Moderate
EMP_02965,Data Science,Autocratic/Micromanagement,3.31,5.0,3.13,3.2,2.24,4,12.8,57.9,Moderate
EMP_02966,Product Management,Supportive,4.95,4.8,4.06,3.38,1.32,5,6.7,50.3,Moderate
EMP_02967,Marketing,Autocratic/Micromanagement,3.19,4.82,2.15,3.37,4.68,4,3.9,25.2,Low
EMP_02968,HR,Democratic,5.0,4.62,1.77,3.67,2.92,5,12.3,48.5,Moderate
EMP_02969,Product Management,Supportive,3.86,3.92,1.97,2.63,2.62,4,1.4,55.5,Moderate
EMP_02970,Engineering,Democratic,3.97,4.06,1.81,2.18,2.31,3,0.5,49.7,Moderate
EMP_02971,Data Science,Autocratic/Micromanagement,3.42,3.52,4.67,3.52,2.87,1,1.2,32.2,Low
EMP_02972,Sales,Supportive,2.95,3.01,4.19,2.53,3.34,4,2.1,61.4,Moderate
EMP_02973,Product Management,Democratic,3.33,4.45,3.41,3.57,3.3,4,0.5,31.7,Low
EMP_02974,Sales,Supportive,4.59,3.85,3.84,3.43,4.12,5,3.5,41.1,Low
EMP_02975,Marketing,Democratic,3.1,4.58,3.18,3.26,1.85,4,1.2,42.0,Low
EMP_02976,Engineering,Supportive,3.79,3.73,3.5,4.6,2.7,4,4.2,53.1,Moderate
EMP_02977,Product Management,Supportive,4.51,4.66,3.29,4.44,2.68,2,2.5,50.8,Moderate
EMP_02978,Engineering,Democratic,3.11,3.32,3.25,3.89,1.87,4,0.5,51.3,Moderate
EMP_02979,Engineering,Supportive,3.91,3.76,3.21,2.95,4.14,5,1.2,49.9,Moderate
EMP_02980,Marketing,Supportive,3.74,3.61,3.77,3.04,4.11,5,2.2,41.2,Low
EMP_02981,Marketing,Supportive,3.92,4.8,3.53,3.23,1.58,5,8.0,61.1,Moderate
EMP_02982,HR,Democratic,3.98,3.36,3.85,2.96,3.19,4,3.3,39.1,Low
EMP_02983,Data Science,Supportive,4.09,4.08,3.89,4.04,2.91,4,0.5,44.3,Low
EMP_02984,Data Science,Autocratic/Micromanagement,4.64,4.13,3.03,3.13,3.28,3,9.7,19.9,Low
EMP_02985,Data Science,Democratic,3.64,3.4,3.24,4.11,2.06,2,1.8,46.1,Moderate
EMP_02986,Engineering,Supportive,4.22,4.02,2.12,3.77,1.87,2,8.5,55.1,Moderate
EMP_02987,Product Management,Democratic,4.24,3.75,4.01,4.61,3.14,5,0.5,40.6,Low
EMP_02988,Product Management,Autocratic/Micromanagement,4.26,3.89,2.2,3.28,1.03,1,4.2,26.9,Low
EMP_02989,Engineering,Supportive,2.72,4.4,4.0,4.06,2.97,3,0.5,70.6,Moderate
EMP_02990,HR,Supportive,3.14,4.42,1.7,3.44,2.65,3,5.4,49.6,Moderate
EMP_02991,Data Science,Supportive,4.46,3.65,2.19,2.82,2.46,3,2.5,48.7,Moderate
EMP_02992,Sales,Democratic,2.8,2.74,2.34,2.18,1.28,4,2.0,34.0,Low
EMP_02993,Sales,Democratic,3.83,3.69,2.89,3.63,3.76,2,4.3,25.6,Low
EMP_02994,Engineering,Autocratic/Micromanagement,2.61,3.73,3.22,3.52,3.28,4,10.3,37.1,Low
EMP_02995,Engineering,Autocratic/Micromanagement,2.98,2.95,2.56,4.02,2.07,3,2.4,42.0,Low
EMP_02996,Product Management,Democratic,4.11,3.92,3.16,2.93,3.15,4,1.0,32.9,Low
EMP_02997,Sales,Autocratic/Micromanagement,4.12,3.8,3.36,4.13,1.66,4,5.9,25.2,Low
EMP_02998,Data Science,Democratic,4.46,3.19,2.7,4.03,1.73,4,2.2,55.2,Moderate
EMP_02999,Marketing,Democratic,3.82,3.48,2.6,4.82,3.17,5,3.8,36.8,Low
EMP_03000,Sales,Democratic,4.29,4.6,2.88,2.98,3.83,4,4.7,37.7,Low
EMP_03001,Marketing,Supportive,3.49,3.47,3.95,2.4,1.5,3,5.3,60.9,Moderate
EMP_03002,Data Science,Democratic,3.19,3.8,3.37,3.01,1.1,4,0.5,51.1,Moderate
EMP_03003,Sales,Democratic,3.16,4.36,4.01,3.44,2.37,3,7.1,52.2,Moderate
EMP_03004,HR,Supportive,2.9,3.89,2.59,3.39,2.17,3,4.8,47.7,Moderate
EMP_03005,Engineering,Democratic,2.91,4.26,2.45,4.11,2.76,5,1.3,57.4,Moderate
EMP_03006,Engineering,Supportive,4.86,4.2,4.35,2.77,3.72,2,1.2,67.1,Moderate
EMP_03007,Engineering,Democratic,3.36,3.99,3.16,3.47,3.21,5,2.1,39.7,Low
EMP_03008,Engineering,Democratic,3.29,3.88,4.25,3.72,1.76,4,2.6,53.4,Moderate
EMP_03009,HR,Democratic,2.95,4.25,2.11,4.1,2.11,3,0.5,45.0,Moderate
EMP_03010,Sales,Supportive,3.91,4.82,2.64,4.36,1.87,1,0.5,52.7,Moderate
EMP_03011,Sales,Supportive,3.86,3.76,2.82,3.35,2.62,4,0.5,49.7,Moderate
EMP_03012,Engineering,Democratic,4.4,3.37,2.48,3.86,2.22,2,0.9,44.0,Low
EMP_03013,Engineering,Democratic,4.08,4.6,3.06,4.1,3.05,1,2.5,58.9,Moderate
EMP_03014,Marketing,Democratic,3.33,4.16,3.57,2.69,3.08,2,6.5,35.8,Low
EMP_03015,Engineering,Democratic,3.68,4.38,2.49,4.02,3.21,5,4.6,53.0,Moderate
EMP_03016,Data Science,Democratic,3.86,3.76,3.14,3.27,2.64,3,3.9,50.3,Moderate
EMP_03017,Engineering,Autocratic/Micromanagement,3.18,4.38,3.0,2.36,4.06,5,2.6,48.0,Moderate
EMP_03018,Data Science,Supportive,2.99,3.75,3.6,4.13,2.34,5,5.1,54.7,Moderate
EMP_03019,Sales,Supportive,3.73,4.36,1.85,3.97,4.17,4,2.4,34.2,Low
EMP_03020,Product Management,Democratic,3.46,4.01,2.73,3.25,1.92,3,3.5,41.9,Low
EMP_03021,Engineering,Democratic,2.88,4.12,2.26,2.92,4.24,2,10.2,40.8,Low
EMP_03022,Data Science,Supportive,3.5,3.53,2.9,3.05,2.66,5,5.5,61.6,Moderate
EMP_03023,Engineering,Autocratic/Micromanagement,3.66,4.15,2.78,3.79,3.86,4,1.9,32.8,Low
EMP_03024,Data Science,Democratic,3.28,4.55,2.44,3.8,1.37,1,13.1,72.4,Moderate
EMP_03025,Engineering,Democratic,3.31,3.78,3.55,3.08,2.29,4,6.1,54.0,Moderate
EMP_03026,Product Management,Supportive,3.98,3.47,3.38,2.81,1.62,2,14.3,55.4,Moderate
EMP_03027,Engineering,Supportive,3.68,3.79,3.32,3.32,1.77,5,0.9,51.9,Moderate
EMP_03028,Marketing,Autocratic/Micromanagement,4.4,4.16,3.84,3.39,2.23,3,2.1,25.0,Low
EMP_03029,Marketing,Supportive,3.63,3.94,3.31,3.73,2.35,3,9.9,48.7,Moderate
EMP_03030,Marketing,Supportive,3.52,3.55,1.21,3.27,2.62,2,2.8,42.8,Low
EMP_03031,Engineering,Democratic,5.0,3.42,2.8,4.0,2.73,5,1.1,40.0,Low
EMP_03032,Engineering,Supportive,3.45,3.34,3.54,3.05,1.0,3,0.5,63.7,Moderate
EMP_03033,Marketing,Supportive,3.53,3.4,4.8,2.83,1.88,3,3.9,59.7,Moderate
EMP_03034,Engineering,Democratic,4.75,4.13,3.94,4.29,1.73,3,0.5,47.3,Moderate
EMP_03035,HR,Supportive,3.83,3.84,3.58,3.01,3.47,4,10.5,45.0,Moderate
EMP_03036,Data Science,Autocratic/Micromanagement,3.3,4.44,2.89,3.71,1.39,2,11.7,66.4,Moderate
EMP_03037,Data Science,Supportive,4.33,3.6,2.65,4.87,2.97,4,0.5,43.6,Low
EMP_03038,Sales,Autocratic/Micromanagement,3.66,5.0,4.1,3.82,2.27,4,10.6,59.9,Moderate
EMP_03039,Product Management,Democratic,4.95,2.95,4.14,4.06,2.55,4,6.6,47.2,Moderate
EMP_03040,Sales,Democratic,3.34,3.62,3.03,2.29,3.58,3,7.3,30.6,Low
EMP_03041,Marketing,Autocratic/Micromanagement,4.66,4.57,3.4,2.74,1.76,3,4.1,27.0,Low
EMP_03042,Marketing,Supportive,2.89,3.79,2.25,4.02,2.6,3,1.4,38.5,Low
EMP_03043,Sales,Democratic,2.76,4.26,3.61,3.65,2.87,4,1.8,38.6,Low
EMP_03044,Marketing,Democratic,2.83,4.82,3.02,2.7,1.98,2,9.3,46.3,Moderate
EMP_03045,Sales,Democratic,3.78,3.19,4.23,3.53,1.7,4,2.3,63.4,Moderate
EMP_03046,Data Science,Democratic,3.85,4.77,3.78,3.96,2.84,4,2.8,55.5,Moderate
EMP_03047,Sales,Autocratic/Micromanagement,3.77,3.63,2.63,4.65,2.6,5,1.9,41.4,Low
EMP_03048,Sales,Autocratic/Micromanagement,2.86,4.64,3.08,2.82,3.34,4,8.5,43.1,Low
EMP_03049,Data Science,Supportive,3.53,4.47,2.96,4.31,2.88,3,2.5,63.7,Moderate
EMP_03050,Marketing,Democratic,2.56,3.02,2.38,3.22,2.55,3,0.5,35.9,Low
EMP_03051,Sales,Supportive,3.67,3.72,2.48,3.19,2.41,3,4.1,27.9,Low
EMP_03052,Engineering,Democratic,3.97,4.2,2.87,4.49,2.21,5,5.4,59.5,Moderate
EMP_03053,Sales,Supportive,3.69,3.44,2.86,4.36,1.62,3,2.3,55.6,Moderate
EMP_03054,Sales,Supportive,3.76,2.95,3.67,2.69,1.9,5,0.5,48.0,Moderate
EMP_03055,Marketing,Supportive,3.69,4.11,3.22,3.31,2.58,4,1.8,44.6,Low
EMP_03056,HR,Supportive,4.25,2.89,1.83,3.67,2.19,3,5.7,54.2,Moderate
EMP_03057,Engineering,Democratic,3.96,4.06,3.72,4.05,1.3,1,2.3,48.3,Moderate
EMP_03058,Product Management,Supportive,3.63,4.25,3.28,4.06,3.29,3,1.1,53.8,Moderate
EMP_03059,Engineering,Supportive,2.59,3.76,3.15,4.23,2.25,3,1.5,44.5,Low
EMP_03060,Data Science,Democratic,3.92,3.49,2.69,3.75,2.76,5,5.9,37.3,Low
EMP_03061,Engineering,Autocratic/Micromanagement,4.16,3.72,3.16,4.43,1.72,5,4.0,24.2,Low
EMP_03062,Engineering,Supportive,4.58,4.1,3.44,3.97,2.39,3,1.6,47.3,Moderate
EMP_03063,Data Science,Democratic,3.96,3.94,2.46,3.56,2.67,4,4.8,44.6,Low
EMP_03064,Engineering,Autocratic/Micromanagement,3.25,4.4,3.81,2.79,1.45,4,3.2,60.4,Moderate
EMP_03065,Data Science,Supportive,3.63,3.65,2.71,3.99,1.85,5,4.7,53.8,Moderate
EMP_03066,Engineering,Autocratic/Micromanagement,3.85,3.06,3.38,2.13,2.98,1,5.2,35.1,Low
EMP_03067,Engineering,Autocratic/Micromanagement,3.32,3.86,2.87,4.4,1.2,4,6.5,44.3,Low
EMP_03068,Product Management,Democratic,2.79,3.56,3.08,2.04,1.37,3,0.5,55.6,Moderate
EMP_03069,Sales,Autocratic/Micromanagement,3.73,3.84,3.84,3.27,1.5,4,20.0,53.5,Moderate
EMP_03070,Engineering,Supportive,4.15,3.59,3.02,3.44,2.41,5,3.0,54.1,Moderate
EMP_03071,Marketing,Supportive,3.65,4.26,3.54,4.33,2.64,1,2.1,51.8,Moderate
EMP_03072,Data Science,Democratic,3.52,3.54,2.57,4.03,2.88,3,2.1,39.1,Low
EMP_03073,Engineering,Autocratic/Micromanagement,3.27,4.84,3.58,3.52,2.82,5,4.1,52.7,Moderate
EMP_03074,HR,Autocratic/Micromanagement,3.21,4.1,3.4,3.53,3.4,2,3.6,37.1,Low
EMP_03075,Engineering,Supportive,4.89,3.73,3.39,4.1,2.37,3,0.6,54.6,Moderate
EMP_03076,Engineering,Supportive,3.52,4.71,3.23,3.5,4.09,1,6.7,57.9,Moderate
EMP_03077,Marketing,Supportive,3.4,4.16,2.39,2.96,2.91,4,1.0,52.1,Moderate
EMP_03078,Sales,Autocratic/Micromanagement,3.16,4.37,2.86,4.05,2.36,3,1.4,45.1,Moderate
EMP_03079,Marketing,Supportive,2.8,3.84,3.17,3.42,3.62,4,2.5,47.5,Moderate
EMP_03080,Product Management,Supportive,3.59,3.91,2.93,3.89,2.62,1,4.0,46.1,Moderate
EMP_03081,Engineering,Supportive,3.2,4.13,3.6,3.8,2.18,3,0.6,52.6,Moderate
EMP_03082,Data Science,Supportive,3.33,3.63,3.12,3.78,2.78,5,3.9,55.3,Moderate
EMP_03083,Sales,Supportive,3.59,4.0,2.76,3.75,2.81,3,0.8,44.0,Low
EMP_03084,Product Management,Supportive,3.1,3.03,3.32,4.12,1.59,4,2.2,54.4,Moderate
EMP_03085,HR,Supportive,3.65,3.49,3.15,3.94,3.15,3,3.7,48.4,Moderate
EMP_03086,Data Science,Democratic,4.34,3.9,3.73,4.83,3.24,4,0.5,36.6,Low
EMP_03087,Data Science,Supportive,4.08,4.17,1.76,2.7,2.75,1,9.3,52.3,Moderate
EMP_03088,Engineering,Autocratic/Micromanagement,4.08,4.09,3.0,4.57,3.21,5,7.9,20.0,Low
EMP_03089,Data Science,Democratic,3.91,3.3,2.25,2.34,1.52,3,1.3,51.4,Moderate
EMP_03090,Data Science,Democratic,2.47,3.67,2.88,3.74,3.18,4,0.6,38.8,Low
EMP_03091,Data Science,Supportive,3.57,4.21,2.79,4.13,3.06,4,1.5,62.1,Moderate
EMP_03092,Product Management,Supportive,3.58,3.35,3.1,3.02,2.81,3,2.9,47.8,Moderate
EMP_03093,Product Management,Democratic,4.06,3.8,3.66,3.86,1.74,3,0.5,51.2,Moderate
EMP_03094,Data Science,Autocratic/Micromanagement,4.85,3.3,1.51,3.71,3.0,5,1.5,11.3,Low
EMP_03095,Engineering,Supportive,4.53,3.42,2.93,2.92,1.0,2,0.9,56.2,Moderate
EMP_03096,Engineering,Supportive,3.27,2.66,3.02,3.6,2.82,3,0.8,22.5,Low
EMP_03097,Sales,Democratic,2.98,3.64,3.58,3.19,1.96,4,0.5,41.6,Low
EMP_03098,Product Management,Democratic,4.11,3.62,2.69,3.72,2.57,4,1.1,45.0,Moderate
EMP_03099,Sales,Supportive,4.01,3.81,4.03,3.02,3.36,3,1.5,68.3,Moderate
EMP_03100,Data Science,Autocratic/Micromanagement,3.43,4.21,3.36,4.07,3.17,4,0.5,54.8,Moderate
EMP_03101,Sales,Democratic,3.45,4.06,2.51,3.97,2.28,5,3.2,48.4,Moderate
EMP_03102,Sales,Supportive,3.9,3.84,3.49,2.8,2.16,4,1.1,45.9,Moderate
EMP_03103,Engineering,Democratic,3.24,3.72,4.18,2.73,3.43,2,1.1,25.3,Low
EMP_03104,HR,Democratic,4.02,4.86,2.39,3.21,3.01,3,4.4,36.4,Low
EMP_03105,Engineering,Democratic,4.0,3.83,1.45,2.81,2.36,3,1.6,42.4,Low
EMP_03106,Engineering,Autocratic/Micromanagement,4.41,3.49,3.47,3.63,2.16,4,3.2,35.4,Low
EMP_03107,Sales,Supportive,3.59,4.36,2.01,3.81,2.12,3,0.5,39.6,Low
EMP_03108,Engineering,Supportive,4.27,3.37,2.73,4.63,1.54,2,1.8,58.8,Moderate
EMP_03109,Product Management,Democratic,2.54,3.92,2.5,3.23,2.64,4,0.6,45.3,Moderate
EMP_03110,Engineering,Democratic,3.73,3.74,2.42,3.91,1.0,4,3.7,55.0,Moderate
EMP_03111,Product Management,Supportive,3.11,3.83,4.01,3.44,1.77,1,1.2,48.7,Moderate
EMP_03112,Data Science,Autocratic/Micromanagement,3.57,3.72,3.53,3.14,3.2,4,1.3,39.3,Low
EMP_03113,Engineering,Supportive,3.2,3.14,3.7,3.66,2.45,4,5.8,55.6,Moderate
EMP_03114,Sales,Democratic,4.24,4.31,4.35,3.92,2.51,4,5.5,59.7,Moderate
EMP_03115,Sales,Supportive,3.07,3.94,3.06,3.68,3.24,3,5.5,50.3,Moderate
EMP_03116,Sales,Supportive,4.75,3.92,3.75,3.57,2.01,5,2.8,60.4,Moderate
EMP_03117,Product Management,Supportive,3.42,4.42,4.68,2.97,3.74,4,1.5,47.4,Moderate
EMP_03118,Engineering,Supportive,2.68,4.46,3.36,3.33,2.54,3,14.6,69.8,Moderate
EMP_03119,Marketing,Democratic,3.28,4.45,3.46,2.8,2.53,2,1.4,40.7,Low
EMP_03120,Data Science,Democratic,4.22,3.93,1.4,4.04,2.41,5,7.2,45.3,Moderate
EMP_03121,Marketing,Supportive,2.41,4.15,2.97,3.94,1.0,2,0.8,58.5,Moderate
EMP_03122,Engineering,Democratic,3.9,4.15,2.08,3.45,1.71,4,9.5,52.0,Moderate
EMP_03123,Product Management,Supportive,3.54,4.33,3.28,3.7,2.45,2,1.8,46.0,Moderate
EMP_03124,HR,Autocratic/Micromanagement,3.16,4.49,2.93,4.57,1.03,4,6.8,45.9,Moderate
EMP_03125,Sales,Supportive,3.64,3.7,3.85,3.69,2.26,5,1.4,44.5,Low
EMP_03126,Marketing,Democratic,3.66,3.98,3.62,3.62,1.0,4,13.8,51.2,Moderate
EMP_03127,Sales,Supportive,4.33,4.37,3.79,4.79,2.13,2,2.3,56.0,Moderate
EMP_03128,Marketing,Autocratic/Micromanagement,3.97,3.96,3.85,4.35,2.59,5,6.7,47.7,Moderate
EMP_03129,Engineering,Democratic,4.53,3.62,2.76,3.69,2.91,5,7.1,47.0,Moderate
EMP_03130,HR,Autocratic/Micromanagement,4.65,4.01,2.1,3.72,2.53,1,1.3,21.4,Low
EMP_03131,Sales,Autocratic/Micromanagement,2.71,4.34,3.23,3.89,3.17,3,3.1,35.2,Low
EMP_03132,Sales,Democratic,4.02,3.61,3.34,2.81,1.64,3,6.3,53.7,Moderate
EMP_03133,Marketing,Democratic,3.29,4.19,2.82,3.82,1.42,5,2.5,46.6,Moderate
EMP_03134,Data Science,Democratic,3.81,4.23,4.43,4.02,2.53,4,2.4,59.1,Moderate
EMP_03135,Engineering,Autocratic/Micromanagement,3.39,3.96,3.53,3.47,1.68,4,0.5,47.8,Moderate
EMP_03136,Marketing,Autocratic/Micromanagement,4.81,3.15,2.78,3.18,1.86,3,1.0,24.7,Low
EMP_03137,Engineering,Supportive,3.04,4.89,3.96,3.61,1.86,3,10.1,64.7,Moderate
EMP_03138,Sales,Democratic,4.0,3.51,3.82,3.82,1.6,2,8.1,44.6,Low
EMP_03139,Engineering,Supportive,3.54,4.23,2.25,4.19,2.63,5,0.5,62.1,Moderate
EMP_03140,Engineering,Democratic,3.85,4.25,2.36,3.88,3.17,3,8.4,48.9,Moderate
EMP_03141,Product Management,Supportive,3.24,4.16,2.28,3.91,2.66,4,10.3,50.1,Moderate
EMP_03142,Sales,Democratic,4.11,3.84,2.62,3.03,4.41,5,0.5,26.3,Low
EMP_03143,Marketing,Supportive,3.91,3.56,3.91,2.91,4.06,3,9.0,46.9,Moderate
EMP_03144,Marketing,Supportive,3.5,3.7,3.3,3.05,3.1,4,1.9,46.8,Moderate
EMP_03145,Engineering,Supportive,3.07,4.08,1.98,3.55,2.33,4,0.5,50.4,Moderate
EMP_03146,HR,Supportive,5.0,4.44,2.56,2.69,2.59,4,2.3,40.2,Low
EMP_03147,Data Science,Supportive,3.46,4.18,4.2,3.44,2.33,4,1.8,50.4,Moderate
EMP_03148,Data Science,Democratic,2.99,3.54,2.15,3.07,2.3,3,1.9,41.2,Low
EMP_03149,Marketing,Democratic,4.21,3.6,1.96,3.51,2.44,4,0.5,45.4,Moderate
EMP_03150,Marketing,Supportive,3.4,3.43,2.89,3.55,3.96,4,1.6,47.6,Moderate
EMP_03151,Engineering,Supportive,4.51,3.47,3.41,3.77,3.71,3,5.2,47.1,Moderate
EMP_03152,Sales,Supportive,3.58,3.54,2.36,3.55,2.53,4,1.5,41.1,Low
EMP_03153,Sales,Democratic,3.73,4.86,3.12,4.31,2.18,4,3.5,39.9,Low
EMP_03154,Marketing,Democratic,4.74,3.68,2.48,2.74,2.64,5,3.3,47.3,Moderate
EMP_03155,Engineering,Democratic,2.73,4.05,4.57,3.56,2.54,3,5.0,40.0,Low
EMP_03156,Product Management,Supportive,3.78,4.46,2.09,4.56,1.92,1,2.9,51.2,Moderate
EMP_03157,Marketing,Supportive,3.65,4.06,2.24,3.24,2.29,3,20.0,43.8,Low
EMP_03158,Engineering,Democratic,2.86,3.86,2.68,3.02,2.74,3,0.8,44.3,Low
EMP_03159,Engineering,Democratic,4.5,3.79,3.52,3.85,2.59,4,0.5,36.8,Low
EMP_03160,Product Management,Supportive,3.64,4.5,3.51,4.17,2.66,4,20.0,52.3,Moderate
EMP_03161,Data Science,Supportive,4.31,3.83,3.57,3.62,1.87,4,4.1,48.5,Moderate
EMP_03162,Sales,Democratic,3.54,3.61,3.75,3.28,3.2,4,2.9,40.3,Low
EMP_03163,Engineering,Supportive,3.93,4.25,2.87,3.42,3.17,2,1.6,60.5,Moderate
EMP_03164,HR,Democratic,4.42,3.45,2.46,4.0,3.11,5,2.9,43.4,Low
EMP_03165,Marketing,Supportive,4.76,4.74,4.51,4.6,2.63,4,0.8,38.8,Low
EMP_03166,Marketing,Autocratic/Micromanagement,4.48,3.69,2.21,2.01,2.61,4,12.2,24.1,Low
EMP_03167,HR,Supportive,4.59,3.84,2.8,3.83,3.46,3,0.5,43.2,Low
EMP_03168,Sales,Supportive,3.76,4.09,2.46,3.88,2.03,4,1.3,33.6,Low
EMP_03169,Data Science,Democratic,4.31,4.56,2.8,3.68,2.66,3,0.5,54.0,Moderate
EMP_03170,HR,Supportive,2.85,4.42,3.4,3.3,1.0,4,0.5,48.6,Moderate
EMP_03171,Engineering,Democratic,4.59,3.51,1.6,4.51,2.41,5,1.6,45.9,Moderate
EMP_03172,Sales,Autocratic/Micromanagement,3.41,3.43,2.35,3.03,1.51,3,6.7,35.4,Low
EMP_03173,Engineering,Supportive,3.68,3.55,2.87,3.71,2.1,4,0.5,54.7,Moderate
EMP_03174,Engineering,Democratic,3.66,4.05,3.47,3.36,1.79,5,3.3,40.2,Low
EMP_03175,HR,Democratic,3.89,3.37,3.15,3.81,2.9,4,11.8,44.0,Low
EMP_03176,Data Science,Democratic,2.89,3.7,2.4,3.89,3.23,2,0.9,40.3,Low
EMP_03177,Data Science,Supportive,3.4,4.25,1.65,3.23,4.71,2,4.4,53.9,Moderate
EMP_03178,Marketing,Autocratic/Micromanagement,4.1,3.92,3.93,3.07,3.18,3,10.7,12.8,Low
EMP_03179,Engineering,Supportive,3.24,4.02,3.58,3.15,2.15,1,1.8,58.5,Moderate
EMP_03180,Sales,Autocratic/Micromanagement,2.95,3.08,3.27,3.85,3.83,4,1.6,44.0,Low
EMP_03181,Engineering,Autocratic/Micromanagement,3.14,3.74,3.13,3.09,2.73,2,0.5,38.3,Low
EMP_03182,Engineering,Democratic,2.97,4.31,1.83,4.5,2.64,4,0.5,62.3,Moderate
EMP_03183,Marketing,Supportive,3.63,3.68,3.62,4.19,2.84,4,1.4,45.1,Moderate
EMP_03184,Marketing,Supportive,2.89,4.15,2.28,3.5,1.58,5,3.4,66.9,Moderate
EMP_03185,Engineering,Democratic,3.79,3.32,3.09,3.76,3.1,3,1.1,39.9,Low
EMP_03186,HR,Democratic,3.36,4.26,2.37,4.67,1.54,4,5.1,57.0,Moderate
EMP_03187,Data Science,Supportive,3.79,3.3,3.41,4.85,1.41,1,1.7,48.6,Moderate
EMP_03188,Sales,Autocratic/Micromanagement,4.45,3.47,2.25,3.09,3.11,3,2.3,0.0,Low
EMP_03189,Engineering,Supportive,3.48,3.66,3.98,2.92,3.69,1,8.4,38.9,Low
EMP_03190,Data Science,Supportive,3.54,3.48,4.57,4.38,2.64,5,0.9,59.2,Moderate
EMP_03191,Engineering,Democratic,4.82,3.43,4.08,4.42,3.16,4,0.8,43.7,Low
EMP_03192,Engineering,Democratic,3.59,3.18,3.02,4.31,2.56,3,10.4,42.6,Low
EMP_03193,Marketing,Democratic,2.58,4.53,3.37,3.79,2.53,3,16.3,46.5,Moderate
EMP_03194,Marketing,Democratic,5.0,3.93,3.04,3.43,2.44,4,1.2,39.3,Low
EMP_03195,Engineering,Autocratic/Micromanagement,4.62,3.55,4.18,4.07,3.47,4,1.6,12.8,Low
EMP_03196,Engineering,Democratic,3.17,4.19,2.69,4.18,2.35,5,4.2,46.6,Moderate
EMP_03197,Product Management,Democratic,2.94,3.89,2.07,3.86,2.36,4,1.5,44.7,Low
EMP_03198,HR,Supportive,2.89,3.89,2.78,2.49,2.32,1,9.2,49.7,Moderate
EMP_03199,Sales,Supportive,3.3,3.75,3.69,3.83,1.39,5,3.3,51.7,Moderate
EMP_03200,Engineering,Democratic,3.56,3.41,3.16,1.66,2.45,4,1.1,43.3,Low
EMP_03201,Marketing,Democratic,4.24,4.15,2.68,3.94,3.28,5,1.0,38.4,Low
EMP_03202,HR,Supportive,3.07,3.71,2.62,4.08,2.76,5,8.7,47.7,Moderate
EMP_03203,Data Science,Democratic,3.63,3.55,2.87,3.63,2.12,4,1.7,51.7,Moderate
EMP_03204,Engineering,Supportive,3.79,4.38,3.78,2.75,2.67,4,2.7,64.9,Moderate
EMP_03205,Sales,Democratic,3.59,4.21,3.75,3.73,2.22,3,3.0,45.5,Moderate
EMP_03206,Product Management,Democratic,4.94,3.19,2.88,2.47,2.77,3,0.5,39.8,Low
EMP_03207,Sales,Supportive,3.34,3.75,3.13,4.15,3.17,2,4.1,46.1,Moderate
EMP_03208,Data Science,Democratic,3.76,3.69,2.25,2.8,2.88,2,9.1,39.0,Low
EMP_03209,Marketing,Supportive,3.26,3.41,2.46,4.96,2.47,3,0.5,48.9,Moderate
EMP_03210,HR,Autocratic/Micromanagement,2.81,4.09,1.95,4.08,1.0,4,6.5,52.1,Moderate
EMP_03211,Engineering,Autocratic/Micromanagement,3.17,2.86,2.39,3.18,2.05,3,4.5,33.1,Low
EMP_03212,HR,Supportive,3.84,3.03,1.65,3.35,2.42,4,7.8,55.6,Moderate
EMP_03213,Engineering,Democratic,3.7,3.65,3.94,4.72,2.61,1,1.3,40.7,Low
EMP_03214,Product Management,Democratic,4.15,2.92,3.62,3.6,1.0,4,1.5,49.2,Moderate
EMP_03215,Data Science,Supportive,4.08,3.38,4.53,3.56,4.03,5,7.8,34.9,Low
EMP_03216,HR,Supportive,4.24,3.71,4.01,3.2,3.32,5,1.4,48.3,Moderate
EMP_03217,Marketing,Autocratic/Micromanagement,4.16,3.67,2.98,3.65,2.24,3,3.1,24.5,Low
EMP_03218,Data Science,Supportive,3.55,3.13,2.59,4.0,3.09,4,0.7,46.0,Moderate
EMP_03219,Sales,Supportive,4.4,3.78,3.59,4.23,2.04,5,7.3,58.6,Moderate
EMP_03220,Marketing,Supportive,3.52,3.9,4.22,2.99,2.49,1,9.1,52.3,Moderate
EMP_03221,Engineering,Supportive,4.1,3.55,2.36,2.71,2.94,4,1.3,43.3,Low
EMP_03222,Data Science,Democratic,4.1,3.76,3.37,3.77,2.32,3,9.0,47.9,Moderate
EMP_03223,Marketing,Democratic,4.34,3.24,2.72,3.02,2.27,4,5.5,42.3,Low
EMP_03224,Sales,Autocratic/Micromanagement,3.72,4.12,4.4,4.17,3.19,5,1.5,52.4,Moderate
EMP_03225,Engineering,Supportive,4.5,3.45,3.15,3.45,2.52,3,11.3,48.5,Moderate
EMP_03226,Engineering,Democratic,2.75,3.52,3.53,3.33,2.4,4,7.8,42.9,Low
EMP_03227,Engineering,Democratic,4.07,5.0,3.01,3.15,2.35,5,2.5,57.3,Moderate
EMP_03228,Sales,Democratic,3.32,3.93,3.19,2.75,3.16,4,6.5,43.4,Low
EMP_03229,Sales,Democratic,4.15,3.48,1.96,3.52,2.24,4,8.7,30.3,Low
EMP_03230,Sales,Supportive,3.47,3.22,2.7,3.97,1.89,4,3.5,65.0,Moderate
EMP_03231,Engineering,Supportive,4.04,3.65,3.79,3.91,2.26,3,1.7,51.2,Moderate
EMP_03232,Engineering,Autocratic/Micromanagement,4.48,3.35,3.85,2.56,3.42,4,1.3,17.2,Low
EMP_03233,Engineering,Supportive,3.39,3.52,4.5,3.11,2.62,5,0.5,44.5,Low
EMP_03234,Engineering,Democratic,4.25,3.39,2.83,3.77,2.26,5,0.5,40.0,Low
EMP_03235,Data Science,Supportive,4.21,3.86,3.51,4.29,3.6,5,1.2,50.6,Moderate
EMP_03236,Data Science,Supportive,3.68,3.46,4.3,3.5,3.23,3,7.9,45.1,Moderate
EMP_03237,Data Science,Democratic,3.47,3.95,3.45,4.32,3.29,3,1.9,37.8,Low
EMP_03238,Product Management,Autocratic/Micromanagement,3.74,3.69,3.81,2.68,3.18,4,1.5,34.5,Low
EMP_03239,HR,Supportive,4.07,3.19,3.5,3.88,1.79,3,2.6,52.1,Moderate
EMP_03240,Engineering,Autocratic/Micromanagement,4.37,4.51,2.92,4.11,1.34,2,3.0,42.5,Low
EMP_03241,Marketing,Supportive,3.92,2.77,3.13,3.06,2.63,2,4.2,47.4,Moderate
EMP_03242,Product Management,Autocratic/Micromanagement,3.7,3.95,2.81,3.17,2.53,4,0.5,46.9,Moderate
EMP_03243,Data Science,Autocratic/Micromanagement,3.51,3.96,3.29,4.32,3.22,3,0.5,39.1,Low
EMP_03244,Engineering,Supportive,2.8,4.23,4.26,2.97,1.63,4,5.3,65.4,Moderate
EMP_03245,Engineering,Supportive,3.86,3.66,3.14,4.7,3.26,3,2.2,50.7,Moderate
EMP_03246,Sales,Supportive,3.18,3.49,3.58,3.79,2.73,1,3.2,40.9,Low
EMP_03247,Product Management,Supportive,2.96,3.7,2.95,4.42,1.11,4,2.9,60.5,Moderate
EMP_03248,Sales,Supportive,3.83,4.62,1.0,3.56,2.48,5,3.3,28.5,Low
EMP_03249,Data Science,Supportive,3.12,4.99,4.56,4.0,3.06,2,4.0,59.5,Moderate
EMP_03250,Product Management,Autocratic/Micromanagement,2.53,3.86,4.27,3.75,2.61,5,0.9,41.3,Low
EMP_03251,Engineering,Democratic,4.49,3.91,2.73,4.4,3.68,4,5.2,34.2,Low
EMP_03252,Product Management,Supportive,4.48,4.01,2.91,3.81,3.76,4,3.6,49.3,Moderate
EMP_03253,Sales,Democratic,4.48,2.98,4.29,3.18,3.7,4,5.1,50.4,Moderate
EMP_03254,Data Science,Supportive,4.12,3.43,3.74,4.05,1.51,1,2.3,54.1,Moderate
EMP_03255,HR,Autocratic/Micromanagement,2.56,3.87,1.8,2.62,1.92,3,7.1,42.6,Low
EMP_03256,Sales,Democratic,3.03,4.33,1.79,4.14,2.82,5,5.2,26.2,Low
EMP_03257,Sales,Supportive,3.62,3.0,3.45,2.71,3.14,4,3.2,47.6,Moderate
EMP_03258,Engineering,Democratic,4.46,4.69,4.09,3.97,1.86,3,8.0,56.0,Moderate
EMP_03259,Marketing,Supportive,3.25,4.32,2.89,4.32,3.21,1,1.2,48.0,Moderate
EMP_03260,Marketing,Democratic,3.51,3.49,3.38,3.1,3.76,5,5.3,46.3,Moderate
EMP_03261,Engineering,Supportive,3.12,4.02,4.67,1.68,1.94,3,3.5,56.8,Moderate
EMP_03262,Sales,Supportive,3.75,4.32,2.08,3.13,2.17,1,2.5,39.0,Low
EMP_03263,Product Management,Autocratic/Micromanagement,4.5,3.81,3.22,3.5,3.56,3,1.4,4.6,Low
EMP_03264,Product Management,Autocratic/Micromanagement,2.65,4.14,3.99,3.99,1.93,3,1.3,45.8,Moderate
EMP_03265,HR,Autocratic/Micromanagement,4.17,3.89,2.96,3.74,3.06,2,4.0,20.8,Low
EMP_03266,Marketing,Autocratic/Micromanagement,3.37,4.52,2.96,3.82,1.65,3,10.9,43.0,Low
EMP_03267,Data Science,Democratic,3.4,3.98,2.85,3.45,2.71,5,1.8,39.9,Low
EMP_03268,Data Science,Supportive,3.39,3.87,2.89,3.25,2.09,3,0.6,56.6,Moderate
EMP_03269,Data Science,Supportive,4.02,3.98,2.76,4.02,3.16,5,2.8,43.3,Low
EMP_03270,Product Management,Democratic,3.01,3.66,2.98,4.09,1.9,3,2.9,45.3,Moderate
EMP_03271,Marketing,Democratic,3.2,4.7,3.65,3.43,2.98,2,3.7,46.2,Moderate
EMP_03272,HR,Autocratic/Micromanagement,4.16,3.79,3.35,3.31,3.57,5,2.7,13.4,Low
EMP_03273,Marketing,Autocratic/Micromanagement,3.33,3.55,2.8,3.69,3.48,1,3.8,38.0,Low
EMP_03274,Sales,Supportive,3.34,3.51,3.04,3.66,3.88,4,4.0,40.3,Low
EMP_03275,Engineering,Democratic,4.05,3.95,5.0,3.41,1.94,2,0.6,40.3,Low
EMP_03276,Marketing,Democratic,3.63,3.87,2.69,2.78,2.52,4,3.0,43.8,Low
EMP_03277,Data Science,Democratic,3.51,3.59,3.81,3.88,1.99,5,3.4,47.8,Moderate
EMP_03278,Sales,Supportive,3.28,3.77,3.95,3.71,2.27,3,3.8,47.1,Moderate
EMP_03279,Engineering,Supportive,4.32,3.97,2.96,3.5,2.14,4,13.0,48.3,Moderate
EMP_03280,Marketing,Supportive,3.35,4.63,2.75,4.81,1.02,4,5.3,61.4,Moderate
EMP_03281,Marketing,Democratic,4.18,4.26,4.02,3.2,2.34,2,1.5,43.2,Low
EMP_03282,Product Management,Supportive,4.8,4.17,2.93,4.0,3.34,1,1.5,52.2,Moderate
EMP_03283,Marketing,Democratic,2.63,3.31,3.28,4.49,1.53,4,6.8,47.4,Moderate
EMP_03284,Data Science,Democratic,4.45,4.3,2.65,3.42,3.33,5,0.8,50.7,Moderate
EMP_03285,Sales,Supportive,3.75,4.14,4.17,3.38,2.51,3,4.2,74.9,Moderate
EMP_03286,Sales,Autocratic/Micromanagement,3.21,3.51,2.29,3.09,2.64,5,0.6,21.7,Low
EMP_03287,Engineering,Supportive,3.2,4.0,2.13,4.1,3.78,5,2.6,45.7,Moderate
EMP_03288,Data Science,Autocratic/Micromanagement,4.89,3.84,3.19,3.97,1.93,5,9.0,21.4,Low
EMP_03289,Data Science,Supportive,4.02,3.64,3.81,3.81,2.24,5,0.6,54.0,Moderate
EMP_03290,Marketing,Autocratic/Micromanagement,3.94,3.75,3.81,2.8,2.85,4,0.5,41.4,Low
EMP_03291,Engineering,Democratic,4.45,3.02,4.3,3.95,2.68,4,0.7,39.5,Low
EMP_03292,Sales,Autocratic/Micromanagement,3.37,4.94,3.37,2.11,3.41,1,2.3,35.2,Low
EMP_03293,Product Management,Democratic,4.38,2.65,3.8,4.43,1.26,4,8.8,49.0,Moderate
EMP_03294,Engineering,Democratic,3.3,4.1,1.89,4.16,3.48,5,1.5,36.1,Low
EMP_03295,Sales,Democratic,4.48,3.45,2.82,3.29,2.7,4,4.0,42.7,Low
EMP_03296,Sales,Autocratic/Micromanagement,3.2,3.49,1.88,3.74,2.57,5,0.5,26.8,Low
EMP_03297,Marketing,Democratic,3.21,3.73,3.29,4.04,2.46,4,2.4,41.7,Low
EMP_03298,Engineering,Supportive,3.47,4.25,3.32,3.55,4.03,4,5.0,55.5,Moderate
EMP_03299,Engineering,Autocratic/Micromanagement,3.4,3.65,2.88,3.95,2.98,4,0.5,44.2,Low
EMP_03300,HR,Supportive,3.61,4.52,2.46,3.3,2.63,4,3.9,53.2,Moderate
EMP_03301,Engineering,Supportive,4.61,3.56,3.09,3.72,2.31,2,2.8,40.9,Low
EMP_03302,Sales,Supportive,4.21,3.97,3.21,3.17,1.0,4,0.7,59.3,Moderate
EMP_03303,HR,Autocratic/Micromanagement,4.13,4.2,2.27,4.42,3.19,3,0.5,24.9,Low
EMP_03304,HR,Supportive,4.17,4.35,1.75,2.89,2.98,2,7.6,44.2,Low
EMP_03305,Engineering,Autocratic/Micromanagement,4.14,3.6,2.98,3.77,2.29,3,1.0,33.3,Low
EMP_03306,Product Management,Supportive,3.43,4.46,3.5,4.19,3.68,5,2.8,41.1,Low
EMP_03307,Sales,Supportive,2.67,3.88,2.62,4.73,4.03,4,3.9,40.0,Low
EMP_03308,Data Science,Autocratic/Micromanagement,3.9,4.23,3.75,3.9,3.95,2,9.7,51.8,Moderate
EMP_03309,Sales,Supportive,2.77,4.13,3.33,3.29,2.67,2,2.5,45.2,Moderate
EMP_03310,HR,Autocratic/Micromanagement,3.92,3.98,2.92,4.23,2.09,4,1.9,44.6,Low
EMP_03311,Sales,Supportive,3.68,3.69,2.96,2.58,4.3,1,12.5,36.7,Low
EMP_03312,Engineering,Supportive,3.69,4.21,2.01,3.25,2.54,3,0.5,75.1,High
EMP_03313,Marketing,Supportive,4.37,3.07,4.37,2.6,2.97,4,6.7,47.1,Moderate
EMP_03314,Sales,Democratic,4.46,3.2,2.84,3.91,2.44,5,9.8,46.2,Moderate
EMP_03315,Engineering,Autocratic/Micromanagement,3.45,4.47,4.15,3.19,1.49,3,3.5,59.2,Moderate
EMP_03316,Engineering,Autocratic/Micromanagement,2.74,4.43,3.19,4.44,3.08,1,1.9,49.3,Moderate
EMP_03317,HR,Autocratic/Micromanagement,3.17,4.26,3.72,4.46,3.34,4,0.8,33.4,Low
EMP_03318,Engineering,Supportive,2.59,3.18,3.79,3.93,1.75,2,8.9,52.5,Moderate
EMP_03319,Data Science,Autocratic/Micromanagement,3.31,4.16,3.89,3.07,2.56,4,6.0,53.4,Moderate
EMP_03320,Product Management,Democratic,4.04,3.48,3.57,3.03,4.18,5,1.6,40.4,Low
EMP_03321,Engineering,Democratic,3.37,3.29,3.5,3.26,3.67,3,1.1,31.3,Low
EMP_03322,Engineering,Supportive,4.23,3.99,4.02,3.59,3.22,3,2.0,52.8,Moderate
EMP_03323,HR,Democratic,3.95,4.17,2.75,2.98,2.62,3,4.6,43.9,Low
EMP_03324,Marketing,Democratic,3.33,2.98,2.47,3.32,1.12,5,0.9,59.5,Moderate
EMP_03325,Sales,Autocratic/Micromanagement,4.12,4.18,1.9,3.98,2.31,3,7.9,9.3,Low
EMP_03326,Product Management,Autocratic/Micromanagement,3.05,4.77,2.78,2.92,1.9,4,5.5,45.6,Moderate
EMP_03327,Product Management,Democratic,3.96,4.1,2.86,3.13,1.16,4,8.2,50.5,Moderate
EMP_03328,Engineering,Autocratic/Micromanagement,3.24,4.32,4.51,4.2,2.15,4,1.5,58.2,Moderate
EMP_03329,Engineering,Supportive,3.15,4.03,2.84,3.6,2.53,5,2.9,47.6,Moderate
EMP_03330,Engineering,Supportive,4.3,2.91,3.37,3.02,4.72,3,4.0,37.3,Low
EMP_03331,Marketing,Supportive,2.69,4.54,2.23,4.29,1.24,4,2.5,58.7,Moderate
EMP_03332,Product Management,Democratic,3.8,3.64,2.89,3.97,2.69,3,0.5,36.5,Low
EMP_03333,Engineering,Supportive,4.66,3.82,3.13,2.69,2.52,4,0.7,42.9,Low
EMP_03334,Sales,Democratic,3.61,4.18,2.25,2.99,2.08,3,15.0,19.9,Low
EMP_03335,Data Science,Autocratic/Micromanagement,4.94,4.27,3.38,3.51,2.28,5,3.6,41.3,Low
EMP_03336,Sales,Democratic,2.72,3.91,2.94,3.68,1.0,5,3.7,49.1,Moderate
EMP_03337,Marketing,Democratic,3.48,3.73,3.23,3.62,2.25,4,0.5,49.8,Moderate
EMP_03338,Sales,Autocratic/Micromanagement,3.26,4.37,3.47,2.88,3.29,5,4.7,37.5,Low
EMP_03339,Engineering,Supportive,4.49,3.52,3.15,3.56,2.74,4,2.5,44.8,Low
EMP_03340,Engineering,Supportive,4.69,3.33,2.85,2.99,3.1,5,0.6,51.0,Moderate
EMP_03341,HR,Democratic,3.83,4.17,2.88,4.88,1.81,4,0.5,49.4,Moderate
EMP_03342,Product Management,Autocratic/Micromanagement,4.37,4.04,3.49,3.3,3.14,5,1.1,23.8,Low
EMP_03343,Sales,Democratic,4.05,3.88,3.7,3.21,1.73,5,2.1,41.8,Low
EMP_03344,Engineering,Autocratic/Micromanagement,3.29,4.22,3.43,2.49,1.89,3,4.0,62.7,Moderate
EMP_03345,Marketing,Democratic,4.38,4.25,4.5,3.73,1.3,5,12.4,56.4,Moderate
EMP_03346,Sales,Autocratic/Micromanagement,4.18,3.25,2.69,3.6,3.09,2,4.4,21.8,Low
EMP_03347,Data Science,Supportive,3.92,4.31,3.61,3.73,3.9,4,0.5,56.9,Moderate
EMP_03348,Marketing,Democratic,3.59,3.07,2.66,3.79,4.49,3,20.0,34.1,Low
EMP_03349,Marketing,Democratic,2.95,4.11,2.72,3.84,5.0,4,5.9,36.7,Low
EMP_03350,Sales,Supportive,4.2,4.44,2.31,3.34,3.02,4,2.8,34.3,Low
EMP_03351,Sales,Supportive,3.34,4.36,2.03,3.62,2.06,5,0.5,38.6,Low
EMP_03352,Sales,Autocratic/Micromanagement,3.94,2.98,2.17,3.51,2.67,1,0.8,22.8,Low
EMP_03353,Marketing,Autocratic/Micromanagement,4.02,3.9,3.16,2.51,1.28,4,16.5,34.6,Low
EMP_03354,Engineering,Democratic,3.75,3.77,2.93,2.32,3.2,1,2.9,36.0,Low
EMP_03355,Engineering,Democratic,3.43,3.33,3.11,4.38,2.93,5,10.8,38.6,Low
EMP_03356,HR,Democratic,4.74,3.74,3.3,3.64,2.92,4,0.7,35.0,Low
EMP_03357,Product Management,Supportive,3.91,2.25,3.4,4.18,2.68,1,1.2,48.2,Moderate
EMP_03358,HR,Supportive,3.5,3.73,2.19,2.4,1.0,5,2.9,55.4,Moderate
EMP_03359,Marketing,Supportive,4.52,3.78,2.55,3.9,1.92,4,1.9,52.0,Moderate
EMP_03360,Engineering,Supportive,3.03,3.22,2.45,3.41,3.53,2,4.3,43.7,Low
EMP_03361,Product Management,Supportive,4.15,4.6,3.93,4.26,3.52,5,2.3,41.6,Low
EMP_03362,Sales,Supportive,4.36,4.75,3.54,1.86,2.86,3,11.5,49.1,Moderate
EMP_03363,Engineering,Democratic,3.56,4.24,3.0,2.73,1.6,4,3.2,64.6,Moderate
EMP_03364,Sales,Supportive,3.66,2.39,3.75,3.59,3.64,4,0.7,40.3,Low
EMP_03365,Marketing,Supportive,2.62,3.74,3.77,3.8,2.76,2,20.0,49.7,Moderate
EMP_03366,Data Science,Democratic,2.83,4.54,2.05,3.31,1.88,5,5.1,60.1,Moderate
EMP_03367,Sales,Supportive,4.17,4.14,3.57,4.03,2.91,1,1.3,49.1,Moderate
EMP_03368,Data Science,Supportive,4.41,4.63,3.53,4.28,3.51,4,1.0,61.7,Moderate
EMP_03369,Marketing,Supportive,2.99,4.52,3.55,3.42,2.58,4,0.6,51.9,Moderate
EMP_03370,Engineering,Democratic,4.12,4.05,3.04,4.08,2.88,5,5.7,42.0,Low
EMP_03371,Product Management,Autocratic/Micromanagement,2.09,4.23,3.57,3.91,2.63,3,10.3,43.0,Low
EMP_03372,Product Management,Autocratic/Micromanagement,3.66,4.43,2.92,4.45,2.72,4,0.7,47.9,Moderate
EMP_03373,Engineering,Supportive,3.3,3.69,3.02,3.6,1.39,3,5.4,56.7,Moderate
EMP_03374,Engineering,Supportive,3.36,3.7,2.14,3.87,3.5,3,0.7,47.7,Moderate
EMP_03375,Engineering,Supportive,3.47,4.4,1.95,3.8,1.12,3,2.4,75.8,High
EMP_03376,HR,Supportive,4.52,3.67,1.79,3.25,2.02,3,0.8,49.7,Moderate
EMP_03377,Marketing,Democratic,3.16,4.4,1.3,3.04,4.54,3,10.4,29.3,Low
EMP_03378,Engineering,Supportive,3.34,3.49,3.22,3.64,4.28,5,5.6,38.3,Low
EMP_03379,Sales,Democratic,3.59,4.82,1.68,3.37,3.24,4,0.5,19.8,Low
EMP_03380,Engineering,Autocratic/Micromanagement,3.71,3.87,2.65,3.37,2.64,3,9.7,47.3,Moderate
EMP_03381,Data Science,Supportive,4.29,3.42,3.59,4.59,2.18,2,0.9,50.8,Moderate
EMP_03382,Product Management,Democratic,3.21,4.95,3.51,3.88,1.92,5,0.7,51.2,Moderate
EMP_03383,Data Science,Supportive,4.14,3.43,2.93,2.59,3.57,2,1.1,37.3,Low
EMP_03384,Engineering,Democratic,4.7,3.47,3.07,3.83,3.02,3,0.5,35.7,Low
EMP_03385,HR,Democratic,2.74,4.0,1.99,3.39,2.32,3,7.2,45.0,Moderate
EMP_03386,Data Science,Supportive,3.51,4.46,3.8,4.69,2.6,5,3.4,60.3,Moderate
EMP_03387,Engineering,Democratic,5.0,3.66,3.73,3.36,3.67,3,2.4,33.5,Low
EMP_03388,Data Science,Supportive,3.76,3.8,3.12,3.47,1.0,4,6.0,48.1,Moderate
EMP_03389,Product Management,Autocratic/Micromanagement,2.91,3.52,2.84,4.11,2.18,5,2.7,46.4,Moderate
EMP_03390,Engineering,Democratic,4.33,3.77,3.51,3.16,1.93,2,1.9,43.3,Low
EMP_03391,Marketing,Autocratic/Micromanagement,3.93,4.56,3.22,3.95,2.64,4,6.6,43.2,Low
EMP_03392,Sales,Autocratic/Micromanagement,3.34,4.78,2.81,3.9,1.95,5,5.9,47.9,Moderate
EMP_03393,Sales,Democratic,3.72,4.42,4.13,3.4,2.5,4,0.5,61.6,Moderate
EMP_03394,Engineering,Supportive,3.63,3.55,3.29,4.18,2.62,3,3.7,49.6,Moderate
EMP_03395,Engineering,Autocratic/Micromanagement,3.86,3.02,3.89,3.38,3.26,5,2.4,49.3,Moderate
EMP_03396,Sales,Supportive,2.9,4.06,1.41,2.8,3.29,4,1.3,25.4,Low
EMP_03397,Data Science,Democratic,3.95,4.51,2.26,3.92,2.26,3,11.2,45.9,Moderate
EMP_03398,Engineering,Supportive,4.24,3.7,3.1,4.09,1.59,4,2.7,63.9,Moderate
EMP_03399,Product Management,Supportive,4.01,3.89,2.81,2.62,2.51,1,2.5,63.2,Moderate
EMP_03400,Sales,Supportive,2.27,2.87,2.43,3.37,2.68,5,2.0,27.1,Low
EMP_03401,HR,Supportive,2.58,3.86,4.04,4.0,3.63,4,8.4,39.1,Low
EMP_03402,Engineering,Autocratic/Micromanagement,3.64,2.94,3.29,3.82,2.83,4,0.5,47.1,Moderate
EMP_03403,Product Management,Supportive,3.16,4.33,4.4,3.08,1.61,3,2.5,58.8,Moderate
EMP_03404,Engineering,Autocratic/Micromanagement,3.8,3.5,3.55,2.96,2.01,5,3.0,41.3,Low
EMP_03405,Product Management,Autocratic/Micromanagement,3.29,4.05,3.44,3.64,1.67,4,4.0,43.5,Low
EMP_03406,Data Science,Democratic,3.91,3.95,2.28,3.49,2.8,4,5.7,36.1,Low
EMP_03407,Product Management,Supportive,3.4,3.88,3.85,3.79,2.08,3,1.1,55.0,Moderate
EMP_03408,Marketing,Democratic,3.91,3.47,4.05,3.67,3.89,3,9.8,36.2,Low
EMP_03409,Sales,Autocratic/Micromanagement,4.4,2.98,1.77,3.49,3.43,4,10.2,1.6,Low
EMP_03410,Marketing,Supportive,3.94,4.0,3.25,3.94,2.1,4,2.9,53.8,Moderate
EMP_03411,Sales,Democratic,3.55,4.55,3.55,3.52,2.49,3,6.1,44.9,Low
EMP_03412,Marketing,Supportive,4.34,3.81,1.77,3.31,2.91,5,1.4,47.2,Moderate
EMP_03413,Sales,Democratic,3.93,4.42,3.45,3.77,4.18,3,16.0,33.2,Low
EMP_03414,Marketing,Supportive,4.05,3.86,4.29,3.78,1.73,3,2.6,54.7,Moderate
EMP_03415,Marketing,Supportive,2.48,3.98,3.25,3.75,3.58,2,10.0,44.5,Low
EMP_03416,Engineering,Supportive,2.98,3.13,2.7,2.07,3.22,3,5.6,43.3,Low
EMP_03417,Product Management,Supportive,3.65,3.38,2.68,3.49,3.03,3,0.5,41.6,Low
EMP_03418,Marketing,Supportive,3.68,3.71,3.53,2.73,2.29,1,2.1,50.8,Moderate
EMP_03419,Product Management,Democratic,3.68,3.43,2.87,2.35,3.69,5,3.9,38.7,Low
EMP_03420,HR,Autocratic/Micromanagement,3.9,3.14,2.14,4.05,3.04,2,2.5,35.0,Low
EMP_03421,Sales,Supportive,2.34,4.38,2.17,4.34,3.56,5,11.6,26.4,Low
EMP_03422,Sales,Supportive,4.25,3.51,3.27,3.33,1.47,4,2.5,52.0,Moderate
EMP_03423,Engineering,Democratic,3.17,3.18,4.06,3.18,2.9,4,1.2,39.5,Low
EMP_03424,Marketing,Autocratic/Micromanagement,3.47,4.19,4.19,3.39,1.26,3,15.7,49.5,Moderate
EMP_03425,Sales,Democratic,4.94,4.09,2.75,3.83,2.12,4,0.5,49.9,Moderate
EMP_03426,Marketing,Autocratic/Micromanagement,4.97,4.44,3.02,3.74,2.02,5,4.2,22.9,Low
EMP_03427,Marketing,Supportive,3.6,4.72,2.73,3.84,2.53,4,0.8,46.1,Moderate
EMP_03428,Engineering,Supportive,4.06,3.57,1.86,3.54,2.14,1,7.4,46.9,Moderate
EMP_03429,Sales,Autocratic/Micromanagement,3.59,3.58,2.12,3.42,2.67,1,3.0,32.4,Low
EMP_03430,Data Science,Supportive,4.49,3.87,2.48,4.34,2.1,1,0.9,59.5,Moderate
EMP_03431,Product Management,Supportive,4.75,3.84,3.32,2.6,1.08,5,0.5,59.8,Moderate
EMP_03432,Engineering,Supportive,4.05,3.74,2.42,3.21,2.97,3,12.4,51.1,Moderate
EMP_03433,Engineering,Supportive,3.9,3.71,3.82,3.49,3.25,3,0.5,46.3,Moderate
EMP_03434,Engineering,Supportive,4.64,4.16,2.59,4.0,2.38,4,0.5,51.5,Moderate
EMP_03435,Engineering,Democratic,3.66,3.45,3.26,4.87,3.83,3,3.7,51.0,Moderate
EMP_03436,Engineering,Democratic,3.51,4.28,3.0,3.87,2.81,5,1.1,59.9,Moderate
EMP_03437,Data Science,Autocratic/Micromanagement,3.26,3.24,3.07,2.83,2.68,3,2.7,47.2,Moderate
EMP_03438,Sales,Democratic,4.92,3.66,3.4,3.82,3.0,2,0.5,39.9,Low
EMP_03439,Sales,Democratic,2.89,3.89,3.8,3.51,2.34,3,4.7,40.9,Low
EMP_03440,Product Management,Democratic,3.08,3.04,2.78,3.82,3.06,4,2.0,34.7,Low
EMP_03441,Marketing,Democratic,4.33,4.12,3.4,3.42,1.45,3,1.1,53.8,Moderate
EMP_03442,Engineering,Supportive,4.83,4.56,4.55,3.51,4.63,3,3.8,52.4,Moderate
EMP_03443,Marketing,Supportive,4.16,4.47,3.41,3.53,1.0,4,0.6,52.3,Moderate
EMP_03444,Product Management,Supportive,3.15,3.4,1.96,4.05,3.11,5,1.3,54.6,Moderate
EMP_03445,HR,Democratic,3.54,4.74,3.55,2.42,2.75,5,2.9,44.1,Low
EMP_03446,Data Science,Supportive,4.61,4.38,3.37,3.27,4.31,4,0.5,62.9,Moderate
EMP_03447,Sales,Democratic,3.31,4.61,3.1,3.53,2.0,4,2.6,50.8,Moderate
EMP_03448,Data Science,Autocratic/Micromanagement,3.35,4.25,3.32,3.12,2.4,4,4.1,54.7,Moderate
EMP_03449,Sales,Supportive,1.99,4.17,2.56,3.76,2.59,5,9.6,49.1,Moderate
EMP_03450,Product Management,Autocratic/Micromanagement,3.46,4.33,3.87,4.22,3.03,5,0.5,36.7,Low
EMP_03451,Engineering,Supportive,3.63,2.44,2.57,4.73,3.0,1,5.1,32.3,Low
EMP_03452,Data Science,Autocratic/Micromanagement,3.92,4.49,3.34,3.71,2.03,2,0.5,62.1,Moderate
EMP_03453,HR,Autocratic/Micromanagement,3.88,3.03,3.26,4.43,1.0,2,1.7,46.1,Moderate
EMP_03454,Engineering,Supportive,3.42,4.14,3.28,3.88,2.94,2,0.5,47.3,Moderate
EMP_03455,Data Science,Autocratic/Micromanagement,3.44,4.02,2.6,3.34,3.7,5,0.8,40.6,Low
EMP_03456,Product Management,Autocratic/Micromanagement,3.39,3.09,1.0,3.34,2.67,3,7.5,45.7,Moderate
EMP_03457,Sales,Supportive,3.78,3.95,2.63,3.17,2.19,4,4.8,53.4,Moderate
EMP_03458,Marketing,Democratic,4.12,3.62,2.3,2.62,1.16,3,4.1,48.0,Moderate
EMP_03459,Engineering,Supportive,3.57,4.22,3.19,3.01,2.14,3,6.4,63.5,Moderate
EMP_03460,Sales,Democratic,2.63,3.19,1.96,4.14,2.53,2,3.2,27.9,Low
EMP_03461,Engineering,Democratic,3.67,3.79,2.52,3.46,2.52,3,4.0,39.5,Low
EMP_03462,Marketing,Democratic,3.99,4.1,2.27,4.21,3.93,3,3.2,30.2,Low
EMP_03463,Sales,Supportive,3.14,3.42,3.09,4.32,2.15,5,4.3,51.6,Moderate
EMP_03464,Engineering,Autocratic/Micromanagement,3.7,4.12,2.54,2.8,3.17,4,6.7,49.8,Moderate
EMP_03465,Marketing,Supportive,4.05,4.06,3.5,3.7,1.65,5,6.0,48.0,Moderate
EMP_03466,Sales,Autocratic/Micromanagement,4.42,5.0,2.42,4.5,3.62,3,0.8,0.0,Low
EMP_03467,HR,Democratic,3.58,4.06,4.21,3.66,2.06,5,0.5,42.7,Low
EMP_03468,Engineering,Supportive,3.47,4.07,4.54,3.52,1.94,4,0.8,54.0,Moderate
EMP_03469,HR,Democratic,3.39,3.48,2.94,3.72,2.83,3,2.9,48.1,Moderate
EMP_03470,Sales,Supportive,3.91,3.91,2.84,3.48,1.79,3,5.5,62.6,Moderate
EMP_03471,Data Science,Democratic,5.0,3.79,3.13,4.51,2.07,3,1.0,47.9,Moderate
EMP_03472,Data Science,Supportive,4.58,2.82,4.3,2.63,2.66,4,0.5,54.2,Moderate
EMP_03473,Engineering,Supportive,2.46,4.02,2.4,2.73,3.07,4,4.6,46.3,Moderate
EMP_03474,Product Management,Supportive,3.61,3.25,4.08,3.27,3.08,4,5.2,52.6,Moderate
EMP_03475,Sales,Supportive,4.4,3.98,4.07,3.71,1.95,1,7.9,67.4,Moderate
EMP_03476,Sales,Democratic,4.08,4.61,2.95,4.39,2.92,5,4.4,44.4,Low
EMP_03477,Marketing,Supportive,3.61,3.95,3.65,3.92,2.27,3,8.0,49.7,Moderate
EMP_03478,Sales,Democratic,4.09,3.64,4.27,3.19,2.39,3,2.4,60.5,Moderate
EMP_03479,Data Science,Supportive,4.1,2.83,2.45,2.95,1.23,3,8.5,54.6,Moderate
EMP_03480,Product Management,Supportive,3.63,4.05,2.7,3.17,1.81,4,0.5,42.7,Low
EMP_03481,HR,Democratic,3.69,3.77,3.17,3.29,2.75,5,4.3,42.5,Low
EMP_03482,Engineering,Supportive,3.16,4.75,3.49,3.09,2.99,3,1.0,53.5,Moderate
EMP_03483,Marketing,Supportive,4.08,4.76,2.43,3.15,1.6,1,2.5,61.6,Moderate
EMP_03484,Engineering,Democratic,2.63,3.41,3.31,3.93,2.4,4,0.5,37.9,Low
EMP_03485,Engineering,Supportive,3.01,4.03,3.49,3.78,2.33,4,0.5,51.7,Moderate
EMP_03486,Sales,Democratic,4.72,4.43,2.63,3.65,2.86,4,5.4,38.4,Low
EMP_03487,Sales,Democratic,4.17,3.76,3.42,2.92,1.73,3,1.6,53.5,Moderate
EMP_03488,Marketing,Democratic,2.83,3.99,4.31,2.13,1.66,5,8.4,43.2,Low
EMP_03489,Sales,Supportive,3.83,4.49,3.49,4.74,1.12,3,3.2,59.8,Moderate
EMP_03490,Engineering,Supportive,4.04,2.8,3.84,3.41,3.86,4,3.5,48.3,Moderate
EMP_03491,Engineering,Supportive,2.61,3.54,4.46,2.69,1.33,5,8.0,53.1,Moderate
EMP_03492,Engineering,Democratic,3.37,4.18,3.23,3.09,2.27,2,1.2,41.8,Low
EMP_03493,Engineering,Autocratic/Micromanagement,4.49,3.69,2.4,3.65,1.78,3,8.5,21.0,Low
EMP_03494,Product Management,Supportive,4.02,3.88,2.64,4.24,2.72,5,2.4,52.8,Moderate
EMP_03495,Engineering,Autocratic/Micromanagement,3.41,3.42,2.38,4.77,1.51,5,8.5,53.5,Moderate
EMP_03496,Data Science,Democratic,3.76,4.29,2.32,3.57,1.81,4,4.7,63.3,Moderate
EMP_03497,Sales,Supportive,3.81,4.73,3.16,2.81,3.27,5,1.2,51.9,Moderate
EMP_03498,Engineering,Supportive,4.16,3.05,2.76,3.96,2.45,4,2.3,53.4,Moderate
EMP_03499,Engineering,Democratic,2.9,3.38,3.31,4.63,3.05,2,0.5,36.1,Low
EMP_03500,Engineering,Autocratic/Micromanagement,3.75,3.92,3.95,4.82,2.41,4,6.9,36.5,Low
EMP_03501,Engineering,Democratic,3.09,4.46,2.43,3.62,2.95,3,5.3,49.8,Moderate
EMP_03502,Marketing,Autocratic/Micromanagement,4.13,4.62,3.12,3.73,2.89,3,1.1,17.5,Low
EMP_03503,Engineering,Supportive,3.04,2.83,3.7,4.12,3.96,1,1.8,39.9,Low
EMP_03504,Product Management,Autocratic/Micromanagement,4.12,3.72,2.65,3.64,2.57,1,1.2,12.1,Low
EMP_03505,Data Science,Autocratic/Micromanagement,4.52,4.04,3.31,4.17,3.01,5,8.1,18.2,Low
EMP_03506,HR,Democratic,3.73,3.37,2.63,4.99,3.65,5,1.5,30.5,Low
EMP_03507,Product Management,Democratic,3.24,3.98,3.21,3.22,1.76,4,3.5,52.9,Moderate
EMP_03508,Engineering,Democratic,2.85,3.71,2.46,2.65,1.94,4,5.0,49.2,Moderate
EMP_03509,Sales,Democratic,2.79,4.64,2.04,3.81,2.85,3,9.8,17.2,Low
EMP_03510,Engineering,Democratic,3.89,4.18,3.18,3.4,3.33,3,1.3,40.4,Low
EMP_03511,HR,Democratic,3.97,3.12,3.06,3.21,1.95,4,2.4,48.4,Moderate
EMP_03512,Product Management,Democratic,3.46,4.75,2.81,3.15,1.48,4,1.5,39.3,Low
EMP_03513,HR,Supportive,3.19,3.91,3.5,3.55,2.07,3,2.4,54.5,Moderate
EMP_03514,Sales,Democratic,3.59,3.24,3.05,3.52,2.92,5,0.5,38.2,Low
EMP_03515,Sales,Supportive,3.37,4.31,3.2,3.76,3.08,4,1.3,49.8,Moderate
EMP_03516,Sales,Supportive,3.2,4.69,2.95,3.96,2.79,3,1.7,53.6,Moderate
EMP_03517,Engineering,Supportive,3.0,3.94,3.6,3.52,3.67,4,4.3,36.4,Low
EMP_03518,Marketing,Supportive,3.61,3.53,3.57,2.74,3.05,1,1.4,48.8,Moderate
EMP_03519,Sales,Supportive,4.46,3.29,2.92,3.8,2.02,4,0.5,61.9,Moderate
EMP_03520,Engineering,Autocratic/Micromanagement,2.81,4.31,3.39,3.51,2.01,3,2.2,59.2,Moderate
EMP_03521,Data Science,Autocratic/Micromanagement,2.79,4.1,3.2,2.88,2.96,1,0.5,35.9,Low
EMP_03522,Engineering,Supportive,2.81,4.78,2.7,4.39,2.48,4,7.1,66.6,Moderate
EMP_03523,Sales,Autocratic/Micromanagement,2.96,4.02,1.82,3.27,2.54,3,6.9,28.0,Low
EMP_03524,Marketing,Democratic,4.42,4.22,2.26,3.48,2.03,3,0.5,42.9,Low
EMP_03525,Sales,Autocratic/Micromanagement,2.94,3.92,4.46,4.68,3.13,5,2.4,56.0,Moderate
EMP_03526,Marketing,Democratic,3.38,3.9,3.0,4.48,2.11,4,4.4,42.9,Low
EMP_03527,Data Science,Autocratic/Micromanagement,3.3,4.47,3.24,4.54,1.17,2,3.9,59.1,Moderate
EMP_03528,Sales,Supportive,3.04,4.35,3.28,4.24,2.41,1,0.7,49.0,Moderate
EMP_03529,Marketing,Supportive,3.12,3.75,3.18,5.0,2.29,3,2.8,56.0,Moderate
EMP_03530,HR,Supportive,3.28,2.89,3.48,4.2,2.35,4,7.4,53.3,Moderate
EMP_03531,HR,Supportive,4.79,3.54,3.35,3.63,3.4,5,1.3,49.7,Moderate
EMP_03532,Product Management,Supportive,3.49,4.3,3.22,2.83,1.0,4,4.6,52.2,Moderate
EMP_03533,Engineering,Autocratic/Micromanagement,3.65,3.24,2.8,3.02,1.35,2,1.6,47.2,Moderate
EMP_03534,Data Science,Autocratic/Micromanagement,4.27,3.65,3.02,2.04,1.52,5,4.1,25.7,Low
EMP_03535,Data Science,Supportive,2.68,3.86,2.94,2.58,3.63,4,4.5,52.2,Moderate
EMP_03536,Sales,Democratic,4.87,3.58,3.59,4.09,1.79,1,1.8,45.2,Moderate
EMP_03537,Marketing,Democratic,3.68,3.08,3.86,5.0,1.73,5,12.0,43.6,Low
EMP_03538,Data Science,Autocratic/Micromanagement,4.27,3.71,4.67,3.7,1.97,4,2.5,27.6,Low
EMP_03539,HR,Supportive,3.69,4.45,2.82,4.24,2.63,3,5.7,45.6,Moderate
EMP_03540,Engineering,Supportive,3.89,4.39,3.24,3.63,3.29,1,1.3,57.6,Moderate
EMP_03541,Data Science,Autocratic/Micromanagement,4.46,4.17,2.54,3.53,2.28,3,2.6,16.9,Low
EMP_03542,Sales,Democratic,2.97,3.98,3.16,4.12,2.52,3,6.6,33.3,Low
EMP_03543,Product Management,Supportive,3.94,3.99,1.46,3.61,2.83,4,0.8,49.6,Moderate
EMP_03544,Marketing,Supportive,3.34,3.37,3.23,2.71,1.77,4,8.9,56.1,Moderate
EMP_03545,Sales,Supportive,4.76,3.91,2.88,3.2,1.95,2,5.7,55.4,Moderate
EMP_03546,HR,Supportive,3.64,3.87,2.19,3.05,2.75,3,0.5,49.9,Moderate
EMP_03547,Marketing,Autocratic/Micromanagement,4.17,3.95,3.79,3.23,2.51,4,2.0,22.4,Low
EMP_03548,Marketing,Democratic,3.94,3.69,2.37,3.45,2.78,4,4.9,39.2,Low
EMP_03549,Sales,Supportive,3.19,4.58,2.91,3.77,2.47,4,4.0,49.1,Moderate
EMP_03550,Engineering,Supportive,3.61,4.89,3.23,4.0,1.47,4,6.8,74.0,Moderate
EMP_03551,HR,Supportive,3.66,3.34,2.01,3.05,3.03,5,5.9,45.5,Moderate
EMP_03552,Sales,Supportive,4.2,3.92,4.1,3.46,3.96,5,2.4,45.3,Moderate
EMP_03553,Sales,Democratic,3.16,3.81,3.09,3.91,2.11,1,0.6,49.8,Moderate
EMP_03554,Marketing,Supportive,2.93,2.67,3.06,4.18,2.23,4,3.2,48.7,Moderate
EMP_03555,Data Science,Democratic,2.24,4.18,2.34,3.18,2.41,2,14.3,48.2,Moderate
EMP_03556,Engineering,Democratic,4.74,3.95,2.7,3.65,3.47,1,11.0,34.4,Low
EMP_03557,Engineering,Supportive,3.69,3.63,3.49,3.28,2.53,3,2.3,54.1,Moderate
EMP_03558,Engineering,Democratic,3.69,3.29,3.83,4.49,2.18,3,4.0,49.0,Moderate
EMP_03559,Product Management,Autocratic/Micromanagement,3.91,3.63,3.87,2.91,2.46,3,1.4,53.6,Moderate
EMP_03560,HR,Democratic,4.08,3.69,3.38,2.61,2.32,2,0.5,35.9,Low
EMP_03561,Data Science,Supportive,3.59,3.8,3.07,3.48,2.73,5,1.7,50.0,Moderate
EMP_03562,Marketing,Autocratic/Micromanagement,3.73,4.06,2.79,3.8,2.96,4,3.4,38.6,Low
EMP_03563,Engineering,Autocratic/Micromanagement,3.09,3.07,3.41,3.04,3.58,4,4.5,36.5,Low
EMP_03564,Product Management,Supportive,3.76,3.44,2.78,3.98,2.58,3,6.1,54.4,Moderate
EMP_03565,Marketing,Supportive,4.42,3.78,1.92,3.87,3.35,5,4.4,38.7,Low
EMP_03566,Data Science,Autocratic/Micromanagement,3.47,3.95,1.86,4.01,2.23,1,2.9,43.8,Low
EMP_03567,Product Management,Autocratic/Micromanagement,3.92,3.59,2.43,3.13,1.99,4,0.6,45.2,Moderate
EMP_03568,Marketing,Democratic,3.68,3.68,3.52,4.93,2.39,4,8.9,45.1,Moderate
EMP_03569,Marketing,Supportive,3.96,3.95,2.01,3.5,2.56,4,0.9,51.2,Moderate
EMP_03570,Engineering,Supportive,3.67,4.41,3.44,3.89,2.19,3,1.1,66.8,Moderate
EMP_03571,Sales,Democratic,4.04,4.81,5.0,3.95,2.11,4,1.3,63.5,Moderate
EMP_03572,Engineering,Supportive,4.21,3.52,3.21,4.48,2.93,3,10.5,52.7,Moderate
EMP_03573,HR,Democratic,4.41,3.63,3.56,5.0,2.21,3,0.5,51.7,Moderate
EMP_03574,Engineering,Supportive,3.45,4.71,5.0,4.4,2.65,3,6.4,59.8,Moderate
EMP_03575,Data Science,Democratic,3.46,4.27,3.63,3.44,2.84,1,3.6,49.0,Moderate
EMP_03576,Sales,Democratic,4.18,3.37,3.01,2.75,2.04,5,0.5,40.2,Low
EMP_03577,Product Management,Democratic,4.66,3.99,3.45,3.58,3.21,3,4.7,41.3,Low
EMP_03578,Engineering,Supportive,3.75,4.36,2.75,3.63,2.63,3,0.5,65.5,Moderate
EMP_03579,Engineering,Democratic,4.0,4.42,3.01,3.22,1.0,2,3.7,68.0,Moderate
EMP_03580,Data Science,Supportive,2.72,4.23,1.6,3.06,3.09,5,4.7,62.0,Moderate
EMP_03581,HR,Supportive,4.75,3.68,2.74,3.75,2.83,4,5.1,50.6,Moderate
EMP_03582,Marketing,Democratic,3.6,3.28,3.54,4.68,2.27,4,1.3,52.4,Moderate
EMP_03583,Engineering,Supportive,5.0,4.27,2.68,4.15,1.8,3,0.5,65.5,Moderate
EMP_03584,Marketing,Supportive,3.55,3.53,4.36,4.71,3.32,3,0.8,50.9,Moderate
EMP_03585,Engineering,Supportive,3.67,3.96,3.49,3.88,4.42,3,0.7,43.5,Low
EMP_03586,Data Science,Supportive,4.59,4.01,3.08,4.1,1.71,4,0.5,53.8,Moderate
EMP_03587,HR,Supportive,3.79,4.71,3.93,3.25,1.63,4,13.4,53.7,Moderate
EMP_03588,Sales,Supportive,5.0,3.63,3.74,3.27,3.11,3,8.3,51.8,Moderate
EMP_03589,Sales,Supportive,3.32,3.27,2.85,3.27,3.24,1,0.5,44.0,Low
EMP_03590,Sales,Democratic,3.13,3.6,2.44,3.93,3.27,4,14.7,10.5,Low
EMP_03591,Sales,Democratic,3.77,4.59,3.32,2.82,2.98,2,10.4,40.8,Low
EMP_03592,Engineering,Democratic,3.85,3.91,2.17,3.7,2.21,3,0.8,47.1,Moderate
EMP_03593,Engineering,Democratic,2.88,3.64,3.02,2.12,2.55,5,7.2,38.2,Low
EMP_03594,Engineering,Autocratic/Micromanagement,3.6,4.06,3.46,3.12,2.47,1,0.5,39.8,Low
EMP_03595,Engineering,Democratic,4.2,3.82,2.61,4.17,3.21,4,6.0,33.2,Low
EMP_03596,Product Management,Supportive,2.95,3.46,2.72,2.12,2.02,4,7.6,50.9,Moderate
EMP_03597,HR,Democratic,3.0,3.84,1.62,3.26,2.05,4,3.0,45.0,Moderate
EMP_03598,Engineering,Democratic,4.84,3.78,2.27,3.48,1.02,1,2.0,47.6,Moderate
EMP_03599,Engineering,Supportive,3.66,3.72,3.88,4.73,3.13,2,14.3,49.0,Moderate
EMP_03600,Product Management,Democratic,3.07,3.33,3.11,3.31,1.77,4,5.3,44.7,Low
EMP_03601,Product Management,Supportive,3.23,4.13,3.04,3.39,2.35,4,3.9,51.4,Moderate
EMP_03602,Sales,Supportive,3.93,3.8,1.66,4.09,2.24,3,4.6,34.2,Low
EMP_03603,Engineering,Autocratic/Micromanagement,2.84,4.19,1.98,5.0,2.07,3,7.0,39.6,Low
EMP_03604,Sales,Autocratic/Micromanagement,3.41,3.99,2.72,2.71,1.0,2,5.2,51.3,Moderate
EMP_03605,Engineering,Supportive,3.4,4.35,3.0,2.95,1.54,3,1.5,69.8,Moderate
EMP_03606,Data Science,Supportive,3.77,3.73,3.13,3.27,2.2,5,11.2,49.4,Moderate
EMP_03607,Product Management,Supportive,3.54,3.4,2.63,2.83,2.13,3,0.6,54.0,Moderate
EMP_03608,Engineering,Democratic,4.33,3.46,3.29,3.79,2.9,4,14.3,30.0,Low
EMP_03609,Data Science,Supportive,3.67,3.68,3.77,4.05,3.0,4,0.5,47.0,Moderate
EMP_03610,Product Management,Supportive,2.76,3.47,3.21,4.13,3.0,5,12.5,50.7,Moderate
EMP_03611,Data Science,Supportive,4.34,3.36,3.25,3.14,2.63,5,1.1,56.5,Moderate
EMP_03612,Sales,Supportive,4.26,4.04,3.19,3.85,1.92,4,2.3,55.0,Moderate
EMP_03613,Engineering,Democratic,3.76,4.25,3.05,3.13,2.01,5,0.5,56.5,Moderate
EMP_03614,Data Science,Democratic,3.23,3.85,2.54,2.16,1.98,4,1.3,44.2,Low
EMP_03615,Marketing,Supportive,3.94,4.18,2.29,3.33,2.28,3,3.5,54.3,Moderate
EMP_03616,Marketing,Democratic,4.01,3.33,3.11,3.12,3.16,4,2.8,37.9,Low
EMP_03617,HR,Democratic,3.91,3.87,3.75,3.72,2.61,1,12.1,38.4,Low
EMP_03618,Engineering,Autocratic/Micromanagement,2.87,3.55,4.97,3.99,1.17,3,1.7,45.5,Moderate
EMP_03619,Data Science,Autocratic/Micromanagement,3.31,3.66,3.87,3.68,1.38,5,1.5,44.1,Low
EMP_03620,Sales,Democratic,3.83,3.22,3.72,2.49,1.92,3,7.8,47.4,Moderate
EMP_03621,HR,Autocratic/Micromanagement,4.09,4.26,1.72,4.94,3.73,1,8.7,19.5,Low
EMP_03622,Product Management,Supportive,4.32,4.04,3.21,3.43,2.66,5,1.4,49.5,Moderate
EMP_03623,Marketing,Supportive,3.63,3.61,4.68,3.37,2.65,4,6.9,59.3,Moderate
EMP_03624,Data Science,Autocratic/Micromanagement,2.88,4.23,2.22,3.17,2.25,5,8.1,61.7,Moderate
EMP_03625,Engineering,Democratic,4.19,4.37,3.25,3.86,1.0,4,0.9,68.6,Moderate
EMP_03626,Data Science,Democratic,3.07,3.39,2.04,4.38,2.87,4,6.8,40.2,Low
EMP_03627,Engineering,Autocratic/Micromanagement,3.53,3.05,3.76,3.93,2.59,4,13.1,44.4,Low
EMP_03628,Sales,Autocratic/Micromanagement,3.65,3.44,3.9,2.7,1.25,4,9.1,49.0,Moderate
EMP_03629,HR,Supportive,3.53,3.65,4.36,3.73,3.02,4,20.0,59.8,Moderate
EMP_03630,Engineering,Autocratic/Micromanagement,4.02,3.47,3.42,4.66,2.81,4,3.3,27.0,Low
EMP_03631,Sales,Supportive,3.69,4.41,2.06,3.06,2.77,4,5.0,28.4,Low
EMP_03632,Product Management,Supportive,2.72,3.26,2.0,4.27,1.6,1,6.9,56.0,Moderate
EMP_03633,Engineering,Democratic,2.02,2.36,3.75,3.73,2.3,3,6.2,27.7,Low
EMP_03634,Sales,Supportive,3.04,3.9,3.82,3.84,1.83,3,18.3,51.6,Moderate
EMP_03635,Engineering,Democratic,3.69,3.63,3.01,4.95,3.03,2,0.5,42.6,Low
EMP_03636,Marketing,Democratic,2.82,3.45,3.36,2.85,2.05,3,2.0,47.2,Moderate
EMP_03637,Sales,Supportive,3.56,3.66,2.68,3.89,3.48,4,6.7,38.1,Low
EMP_03638,HR,Supportive,4.59,4.58,3.63,3.36,2.36,4,4.5,59.0,Moderate
EMP_03639,Sales,Supportive,4.81,3.02,3.4,4.21,2.54,4,2.4,44.4,Low
EMP_03640,Sales,Autocratic/Micromanagement,4.1,3.94,3.32,3.43,1.5,5,1.2,25.3,Low
EMP_03641,Engineering,Supportive,3.99,4.29,3.65,4.1,2.54,3,1.5,66.2,Moderate
EMP_03642,Sales,Autocratic/Micromanagement,3.68,3.75,3.3,3.68,1.0,1,4.8,54.2,Moderate
EMP_03643,Engineering,Autocratic/Micromanagement,4.03,3.34,2.64,3.77,1.33,2,2.2,37.3,Low
EMP_03644,Marketing,Democratic,3.16,3.43,3.11,3.59,3.21,5,3.2,38.8,Low
EMP_03645,HR,Supportive,3.99,4.47,3.11,3.4,1.79,3,0.5,52.7,Moderate
EMP_03646,Engineering,Supportive,4.01,3.46,2.99,4.2,3.16,5,2.2,46.2,Moderate
EMP_03647,Marketing,Supportive,4.37,3.86,3.01,3.51,2.67,5,2.7,39.2,Low
EMP_03648,Sales,Supportive,4.26,4.04,3.26,3.34,3.35,1,3.9,41.9,Low
EMP_03649,Data Science,Autocratic/Micromanagement,3.34,3.79,3.22,2.79,1.82,3,12.9,41.5,Low
EMP_03650,Product Management,Democratic,3.25,4.15,2.86,3.37,3.26,4,1.8,43.4,Low
EMP_03651,Engineering,Supportive,2.9,2.74,2.19,2.97,2.8,3,4.2,35.7,Low
EMP_03652,HR,Supportive,3.86,2.73,3.63,3.39,2.89,4,1.7,49.4,Moderate
EMP_03653,Engineering,Democratic,4.3,3.84,2.33,4.13,3.89,3,7.4,32.0,Low
EMP_03654,Marketing,Democratic,3.02,4.15,4.77,3.11,3.04,5,6.9,42.7,Low
EMP_03655,Product Management,Supportive,4.07,3.9,3.35,4.38,3.05,4,5.0,47.8,Moderate
EMP_03656,Sales,Supportive,4.06,3.66,2.64,2.64,3.57,5,7.2,39.9,Low
EMP_03657,Sales,Supportive,4.8,3.42,2.73,3.97,1.4,3,3.9,49.8,Moderate
EMP_03658,Engineering,Democratic,2.72,3.39,3.66,3.67,1.9,4,8.9,51.0,Moderate
EMP_03659,Product Management,Supportive,2.86,3.74,3.41,4.16,3.49,3,6.2,39.1,Low
EMP_03660,Product Management,Autocratic/Micromanagement,3.96,4.29,3.01,3.14,2.51,2,9.2,38.5,Low
EMP_03661,Engineering,Supportive,2.89,3.53,3.68,4.49,4.04,1,0.5,49.5,Moderate
EMP_03662,Data Science,Supportive,3.03,3.57,2.86,3.43,2.7,4,2.6,48.1,Moderate
EMP_03663,Engineering,Autocratic/Micromanagement,3.86,4.88,2.99,3.22,1.24,5,6.7,67.1,Moderate
EMP_03664,Data Science,Supportive,4.41,4.15,3.3,3.39,2.62,1,3.5,50.0,Moderate
EMP_03665,Data Science,Autocratic/Micromanagement,3.77,3.49,2.11,3.08,3.99,4,6.0,38.7,Low
EMP_03666,Data Science,Supportive,4.49,3.5,2.75,4.16,1.67,4,6.0,58.5,Moderate
EMP_03667,Product Management,Supportive,3.84,4.17,3.5,2.85,2.74,1,0.9,52.6,Moderate
EMP_03668,Data Science,Democratic,3.75,3.53,1.69,3.57,3.05,4,3.1,37.5,Low
EMP_03669,Marketing,Democratic,3.33,3.8,3.06,4.12,2.89,4,1.4,41.8,Low
EMP_03670,Product Management,Supportive,4.6,3.74,2.65,3.39,2.59,3,0.7,45.5,Moderate
EMP_03671,Engineering,Democratic,2.98,3.99,2.6,3.1,3.29,4,1.2,31.9,Low
EMP_03672,Product Management,Democratic,3.28,3.96,2.26,2.49,1.0,5,1.0,47.3,Moderate
EMP_03673,Data Science,Supportive,3.84,4.62,3.82,3.86,2.73,4,4.3,57.8,Moderate
EMP_03674,Marketing,Supportive,4.22,4.18,2.26,3.03,3.64,5,1.3,47.1,Moderate
EMP_03675,Product Management,Supportive,3.45,3.98,3.58,3.2,3.6,3,2.0,43.8,Low
EMP_03676,Marketing,Supportive,3.26,4.03,2.93,3.53,2.13,5,6.2,52.5,Moderate
EMP_03677,Sales,Supportive,3.34,4.39,2.12,3.64,1.99,1,0.7,40.4,Low
EMP_03678,Engineering,Autocratic/Micromanagement,3.3,4.07,2.47,3.94,1.61,3,2.1,51.3,Moderate
EMP_03679,Data Science,Supportive,3.08,3.15,2.77,3.59,3.49,4,18.2,45.4,Moderate
EMP_03680,Engineering,Supportive,3.56,4.94,2.04,3.71,1.95,5,0.5,66.4,Moderate
EMP_03681,Data Science,Autocratic/Micromanagement,3.17,4.11,3.53,2.83,2.19,3,1.6,47.1,Moderate
EMP_03682,Product Management,Supportive,4.21,3.72,2.57,4.13,1.91,3,0.7,57.1,Moderate
EMP_03683,Data Science,Supportive,3.24,4.21,2.36,2.47,2.43,1,0.5,63.9,Moderate
EMP_03684,Marketing,Supportive,3.28,3.66,3.03,3.61,1.0,4,7.1,52.3,Moderate
EMP_03685,Engineering,Supportive,3.21,4.06,2.59,3.88,2.45,4,7.9,46.1,Moderate
EMP_03686,Product Management,Autocratic/Micromanagement,3.23,4.34,3.07,2.89,2.95,5,0.5,44.4,Low
EMP_03687,Engineering,Autocratic/Micromanagement,3.58,3.09,3.64,3.12,2.77,5,0.6,38.8,Low
EMP_03688,Marketing,Supportive,3.14,3.25,4.09,3.34,1.56,4,5.5,56.0,Moderate
EMP_03689,Product Management,Supportive,3.96,3.06,3.19,3.85,1.81,5,5.4,54.0,Moderate
EMP_03690,Sales,Democratic,4.35,3.85,2.19,4.14,1.0,3,1.0,29.6,Low
EMP_03691,Sales,Autocratic/Micromanagement,4.15,3.63,4.63,3.98,1.94,4,6.3,37.2,Low
EMP_03692,HR,Supportive,3.86,3.21,3.19,3.31,2.79,4,1.2,51.0,Moderate
EMP_03693,Engineering,Autocratic/Micromanagement,2.61,4.22,4.56,3.63,1.97,3,2.7,58.3,Moderate
EMP_03694,Data Science,Democratic,3.62,3.95,4.53,2.83,2.99,4,8.0,44.2,Low
EMP_03695,Sales,Supportive,3.58,4.15,2.99,2.82,2.27,4,5.1,57.1,Moderate
EMP_03696,Marketing,Democratic,3.78,3.95,4.45,4.01,2.78,4,10.2,36.8,Low
EMP_03697,Sales,Autocratic/Micromanagement,3.19,4.06,3.21,4.3,2.75,3,0.5,50.3,Moderate
EMP_03698,Data Science,Democratic,5.0,3.76,3.11,3.8,1.01,5,8.2,39.3,Low
EMP_03699,Engineering,Supportive,2.27,3.55,2.95,3.6,2.04,3,1.2,48.9,Moderate
EMP_03700,Data Science,Democratic,4.29,4.18,3.2,2.99,1.12,4,0.9,55.6,Moderate
EMP_03701,Sales,Supportive,3.63,3.76,2.75,2.89,1.82,4,0.5,61.1,Moderate
EMP_03702,Product Management,Autocratic/Micromanagement,2.0,3.73,2.64,3.09,2.24,3,8.0,43.1,Low
EMP_03703,Data Science,Supportive,3.32,3.82,3.08,4.66,2.85,5,5.0,52.3,Moderate
EMP_03704,HR,Autocratic/Micromanagement,2.9,3.75,2.81,2.75,3.92,2,1.2,36.4,Low
EMP_03705,Data Science,Democratic,4.11,3.58,3.28,3.66,2.57,5,7.4,36.0,Low
EMP_03706,Data Science,Democratic,4.26,4.28,2.9,3.88,2.64,4,9.7,54.0,Moderate
EMP_03707,Engineering,Supportive,3.74,4.75,2.64,3.65,2.56,5,1.6,57.2,Moderate
EMP_03708,Data Science,Supportive,3.72,3.31,3.05,2.67,2.07,2,3.7,56.6,Moderate
EMP_03709,Marketing,Supportive,4.22,3.91,2.0,3.41,2.77,5,2.1,42.5,Low
EMP_03710,Product Management,Supportive,4.24,4.12,3.69,3.8,1.95,5,15.8,47.0,Moderate
EMP_03711,Engineering,Democratic,4.41,4.17,2.35,3.66,3.75,2,1.2,31.9,Low
EMP_03712,Marketing,Democratic,3.05,4.21,3.18,3.73,3.97,4,0.5,40.8,Low
EMP_03713,Data Science,Supportive,2.92,4.12,1.59,4.41,2.29,4,0.5,57.7,Moderate
EMP_03714,HR,Democratic,3.21,4.33,3.08,3.8,2.74,4,2.3,38.4,Low
EMP_03715,Marketing,Democratic,3.37,4.02,1.19,3.42,1.81,1,2.3,44.8,Low
EMP_03716,Data Science,Democratic,3.37,4.09,3.17,3.28,2.27,5,3.0,46.4,Moderate
EMP_03717,HR,Supportive,2.67,4.58,3.09,3.75,1.3,4,1.0,50.6,Moderate
EMP_03718,Sales,Supportive,4.26,4.59,2.67,4.42,1.51,4,10.5,59.5,Moderate
EMP_03719,Engineering,Supportive,3.11,3.71,3.37,3.31,3.75,4,0.5,46.4,Moderate
EMP_03720,Sales,Democratic,3.69,4.11,3.08,2.66,3.3,4,2.4,36.1,Low
EMP_03721,Data Science,Supportive,5.0,5.0,2.53,2.85,1.82,4,0.5,72.2,Moderate
EMP_03722,Data Science,Supportive,4.07,3.39,2.55,3.72,2.25,4,4.1,43.2,Low
EMP_03723,Marketing,Democratic,2.89,4.16,2.74,3.58,1.97,3,7.8,50.7,Moderate
EMP_03724,Sales,Democratic,2.84,3.39,3.4,4.18,2.82,4,1.6,37.0,Low
EMP_03725,Data Science,Autocratic/Micromanagement,4.26,4.52,4.26,2.56,2.3,2,0.5,35.3,Low
EMP_03726,Sales,Supportive,3.66,4.55,2.55,3.96,3.01,2,1.6,42.6,Low
EMP_03727,HR,Autocratic/Micromanagement,3.75,4.36,2.84,3.53,3.02,4,2.5,37.9,Low
EMP_03728,Marketing,Autocratic/Micromanagement,3.98,4.22,3.78,3.73,2.84,5,1.5,43.6,Low
EMP_03729,Engineering,Supportive,4.54,3.35,1.91,4.46,2.44,4,10.0,52.6,Moderate
EMP_03730,Product Management,Autocratic/Micromanagement,4.23,4.65,4.11,2.17,2.29,3,6.2,24.8,Low
EMP_03731,Sales,Autocratic/Micromanagement,4.17,2.99,2.46,3.09,1.61,3,2.0,12.8,Low
EMP_03732,Sales,Autocratic/Micromanagement,4.74,4.13,2.64,3.72,3.17,2,6.1,25.4,Low
EMP_03733,Marketing,Autocratic/Micromanagement,3.54,4.47,2.38,4.32,2.63,5,5.1,42.0,Low
EMP_03734,Marketing,Autocratic/Micromanagement,3.44,3.21,3.15,3.04,2.63,4,2.1,54.9,Moderate
EMP_03735,HR,Autocratic/Micromanagement,3.48,4.3,3.91,3.25,2.49,5,6.7,44.2,Low
EMP_03736,Engineering,Supportive,3.37,3.76,3.33,2.75,1.44,5,4.4,50.9,Moderate
EMP_03737,Engineering,Supportive,3.97,3.77,2.76,3.39,2.9,4,1.6,46.4,Moderate
EMP_03738,Product Management,Supportive,3.9,3.56,2.19,3.21,2.69,1,3.3,49.8,Moderate
EMP_03739,Data Science,Supportive,3.86,4.4,3.42,3.82,2.0,4,0.5,73.2,Moderate
EMP_03740,Engineering,Supportive,3.12,4.44,3.54,2.94,1.9,3,0.8,71.8,Moderate
EMP_03741,Product Management,Democratic,4.53,4.33,3.04,3.62,3.22,5,2.2,40.6,Low
EMP_03742,Sales,Supportive,3.06,3.65,1.57,3.44,1.3,1,0.6,44.1,Low
EMP_03743,Product Management,Democratic,3.32,3.76,4.21,4.22,2.0,3,0.5,53.1,Moderate
EMP_03744,Engineering,Democratic,3.84,3.98,3.99,3.89,2.64,1,9.0,39.0,Low
EMP_03745,Sales,Democratic,3.49,2.79,1.09,3.6,1.72,3,5.0,30.3,Low
EMP_03746,Engineering,Supportive,4.17,3.29,2.94,3.51,2.43,4,0.5,58.4,Moderate
EMP_03747,Data Science,Democratic,3.69,4.43,2.5,3.7,1.0,5,1.0,71.5,Moderate
EMP_03748,Sales,Supportive,3.71,3.44,1.66,5.0,3.71,3,7.1,29.7,Low
EMP_03749,Sales,Supportive,3.12,3.59,2.08,4.06,1.75,1,2.6,43.0,Low
EMP_03750,Product Management,Autocratic/Micromanagement,3.45,3.27,2.39,3.32,2.68,4,0.5,38.5,Low
EMP_03751,Marketing,Democratic,4.46,3.8,4.0,3.54,1.85,4,6.0,52.3,Moderate
EMP_03752,Data Science,Autocratic/Micromanagement,4.37,3.58,2.67,2.91,2.16,3,4.8,31.8,Low
EMP_03753,Sales,Democratic,3.11,4.2,2.79,3.03,3.11,5,1.4,41.8,Low
EMP_03754,Product Management,Supportive,2.75,3.83,3.24,2.91,2.27,3,2.2,49.9,Moderate
EMP_03755,Engineering,Supportive,3.91,4.1,2.69,3.4,2.5,1,4.4,50.9,Moderate
EMP_03756,Sales,Supportive,4.22,3.54,2.62,3.95,3.18,3,2.4,44.5,Low
EMP_03757,Data Science,Democratic,4.05,3.97,2.98,4.46,2.96,2,1.5,45.3,Moderate
EMP_03758,HR,Autocratic/Micromanagement,2.93,5.0,3.06,3.28,2.6,4,3.7,43.6,Low
EMP_03759,Product Management,Supportive,3.53,4.26,3.36,3.82,3.04,4,0.5,56.3,Moderate
EMP_03760,Product Management,Democratic,2.51,3.13,2.66,5.0,4.5,3,1.5,29.2,Low
EMP_03761,Engineering,Supportive,3.61,3.51,2.13,3.55,2.61,5,2.4,50.0,Moderate
EMP_03762,Data Science,Supportive,3.87,3.67,2.73,4.01,1.78,4,0.5,50.1,Moderate
EMP_03763,Engineering,Supportive,3.57,3.24,3.14,3.85,1.65,3,0.5,59.7,Moderate
EMP_03764,HR,Supportive,4.39,3.82,1.92,3.32,2.74,1,4.5,49.7,Moderate
EMP_03765,Engineering,Autocratic/Micromanagement,3.87,4.34,2.24,3.72,3.81,3,1.6,53.4,Moderate
EMP_03766,Engineering,Democratic,3.63,3.69,2.69,2.51,1.84,5,2.4,51.2,Moderate
EMP_03767,Engineering,Democratic,3.67,4.11,3.07,4.75,2.64,4,3.2,45.4,Moderate
EMP_03768,Sales,Supportive,4.16,2.92,2.78,2.75,1.0,3,0.9,47.0,Moderate
EMP_03769,Marketing,Autocratic/Micromanagement,2.41,3.92,2.12,3.25,2.57,4,0.5,40.8,Low
EMP_03770,Engineering,Democratic,3.19,3.54,3.7,3.49,3.42,4,7.9,34.1,Low
EMP_03771,Product Management,Supportive,3.39,3.86,3.92,3.55,4.25,2,2.1,42.9,Low
EMP_03772,Product Management,Autocratic/Micromanagement,3.63,4.55,2.7,2.73,3.87,5,11.6,36.8,Low
EMP_03773,Engineering,Autocratic/Micromanagement,3.77,3.87,2.8,2.97,2.03,2,4.1,51.0,Moderate
EMP_03774,Marketing,Democratic,3.53,3.92,3.2,3.74,3.04,4,4.9,35.5,Low
EMP_03775,Product Management,Democratic,3.67,3.91,2.86,3.46,1.0,4,4.1,50.0,Moderate
EMP_03776,Marketing,Democratic,3.5,3.9,3.17,3.2,1.77,2,6.7,49.4,Moderate
EMP_03777,HR,Supportive,3.82,2.95,3.38,3.24,3.27,3,3.5,50.7,Moderate
EMP_03778,HR,Supportive,3.72,4.18,2.6,3.48,2.5,2,18.1,53.2,Moderate
EMP_03779,Product Management,Democratic,3.2,3.12,3.89,3.64,1.44,2,4.3,45.5,Moderate
EMP_03780,Engineering,Supportive,3.22,3.99,2.86,3.66,3.27,3,7.2,47.9,Moderate
EMP_03781,Marketing,Supportive,4.94,3.7,2.15,4.83,2.2,3,5.6,52.3,Moderate
EMP_03782,Engineering,Democratic,4.23,3.34,2.69,3.57,1.36,1,1.1,56.8,Moderate
EMP_03783,Product Management,Autocratic/Micromanagement,4.94,4.52,1.79,3.29,3.23,4,3.9,18.0,Low
EMP_03784,Engineering,Democratic,3.29,4.15,3.52,3.34,2.75,4,2.1,51.4,Moderate
EMP_03785,Data Science,Supportive,3.73,3.29,3.88,3.43,1.94,5,0.5,53.5,Moderate
EMP_03786,Engineering,Democratic,3.68,3.92,3.43,3.47,2.0,5,4.2,45.9,Moderate
EMP_03787,Product Management,Democratic,3.35,4.49,2.0,3.98,4.11,5,3.8,39.0,Low
EMP_03788,Data Science,Democratic,3.53,3.57,1.75,3.08,1.55,1,1.9,52.8,Moderate
EMP_03789,Marketing,Democratic,3.78,4.23,3.39,2.66,1.35,4,7.0,49.3,Moderate
EMP_03790,Sales,Autocratic/Micromanagement,4.0,3.8,3.37,4.26,2.3,1,8.3,23.3,Low
EMP_03791,Engineering,Democratic,2.7,4.42,4.7,4.81,1.57,4,3.9,63.1,Moderate
EMP_03792,Product Management,Supportive,3.82,4.47,2.6,3.06,2.49,4,0.7,49.6,Moderate
EMP_03793,Sales,Autocratic/Micromanagement,3.14,4.88,4.02,4.1,1.83,5,13.2,52.7,Moderate
EMP_03794,Sales,Democratic,3.66,3.96,2.95,2.93,4.09,3,1.4,32.5,Low
EMP_03795,HR,Autocratic/Micromanagement,3.07,4.09,2.99,3.74,3.2,3,8.7,46.2,Moderate
EMP_03796,Marketing,Democratic,2.89,4.21,3.46,3.73,3.13,4,0.5,38.3,Low
EMP_03797,Data Science,Supportive,3.32,3.24,3.24,3.26,2.76,5,2.9,45.4,Moderate
EMP_03798,Marketing,Democratic,4.37,4.85,2.89,3.19,2.08,4,7.0,42.5,Low
EMP_03799,Sales,Autocratic/Micromanagement,3.82,4.03,2.65,3.38,2.85,4,5.0,44.1,Low
EMP_03800,Data Science,Supportive,3.39,3.76,3.87,4.59,2.9,4,4.7,56.0,Moderate
EMP_03801,Product Management,Supportive,3.32,4.0,2.88,2.48,3.1,5,0.6,51.1,Moderate
EMP_03802,HR,Supportive,3.19,3.85,1.98,3.98,2.59,4,0.8,55.7,Moderate
EMP_03803,Product Management,Supportive,3.3,3.62,4.17,2.8,2.01,5,3.5,51.2,Moderate
EMP_03804,Engineering,Supportive,4.1,3.03,1.73,3.11,2.64,4,6.7,47.2,Moderate
EMP_03805,Engineering,Autocratic/Micromanagement,4.08,4.17,3.79,3.68,2.82,3,11.9,20.2,Low
EMP_03806,Engineering,Democratic,3.35,3.88,2.22,3.13,2.59,1,4.4,46.8,Moderate
EMP_03807,Sales,Supportive,4.18,3.15,3.58,1.81,3.52,4,15.4,47.7,Moderate
EMP_03808,Sales,Democratic,3.97,3.82,4.17,3.25,2.17,2,6.1,51.4,Moderate
EMP_03809,Engineering,Supportive,4.49,3.38,2.85,2.49,1.58,3,0.6,55.8,Moderate
EMP_03810,Data Science,Supportive,3.5,2.93,2.4,3.22,3.13,4,2.2,42.5,Low
EMP_03811,Product Management,Democratic,4.43,4.23,3.83,3.7,2.56,3,0.8,36.0,Low
EMP_03812,Engineering,Supportive,3.34,3.69,3.21,3.47,1.18,4,4.8,51.8,Moderate
EMP_03813,Engineering,Supportive,4.03,3.49,3.29,3.6,3.76,4,3.5,41.6,Low
EMP_03814,Data Science,Autocratic/Micromanagement,4.69,4.31,2.07,3.75,1.0,4,2.2,35.3,Low
EMP_03815,Data Science,Democratic,3.71,4.36,2.9,3.17,3.26,4,1.5,47.8,Moderate
EMP_03816,Sales,Autocratic/Micromanagement,3.44,3.15,2.35,4.03,3.09,4,2.8,23.7,Low
EMP_03817,Engineering,Democratic,3.42,4.37,3.1,4.64,2.05,4,0.5,64.8,Moderate
EMP_03818,Data Science,Democratic,4.41,3.85,3.42,3.29,2.01,3,2.5,44.7,Low
EMP_03819,Engineering,Autocratic/Micromanagement,3.33,3.99,3.56,4.03,2.23,2,3.0,45.6,Moderate
EMP_03820,Product Management,Democratic,3.52,3.64,4.41,3.57,3.04,4,3.2,36.0,Low
EMP_03821,Engineering,Democratic,3.82,4.42,3.03,3.04,1.15,4,1.2,68.8,Moderate
EMP_03822,Engineering,Supportive,3.57,3.24,3.65,3.73,2.61,3,9.3,48.6,Moderate
EMP_03823,Sales,Democratic,4.47,3.67,4.03,4.02,2.51,2,0.5,56.2,Moderate
EMP_03824,Product Management,Democratic,4.14,3.58,4.03,2.89,2.66,5,10.3,37.1,Low
EMP_03825,Engineering,Supportive,2.99,4.17,3.32,3.65,3.13,4,1.0,46.4,Moderate
EMP_03826,Engineering,Democratic,3.81,4.64,2.31,3.72,3.52,3,2.1,48.3,Moderate
EMP_03827,Marketing,Supportive,4.16,4.04,3.69,3.31,2.19,3,9.0,53.8,Moderate
EMP_03828,Sales,Supportive,2.62,4.92,3.29,2.76,1.0,4,2.2,59.3,Moderate
EMP_03829,Data Science,Democratic,3.89,3.21,3.11,4.25,3.87,4,12.9,31.6,Low
EMP_03830,Engineering,Democratic,4.27,3.46,2.98,3.83,3.14,4,9.2,45.3,Moderate
EMP_03831,HR,Democratic,2.72,4.22,3.28,3.84,2.34,2,16.9,38.0,Low
EMP_03832,HR,Autocratic/Micromanagement,3.56,2.95,3.23,2.82,2.04,2,1.6,47.1,Moderate
EMP_03833,Data Science,Autocratic/Micromanagement,3.83,4.35,3.68,2.72,4.02,1,1.1,57.7,Moderate
EMP_03834,Marketing,Supportive,5.0,3.78,2.87,3.96,2.57,3,4.7,43.8,Low
EMP_03835,Sales,Democratic,4.32,3.63,4.08,3.79,3.86,4,0.9,51.7,Moderate
EMP_03836,Product Management,Democratic,3.54,3.79,4.35,3.58,3.26,3,3.8,49.0,Moderate
EMP_03837,Product Management,Supportive,4.26,3.8,3.95,3.33,2.73,4,0.7,50.3,Moderate
EMP_03838,Sales,Democratic,3.91,3.56,3.75,3.46,1.96,3,3.2,46.5,Moderate
EMP_03839,Data Science,Democratic,2.99,3.89,3.19,3.16,2.32,5,9.7,39.0,Low
EMP_03840,Engineering,Democratic,3.93,3.98,3.09,5.0,1.41,4,2.2,43.6,Low
EMP_03841,Data Science,Supportive,3.81,4.56,4.17,4.55,2.26,4,7.7,66.8,Moderate
EMP_03842,Engineering,Autocratic/Micromanagement,3.64,3.3,3.9,5.0,3.04,5,4.1,48.6,Moderate
EMP_03843,Engineering,Democratic,2.35,3.41,3.09,4.38,1.79,4,3.7,49.7,Moderate
EMP_03844,Marketing,Supportive,3.04,3.92,3.82,3.64,2.49,1,0.5,51.4,Moderate
EMP_03845,Sales,Supportive,4.49,4.05,3.85,4.6,3.25,4,1.6,46.8,Moderate
EMP_03846,Product Management,Democratic,2.83,3.85,3.33,4.29,3.17,5,5.0,43.3,Low
EMP_03847,Data Science,Supportive,3.54,3.63,2.32,3.76,3.91,4,3.5,44.5,Low
EMP_03848,Engineering,Democratic,3.83,4.24,3.76,3.14,3.73,2,10.4,49.9,Moderate
EMP_03849,Engineering,Supportive,4.23,4.89,2.66,3.57,2.37,5,2.1,58.0,Moderate
EMP_03850,Engineering,Supportive,4.01,3.69,3.35,3.45,1.0,4,1.6,60.2,Moderate
EMP_03851,Marketing,Supportive,3.52,4.44,2.67,3.49,2.78,4,9.7,50.8,Moderate
EMP_03852,Engineering,Supportive,3.07,3.98,2.58,3.34,3.31,2,3.3,51.0,Moderate
EMP_03853,Sales,Democratic,2.83,4.23,3.39,3.49,3.43,3,0.5,32.2,Low
EMP_03854,Sales,Democratic,3.26,3.77,2.83,3.21,1.34,3,1.9,49.5,Moderate
EMP_03855,Marketing,Democratic,2.76,4.02,2.95,4.77,1.9,4,0.8,41.6,Low
EMP_03856,Marketing,Autocratic/Micromanagement,2.82,4.7,2.43,3.57,2.78,4,3.0,40.8,Low
EMP_03857,HR,Supportive,4.64,3.75,3.55,3.11,2.58,5,0.5,55.1,Moderate
EMP_03858,Engineering,Autocratic/Micromanagement,4.16,3.24,3.17,2.77,2.64,4,5.2,29.5,Low
EMP_03859,Data Science,Democratic,2.36,4.0,2.26,3.85,1.65,3,5.3,49.2,Moderate
EMP_03860,Sales,Supportive,4.71,3.93,2.86,3.48,3.34,2,4.3,44.2,Low
EMP_03861,Sales,Supportive,3.86,3.91,3.54,3.62,2.05,3,1.9,59.2,Moderate
EMP_03862,Engineering,Supportive,3.6,3.15,3.17,3.2,1.96,2,1.3,54.7,Moderate
EMP_03863,Sales,Autocratic/Micromanagement,3.51,4.04,4.59,3.41,1.66,5,0.6,63.3,Moderate
EMP_03864,Engineering,Democratic,4.06,2.84,2.76,3.07,2.12,4,9.5,37.4,Low
EMP_03865,Engineering,Supportive,3.72,3.96,3.42,3.04,2.16,4,1.5,53.9,Moderate
EMP_03866,Product Management,Supportive,3.11,3.5,2.12,3.8,2.53,4,0.5,47.2,Moderate
EMP_03867,Data Science,Autocratic/Micromanagement,4.34,3.96,4.41,4.05,3.21,4,1.8,12.5,Low
EMP_03868,Engineering,Supportive,2.03,4.94,4.01,3.41,2.99,4,2.1,55.5,Moderate
EMP_03869,Marketing,Supportive,3.19,3.91,3.47,3.4,2.8,3,4.9,44.3,Low
EMP_03870,HR,Supportive,3.42,3.93,3.84,3.52,2.16,4,1.5,54.6,Moderate
EMP_03871,Data Science,Supportive,3.53,4.05,2.44,3.3,2.73,3,2.1,51.4,Moderate
EMP_03872,HR,Autocratic/Micromanagement,2.85,3.33,4.25,4.28,2.82,4,6.3,41.5,Low
EMP_03873,Engineering,Democratic,3.35,4.51,3.52,4.49,2.59,3,2.4,49.9,Moderate
EMP_03874,Engineering,Democratic,4.76,4.28,2.76,3.41,2.14,4,6.6,59.4,Moderate
EMP_03875,Sales,Autocratic/Micromanagement,4.17,3.75,2.68,3.79,1.78,4,12.5,23.7,Low
EMP_03876,Engineering,Democratic,3.86,3.89,3.52,3.11,2.13,4,7.5,51.9,Moderate
EMP_03877,Sales,Democratic,3.19,3.36,4.88,2.2,2.39,3,5.9,46.8,Moderate
EMP_03878,Product Management,Supportive,3.71,3.24,2.55,4.13,2.01,1,9.6,42.0,Low
EMP_03879,Marketing,Autocratic/Micromanagement,3.8,4.18,2.55,3.75,2.71,1,0.5,37.0,Low
EMP_03880,Data Science,Democratic,3.14,3.1,2.71,3.67,2.37,4,4.5,40.7,Low
EMP_03881,Data Science,Supportive,3.29,3.89,3.7,4.37,1.88,3,6.1,60.3,Moderate
EMP_03882,Sales,Supportive,2.74,3.7,3.55,4.08,2.58,5,2.7,51.3,Moderate
EMP_03883,Sales,Supportive,3.15,4.07,4.13,2.66,2.22,5,1.8,62.7,Moderate
EMP_03884,Engineering,Autocratic/Micromanagement,3.35,4.07,3.21,4.24,2.17,4,0.7,38.9,Low
EMP_03885,Sales,Autocratic/Micromanagement,3.29,4.07,2.84,3.12,3.38,4,1.4,39.3,Low
EMP_03886,Product Management,Supportive,2.48,3.63,2.12,2.21,1.82,5,1.3,57.4,Moderate
EMP_03887,Engineering,Supportive,3.87,3.11,3.0,3.63,1.5,5,0.6,57.6,Moderate
EMP_03888,Engineering,Democratic,4.43,4.28,3.11,4.54,1.69,1,1.7,66.7,Moderate
EMP_03889,Sales,Democratic,5.0,4.06,4.24,3.77,2.4,4,0.6,51.8,Moderate
EMP_03890,Product Management,Democratic,2.82,3.64,2.51,3.46,2.37,3,2.4,43.4,Low
EMP_03891,Sales,Democratic,3.67,3.52,3.13,3.3,1.0,5,0.5,51.2,Moderate
EMP_03892,Engineering,Supportive,4.1,4.39,3.17,3.83,2.89,4,1.0,58.0,Moderate
EMP_03893,Data Science,Autocratic/Micromanagement,3.37,4.01,3.2,3.96,2.7,5,8.5,37.6,Low
EMP_03894,Data Science,Autocratic/Micromanagement,3.51,4.41,3.24,3.1,3.18,3,4.4,60.0,Moderate
EMP_03895,Data Science,Supportive,5.0,3.86,3.61,3.16,1.82,4,1.8,54.7,Moderate
EMP_03896,Data Science,Autocratic/Micromanagement,3.25,3.57,3.74,2.63,2.09,4,9.5,45.6,Moderate
EMP_03897,Sales,Supportive,2.97,2.34,3.25,3.12,3.67,3,4.9,46.4,Moderate
EMP_03898,Marketing,Supportive,4.3,3.91,3.03,2.85,3.16,2,3.5,50.8,Moderate
EMP_03899,Data Science,Democratic,2.74,4.58,3.65,3.62,1.08,3,12.6,58.6,Moderate
EMP_03900,Sales,Democratic,3.86,3.29,2.24,4.18,2.52,3,3.9,27.9,Low
EMP_03901,Data Science,Democratic,2.67,4.09,3.22,3.59,1.65,5,2.6,46.5,Moderate
EMP_03902,Sales,Democratic,3.75,3.98,3.03,3.5,2.25,3,2.1,39.4,Low
EMP_03903,Product Management,Autocratic/Micromanagement,3.68,3.42,4.19,4.16,3.04,3,13.0,40.8,Low
EMP_03904,Data Science,Autocratic/Micromanagement,3.86,4.38,4.09,3.61,2.24,3,0.5,57.3,Moderate
EMP_03905,Data Science,Democratic,2.94,3.25,2.26,3.46,2.83,5,1.1,38.2,Low
EMP_03906,Engineering,Autocratic/Micromanagement,3.09,5.0,3.25,4.23,3.23,4,17.2,57.8,Moderate
EMP_03907,Engineering,Supportive,3.88,3.28,2.59,3.33,2.92,4,3.4,44.3,Low
EMP_03908,Product Management,Autocratic/Micromanagement,4.08,4.01,3.34,3.72,3.18,4,0.5,19.6,Low
EMP_03909,Engineering,Supportive,3.3,4.8,3.66,3.33,2.44,3,2.3,72.0,Moderate
EMP_03910,Sales,Supportive,3.42,4.08,2.8,2.73,2.99,2,4.9,47.2,Moderate
EMP_03911,Marketing,Supportive,4.35,4.28,3.12,4.27,3.68,5,0.5,52.2,Moderate
EMP_03912,Marketing,Democratic,3.15,4.38,3.45,3.14,3.59,4,1.8,37.9,Low
EMP_03913,Engineering,Supportive,5.0,3.53,2.87,4.41,2.83,5,0.5,41.5,Low
EMP_03914,Engineering,Democratic,3.99,3.8,2.62,4.83,1.45,1,0.5,52.9,Moderate
EMP_03915,Product Management,Supportive,4.45,4.25,2.33,3.95,1.54,4,1.5,48.2,Moderate
EMP_03916,Engineering,Supportive,3.49,3.68,4.26,3.92,1.63,4,3.4,57.8,Moderate
EMP_03917,HR,Democratic,2.54,3.8,3.42,2.89,3.4,5,1.8,36.6,Low
EMP_03918,Product Management,Supportive,3.44,4.1,3.04,3.57,2.11,4,6.8,53.1,Moderate
EMP_03919,Sales,Supportive,3.49,4.02,3.49,4.71,2.23,3,8.6,47.6,Moderate
EMP_03920,HR,Supportive,4.55,4.38,3.69,3.49,2.62,2,1.0,49.1,Moderate
EMP_03921,Engineering,Supportive,3.88,3.52,4.38,3.31,2.06,3,5.7,57.9,Moderate
EMP_03922,Engineering,Democratic,4.03,2.81,3.07,4.36,2.2,2,9.9,42.5,Low
EMP_03923,Engineering,Supportive,4.27,3.77,4.45,4.33,1.52,4,5.5,57.1,Moderate
EMP_03924,Engineering,Autocratic/Micromanagement,3.86,4.21,4.8,4.53,3.48,1,5.3,48.5,Moderate
EMP_03925,Sales,Autocratic/Micromanagement,3.22,3.25,3.67,3.53,1.31,3,0.5,46.9,Moderate
EMP_03926,Engineering,Autocratic/Micromanagement,3.78,4.02,3.44,3.66,3.83,4,2.5,41.4,Low
EMP_03927,Data Science,Supportive,4.1,3.29,3.61,3.53,2.38,2,0.5,42.6,Low
EMP_03928,Marketing,Supportive,4.3,4.36,3.75,3.93,2.72,3,7.0,47.3,Moderate
EMP_03929,Data Science,Democratic,4.31,2.64,3.43,3.86,3.96,5,9.4,21.0,Low
EMP_03930,Product Management,Autocratic/Micromanagement,3.33,3.49,3.32,4.38,2.38,3,3.7,45.0,Moderate
EMP_03931,Sales,Democratic,2.84,4.15,2.52,3.68,2.62,1,2.2,44.6,Low
EMP_03932,Engineering,Democratic,3.19,3.61,3.51,3.91,2.37,5,1.9,45.0,Moderate
EMP_03933,Product Management,Democratic,2.85,3.98,3.45,3.62,3.29,4,1.1,37.0,Low
EMP_03934,Engineering,Autocratic/Micromanagement,4.36,4.0,2.82,2.99,2.79,5,1.9,19.2,Low
EMP_03935,Sales,Autocratic/Micromanagement,3.49,3.29,1.79,4.1,2.77,4,0.8,25.3,Low
EMP_03936,Product Management,Autocratic/Micromanagement,3.51,3.99,3.04,4.35,1.61,4,2.3,42.7,Low
EMP_03937,Engineering,Supportive,3.97,3.84,3.09,3.82,2.73,4,1.8,50.0,Moderate
EMP_03938,Data Science,Autocratic/Micromanagement,4.23,4.44,2.6,2.72,4.48,4,2.5,28.9,Low
EMP_03939,Data Science,Supportive,4.29,4.04,3.13,2.99,2.02,5,2.5,55.3,Moderate
EMP_03940,HR,Democratic,3.76,3.57,2.27,3.69,3.11,4,1.2,36.0,Low
EMP_03941,Marketing,Supportive,2.52,3.39,1.96,4.26,2.03,4,3.0,45.1,Moderate
EMP_03942,Engineering,Supportive,3.39,3.91,2.39,3.84,3.98,3,1.2,44.0,Low
EMP_03943,HR,Autocratic/Micromanagement,4.14,4.4,3.28,3.07,2.16,4,5.9,22.5,Low
EMP_03944,Product Management,Supportive,4.29,3.49,2.51,3.72,2.58,4,5.7,48.2,Moderate
EMP_03945,Sales,Democratic,2.87,3.61,2.9,3.57,3.13,4,3.4,39.6,Low
EMP_03946,HR,Supportive,4.05,4.86,2.49,4.29,1.78,1,0.5,60.1,Moderate
EMP_03947,HR,Supportive,5.0,3.89,3.8,4.12,2.65,5,4.8,52.6,Moderate
EMP_03948,Engineering,Supportive,3.66,4.44,2.72,4.56,4.24,3,0.5,53.2,Moderate
EMP_03949,Marketing,Autocratic/Micromanagement,3.55,4.65,2.52,3.25,2.79,5,2.2,36.9,Low
EMP_03950,HR,Autocratic/Micromanagement,4.63,3.98,3.2,3.86,1.24,3,2.6,24.8,Low
EMP_03951,Marketing,Democratic,3.9,3.54,1.18,4.0,3.19,5,1.1,27.3,Low
EMP_03952,Engineering,Democratic,3.21,2.74,3.57,3.12,1.49,4,3.8,30.4,Low
EMP_03953,HR,Democratic,4.09,4.28,3.06,3.47,1.0,2,10.6,49.2,Moderate
EMP_03954,Sales,Democratic,3.65,2.91,2.0,2.65,1.0,3,4.9,44.1,Low
EMP_03955,Data Science,Supportive,3.87,3.65,2.93,2.96,4.02,4,4.1,40.1,Low
EMP_03956,Engineering,Supportive,3.29,3.11,2.93,2.84,2.53,5,2.1,50.2,Moderate
EMP_03957,Marketing,Supportive,3.43,4.01,3.34,3.47,2.96,3,3.6,59.9,Moderate
EMP_03958,Product Management,Democratic,2.66,4.06,3.57,3.07,3.3,4,4.2,34.9,Low
EMP_03959,Engineering,Autocratic/Micromanagement,3.04,4.1,3.81,2.87,2.68,2,9.9,42.3,Low
EMP_03960,Marketing,Democratic,3.46,3.97,4.1,4.05,2.66,5,4.9,29.8,Low
EMP_03961,Marketing,Supportive,4.25,2.99,4.05,4.05,2.87,4,0.5,45.8,Moderate
EMP_03962,Engineering,Supportive,2.76,3.34,3.62,4.68,2.97,1,1.7,53.7,Moderate
EMP_03963,Sales,Autocratic/Micromanagement,4.13,4.37,3.13,4.25,2.98,4,2.1,22.5,Low
EMP_03964,Sales,Autocratic/Micromanagement,3.56,3.07,3.76,2.5,2.53,1,4.0,42.6,Low
EMP_03965,HR,Supportive,3.89,3.21,2.02,3.53,3.26,2,2.1,41.8,Low
EMP_03966,Marketing,Autocratic/Micromanagement,4.11,4.1,3.6,4.57,2.77,2,1.5,17.0,Low
EMP_03967,Marketing,Democratic,3.22,4.17,2.91,3.06,1.73,5,2.7,47.9,Moderate
EMP_03968,Data Science,Democratic,3.9,4.2,4.87,3.8,3.69,3,0.6,57.6,Moderate
EMP_03969,Engineering,Democratic,3.28,4.23,3.64,3.53,1.39,4,2.0,60.5,Moderate
EMP_03970,Product Management,Supportive,3.32,3.12,3.74,3.68,2.07,3,4.9,51.7,Moderate
EMP_03971,HR,Democratic,2.55,3.87,3.97,4.05,4.35,5,1.6,23.2,Low
EMP_03972,Engineering,Supportive,3.07,3.76,3.87,4.56,1.0,4,2.9,61.0,Moderate
EMP_03973,Data Science,Supportive,3.6,3.33,2.82,3.83,2.66,4,0.6,50.0,Moderate
EMP_03974,Engineering,Democratic,3.62,4.34,1.63,3.63,3.65,5,1.6,49.0,Moderate
EMP_03975,HR,Democratic,3.28,3.07,4.2,3.17,2.79,4,2.2,36.9,Low
EMP_03976,HR,Supportive,3.93,3.8,2.7,4.69,1.98,2,0.5,52.7,Moderate
EMP_03977,Product Management,Autocratic/Micromanagement,2.56,4.43,3.58,3.58,2.59,3,2.2,49.5,Moderate
EMP_03978,Sales,Supportive,2.76,3.73,2.62,4.09,2.79,4,6.9,44.3,Low
EMP_03979,Sales,Democratic,3.98,4.2,4.04,2.96,3.62,5,0.5,48.4,Moderate
EMP_03980,Marketing,Supportive,3.26,3.47,3.68,4.3,1.14,4,1.3,56.1,Moderate
EMP_03981,HR,Supportive,5.0,3.51,2.92,4.39,1.49,5,3.9,53.3,Moderate
EMP_03982,Marketing,Democratic,3.54,3.79,4.09,3.92,2.13,4,0.5,45.1,Moderate
EMP_03983,Marketing,Supportive,4.39,3.18,1.75,3.2,3.89,3,1.9,41.3,Low
EMP_03984,HR,Autocratic/Micromanagement,3.46,3.39,3.06,3.76,2.71,3,4.8,45.8,Moderate
EMP_03985,Engineering,Supportive,3.95,3.98,3.43,4.12,3.77,5,3.0,45.7,Moderate
EMP_03986,Sales,Democratic,2.94,4.5,4.73,3.17,2.64,5,8.6,59.1,Moderate
EMP_03987,Sales,Supportive,2.8,3.16,2.47,3.82,1.91,4,2.0,43.3,Low
EMP_03988,Product Management,Supportive,3.0,3.94,3.44,4.16,3.99,2,2.7,42.2,Low
EMP_03989,Engineering,Supportive,4.33,4.56,2.42,3.47,2.64,4,4.8,61.6,Moderate
EMP_03990,Engineering,Democratic,3.16,4.49,2.83,3.41,2.7,3,1.0,53.0,Moderate
EMP_03991,Sales,Democratic,3.41,2.87,1.51,4.13,2.33,3,1.7,25.7,Low
EMP_03992,Marketing,Autocratic/Micromanagement,3.6,4.21,3.45,4.8,2.68,4,1.7,31.6,Low
EMP_03993,Sales,Democratic,4.46,4.2,3.04,3.78,3.61,4,5.1,27.4,Low
EMP_03994,Sales,Democratic,4.03,3.76,3.3,3.2,2.68,3,1.3,41.3,Low
EMP_03995,Engineering,Supportive,3.19,4.83,3.28,3.22,1.79,4,0.8,63.4,Moderate
EMP_03996,Engineering,Autocratic/Micromanagement,4.65,3.81,2.99,4.22,4.1,3,0.5,19.1,Low
EMP_03997,HR,Autocratic/Micromanagement,4.18,4.78,3.18,3.64,1.62,4,4.0,21.4,Low
EMP_03998,Product Management,Democratic,3.16,3.57,2.76,3.77,2.78,3,0.5,42.3,Low
EMP_03999,Sales,Supportive,4.21,3.82,3.55,3.64,3.48,3,2.2,44.4,Low
EMP_04000,Engineering,Autocratic/Micromanagement,3.05,3.22,3.9,4.04,1.16,5,3.2,42.5,Low
EMP_04001,Data Science,Supportive,4.56,2.84,3.24,2.64,2.32,4,5.2,46.6,Moderate
EMP_04002,Engineering,Democratic,4.5,4.2,3.31,3.3,3.59,4,2.3,54.6,Moderate
EMP_04003,Marketing,Democratic,2.94,3.69,5.0,4.38,2.4,3,3.8,36.2,Low
EMP_04004,Engineering,Supportive,4.08,3.98,3.15,3.64,3.93,2,5.4,41.7,Low
EMP_04005,Product Management,Supportive,3.71,3.88,2.92,3.76,3.34,3,5.1,41.7,Low
EMP_04006,Product Management,Democratic,2.98,4.6,4.24,3.81,2.87,3,4.4,38.2,Low
EMP_04007,Marketing,Democratic,3.58,4.2,2.53,4.04,1.88,5,1.0,36.0,Low
EMP_04008,Data Science,Autocratic/Micromanagement,3.55,3.42,2.28,3.03,1.31,5,0.6,48.6,Moderate
EMP_04009,Product Management,Democratic,3.7,3.84,2.43,4.44,3.81,4,2.1,38.9,Low
EMP_04010,Marketing,Democratic,3.76,3.18,2.77,2.43,2.93,5,0.5,41.9,Low
EMP_04011,Sales,Supportive,5.0,3.87,2.29,2.98,2.52,4,6.5,29.0,Low
EMP_04012,Marketing,Supportive,4.02,4.49,3.0,3.8,2.45,5,17.4,55.5,Moderate
EMP_04013,Sales,Autocratic/Micromanagement,3.74,3.5,3.26,3.59,1.19,4,4.0,48.9,Moderate
EMP_04014,Data Science,Supportive,4.51,4.17,2.58,3.21,2.81,2,1.9,47.5,Moderate
EMP_04015,Data Science,Autocratic/Micromanagement,3.86,3.02,4.42,3.55,1.8,5,1.1,50.7,Moderate
EMP_04016,HR,Autocratic/Micromanagement,3.36,4.25,4.73,3.78,2.71,3,6.7,48.6,Moderate
EMP_04017,Product Management,Autocratic/Micromanagement,4.15,3.88,1.86,3.95,2.89,3,6.1,16.9,Low
EMP_04018,HR,Democratic,4.55,4.02,3.2,3.77,2.44,4,2.4,44.2,Low
EMP_04019,Data Science,Democratic,3.02,3.7,1.47,2.58,1.47,4,3.0,48.5,Moderate
EMP_04020,Marketing,Democratic,4.61,3.53,3.86,3.88,3.61,1,11.0,40.0,Low
EMP_04021,Sales,Supportive,2.8,3.99,3.02,4.58,3.03,4,9.0,50.4,Moderate
EMP_04022,Sales,Democratic,4.37,3.83,2.92,3.43,1.06,3,2.3,49.5,Moderate
EMP_04023,Sales,Democratic,3.15,3.81,2.48,3.65,1.25,1,4.0,34.3,Low
EMP_04024,Data Science,Supportive,2.53,3.59,2.93,2.53,2.51,1,0.5,48.8,Moderate
EMP_04025,Product Management,Supportive,4.33,4.53,3.68,3.59,3.26,3,19.9,41.6,Low
EMP_04026,Engineering,Supportive,3.53,4.45,2.84,2.91,3.16,4,1.2,60.6,Moderate
EMP_04027,Sales,Democratic,3.23,4.87,2.22,3.76,2.28,5,7.3,25.7,Low
EMP_04028,Sales,Democratic,3.1,3.93,3.07,3.01,2.46,5,4.5,44.3,Low
EMP_04029,Sales,Supportive,3.42,4.69,2.42,4.0,1.88,3,4.4,39.7,Low
EMP_04030,Product Management,Autocratic/Micromanagement,4.33,4.0,4.73,3.99,2.05,4,1.5,21.2,Low
EMP_04031,Sales,Autocratic/Micromanagement,3.4,3.95,2.77,3.65,3.92,5,0.5,37.0,Low
EMP_04032,Product Management,Supportive,3.64,3.13,3.14,4.05,3.03,4,9.6,50.4,Moderate
EMP_04033,Engineering,Supportive,3.32,4.36,3.08,2.7,2.73,4,0.6,66.4,Moderate
EMP_04034,Data Science,Democratic,2.98,4.34,2.56,3.76,3.25,5,3.0,54.9,Moderate
EMP_04035,HR,Autocratic/Micromanagement,2.99,3.8,1.97,3.93,3.0,4,8.3,44.3,Low
EMP_04036,HR,Supportive,3.12,4.0,2.0,3.24,2.15,3,2.6,53.6,Moderate
EMP_04037,HR,Supportive,3.67,4.04,3.08,3.26,2.62,3,2.7,53.6,Moderate
EMP_04038,Engineering,Autocratic/Micromanagement,4.19,3.28,2.94,3.56,3.64,4,0.5,14.1,Low
EMP_04039,Engineering,Democratic,3.25,3.3,2.44,3.58,1.89,3,5.7,42.0,Low
EMP_04040,Engineering,Supportive,2.76,3.52,3.42,4.78,2.95,4,4.2,50.2,Moderate
EMP_04041,Data Science,Supportive,3.91,3.8,2.55,3.52,2.1,5,4.3,54.3,Moderate
EMP_04042,HR,Democratic,3.8,3.78,3.68,4.44,2.24,5,0.5,39.8,Low
EMP_04043,Engineering,Autocratic/Micromanagement,3.87,4.17,2.37,3.83,3.51,3,2.5,41.5,Low
EMP_04044,Sales,Autocratic/Micromanagement,4.34,3.18,2.85,3.2,1.57,3,2.3,27.8,Low
EMP_04045,Data Science,Democratic,4.59,4.78,3.09,3.21,2.2,2,1.0,54.8,Moderate
EMP_04046,Data Science,Democratic,2.89,3.64,2.59,3.47,2.59,4,4.1,47.9,Moderate
EMP_04047,Engineering,Autocratic/Micromanagement,4.78,4.03,3.86,2.8,2.55,3,1.5,18.8,Low
EMP_04048,Product Management,Democratic,3.85,3.82,2.69,3.13,2.38,3,1.7,39.9,Low
EMP_04049,Product Management,Supportive,4.47,4.1,3.81,4.7,1.86,4,2.7,50.6,Moderate
EMP_04050,Marketing,Autocratic/Micromanagement,3.71,4.07,3.77,4.21,1.77,4,2.2,44.6,Low
EMP_04051,Product Management,Supportive,4.26,2.88,3.37,4.12,1.94,3,0.5,50.0,Moderate
EMP_04052,Sales,Autocratic/Micromanagement,3.02,3.83,4.25,2.26,1.52,3,18.0,60.4,Moderate
EMP_04053,Product Management,Supportive,2.63,4.72,4.06,3.09,2.01,2,0.5,46.5,Moderate
EMP_04054,Engineering,Democratic,4.98,3.92,2.92,4.53,1.32,4,0.7,44.8,Low
EMP_04055,HR,Supportive,3.62,4.04,3.12,4.15,4.41,3,7.5,42.3,Low
EMP_04056,Sales,Supportive,3.05,3.92,2.9,3.73,1.21,5,0.7,57.3,Moderate
EMP_04057,Marketing,Democratic,3.69,4.5,3.0,3.86,2.83,4,4.7,42.2,Low
EMP_04058,Product Management,Democratic,4.55,3.62,4.04,2.9,2.38,2,1.9,43.5,Low
EMP_04059,Product Management,Supportive,3.66,2.94,3.1,3.76,2.12,4,3.6,45.6,Moderate
EMP_04060,Engineering,Supportive,4.03,4.04,2.92,3.26,1.87,4,1.7,53.4,Moderate
EMP_04061,Engineering,Supportive,3.53,4.5,3.97,4.29,3.27,4,5.8,58.8,Moderate
EMP_04062,Sales,Democratic,3.84,4.31,3.48,4.8,2.9,1,4.4,51.7,Moderate
EMP_04063,Product Management,Democratic,3.9,4.44,4.26,3.2,1.47,4,1.9,44.8,Low
EMP_04064,Data Science,Supportive,3.29,3.63,3.4,3.43,1.65,5,1.0,54.0,Moderate
EMP_04065,Data Science,Supportive,3.19,3.81,2.41,3.5,4.17,4,0.7,47.8,Moderate
EMP_04066,Marketing,Supportive,3.44,4.18,3.95,4.36,1.3,4,0.5,52.6,Moderate
EMP_04067,Sales,Supportive,2.29,4.05,2.66,3.92,2.19,3,3.3,49.7,Moderate
EMP_04068,Sales,Supportive,3.59,3.23,1.98,3.1,2.46,4,6.2,33.4,Low
EMP_04069,Engineering,Democratic,3.95,3.43,4.08,3.74,2.73,4,2.9,49.8,Moderate
EMP_04070,Engineering,Autocratic/Micromanagement,4.82,4.15,2.52,4.02,3.25,2,11.4,18.1,Low
EMP_04071,Sales,Autocratic/Micromanagement,3.57,3.67,1.98,2.86,3.48,2,4.4,32.2,Low
EMP_04072,Marketing,Supportive,4.22,3.66,2.42,4.28,3.56,5,3.3,51.0,Moderate
EMP_04073,Engineering,Autocratic/Micromanagement,4.11,3.75,3.55,3.7,3.08,4,0.5,23.8,Low
EMP_04074,HR,Democratic,3.88,3.47,2.61,3.38,2.28,1,5.1,46.4,Moderate
EMP_04075,Data Science,Democratic,3.8,3.44,2.48,3.45,1.8,2,8.8,49.7,Moderate
EMP_04076,Engineering,Supportive,4.01,3.75,3.09,3.4,3.76,5,14.7,49.4,Moderate
EMP_04077,Engineering,Supportive,3.87,4.29,3.33,3.79,3.53,2,20.0,61.3,Moderate
EMP_04078,Engineering,Supportive,3.73,4.28,2.0,3.14,1.31,4,9.1,61.5,Moderate
EMP_04079,Marketing,Democratic,3.59,3.27,2.97,3.7,3.09,4,0.8,43.2,Low
EMP_04080,Product Management,Supportive,2.23,3.41,3.43,2.82,1.83,4,2.0,52.6,Moderate
EMP_04081,Sales,Supportive,4.19,3.92,3.73,3.22,2.99,1,1.6,41.8,Low
EMP_04082,Engineering,Democratic,3.82,3.66,3.45,3.04,2.43,4,0.5,38.4,Low
EMP_04083,Marketing,Supportive,4.14,4.15,3.87,4.07,1.64,5,10.2,50.1,Moderate
EMP_04084,Marketing,Supportive,3.62,3.85,3.58,4.08,2.7,2,8.6,49.2,Moderate
EMP_04085,HR,Supportive,3.99,4.04,2.75,3.89,1.56,3,5.1,60.6,Moderate
EMP_04086,Engineering,Autocratic/Micromanagement,4.09,4.06,3.65,3.97,4.18,5,8.4,11.4,Low
EMP_04087,Data Science,Autocratic/Micromanagement,3.84,3.59,3.52,4.31,2.23,1,1.6,49.3,Moderate
EMP_04088,Data Science,Democratic,4.91,3.91,3.38,4.02,2.45,1,0.5,40.6,Low
EMP_04089,Data Science,Democratic,3.17,4.24,2.95,4.0,3.09,4,3.6,58.3,Moderate
EMP_04090,Marketing,Autocratic/Micromanagement,3.46,4.31,4.17,3.38,2.23,4,7.6,50.7,Moderate
EMP_04091,Marketing,Autocratic/Micromanagement,3.57,3.71,3.75,3.31,2.34,4,13.3,45.0,Moderate
EMP_04092,Sales,Democratic,4.68,4.21,3.08,3.89,2.88,1,1.3,42.4,Low
EMP_04093,Engineering,Autocratic/Micromanagement,4.64,3.8,3.52,4.43,2.51,4,1.8,28.9,Low
EMP_04094,Product Management,Autocratic/Micromanagement,3.28,3.79,3.04,4.66,3.52,4,0.5,34.8,Low
EMP_04095,Engineering,Supportive,3.25,4.06,1.61,3.19,3.56,4,1.5,46.5,Moderate
EMP_04096,Engineering,Democratic,3.89,4.13,3.61,3.53,3.65,5,0.5,43.9,Low
EMP_04097,Engineering,Supportive,3.09,5.0,3.31,4.7,2.4,4,0.7,78.1,High
EMP_04098,Engineering,Democratic,3.7,3.18,1.87,3.51,1.72,4,2.0,48.6,Moderate
EMP_04099,Engineering,Democratic,4.54,3.49,2.82,3.98,2.87,4,12.7,32.4,Low
EMP_04100,Marketing,Democratic,4.79,3.47,3.32,3.97,3.66,4,3.5,47.7,Moderate
EMP_04101,Sales,Autocratic/Micromanagement,3.18,4.23,3.31,4.07,3.23,5,0.5,33.7,Low
EMP_04102,Marketing,Supportive,3.95,4.22,2.75,3.35,2.7,4,0.5,46.8,Moderate
EMP_04103,Marketing,Democratic,3.33,4.4,3.98,3.19,2.58,4,15.3,51.9,Moderate
EMP_04104,Data Science,Autocratic/Micromanagement,3.67,3.29,1.69,3.67,2.72,3,1.0,46.3,Moderate
EMP_04105,Product Management,Supportive,2.77,3.48,3.78,3.0,3.18,4,6.8,48.2,Moderate
EMP_04106,Data Science,Autocratic/Micromanagement,4.85,4.09,3.03,3.03,2.34,5,8.2,24.2,Low
EMP_04107,HR,Supportive,3.84,3.72,2.19,2.99,3.01,4,0.5,55.7,Moderate
EMP_04108,Engineering,Democratic,3.92,3.92,3.63,4.24,2.63,4,0.5,34.6,Low
EMP_04109,HR,Democratic,4.23,4.48,2.95,2.71,2.7,3,0.5,44.8,Low
EMP_04110,Sales,Supportive,3.42,4.8,3.31,4.52,2.51,2,1.9,48.3,Moderate
EMP_04111,Engineering,Supportive,3.71,4.03,3.25,3.25,2.56,3,1.2,45.6,Moderate
EMP_04112,Marketing,Supportive,3.2,3.97,2.71,3.78,1.34,2,1.3,50.8,Moderate
EMP_04113,Sales,Democratic,3.99,4.16,2.25,4.42,2.67,3,2.3,28.5,Low
EMP_04114,Marketing,Autocratic/Micromanagement,2.98,4.25,2.08,4.1,2.12,4,6.6,47.5,Moderate
EMP_04115,Engineering,Democratic,4.15,4.75,1.58,3.64,2.62,4,9.1,65.3,Moderate
EMP_04116,Sales,Supportive,2.75,3.56,2.82,2.32,1.27,3,2.2,67.1,Moderate
EMP_04117,Data Science,Supportive,3.91,3.1,4.02,3.21,2.24,5,4.4,46.5,Moderate
EMP_04118,Product Management,Autocratic/Micromanagement,4.48,3.43,3.1,3.59,2.54,4,0.6,25.8,Low
EMP_04119,Marketing,Supportive,3.57,4.09,3.01,3.18,2.18,2,4.4,48.9,Moderate
EMP_04120,Engineering,Democratic,3.05,4.02,3.07,3.71,1.42,1,2.8,48.0,Moderate
EMP_04121,Engineering,Autocratic/Micromanagement,3.02,3.46,2.55,3.81,2.83,2,5.0,42.9,Low
EMP_04122,Engineering,Supportive,3.9,3.12,2.2,3.25,4.38,2,0.8,43.8,Low
EMP_04123,Sales,Autocratic/Micromanagement,4.58,3.83,3.47,4.1,2.07,4,5.0,24.8,Low
EMP_04124,Engineering,Supportive,4.81,4.28,3.3,3.36,1.0,4,1.6,74.8,Moderate
EMP_04125,Data Science,Democratic,4.16,3.37,1.96,4.19,2.37,1,0.8,39.8,Low
EMP_04126,Sales,Democratic,3.91,4.19,3.43,2.51,3.01,1,1.0,37.4,Low
EMP_04127,Marketing,Supportive,4.05,3.77,3.27,4.38,2.63,4,5.8,53.3,Moderate
EMP_04128,Sales,Democratic,3.17,3.13,3.46,3.85,2.66,3,3.3,41.6,Low
EMP_04129,Sales,Supportive,4.28,4.21,3.26,3.51,4.05,3,4.4,45.7,Moderate
EMP_04130,Marketing,Supportive,3.82,3.85,3.22,3.49,1.85,3,2.0,52.1,Moderate
EMP_04131,Data Science,Autocratic/Micromanagement,3.77,4.09,3.48,4.18,1.42,3,1.0,41.2,Low
EMP_04132,Data Science,Democratic,4.25,3.99,3.29,2.89,2.94,2,3.3,32.7,Low
EMP_04133,Engineering,Supportive,4.26,3.52,3.11,2.45,2.53,2,2.5,45.3,Moderate
EMP_04134,Marketing,Supportive,4.02,3.75,1.89,3.91,1.0,4,1.0,59.8,Moderate
EMP_04135,Marketing,Democratic,3.86,3.8,2.46,5.0,2.3,2,2.3,41.1,Low
EMP_04136,HR,Democratic,3.05,4.46,3.02,3.26,1.8,4,3.3,47.2,Moderate
EMP_04137,Sales,Democratic,3.21,4.38,2.61,3.78,2.07,4,7.2,48.9,Moderate
EMP_04138,Data Science,Democratic,3.27,3.86,3.63,3.68,2.66,3,2.8,41.7,Low
EMP_04139,Sales,Supportive,2.58,2.97,2.66,3.43,3.18,4,2.3,50.9,Moderate
EMP_04140,Marketing,Supportive,4.85,3.78,3.06,4.49,2.04,4,4.0,58.6,Moderate
EMP_04141,Data Science,Autocratic/Micromanagement,4.15,3.22,4.73,3.45,3.03,5,1.0,24.7,Low
EMP_04142,Data Science,Autocratic/Micromanagement,4.13,3.79,3.39,3.38,2.87,5,1.4,22.0,Low
EMP_04143,Engineering,Autocratic/Micromanagement,3.7,3.76,2.84,4.08,4.52,3,4.9,32.5,Low
EMP_04144,Sales,Supportive,4.02,3.06,4.09,2.09,1.0,5,0.5,70.3,Moderate
EMP_04145,Marketing,Democratic,3.38,3.44,2.57,2.81,3.36,4,2.3,44.2,Low
EMP_04146,Data Science,Supportive,3.39,3.98,3.26,4.07,2.97,2,0.5,49.2,Moderate
EMP_04147,HR,Democratic,3.55,3.6,3.08,3.08,1.32,5,3.7,48.9,Moderate
EMP_04148,Data Science,Supportive,3.66,3.6,2.45,3.68,1.75,2,2.6,55.2,Moderate
EMP_04149,Marketing,Autocratic/Micromanagement,2.9,3.73,3.45,3.38,2.65,4,4.2,42.8,Low
EMP_04150,Engineering,Democratic,3.82,3.58,1.89,4.04,2.6,4,14.6,48.8,Moderate
EMP_04151,Sales,Democratic,4.69,3.83,3.68,3.7,2.09,2,6.0,46.8,Moderate
EMP_04152,Sales,Democratic,3.26,3.58,3.79,4.24,1.36,2,3.1,46.1,Moderate
EMP_04153,Engineering,Democratic,3.56,3.47,3.16,4.25,1.7,4,2.9,48.0,Moderate
EMP_04154,Engineering,Democratic,2.94,3.96,2.09,4.25,3.12,3,8.7,42.4,Low
EMP_04155,Data Science,Supportive,3.6,4.14,3.98,2.95,3.71,5,4.9,39.2,Low
EMP_04156,Engineering,Autocratic/Micromanagement,4.56,3.1,3.13,4.12,1.89,4,5.3,24.6,Low
EMP_04157,Engineering,Democratic,4.2,4.32,2.51,3.91,3.43,2,2.5,49.6,Moderate
EMP_04158,Product Management,Autocratic/Micromanagement,3.41,3.76,2.59,2.54,3.07,2,4.0,46.4,Moderate
EMP_04159,Engineering,Democratic,4.09,4.1,4.08,2.86,2.07,5,1.0,44.7,Low
EMP_04160,Sales,Supportive,3.41,3.97,2.91,4.0,3.46,3,6.0,43.6,Low
EMP_04161,Data Science,Supportive,3.24,4.12,2.64,3.58,1.52,5,0.7,58.8,Moderate
EMP_04162,Marketing,Supportive,3.01,4.05,2.42,4.41,3.5,5,0.5,41.6,Low
EMP_04163,Product Management,Democratic,3.82,3.6,4.26,3.73,4.48,1,0.6,24.4,Low
EMP_04164,Product Management,Democratic,3.41,3.12,3.45,3.33,1.75,3,6.2,37.0,Low
EMP_04165,HR,Autocratic/Micromanagement,3.71,4.62,3.57,3.45,2.63,3,11.4,45.0,Moderate
EMP_04166,Data Science,Democratic,4.06,4.04,3.09,3.4,2.89,4,8.5,46.6,Moderate
EMP_04167,Data Science,Supportive,3.74,4.06,2.95,3.2,1.32,4,1.9,61.8,Moderate
EMP_04168,Sales,Democratic,3.83,4.13,2.43,3.78,1.81,5,2.8,32.6,Low
EMP_04169,Product Management,Supportive,3.48,4.26,2.5,3.47,3.29,5,5.4,44.6,Low
EMP_04170,Sales,Supportive,3.13,3.66,2.95,4.29,1.31,3,2.5,61.2,Moderate
EMP_04171,Engineering,Democratic,4.52,4.09,3.72,2.66,2.74,4,2.1,36.2,Low
EMP_04172,Sales,Autocratic/Micromanagement,4.09,3.9,4.3,4.74,3.51,5,5.3,34.5,Low
EMP_04173,Engineering,Democratic,3.44,4.46,3.35,3.18,3.03,4,2.9,60.8,Moderate
EMP_04174,Marketing,Democratic,4.23,3.65,4.18,2.35,2.0,2,0.5,51.6,Moderate
EMP_04175,Engineering,Supportive,4.28,4.1,3.0,3.44,3.02,3,2.0,52.8,Moderate
EMP_04176,Product Management,Democratic,3.33,3.27,2.83,4.25,1.8,4,15.3,38.6,Low
EMP_04177,Product Management,Autocratic/Micromanagement,4.37,4.8,3.34,3.76,2.84,3,0.8,13.1,Low
EMP_04178,Sales,Supportive,3.79,3.96,4.34,3.51,3.01,1,10.3,61.6,Moderate
EMP_04179,HR,Democratic,3.2,3.51,2.53,3.6,2.6,2,3.4,38.3,Low
EMP_04180,Product Management,Supportive,3.12,3.67,2.69,3.69,2.72,4,4.1,50.0,Moderate
EMP_04181,HR,Democratic,4.06,4.04,2.21,3.74,1.32,3,10.7,41.4,Low
EMP_04182,Sales,Democratic,3.74,3.86,3.99,3.35,3.28,4,4.1,42.2,Low
EMP_04183,Marketing,Democratic,4.04,2.93,2.22,4.38,2.38,4,4.2,45.9,Moderate
EMP_04184,Engineering,Supportive,4.4,3.31,2.24,4.25,2.01,3,0.5,55.6,Moderate
EMP_04185,Data Science,Supportive,4.0,3.7,3.57,2.84,1.59,3,1.6,51.7,Moderate
EMP_04186,Product Management,Supportive,2.37,4.84,3.87,4.11,3.01,5,0.5,51.2,Moderate
EMP_04187,Sales,Supportive,2.37,3.84,2.79,3.2,1.69,3,8.2,51.1,Moderate
EMP_04188,Data Science,Democratic,3.56,3.96,3.14,2.93,3.64,2,0.6,39.7,Low
EMP_04189,Marketing,Democratic,3.17,4.3,1.93,2.61,2.16,4,2.5,38.3,Low
EMP_04190,Data Science,Democratic,4.33,4.17,3.17,3.78,3.3,4,13.5,35.7,Low
EMP_04191,Engineering,Democratic,3.8,3.8,2.71,4.42,3.35,5,20.0,43.1,Low
EMP_04192,Sales,Democratic,2.97,3.81,3.41,3.8,3.03,4,0.5,38.3,Low
EMP_04193,Sales,Autocratic/Micromanagement,3.54,3.9,2.81,3.39,2.31,4,20.0,50.7,Moderate
EMP_04194,Engineering,Supportive,3.36,3.92,3.75,3.77,2.14,2,1.0,54.0,Moderate
EMP_04195,Sales,Supportive,3.61,4.19,1.67,3.33,3.95,2,8.3,30.4,Low
EMP_04196,Engineering,Supportive,3.2,3.37,3.01,3.88,2.68,4,2.2,48.6,Moderate
EMP_04197,Data Science,Supportive,3.25,3.92,2.29,3.33,2.27,3,1.8,52.8,Moderate
EMP_04198,Data Science,Democratic,4.51,4.32,3.54,4.18,2.16,3,4.6,61.1,Moderate
EMP_04199,Engineering,Supportive,4.47,4.39,3.69,2.65,3.98,4,3.9,61.7,Moderate
EMP_04200,Engineering,Autocratic/Micromanagement,3.68,3.38,2.77,3.25,2.1,4,1.3,38.9,Low
EMP_04201,Sales,Democratic,3.26,3.8,2.26,3.22,3.41,3,6.5,20.7,Low
EMP_04202,Engineering,Autocratic/Micromanagement,3.35,2.85,3.11,4.79,3.42,4,1.8,42.0,Low
EMP_04203,Engineering,Supportive,2.98,2.98,2.21,3.7,2.63,2,5.7,51.6,Moderate
EMP_04204,Marketing,Supportive,3.25,3.8,3.53,3.97,4.07,4,3.4,50.9,Moderate
EMP_04205,Engineering,Supportive,2.82,3.93,2.92,2.35,2.36,3,9.9,52.3,Moderate
EMP_04206,Sales,Supportive,3.86,4.07,2.12,4.29,2.68,2,1.5,37.0,Low
EMP_04207,Engineering,Autocratic/Micromanagement,3.15,4.17,3.73,2.6,3.14,3,0.5,34.3,Low
EMP_04208,Data Science,Supportive,4.14,4.46,2.33,4.27,1.9,3,4.5,67.0,Moderate
EMP_04209,Data Science,Supportive,3.76,3.44,2.36,3.13,3.07,4,0.6,48.1,Moderate
EMP_04210,HR,Democratic,3.99,4.37,2.69,3.75,2.75,4,2.5,39.3,Low
EMP_04211,Engineering,Supportive,3.52,4.08,2.97,3.03,2.6,3,0.5,47.1,Moderate
EMP_04212,Product Management,Autocratic/Micromanagement,3.51,4.69,4.07,3.98,1.0,4,5.8,48.7,Moderate
EMP_04213,Product Management,Autocratic/Micromanagement,3.88,3.48,3.65,3.12,2.17,1,12.6,47.2,Moderate
EMP_04214,Engineering,Supportive,5.0,3.16,2.34,3.61,2.68,3,3.0,49.3,Moderate
EMP_04215,Data Science,Supportive,3.45,3.49,2.79,2.73,1.63,5,0.5,52.4,Moderate
EMP_04216,Product Management,Supportive,4.63,3.58,1.0,4.22,2.05,1,0.5,52.9,Moderate
EMP_04217,Marketing,Supportive,4.22,4.29,3.09,2.92,2.34,3,0.5,49.5,Moderate
EMP_04218,HR,Democratic,3.73,3.06,2.84,3.49,2.7,3,2.0,36.4,Low
EMP_04219,Sales,Supportive,4.41,4.17,1.88,3.26,1.0,3,1.6,45.9,Moderate
EMP_04220,Data Science,Autocratic/Micromanagement,3.81,3.76,4.11,3.09,1.89,3,2.6,50.7,Moderate
EMP_04221,Data Science,Democratic,3.77,4.28,2.99,3.87,1.49,4,1.6,58.9,Moderate
EMP_04222,Sales,Autocratic/Micromanagement,3.17,3.22,4.12,3.05,3.05,4,9.9,50.4,Moderate
EMP_04223,Sales,Democratic,3.04,3.74,2.97,2.89,4.24,2,3.4,31.0,Low
EMP_04224,Marketing,Supportive,2.26,3.87,2.63,4.22,2.11,3,1.7,58.6,Moderate
EMP_04225,Sales,Autocratic/Micromanagement,4.35,3.66,4.16,3.87,3.21,1,9.4,36.2,Low
EMP_04226,HR,Supportive,2.91,3.96,1.84,2.56,3.31,5,0.8,37.7,Low
EMP_04227,Sales,Autocratic/Micromanagement,4.15,3.96,4.14,4.02,1.3,3,2.6,40.0,Low
EMP_04228,Engineering,Autocratic/Micromanagement,3.69,3.61,2.82,4.16,3.25,1,4.2,36.3,Low
EMP_04229,Marketing,Democratic,3.74,4.5,2.71,3.27,3.15,4,1.0,47.3,Moderate
EMP_04230,Marketing,Autocratic/Micromanagement,3.68,4.86,3.83,3.48,1.92,5,1.8,42.2,Low
EMP_04231,Marketing,Democratic,4.95,3.99,3.04,3.08,2.81,3,2.3,39.9,Low
EMP_04232,Sales,Supportive,4.27,3.52,4.06,3.38,3.48,5,2.5,56.9,Moderate
EMP_04233,Sales,Supportive,4.36,3.61,4.24,3.93,3.01,3,2.1,67.4,Moderate
EMP_04234,HR,Autocratic/Micromanagement,3.4,4.76,3.09,3.35,2.66,5,0.5,41.1,Low
EMP_04235,Sales,Supportive,3.84,3.54,3.6,4.65,2.42,3,1.3,55.8,Moderate
EMP_04236,Engineering,Democratic,3.35,3.63,3.83,3.62,3.14,3,5.6,46.9,Moderate
EMP_04237,Engineering,Supportive,3.42,4.32,4.33,3.6,3.88,5,3.5,57.9,Moderate
EMP_04238,Engineering,Democratic,3.24,4.3,1.87,2.61,2.51,4,18.3,55.5,Moderate
EMP_04239,Data Science,Supportive,3.05,3.6,3.0,2.37,1.62,3,2.6,52.7,Moderate
EMP_04240,Data Science,Autocratic/Micromanagement,3.97,3.12,2.07,3.62,1.83,4,3.0,48.8,Moderate
EMP_04241,Engineering,Autocratic/Micromanagement,2.89,4.6,2.76,3.45,4.32,4,0.5,43.5,Low
EMP_04242,Engineering,Democratic,3.64,3.83,1.95,3.85,2.21,4,10.7,47.1,Moderate
EMP_04243,Sales,Democratic,2.63,3.39,2.68,3.65,2.49,5,18.4,38.4,Low
EMP_04244,Data Science,Democratic,2.32,3.75,2.9,3.58,2.37,5,2.1,41.2,Low
EMP_04245,Data Science,Democratic,3.62,3.78,3.89,3.17,2.02,3,0.5,46.0,Moderate
EMP_04246,Product Management,Democratic,4.32,3.45,3.99,3.64,2.77,4,1.5,39.0,Low
EMP_04247,Data Science,Autocratic/Micromanagement,3.95,4.45,4.08,4.01,2.5,1,3.2,51.5,Moderate
EMP_04248,Engineering,Democratic,3.02,3.6,5.0,4.17,2.38,5,3.7,45.7,Moderate
EMP_04249,Engineering,Supportive,3.34,3.67,4.4,2.18,2.03,5,1.3,58.3,Moderate
EMP_04250,HR,Supportive,4.21,3.77,3.19,3.26,3.05,5,8.1,47.1,Moderate
EMP_04251,Engineering,Autocratic/Micromanagement,3.23,4.58,3.58,4.12,2.09,4,5.1,63.1,Moderate
EMP_04252,Marketing,Democratic,4.58,4.08,2.14,4.43,2.86,4,0.8,43.9,Low
EMP_04253,Engineering,Autocratic/Micromanagement,2.33,3.87,2.72,4.23,1.89,4,7.6,39.1,Low
EMP_04254,Product Management,Democratic,3.91,4.07,3.36,3.2,2.89,4,3.2,44.8,Low
EMP_04255,Data Science,Democratic,3.13,3.89,2.92,4.34,3.61,4,10.2,34.8,Low
EMP_04256,Data Science,Supportive,3.46,4.87,2.38,2.89,2.48,4,6.2,59.0,Moderate
EMP_04257,Data Science,Supportive,2.71,4.29,2.58,3.35,2.88,4,2.5,64.1,Moderate
EMP_04258,Product Management,Democratic,2.79,2.74,3.56,4.14,2.85,4,3.9,37.2,Low
EMP_04259,Data Science,Supportive,3.67,3.67,3.5,3.02,1.66,2,5.2,57.3,Moderate
EMP_04260,Marketing,Supportive,3.94,3.63,3.6,4.36,2.79,1,2.1,46.2,Moderate
EMP_04261,Engineering,Supportive,2.23,4.28,2.18,3.62,1.85,5,6.2,64.5,Moderate
EMP_04262,Product Management,Democratic,3.63,3.52,3.24,3.71,2.44,5,1.2,41.8,Low
EMP_04263,Engineering,Democratic,4.06,4.49,3.96,3.08,2.02,5,8.1,65.0,Moderate
EMP_04264,Marketing,Supportive,3.15,3.89,3.45,4.3,1.76,4,4.3,46.0,Moderate
EMP_04265,HR,Autocratic/Micromanagement,4.08,3.17,3.46,4.68,3.09,3,1.8,13.4,Low
EMP_04266,Sales,Democratic,4.06,3.98,2.26,4.68,3.28,3,0.5,21.7,Low
EMP_04267,Marketing,Autocratic/Micromanagement,4.6,2.98,3.49,3.44,2.99,5,5.1,18.3,Low
EMP_04268,Product Management,Autocratic/Micromanagement,3.4,3.91,3.13,3.24,2.59,5,2.3,49.4,Moderate
EMP_04269,Sales,Autocratic/Micromanagement,4.21,4.32,3.01,2.84,2.42,4,1.7,28.2,Low
EMP_04270,Data Science,Democratic,4.37,3.52,3.16,5.0,3.08,3,4.7,42.4,Low
EMP_04271,Sales,Supportive,4.1,3.58,2.22,2.91,1.7,2,9.3,38.7,Low
EMP_04272,Engineering,Supportive,2.59,3.6,3.12,2.83,3.49,2,1.8,43.3,Low
EMP_04273,Marketing,Supportive,3.05,3.7,3.27,3.38,1.0,3,2.7,58.5,Moderate
EMP_04274,Data Science,Democratic,3.65,3.38,2.23,3.71,3.41,5,2.3,41.1,Low
EMP_04275,Data Science,Supportive,3.33,4.09,3.36,2.81,1.88,5,3.1,56.0,Moderate
EMP_04276,Sales,Autocratic/Micromanagement,3.55,3.77,3.44,3.21,1.5,2,10.7,48.7,Moderate
EMP_04277,HR,Supportive,3.82,3.87,3.11,3.3,1.71,4,4.5,62.8,Moderate
EMP_04278,Data Science,Democratic,3.86,4.01,2.69,4.21,2.12,3,2.7,49.0,Moderate
EMP_04279,Sales,Supportive,4.57,4.07,4.63,2.93,1.66,4,0.5,66.2,Moderate
EMP_04280,Engineering,Supportive,3.6,3.18,3.68,4.19,1.09,1,1.0,49.6,Moderate
EMP_04281,Sales,Democratic,4.32,3.49,2.44,4.33,2.53,4,0.7,27.5,Low
EMP_04282,Product Management,Democratic,3.92,4.2,2.3,2.51,2.73,5,5.0,46.7,Moderate
EMP_04283,Engineering,Supportive,3.84,4.43,3.63,3.76,2.28,4,3.3,65.7,Moderate
EMP_04284,Engineering,Supportive,2.9,4.09,2.01,3.9,3.18,4,1.0,36.7,Low
EMP_04285,Sales,Supportive,3.12,3.05,3.65,3.63,1.96,4,0.5,51.1,Moderate
EMP_04286,Sales,Supportive,4.47,4.18,3.72,4.54,3.29,4,1.2,46.3,Moderate
EMP_04287,Engineering,Democratic,3.76,4.1,3.31,4.06,2.08,4,3.2,51.7,Moderate
EMP_04288,Marketing,Autocratic/Micromanagement,3.61,3.05,3.5,4.08,1.0,4,5.4,51.8,Moderate
EMP_04289,Engineering,Supportive,4.22,4.24,2.97,3.44,3.35,4,2.7,68.1,Moderate
EMP_04290,Engineering,Supportive,3.46,4.37,3.53,3.77,2.88,2,9.3,70.1,Moderate
EMP_04291,Engineering,Autocratic/Micromanagement,3.53,2.79,2.08,3.39,1.85,1,0.5,26.9,Low
EMP_04292,Sales,Democratic,4.12,3.54,3.88,3.91,2.93,1,0.5,41.3,Low
EMP_04293,Sales,Supportive,3.42,4.58,3.07,3.21,2.94,4,0.8,44.5,Low
EMP_04294,Sales,Supportive,3.74,3.72,3.77,3.53,1.53,3,0.5,54.0,Moderate
EMP_04295,HR,Democratic,4.02,3.69,2.93,3.11,2.83,4,4.8,38.2,Low
EMP_04296,Engineering,Democratic,3.4,3.29,3.23,4.11,2.77,4,3.0,48.8,Moderate
EMP_04297,Sales,Supportive,3.24,3.74,2.55,4.81,2.23,3,5.1,49.2,Moderate
EMP_04298,Sales,Democratic,3.28,3.46,2.25,3.32,1.05,4,0.5,33.3,Low
EMP_04299,Engineering,Democratic,3.78,2.91,3.82,3.63,2.06,2,5.9,38.6,Low
EMP_04300,Engineering,Supportive,3.65,4.54,4.23,3.16,2.6,4,2.2,55.0,Moderate
EMP_04301,Data Science,Supportive,3.51,4.07,3.05,3.39,3.1,3,0.5,42.5,Low
EMP_04302,Engineering,Democratic,3.68,3.96,3.27,3.04,2.16,3,2.3,47.2,Moderate
EMP_04303,Engineering,Autocratic/Micromanagement,3.27,3.18,2.43,4.41,2.89,4,5.7,38.1,Low
EMP_04304,Product Management,Democratic,2.81,3.94,1.24,3.71,2.86,2,5.1,43.3,Low
EMP_04305,Engineering,Supportive,3.95,4.13,3.5,3.21,1.4,4,4.4,53.4,Moderate
EMP_04306,Product Management,Supportive,2.88,3.43,3.29,2.87,1.95,4,0.6,59.0,Moderate
EMP_04307,Product Management,Supportive,3.96,4.05,2.78,3.62,2.24,1,1.3,54.4,Moderate
EMP_04308,Sales,Democratic,3.27,3.48,3.12,2.97,2.5,4,3.5,42.6,Low
EMP_04309,Sales,Supportive,4.29,3.25,2.82,2.99,2.9,3,0.5,37.6,Low
EMP_04310,Product Management,Supportive,3.71,2.79,1.92,4.25,2.21,4,4.9,52.4,Moderate
EMP_04311,Sales,Democratic,4.05,3.8,2.35,2.96,1.03,3,3.4,38.8,Low
EMP_04312,Engineering,Democratic,2.76,3.85,3.01,4.67,2.76,4,0.5,40.7,Low
EMP_04313,Engineering,Democratic,4.23,3.8,2.94,2.67,2.04,2,9.3,41.6,Low
EMP_04314,Sales,Democratic,4.35,3.76,2.04,3.79,3.24,4,4.8,27.8,Low
EMP_04315,Product Management,Democratic,3.77,4.55,2.07,4.75,1.95,4,0.9,47.1,Moderate
EMP_04316,HR,Supportive,3.56,4.3,4.32,2.4,3.72,3,19.6,47.6,Moderate
EMP_04317,Marketing,Supportive,3.24,4.38,3.56,3.75,3.33,2,0.5,45.4,Moderate
EMP_04318,Data Science,Supportive,3.23,3.2,3.55,2.62,2.5,4,2.3,51.4,Moderate
EMP_04319,HR,Supportive,3.36,3.31,3.66,2.75,2.65,2,4.5,48.6,Moderate
EMP_04320,Data Science,Supportive,4.02,3.61,3.32,2.45,3.31,4,3.5,51.8,Moderate
EMP_04321,Engineering,Supportive,2.73,4.1,2.92,4.19,1.77,5,0.5,48.9,Moderate
EMP_04322,Engineering,Supportive,2.73,4.67,2.88,3.83,1.97,4,3.2,71.7,Moderate
EMP_04323,Product Management,Democratic,4.33,4.14,2.41,2.58,2.86,3,2.6,43.1,Low
EMP_04324,Data Science,Supportive,3.26,3.98,2.8,3.37,2.85,3,0.5,48.9,Moderate
EMP_04325,Product Management,Supportive,2.24,3.61,2.63,4.05,2.98,4,2.1,49.6,Moderate
EMP_04326,Marketing,Democratic,4.35,3.16,3.95,3.78,2.86,2,0.5,38.7,Low
EMP_04327,Marketing,Supportive,3.03,5.0,2.58,2.75,3.02,4,9.0,59.3,Moderate
EMP_04328,Marketing,Democratic,3.92,4.17,4.68,3.92,3.19,4,5.4,44.1,Low
EMP_04329,Engineering,Democratic,3.07,4.48,2.53,3.61,4.1,3,3.0,49.9,Moderate
EMP_04330,Engineering,Supportive,4.38,3.83,3.63,4.64,2.55,4,0.5,53.7,Moderate
EMP_04331,HR,Supportive,3.42,2.85,2.99,3.42,2.04,5,0.6,50.3,Moderate
EMP_04332,Engineering,Democratic,4.72,4.0,4.7,2.99,1.32,4,1.7,46.1,Moderate
EMP_04333,Engineering,Supportive,3.74,2.87,2.83,3.8,2.46,3,5.8,50.9,Moderate
EMP_04334,Data Science,Supportive,2.76,3.7,2.06,3.24,2.2,4,3.2,56.6,Moderate
EMP_04335,Sales,Supportive,4.35,3.58,4.14,4.3,2.37,5,2.9,63.4,Moderate
EMP_04336,Engineering,Supportive,3.79,4.42,2.0,3.1,2.4,5,0.5,68.7,Moderate
EMP_04337,Sales,Autocratic/Micromanagement,2.47,3.97,4.65,2.22,3.52,3,2.4,47.6,Moderate
EMP_04338,Data Science,Supportive,2.87,3.84,3.83,3.08,2.97,3,0.5,42.8,Low
EMP_04339,Engineering,Supportive,5.0,3.62,3.88,4.67,1.68,1,5.1,57.9,Moderate
EMP_04340,Data Science,Democratic,3.96,3.88,2.49,3.53,2.44,4,2.9,54.6,Moderate
EMP_04341,Sales,Democratic,4.66,4.42,4.65,3.34,3.46,5,10.3,53.5,Moderate
EMP_04342,Sales,Democratic,4.07,4.18,3.26,4.24,1.91,5,1.0,44.7,Low
EMP_04343,Sales,Supportive,3.7,3.78,2.73,3.73,2.78,4,4.3,46.2,Moderate
EMP_04344,Engineering,Autocratic/Micromanagement,3.97,3.72,2.71,3.59,2.07,5,6.8,50.5,Moderate
EMP_04345,Data Science,Autocratic/Micromanagement,4.53,3.75,4.23,3.66,2.14,3,1.6,24.6,Low
EMP_04346,Engineering,Autocratic/Micromanagement,4.52,4.95,2.96,3.24,3.03,5,0.5,39.7,Low
EMP_04347,Data Science,Autocratic/Micromanagement,4.03,3.21,3.89,3.4,2.43,4,3.1,34.1,Low
EMP_04348,Engineering,Autocratic/Micromanagement,3.75,4.15,2.62,3.31,1.79,2,3.9,48.8,Moderate
EMP_04349,HR,Supportive,2.98,4.27,3.31,4.24,4.05,1,1.1,41.0,Low
EMP_04350,Product Management,Autocratic/Micromanagement,3.44,2.92,1.78,3.44,2.89,3,0.6,42.4,Low
EMP_04351,Engineering,Democratic,4.24,4.55,2.3,3.39,2.0,5,10.6,59.6,Moderate
EMP_04352,Data Science,Democratic,3.26,3.4,2.78,4.52,2.24,5,3.1,48.9,Moderate
EMP_04353,Product Management,Democratic,3.62,4.43,2.93,3.55,3.07,2,2.9,25.5,Low
EMP_04354,Engineering,Democratic,4.84,3.03,3.05,4.12,2.19,4,3.1,53.7,Moderate
EMP_04355,Sales,Democratic,2.89,4.51,2.82,4.07,1.54,5,0.5,44.5,Low
EMP_04356,Engineering,Supportive,4.81,4.02,2.83,4.12,2.66,3,4.2,53.1,Moderate
EMP_04357,Data Science,Democratic,2.48,4.55,3.29,3.83,3.16,3,1.1,54.1,Moderate
EMP_04358,Marketing,Democratic,3.44,4.05,3.15,4.1,1.71,2,1.3,45.7,Moderate
EMP_04359,Engineering,Democratic,4.34,3.45,3.12,3.5,3.21,2,7.3,28.2,Low
EMP_04360,Sales,Democratic,3.45,4.24,3.84,4.2,2.81,1,1.9,40.1,Low
EMP_04361,Data Science,Democratic,3.77,3.42,2.74,3.81,2.75,2,1.3,45.1,Moderate
EMP_04362,HR,Democratic,4.76,3.32,2.3,3.96,4.06,1,10.3,30.4,Low
EMP_04363,Data Science,Supportive,3.54,4.09,3.31,3.36,2.81,4,1.7,47.0,Moderate
EMP_04364,Data Science,Democratic,4.73,3.75,2.33,2.88,1.9,1,0.6,51.4,Moderate
EMP_04365,Data Science,Democratic,3.25,4.41,2.83,3.88,2.77,4,10.0,55.2,Moderate
EMP_04366,Engineering,Autocratic/Micromanagement,3.04,3.21,3.22,3.2,5.0,3,2.2,33.5,Low
EMP_04367,Sales,Supportive,3.67,4.28,2.66,3.55,3.68,4,9.1,49.7,Moderate
EMP_04368,Marketing,Supportive,3.9,3.85,3.68,3.18,3.06,1,2.6,43.6,Low
EMP_04369,Sales,Democratic,4.39,4.63,2.12,3.85,2.12,4,2.0,26.4,Low
EMP_04370,Product Management,Supportive,2.89,4.13,3.06,3.71,3.27,3,2.7,47.3,Moderate
EMP_04371,Marketing,Autocratic/Micromanagement,3.41,4.04,3.53,3.5,2.3,4,4.2,48.3,Moderate
EMP_04372,Data Science,Democratic,3.83,3.62,2.78,3.48,1.79,4,12.0,53.7,Moderate
EMP_04373,Engineering,Supportive,3.51,4.15,2.74,4.5,3.25,5,11.8,51.0,Moderate
EMP_04374,Marketing,Democratic,4.11,4.17,3.45,4.35,1.83,3,1.1,38.8,Low
EMP_04375,Marketing,Supportive,3.16,4.19,2.55,2.86,1.65,2,2.5,61.3,Moderate
EMP_04376,Product Management,Supportive,3.57,4.16,2.54,4.3,3.36,4,7.6,42.2,Low
EMP_04377,Engineering,Autocratic/Micromanagement,3.37,4.1,2.46,4.25,1.36,5,6.6,54.6,Moderate
EMP_04378,Data Science,Democratic,5.0,3.64,5.0,3.78,3.49,2,4.0,36.3,Low
EMP_04379,Engineering,Supportive,4.22,4.53,3.03,4.19,2.48,4,5.8,61.9,Moderate
EMP_04380,Data Science,Democratic,3.85,3.88,1.44,3.86,1.81,3,0.9,53.5,Moderate
EMP_04381,Marketing,Autocratic/Micromanagement,3.94,3.29,3.03,3.87,2.5,4,1.3,43.5,Low
EMP_04382,Sales,Autocratic/Micromanagement,3.63,3.83,2.43,3.35,2.39,3,3.0,27.8,Low
EMP_04383,Marketing,Supportive,3.22,4.54,2.4,4.15,2.31,3,5.5,48.0,Moderate
EMP_04384,Engineering,Supportive,2.87,3.9,2.13,3.61,2.7,3,11.5,43.8,Low
EMP_04385,Engineering,Supportive,4.53,4.46,4.47,3.71,2.81,4,1.9,64.8,Moderate
EMP_04386,Product Management,Democratic,4.29,3.58,3.14,4.41,3.48,4,3.9,31.9,Low
EMP_04387,Engineering,Autocratic/Micromanagement,3.83,3.33,4.18,4.0,2.72,5,4.1,39.6,Low
EMP_04388,Product Management,Supportive,3.65,2.93,2.8,2.21,2.06,3,3.9,53.7,Moderate
EMP_04389,Engineering,Democratic,4.05,4.05,3.23,3.86,1.22,1,2.4,47.4,Moderate
EMP_04390,Marketing,Supportive,3.92,4.06,2.83,2.81,2.58,5,3.2,64.3,Moderate
EMP_04391,HR,Democratic,3.3,4.42,1.8,3.97,1.51,4,0.9,43.6,Low
EMP_04392,Sales,Democratic,3.38,4.1,3.34,3.67,1.41,5,5.1,50.4,Moderate
EMP_04393,Marketing,Democratic,4.2,3.2,2.32,3.59,2.07,4,4.5,43.9,Low
EMP_04394,Product Management,Autocratic/Micromanagement,2.95,4.0,3.4,3.54,1.47,1,4.1,50.8,Moderate
EMP_04395,Data Science,Democratic,3.26,5.0,2.56,3.0,3.38,4,2.3,52.0,Moderate
EMP_04396,Product Management,Democratic,3.18,3.87,2.15,4.62,2.28,4,5.3,41.7,Low
EMP_04397,Product Management,Supportive,4.19,3.84,1.96,3.54,1.88,4,0.5,54.2,Moderate
EMP_04398,Engineering,Supportive,3.69,3.66,1.93,3.37,3.16,3,20.0,43.7,Low
EMP_04399,Data Science,Autocratic/Micromanagement,3.87,3.57,2.55,3.29,3.45,5,1.1,39.5,Low
EMP_04400,Data Science,Supportive,3.59,2.87,4.04,2.79,1.0,4,0.8,65.2,Moderate
EMP_04401,Product Management,Autocratic/Micromanagement,3.48,4.27,3.56,3.33,3.33,2,4.4,40.4,Low
EMP_04402,Sales,Democratic,4.07,3.71,2.55,3.57,1.3,1,8.7,40.0,Low
EMP_04403,Engineering,Autocratic/Micromanagement,3.15,3.82,4.27,3.38,2.07,3,1.2,43.1,Low
EMP_04404,Engineering,Supportive,2.67,3.46,2.56,2.58,2.07,4,2.6,53.2,Moderate
EMP_04405,Engineering,Democratic,3.2,4.17,3.63,3.63,2.38,4,11.6,42.8,Low
EMP_04406,Marketing,Supportive,2.73,4.11,2.59,4.47,4.01,3,4.3,44.1,Low
EMP_04407,Marketing,Supportive,3.17,3.99,2.39,2.82,2.06,3,5.0,49.5,Moderate
EMP_04408,Engineering,Supportive,3.59,3.83,4.99,2.64,1.53,1,1.6,51.8,Moderate
EMP_04409,Engineering,Supportive,4.22,3.61,3.1,3.76,2.42,5,2.5,43.3,Low
EMP_04410,Sales,Supportive,3.53,4.4,2.77,4.14,1.87,4,14.8,52.9,Moderate
EMP_04411,Product Management,Autocratic/Micromanagement,3.04,4.26,3.18,3.99,1.0,5,0.5,58.6,Moderate
EMP_04412,Data Science,Democratic,3.16,4.68,3.77,3.48,3.26,5,12.3,48.8,Moderate
EMP_04413,Marketing,Supportive,3.59,4.52,2.69,3.77,1.51,3,0.7,58.7,Moderate
EMP_04414,Data Science,Democratic,2.87,3.96,1.62,4.07,1.24,5,5.1,60.5,Moderate
EMP_04415,Sales,Democratic,4.07,4.02,3.25,4.45,1.78,3,1.8,38.7,Low
EMP_04416,Data Science,Democratic,3.94,4.41,3.45,3.7,2.22,1,4.6,63.4,Moderate
EMP_04417,Engineering,Supportive,3.57,2.87,3.44,3.87,3.8,5,2.0,39.6,Low
EMP_04418,Engineering,Democratic,3.6,4.36,3.47,2.36,3.26,4,9.1,62.0,Moderate
EMP_04419,Sales,Democratic,3.47,4.17,3.54,2.86,3.14,4,5.6,42.0,Low
EMP_04420,Engineering,Supportive,3.42,3.98,3.91,4.54,1.93,4,6.0,53.3,Moderate
EMP_04421,Marketing,Autocratic/Micromanagement,3.48,3.52,3.41,3.47,3.49,4,7.2,42.3,Low
EMP_04422,Sales,Autocratic/Micromanagement,4.85,5.0,2.68,3.62,2.46,2,1.9,24.7,Low
EMP_04423,Marketing,Autocratic/Micromanagement,3.38,3.16,3.44,3.97,2.81,4,7.8,42.9,Low
EMP_04424,Marketing,Supportive,3.67,4.26,1.59,3.53,2.35,2,1.3,56.3,Moderate
EMP_04425,Product Management,Supportive,4.22,3.51,2.97,3.5,1.44,5,3.7,53.2,Moderate
EMP_04426,Engineering,Supportive,3.37,3.88,4.6,2.75,2.05,4,0.7,53.6,Moderate
EMP_04427,Data Science,Democratic,3.26,4.22,3.49,3.22,3.57,4,1.1,51.7,Moderate
EMP_04428,Engineering,Supportive,4.42,3.96,3.27,3.66,1.66,1,12.2,59.2,Moderate
EMP_04429,Marketing,Supportive,4.08,3.26,2.85,3.42,3.49,5,16.5,41.7,Low
EMP_04430,Engineering,Autocratic/Micromanagement,3.38,3.66,2.68,3.23,3.9,5,12.5,34.9,Low
EMP_04431,Product Management,Supportive,4.14,4.19,4.01,3.45,2.59,4,4.0,51.0,Moderate
EMP_04432,Engineering,Democratic,2.8,4.38,3.64,3.65,1.68,4,1.9,72.6,Moderate
EMP_04433,Product Management,Supportive,3.77,3.28,3.51,3.95,3.8,5,1.6,44.0,Low
EMP_04434,Product Management,Supportive,4.64,3.99,1.86,4.06,2.64,4,10.4,52.5,Moderate
EMP_04435,Marketing,Supportive,4.45,3.75,1.75,2.72,1.72,5,1.2,58.7,Moderate
EMP_04436,Engineering,Democratic,3.74,4.73,2.83,3.35,3.36,3,10.8,53.2,Moderate
EMP_04437,Data Science,Democratic,2.39,3.81,2.66,3.81,1.72,3,3.6,37.3,Low
EMP_04438,Sales,Autocratic/Micromanagement,4.55,3.56,2.47,3.32,3.68,1,4.1,4.0,Low
EMP_04439,Data Science,Supportive,3.13,3.88,3.42,2.89,3.2,2,1.1,42.0,Low
EMP_04440,Product Management,Democratic,3.96,4.25,4.32,3.26,2.17,1,0.5,47.2,Moderate
EMP_04441,Engineering,Supportive,3.32,3.58,2.92,2.51,3.35,5,3.4,48.4,Moderate
EMP_04442,Engineering,Democratic,2.86,3.59,2.69,4.6,3.66,3,8.0,39.4,Low
EMP_04443,Product Management,Supportive,3.88,3.94,3.47,3.52,2.2,4,1.6,60.5,Moderate
EMP_04444,Data Science,Supportive,4.16,3.81,3.68,3.82,2.92,5,6.8,41.1,Low
EMP_04445,Engineering,Democratic,3.56,3.86,3.78,2.53,1.51,4,0.5,49.6,Moderate
EMP_04446,Engineering,Supportive,3.86,3.94,3.46,3.17,1.38,2,2.2,49.0,Moderate
EMP_04447,Engineering,Supportive,3.98,4.09,2.26,3.35,2.72,3,2.9,48.1,Moderate
EMP_04448,Product Management,Democratic,3.17,4.07,3.46,4.08,1.75,2,6.1,44.1,Low
EMP_04449,Engineering,Democratic,3.38,3.2,2.95,4.07,3.56,5,5.6,33.7,Low
EMP_04450,Marketing,Democratic,3.41,4.33,2.77,3.13,2.72,4,0.6,44.3,Low
EMP_04451,Engineering,Supportive,2.86,3.93,4.18,3.06,1.92,2,3.2,59.5,Moderate
EMP_04452,Engineering,Supportive,3.26,4.08,3.47,4.02,2.79,4,3.7,50.4,Moderate
EMP_04453,Sales,Democratic,3.2,3.4,3.86,4.33,3.28,5,4.1,31.4,Low
EMP_04454,Data Science,Democratic,3.08,4.37,3.06,3.29,1.15,4,0.5,62.0,Moderate
EMP_04455,Engineering,Democratic,3.27,4.35,2.49,4.17,1.52,2,1.4,61.7,Moderate
EMP_04456,Data Science,Democratic,5.0,3.47,2.36,3.75,2.32,1,2.9,33.4,Low
EMP_04457,HR,Autocratic/Micromanagement,2.66,2.74,2.47,3.93,3.46,3,6.1,33.6,Low
EMP_04458,Engineering,Democratic,3.88,4.27,3.41,3.61,3.14,3,1.2,51.3,Moderate
EMP_04459,Data Science,Supportive,3.62,3.55,4.15,3.66,2.87,2,2.2,48.2,Moderate
EMP_04460,Sales,Supportive,3.34,3.56,2.32,3.74,2.81,1,6.3,31.7,Low
EMP_04461,Sales,Supportive,3.44,3.74,4.35,2.79,2.94,4,1.3,59.4,Moderate
EMP_04462,HR,Supportive,3.94,4.19,2.02,2.85,2.25,5,0.9,52.6,Moderate
EMP_04463,Engineering,Supportive,3.59,3.27,2.12,3.21,2.65,3,0.7,50.1,Moderate
EMP_04464,Data Science,Autocratic/Micromanagement,3.2,4.39,3.21,3.83,2.27,3,2.2,58.5,Moderate
EMP_04465,Marketing,Supportive,4.45,3.13,3.01,3.43,1.15,1,2.8,55.9,Moderate
EMP_04466,Marketing,Democratic,4.18,3.97,3.77,4.0,1.79,2,2.9,49.1,Moderate
EMP_04467,Marketing,Democratic,3.1,4.31,3.51,3.3,2.87,5,0.5,46.5,Moderate
EMP_04468,Engineering,Supportive,3.98,2.99,2.76,3.87,2.62,4,0.5,48.9,Moderate
EMP_04469,Data Science,Supportive,3.95,3.34,3.92,4.68,2.69,4,2.8,48.4,Moderate
EMP_04470,HR,Democratic,3.37,4.03,3.81,3.42,3.74,3,10.1,44.5,Low
EMP_04471,Engineering,Democratic,3.03,3.38,2.94,4.0,2.92,4,3.4,41.9,Low
EMP_04472,Engineering,Autocratic/Micromanagement,3.8,3.83,2.98,3.61,2.51,3,1.2,46.5,Moderate
EMP_04473,Engineering,Supportive,3.43,4.31,1.75,3.34,2.79,2,1.1,64.6,Moderate
EMP_04474,Engineering,Autocratic/Micromanagement,3.83,4.25,2.67,4.06,2.78,1,1.3,54.2,Moderate
EMP_04475,Product Management,Supportive,3.25,4.17,3.28,4.47,1.47,5,0.5,59.1,Moderate
EMP_04476,Product Management,Supportive,4.56,4.2,2.44,4.53,4.0,4,6.9,41.5,Low
EMP_04477,Engineering,Autocratic/Micromanagement,4.83,3.69,3.0,4.16,2.38,5,1.0,29.9,Low
EMP_04478,Data Science,Supportive,4.24,3.99,2.56,3.51,2.97,5,0.9,51.4,Moderate
EMP_04479,Sales,Democratic,3.92,3.77,3.2,3.8,1.92,1,4.1,37.0,Low
EMP_04480,Product Management,Democratic,3.16,4.47,3.85,4.16,3.02,3,0.8,36.6,Low
EMP_04481,Data Science,Democratic,4.8,3.35,3.61,2.82,3.18,4,3.3,41.1,Low
EMP_04482,Engineering,Autocratic/Micromanagement,3.14,4.23,2.47,4.06,2.69,3,2.1,53.5,Moderate
EMP_04483,Marketing,Democratic,3.06,4.14,3.57,3.49,2.83,2,3.7,38.1,Low
EMP_04484,Engineering,Supportive,4.12,3.21,3.18,2.94,2.19,4,3.2,51.8,Moderate
EMP_04485,Engineering,Supportive,2.41,3.75,3.48,4.02,3.62,2,1.4,42.8,Low
EMP_04486,Marketing,Autocratic/Micromanagement,4.1,3.78,3.87,4.39,3.49,3,2.3,15.8,Low
EMP_04487,HR,Supportive,3.1,3.93,2.81,3.01,3.22,3,6.5,39.4,Low
EMP_04488,Sales,Democratic,4.39,3.77,3.12,3.77,1.59,3,1.4,50.7,Moderate
EMP_04489,Engineering,Supportive,4.38,3.91,2.43,3.82,2.87,4,2.4,45.7,Moderate
EMP_04490,Engineering,Democratic,2.93,3.94,2.66,3.35,1.09,5,2.7,50.1,Moderate
EMP_04491,Marketing,Autocratic/Micromanagement,4.23,3.75,2.93,3.64,1.63,3,3.9,16.3,Low
EMP_04492,Product Management,Autocratic/Micromanagement,4.53,3.9,3.4,4.43,3.93,3,1.4,22.0,Low
EMP_04493,Data Science,Democratic,5.0,3.57,2.98,3.94,3.01,2,2.4,40.9,Low
EMP_04494,Marketing,Democratic,4.67,4.47,3.74,3.33,2.92,4,2.3,34.6,Low
EMP_04495,Data Science,Democratic,3.35,4.24,2.4,3.5,1.19,3,0.5,68.1,Moderate
EMP_04496,Engineering,Supportive,4.01,4.52,2.32,2.06,1.9,2,0.5,68.9,Moderate
EMP_04497,HR,Democratic,3.8,2.89,2.45,3.5,1.76,3,1.6,47.0,Moderate
EMP_04498,Data Science,Democratic,4.79,4.81,3.11,3.33,1.84,3,6.6,56.2,Moderate
EMP_04499,Product Management,Autocratic/Micromanagement,3.26,3.35,2.54,4.31,2.8,3,12.8,37.9,Low
EMP_04500,Sales,Supportive,4.62,4.4,3.45,2.36,2.93,5,13.0,50.5,Moderate
EMP_04501,Product Management,Democratic,3.25,2.88,2.47,3.0,1.74,4,3.2,48.0,Moderate
EMP_04502,Product Management,Democratic,4.37,2.76,3.74,2.73,2.1,4,3.9,50.3,Moderate
EMP_04503,Sales,Supportive,4.34,3.7,2.86,3.62,3.36,4,6.3,41.0,Low
EMP_04504,Data Science,Supportive,4.0,4.54,4.04,4.09,2.83,4,14.2,63.7,Moderate
EMP_04505,HR,Democratic,3.04,4.47,2.39,4.08,1.27,4,9.3,51.2,Moderate
EMP_04506,Product Management,Supportive,4.36,4.27,2.9,3.56,2.96,4,0.5,51.5,Moderate
EMP_04507,Data Science,Autocratic/Micromanagement,2.87,4.62,3.67,1.73,2.36,5,4.0,60.7,Moderate
EMP_04508,Engineering,Supportive,3.15,3.8,2.24,4.05,2.72,3,3.3,45.8,Moderate
EMP_04509,HR,Democratic,3.65,3.32,2.81,3.87,2.75,5,9.7,42.2,Low
EMP_04510,Engineering,Democratic,4.23,3.43,1.03,3.33,2.61,1,2.3,33.5,Low
EMP_04511,Engineering,Democratic,3.95,3.96,2.14,2.53,3.22,4,17.9,33.6,Low
EMP_04512,Product Management,Democratic,3.17,4.82,3.1,3.76,2.89,4,0.6,27.6,Low
EMP_04513,Sales,Autocratic/Micromanagement,5.0,3.27,2.8,4.14,1.97,3,1.5,21.8,Low
EMP_04514,Engineering,Supportive,4.28,3.71,3.15,2.97,1.69,1,0.5,60.0,Moderate
EMP_04515,Engineering,Autocratic/Micromanagement,4.64,3.46,3.79,3.11,2.04,4,0.7,21.4,Low
EMP_04516,Marketing,Supportive,4.54,3.41,1.93,4.35,2.11,4,2.7,56.0,Moderate
EMP_04517,Marketing,Supportive,3.33,4.52,3.24,3.05,1.76,5,3.8,48.2,Moderate
EMP_04518,Engineering,Supportive,4.69,3.53,3.73,3.36,1.05,3,2.8,58.7,Moderate
EMP_04519,Engineering,Supportive,4.88,3.7,3.64,3.51,3.16,4,13.6,45.2,Moderate
EMP_04520,Engineering,Democratic,2.29,3.5,2.8,2.66,3.21,3,4.4,35.8,Low
EMP_04521,Marketing,Supportive,3.78,3.63,3.46,2.89,1.72,3,1.6,51.0,Moderate
EMP_04522,Marketing,Supportive,4.52,4.0,3.61,3.04,2.45,4,3.1,50.3,Moderate
EMP_04523,Marketing,Supportive,3.78,4.34,3.82,4.07,1.95,2,6.0,48.6,Moderate
EMP_04524,Engineering,Autocratic/Micromanagement,4.88,2.95,3.12,3.71,3.7,4,4.0,18.3,Low
EMP_04525,Marketing,Democratic,3.1,3.67,3.42,4.67,3.65,4,8.7,36.0,Low
EMP_04526,Sales,Supportive,3.29,4.53,3.52,3.6,2.68,5,9.2,54.7,Moderate
EMP_04527,Engineering,Autocratic/Micromanagement,3.29,4.13,2.42,3.3,3.06,2,5.8,49.1,Moderate
EMP_04528,Data Science,Autocratic/Micromanagement,3.34,3.35,5.0,2.93,2.48,1,3.7,40.4,Low
EMP_04529,Sales,Democratic,4.27,3.86,2.84,4.54,3.36,3,1.4,41.7,Low
EMP_04530,Sales,Supportive,3.71,3.89,4.36,3.97,2.68,3,0.5,68.3,Moderate
EMP_04531,Engineering,Autocratic/Micromanagement,3.36,3.43,3.37,3.42,3.58,3,3.6,29.6,Low
EMP_04532,Marketing,Democratic,3.94,4.17,2.61,3.19,3.47,3,12.6,32.6,Low
EMP_04533,Data Science,Democratic,3.04,3.57,3.82,3.3,1.86,5,1.5,45.5,Moderate
EMP_04534,HR,Supportive,4.65,4.17,2.99,4.08,1.55,4,16.7,52.3,Moderate
EMP_04535,Engineering,Democratic,2.54,3.0,3.14,2.92,1.91,3,1.1,47.9,Moderate
EMP_04536,Marketing,Democratic,2.25,3.86,2.87,2.76,3.68,5,1.3,37.9,Low
EMP_04537,Data Science,Democratic,4.14,4.57,3.35,3.39,1.0,2,4.6,67.5,Moderate
EMP_04538,Product Management,Democratic,3.64,4.15,3.37,1.86,2.92,3,3.3,41.5,Low
EMP_04539,Marketing,Supportive,3.64,4.06,2.04,4.58,2.96,4,0.9,40.8,Low
EMP_04540,Data Science,Democratic,3.56,4.43,3.91,3.24,1.57,5,1.8,64.8,Moderate
EMP_04541,Data Science,Autocratic/Micromanagement,3.88,3.58,3.21,3.38,3.02,5,2.1,42.1,Low
EMP_04542,Data Science,Supportive,3.03,3.33,3.12,3.4,1.3,1,0.5,62.4,Moderate
EMP_04543,HR,Democratic,4.17,3.55,3.63,3.56,3.53,3,0.5,32.3,Low
EMP_04544,Marketing,Democratic,2.93,3.72,2.22,3.4,1.67,3,2.4,47.6,Moderate
EMP_04545,Sales,Supportive,4.38,3.92,2.23,2.81,3.98,5,5.9,31.8,Low
EMP_04546,Product Management,Supportive,4.06,4.23,3.67,2.15,2.56,2,1.6,50.3,Moderate
EMP_04547,Marketing,Supportive,3.53,4.02,2.45,3.67,2.12,1,0.9,61.4,Moderate
EMP_04548,Sales,Autocratic/Micromanagement,4.66,3.63,3.65,2.99,1.82,4,3.3,26.4,Low
EMP_04549,Data Science,Supportive,3.56,3.29,2.22,2.82,1.88,4,0.9,46.8,Moderate
EMP_04550,Product Management,Democratic,4.76,4.93,3.15,3.48,3.35,4,3.3,40.0,Low
EMP_04551,HR,Democratic,2.77,3.96,3.44,3.41,2.2,5,0.8,55.0,Moderate
EMP_04552,Engineering,Autocratic/Micromanagement,4.04,5.0,3.26,4.2,3.47,5,0.7,31.2,Low
EMP_04553,Data Science,Supportive,2.75,3.97,4.91,3.83,2.79,4,1.7,51.1,Moderate
EMP_04554,Engineering,Democratic,3.88,3.85,3.02,3.48,4.13,4,7.8,38.9,Low
EMP_04555,HR,Supportive,3.91,4.04,2.88,3.39,3.13,3,17.9,45.1,Moderate
EMP_04556,Sales,Supportive,4.29,4.02,4.85,3.53,2.21,5,1.7,57.3,Moderate
EMP_04557,Engineering,Supportive,2.88,4.17,3.27,3.26,3.57,5,1.4,47.5,Moderate
EMP_04558,Sales,Supportive,2.59,4.86,5.0,3.27,3.14,3,3.0,59.0,Moderate
EMP_04559,Data Science,Democratic,3.42,4.25,1.84,4.13,1.88,5,1.0,66.9,Moderate
EMP_04560,Marketing,Supportive,4.27,4.55,3.96,3.84,3.14,5,1.3,43.6,Low
EMP_04561,Product Management,Supportive,3.7,4.45,4.04,2.43,2.04,3,0.5,51.8,Moderate
EMP_04562,Engineering,Autocratic/Micromanagement,4.74,4.0,2.8,3.07,2.07,3,0.9,23.9,Low
EMP_04563,HR,Supportive,3.63,4.12,2.48,3.88,2.91,5,1.5,47.5,Moderate
EMP_04564,Sales,Autocratic/Micromanagement,4.8,4.2,4.47,4.15,1.82,5,2.1,42.8,Low
EMP_04565,Engineering,Democratic,4.14,4.38,2.54,4.64,1.71,2,2.2,61.3,Moderate
EMP_04566,Engineering,Democratic,3.37,4.34,2.7,3.17,1.52,3,6.8,69.0,Moderate
EMP_04567,Marketing,Democratic,4.03,3.85,3.15,4.85,3.29,5,3.8,36.6,Low
EMP_04568,Engineering,Autocratic/Micromanagement,4.06,3.42,2.81,4.42,2.49,3,10.8,26.9,Low
EMP_04569,Product Management,Supportive,4.17,5.0,1.11,3.58,1.82,4,4.2,47.2,Moderate
EMP_04570,Product Management,Autocratic/Micromanagement,3.83,3.48,3.06,2.35,1.0,4,0.5,53.4,Moderate
EMP_04571,HR,Democratic,2.94,4.25,1.54,2.73,3.45,3,4.2,35.5,Low
EMP_04572,Engineering,Democratic,4.12,3.6,3.4,3.44,2.73,2,8.9,35.2,Low
EMP_04573,Data Science,Autocratic/Micromanagement,3.22,4.33,3.53,4.52,4.18,5,0.5,51.8,Moderate
EMP_04574,Sales,Supportive,3.13,4.5,2.59,3.9,2.56,4,2.3,48.6,Moderate
EMP_04575,Marketing,Supportive,4.06,4.63,3.97,3.35,2.15,5,5.3,55.3,Moderate
EMP_04576,Sales,Democratic,3.09,4.7,3.42,2.86,2.82,1,3.0,40.5,Low
EMP_04577,Sales,Supportive,3.94,3.51,3.68,4.57,2.02,4,2.3,51.1,Moderate
EMP_04578,Product Management,Democratic,3.74,4.85,3.06,2.78,2.24,1,13.3,45.5,Moderate
EMP_04579,Engineering,Supportive,3.6,3.85,4.55,2.88,2.85,4,2.3,49.7,Moderate
EMP_04580,Engineering,Supportive,2.89,3.96,2.49,3.47,1.6,5,4.1,60.8,Moderate
EMP_04581,Product Management,Supportive,3.2,3.51,3.41,4.01,3.35,5,0.5,55.6,Moderate
EMP_04582,Engineering,Supportive,3.77,4.25,3.38,3.65,1.42,4,6.7,70.3,Moderate
EMP_04583,Product Management,Supportive,3.43,4.58,2.81,3.67,2.53,3,3.6,52.2,Moderate
EMP_04584,Engineering,Supportive,3.02,4.09,2.09,3.94,2.85,3,5.7,46.5,Moderate
EMP_04585,Sales,Supportive,3.23,3.58,2.45,2.8,3.32,3,0.6,23.9,Low
EMP_04586,Product Management,Democratic,3.94,4.6,4.87,3.9,2.13,4,3.8,45.6,Moderate
EMP_04587,HR,Democratic,3.53,3.64,3.43,2.66,3.03,4,2.3,39.1,Low
EMP_04588,Engineering,Autocratic/Micromanagement,2.98,3.57,2.61,3.56,2.28,2,6.4,42.3,Low
EMP_04589,Engineering,Supportive,3.63,4.11,2.82,4.32,1.51,1,6.6,60.3,Moderate
EMP_04590,Marketing,Supportive,2.21,3.39,2.94,3.25,2.18,2,2.1,59.6,Moderate
EMP_04591,Engineering,Supportive,4.3,3.74,2.61,2.87,2.79,4,5.4,50.6,Moderate
EMP_04592,Engineering,Autocratic/Micromanagement,3.67,4.65,2.32,3.74,2.01,2,0.5,64.8,Moderate
EMP_04593,Engineering,Supportive,3.76,4.01,3.56,3.02,2.18,1,2.9,59.5,Moderate
EMP_04594,Engineering,Supportive,4.94,3.2,2.78,4.54,1.0,4,3.5,61.9,Moderate
EMP_04595,Product Management,Democratic,3.64,3.38,4.44,3.9,3.06,4,3.3,46.4,Moderate
EMP_04596,Marketing,Supportive,4.21,4.62,2.88,4.24,3.0,5,1.9,48.3,Moderate
EMP_04597,HR,Autocratic/Micromanagement,3.1,3.86,3.88,3.91,2.32,4,8.4,33.4,Low
EMP_04598,Data Science,Supportive,3.49,4.35,3.18,4.07,2.47,5,2.5,64.1,Moderate
EMP_04599,Engineering,Autocratic/Micromanagement,3.73,3.99,1.96,3.41,1.84,3,9.8,48.4,Moderate
EMP_04600,Marketing,Supportive,4.29,4.27,2.02,3.22,3.86,5,9.8,39.8,Low
EMP_04601,Engineering,Supportive,4.43,3.15,2.9,3.74,4.04,5,4.0,45.5,Moderate
EMP_04602,Marketing,Democratic,3.99,4.06,3.55,4.63,2.39,2,4.0,44.3,Low
EMP_04603,Product Management,Democratic,3.87,3.34,3.19,4.25,2.56,4,0.5,40.2,Low
EMP_04604,Engineering,Democratic,3.02,3.53,3.29,3.02,3.05,3,0.5,39.9,Low
EMP_04605,Engineering,Supportive,3.83,3.93,3.02,3.73,3.51,4,1.8,41.1,Low
EMP_04606,Sales,Democratic,3.88,2.84,3.73,2.99,3.41,4,5.1,33.9,Low
EMP_04607,Marketing,Autocratic/Micromanagement,3.19,3.35,4.75,2.8,2.03,4,5.2,40.4,Low
EMP_04608,Sales,Supportive,4.29,3.74,4.33,3.07,1.49,5,0.5,73.1,Moderate
EMP_04609,Data Science,Supportive,2.73,4.38,3.62,3.07,3.19,4,0.5,56.6,Moderate
EMP_04610,Engineering,Supportive,3.58,3.86,2.42,3.18,1.0,4,0.7,63.5,Moderate
EMP_04611,Data Science,Autocratic/Micromanagement,2.64,4.46,3.54,2.94,1.96,4,1.0,65.4,Moderate
EMP_04612,Engineering,Supportive,3.63,3.89,2.28,3.9,2.2,2,3.8,50.1,Moderate
EMP_04613,Data Science,Supportive,4.05,3.72,3.16,3.52,2.32,5,0.5,54.7,Moderate
EMP_04614,Product Management,Autocratic/Micromanagement,3.35,4.33,3.55,4.01,2.34,3,4.6,40.7,Low
EMP_04615,Data Science,Supportive,3.68,3.96,1.85,3.2,3.77,5,3.0,54.3,Moderate
EMP_04616,HR,Supportive,3.29,3.77,2.64,4.27,2.51,2,7.1,51.2,Moderate
EMP_04617,HR,Supportive,4.32,3.79,4.3,3.59,3.17,4,0.6,53.9,Moderate
EMP_04618,Engineering,Supportive,4.32,4.18,2.72,2.79,2.63,4,4.7,47.1,Moderate
EMP_04619,Engineering,Supportive,4.04,4.24,2.62,3.56,2.3,4,7.2,69.2,Moderate
EMP_04620,Data Science,Supportive,4.48,3.23,2.68,2.89,3.21,1,1.3,45.3,Moderate
EMP_04621,Engineering,Supportive,4.26,3.26,2.94,3.93,2.29,4,0.5,50.4,Moderate
EMP_04622,Engineering,Supportive,3.5,3.85,3.69,4.05,1.95,5,4.6,50.3,Moderate
EMP_04623,HR,Supportive,3.66,5.0,4.41,3.82,1.0,5,3.7,55.5,Moderate
EMP_04624,Data Science,Supportive,4.26,3.16,2.25,3.21,2.68,3,4.5,53.7,Moderate
EMP_04625,HR,Supportive,2.93,3.81,3.31,4.42,2.83,3,3.5,53.8,Moderate
EMP_04626,Engineering,Supportive,2.93,4.76,3.26,4.14,2.89,5,2.2,63.0,Moderate
EMP_04627,Engineering,Democratic,3.85,3.67,3.73,3.24,2.53,3,2.9,48.1,Moderate
EMP_04628,Engineering,Supportive,3.45,3.67,2.51,3.26,2.66,3,0.5,37.1,Low
EMP_04629,Data Science,Supportive,3.65,4.13,3.07,4.19,1.98,4,14.6,50.0,Moderate
EMP_04630,HR,Autocratic/Micromanagement,3.44,3.7,3.63,4.91,3.32,5,2.8,43.2,Low
EMP_04631,Data Science,Supportive,3.95,3.09,2.23,3.32,2.89,4,1.1,50.0,Moderate
EMP_04632,Sales,Democratic,3.37,4.48,4.27,5.0,4.0,2,3.5,50.2,Moderate
EMP_04633,Sales,Democratic,3.81,4.08,2.49,3.19,3.65,4,1.8,15.6,Low
EMP_04634,Marketing,Supportive,3.97,3.46,1.85,2.6,1.87,3,1.3,50.8,Moderate
EMP_04635,Product Management,Autocratic/Micromanagement,3.55,4.67,4.48,4.67,2.21,1,8.6,44.8,Low
EMP_04636,Engineering,Democratic,3.46,3.62,3.75,4.13,2.89,4,8.3,44.6,Low
EMP_04637,Product Management,Autocratic/Micromanagement,3.58,3.39,4.0,3.63,1.36,2,0.5,47.1,Moderate
EMP_04638,HR,Supportive,4.58,4.07,2.58,3.14,1.43,4,3.8,61.1,Moderate
EMP_04639,HR,Democratic,3.33,3.99,2.76,3.08,2.14,5,10.1,41.5,Low
EMP_04640,Engineering,Supportive,3.56,3.91,2.99,4.17,2.76,2,6.5,43.8,Low
EMP_04641,Engineering,Supportive,4.06,3.24,3.28,3.4,3.68,3,1.1,44.4,Low
EMP_04642,Data Science,Democratic,3.96,4.07,2.58,3.8,1.62,3,5.9,43.0,Low
EMP_04643,Product Management,Supportive,3.94,2.64,4.31,3.5,2.47,3,0.5,46.0,Moderate
EMP_04644,Engineering,Supportive,4.77,4.4,2.9,4.28,2.73,4,0.9,59.7,Moderate
EMP_04645,Engineering,Supportive,4.37,3.04,3.84,3.61,2.14,4,5.2,57.3,Moderate
EMP_04646,Engineering,Supportive,3.49,3.53,2.53,2.34,3.06,3,18.1,49.4,Moderate
EMP_04647,Product Management,Autocratic/Micromanagement,3.73,3.58,2.84,4.72,2.16,5,4.6,49.0,Moderate
EMP_04648,Data Science,Democratic,3.95,3.95,3.08,2.36,1.94,3,1.4,44.0,Low
EMP_04649,Sales,Democratic,3.89,3.4,3.14,3.55,1.0,1,0.5,53.8,Moderate
EMP_04650,Product Management,Democratic,3.33,3.87,3.62,3.41,3.29,3,10.9,46.4,Moderate
EMP_04651,Marketing,Supportive,3.95,3.5,2.33,3.76,2.55,1,0.5,53.3,Moderate
EMP_04652,Sales,Supportive,4.51,3.28,3.13,3.68,3.56,1,1.8,44.9,Low
EMP_04653,Engineering,Supportive,4.76,3.43,2.62,3.14,2.74,5,3.4,54.9,Moderate
EMP_04654,Engineering,Democratic,3.34,3.37,3.16,3.08,2.11,2,0.8,39.1,Low
EMP_04655,Data Science,Democratic,3.74,4.5,3.38,3.85,3.59,3,4.4,49.5,Moderate
EMP_04656,Marketing,Supportive,3.51,3.7,3.3,3.35,1.53,2,0.5,53.2,Moderate
EMP_04657,Engineering,Autocratic/Micromanagement,4.07,3.22,2.94,3.55,1.83,5,8.3,25.9,Low
EMP_04658,Sales,Democratic,3.87,3.97,3.81,2.9,1.57,4,3.8,43.8,Low
EMP_04659,Sales,Supportive,3.62,4.23,3.44,3.85,1.0,5,9.7,55.9,Moderate
EMP_04660,Sales,Supportive,4.17,4.79,2.38,4.24,1.82,5,2.7,37.2,Low
EMP_04661,Marketing,Democratic,4.59,4.82,3.03,3.3,3.99,4,1.8,35.6,Low
EMP_04662,Engineering,Autocratic/Micromanagement,2.3,3.41,2.87,3.99,2.79,3,15.8,43.7,Low
EMP_04663,Marketing,Supportive,2.42,4.01,3.14,2.95,3.52,3,4.9,48.5,Moderate
EMP_04664,Sales,Democratic,4.11,4.51,3.86,3.21,4.09,2,0.5,38.1,Low
EMP_04665,Product Management,Supportive,3.84,4.35,3.72,2.59,1.22,4,4.0,50.1,Moderate
EMP_04666,Engineering,Autocratic/Micromanagement,3.51,4.49,2.57,4.48,3.02,3,2.4,50.0,Moderate
EMP_04667,Engineering,Democratic,3.11,4.3,2.7,2.29,2.31,4,7.3,64.8,Moderate
EMP_04668,Marketing,Supportive,3.61,3.96,3.43,2.69,1.0,5,2.3,59.6,Moderate
EMP_04669,Marketing,Democratic,3.15,4.27,3.05,2.65,3.22,3,7.1,39.9,Low
EMP_04670,Engineering,Supportive,4.59,4.11,2.14,3.01,1.12,4,6.0,50.0,Moderate
EMP_04671,Sales,Democratic,3.04,4.1,3.64,4.83,2.83,3,2.9,42.9,Low
EMP_04672,Sales,Democratic,3.43,3.7,3.34,2.6,1.69,3,3.3,49.6,Moderate
EMP_04673,Engineering,Democratic,3.52,3.31,4.46,4.77,2.43,4,4.1,42.2,Low
EMP_04674,Engineering,Democratic,3.77,3.58,4.62,3.86,2.7,2,1.5,41.0,Low
EMP_04675,HR,Democratic,3.43,4.4,3.27,3.56,2.78,2,0.5,30.7,Low
EMP_04676,Sales,Democratic,3.55,3.71,3.17,4.02,2.45,4,15.1,40.3,Low
EMP_04677,Sales,Autocratic/Micromanagement,4.04,3.26,2.6,3.36,1.16,2,1.6,29.1,Low
EMP_04678,Data Science,Supportive,2.23,3.13,2.8,2.9,3.67,3,2.1,42.6,Low
EMP_04679,Engineering,Democratic,4.32,4.71,1.82,3.71,2.67,5,3.1,59.5,Moderate
EMP_04680,Sales,Democratic,4.27,4.19,2.63,3.02,3.05,4,2.7,36.3,Low
EMP_04681,HR,Supportive,3.65,3.61,3.3,3.53,2.17,1,10.2,48.2,Moderate
EMP_04682,Engineering,Autocratic/Micromanagement,3.41,4.22,3.44,3.79,1.17,2,1.4,68.5,Moderate
EMP_04683,HR,Autocratic/Micromanagement,3.85,3.93,1.54,3.29,3.6,4,0.8,48.7,Moderate
EMP_04684,Sales,Supportive,4.24,4.58,2.38,2.7,1.0,3,4.8,44.1,Low
EMP_04685,Sales,Supportive,3.33,3.69,3.72,3.69,2.21,5,3.0,57.5,Moderate
EMP_04686,Engineering,Supportive,4.26,2.94,2.31,3.22,3.08,1,2.8,42.9,Low
EMP_04687,Product Management,Democratic,4.09,4.34,2.9,3.15,1.99,3,0.7,47.3,Moderate
EMP_04688,HR,Supportive,3.88,3.52,3.27,2.66,3.61,4,14.0,43.2,Low
EMP_04689,Sales,Autocratic/Micromanagement,4.6,4.21,3.15,3.91,4.18,2,4.0,9.9,Low
EMP_04690,Engineering,Democratic,3.73,4.22,2.62,4.43,2.53,5,1.2,58.9,Moderate
EMP_04691,HR,Supportive,3.84,3.53,3.35,2.55,2.43,4,2.5,39.9,Low
EMP_04692,Engineering,Democratic,3.78,4.29,4.02,3.85,1.27,3,9.0,59.3,Moderate
EMP_04693,Engineering,Autocratic/Micromanagement,3.27,3.4,3.28,4.52,3.32,3,4.1,33.0,Low
EMP_04694,Engineering,Autocratic/Micromanagement,2.99,3.51,3.03,3.53,1.93,5,0.5,45.3,Moderate
EMP_04695,Engineering,Democratic,4.29,3.74,3.08,2.44,1.84,4,11.6,46.2,Moderate
EMP_04696,Engineering,Supportive,3.77,4.3,2.93,3.86,1.77,4,5.6,66.6,Moderate
EMP_04697,Sales,Supportive,4.18,3.85,2.68,3.89,3.85,3,12.1,32.1,Low
EMP_04698,Sales,Democratic,3.41,4.94,3.47,4.63,3.32,4,0.5,31.3,Low
EMP_04699,Data Science,Democratic,2.78,3.77,1.96,4.03,4.05,4,0.7,34.2,Low
EMP_04700,Engineering,Democratic,3.36,3.25,3.59,3.13,3.77,3,6.0,36.6,Low
EMP_04701,Product Management,Supportive,4.16,4.08,3.56,4.74,2.49,3,19.8,43.8,Low
EMP_04702,Sales,Democratic,4.04,3.5,4.34,3.26,2.23,3,10.0,59.7,Moderate
EMP_04703,Marketing,Supportive,3.62,4.34,3.01,3.07,2.62,4,1.7,47.3,Moderate
EMP_04704,Marketing,Autocratic/Micromanagement,4.28,3.5,2.98,3.5,1.18,5,6.7,34.7,Low
EMP_04705,Sales,Democratic,3.43,4.88,2.94,2.85,3.56,4,0.5,44.5,Low
EMP_04706,Marketing,Supportive,3.63,4.56,2.85,3.41,2.74,3,11.6,54.7,Moderate
EMP_04707,Sales,Supportive,3.63,3.94,2.87,4.15,1.96,3,12.1,55.1,Moderate
EMP_04708,Sales,Supportive,3.97,3.04,3.34,4.07,3.43,3,1.7,51.9,Moderate
EMP_04709,Sales,Democratic,2.56,3.83,4.11,3.75,3.26,5,2.3,50.7,Moderate
EMP_04710,Product Management,Supportive,3.01,3.89,3.21,3.9,2.32,5,2.7,56.9,Moderate
EMP_04711,Marketing,Supportive,4.31,4.61,4.04,2.97,1.56,4,4.8,58.3,Moderate
EMP_04712,Engineering,Supportive,4.26,3.22,3.86,3.23,3.0,2,0.9,54.7,Moderate
EMP_04713,HR,Supportive,3.53,2.95,2.1,3.75,2.51,4,6.6,50.9,Moderate
EMP_04714,Sales,Supportive,3.3,4.26,3.74,3.6,4.27,2,0.5,43.4,Low
EMP_04715,Sales,Autocratic/Micromanagement,4.4,4.09,2.53,3.83,2.92,1,2.6,30.3,Low
EMP_04716,Product Management,Supportive,4.23,2.98,3.47,2.46,2.21,4,4.0,49.5,Moderate
EMP_04717,Engineering,Supportive,3.33,3.51,3.63,4.24,2.04,4,0.5,53.3,Moderate
EMP_04718,Marketing,Democratic,2.92,3.24,4.15,3.49,2.6,2,9.5,42.2,Low
EMP_04719,Sales,Supportive,3.19,4.29,2.95,3.83,1.0,4,6.4,58.7,Moderate
EMP_04720,Sales,Democratic,3.61,4.6,2.19,2.69,2.22,5,0.5,25.3,Low
EMP_04721,Data Science,Supportive,3.75,4.08,2.98,2.71,2.55,4,20.0,51.5,Moderate
EMP_04722,Sales,Supportive,4.12,3.34,2.81,3.64,3.21,3,0.5,49.3,Moderate
EMP_04723,Engineering,Supportive,4.77,4.14,5.0,1.58,2.3,4,1.7,49.5,Moderate
EMP_04724,Marketing,Autocratic/Micromanagement,3.1,4.47,3.69,3.98,2.06,4,4.2,38.9,Low
EMP_04725,Engineering,Supportive,2.58,3.65,2.08,3.55,3.74,4,5.5,51.5,Moderate
EMP_04726,HR,Democratic,3.09,4.55,3.77,3.76,2.42,3,8.0,40.9,Low
EMP_04727,Product Management,Supportive,3.92,4.32,3.47,4.27,1.79,4,7.3,53.7,Moderate
EMP_04728,HR,Autocratic/Micromanagement,4.04,3.03,2.57,3.24,2.49,3,5.6,20.2,Low
EMP_04729,Sales,Democratic,3.6,3.84,2.99,3.07,2.57,4,5.3,44.1,Low
EMP_04730,Engineering,Supportive,3.54,3.8,3.44,3.97,2.85,4,1.1,50.8,Moderate
EMP_04731,Product Management,Supportive,3.41,3.39,2.57,2.66,1.0,3,1.5,53.3,Moderate
EMP_04732,Engineering,Supportive,3.52,3.68,3.71,3.64,2.44,4,5.4,48.4,Moderate
EMP_04733,Data Science,Autocratic/Micromanagement,2.89,4.01,3.12,3.98,2.32,1,13.8,39.0,Low
EMP_04734,Marketing,Supportive,3.31,4.0,2.56,4.07,1.0,5,1.2,63.7,Moderate
EMP_04735,Sales,Supportive,3.91,4.47,3.47,3.9,1.42,5,5.6,54.4,Moderate
EMP_04736,Sales,Supportive,2.32,4.31,3.93,5.0,4.16,1,0.5,41.7,Low
EMP_04737,Engineering,Supportive,3.62,4.2,4.16,3.12,1.98,3,4.2,70.5,Moderate
EMP_04738,Engineering,Democratic,2.37,4.62,3.25,3.36,1.76,5,1.2,52.7,Moderate
EMP_04739,Engineering,Democratic,3.24,3.63,3.74,3.18,3.02,5,2.3,50.9,Moderate
EMP_04740,HR,Supportive,4.33,3.93,3.82,2.85,3.72,2,15.6,50.7,Moderate
EMP_04741,Engineering,Democratic,3.94,3.2,2.32,3.78,1.85,5,9.6,42.9,Low
EMP_04742,Data Science,Democratic,2.97,3.59,1.38,3.42,2.27,1,0.6,47.9,Moderate
EMP_04743,Engineering,Supportive,3.85,3.8,2.0,3.87,1.79,1,1.0,51.6,Moderate
EMP_04744,Data Science,Democratic,3.3,3.99,2.74,3.48,2.9,4,0.5,42.5,Low
EMP_04745,Sales,Supportive,3.89,3.48,3.34,3.78,3.2,4,5.6,53.4,Moderate
EMP_04746,Marketing,Autocratic/Micromanagement,4.0,3.64,1.97,3.52,2.46,3,1.9,27.9,Low
EMP_04747,Product Management,Democratic,4.23,3.76,2.25,3.92,3.34,2,2.5,44.2,Low
EMP_04748,Engineering,Democratic,4.41,4.41,3.74,4.38,2.58,4,4.7,58.3,Moderate
EMP_04749,Data Science,Supportive,3.45,3.04,2.96,3.25,1.78,5,14.6,52.5,Moderate
EMP_04750,Data Science,Supportive,3.09,3.26,3.23,2.35,2.13,3,9.0,51.7,Moderate
EMP_04751,Product Management,Democratic,3.35,3.78,1.9,3.87,3.09,1,7.6,35.7,Low
EMP_04752,Engineering,Supportive,4.24,4.12,2.97,3.5,2.38,2,5.1,49.5,Moderate
EMP_04753,HR,Autocratic/Micromanagement,3.41,4.14,2.68,3.8,2.41,4,1.3,40.5,Low
EMP_04754,Sales,Autocratic/Micromanagement,3.91,3.76,2.86,4.35,2.27,3,2.3,48.5,Moderate
EMP_04755,Marketing,Autocratic/Micromanagement,3.31,3.79,3.64,4.17,3.38,2,5.1,36.7,Low
EMP_04756,HR,Democratic,3.77,4.06,3.43,3.58,1.75,5,2.8,54.5,Moderate
EMP_04757,Data Science,Supportive,3.29,4.39,2.24,3.78,2.42,3,18.7,62.0,Moderate
EMP_04758,Sales,Autocratic/Micromanagement,3.5,3.18,4.15,3.78,2.09,4,0.6,54.5,Moderate
EMP_04759,Data Science,Supportive,2.71,3.65,2.98,2.9,1.87,1,3.0,52.8,Moderate
EMP_04760,Engineering,Democratic,3.62,4.04,3.52,3.12,2.82,4,1.4,33.5,Low
EMP_04761,Engineering,Supportive,3.27,3.76,2.55,2.57,1.92,4,1.5,47.1,Moderate
EMP_04762,Engineering,Democratic,4.33,3.49,2.72,4.32,4.19,5,1.9,36.6,Low
EMP_04763,Engineering,Supportive,4.08,3.6,2.4,4.01,2.89,3,1.2,41.3,Low
EMP_04764,Sales,Autocratic/Micromanagement,3.81,4.26,3.6,4.5,2.56,4,5.2,40.7,Low
EMP_04765,Product Management,Democratic,3.8,4.08,3.2,3.1,5.0,4,2.8,37.1,Low
EMP_04766,Data Science,Democratic,4.45,4.1,3.77,3.13,1.96,4,0.9,43.9,Low
EMP_04767,Sales,Supportive,2.48,3.95,2.42,3.17,1.82,4,1.9,38.5,Low
EMP_04768,Data Science,Democratic,3.26,3.69,2.02,2.84,2.58,4,1.0,45.5,Moderate
EMP_04769,Sales,Supportive,2.99,4.21,3.09,4.14,1.34,4,3.0,45.5,Moderate
EMP_04770,Product Management,Democratic,3.19,4.36,4.62,3.77,2.07,4,2.7,49.4,Moderate
EMP_04771,Data Science,Democratic,2.52,4.67,3.24,3.8,1.75,4,2.9,60.3,Moderate
EMP_04772,HR,Autocratic/Micromanagement,3.97,3.7,3.9,4.15,2.24,4,8.8,44.1,Low
EMP_04773,Engineering,Supportive,4.28,4.5,3.36,3.97,1.33,4,4.8,74.7,Moderate
EMP_04774,Sales,Democratic,3.86,3.81,4.17,3.97,2.58,5,1.1,54.4,Moderate
EMP_04775,Product Management,Supportive,3.05,3.88,2.32,4.14,2.94,4,0.5,48.1,Moderate
EMP_04776,Engineering,Supportive,4.42,3.51,2.43,2.68,1.27,2,2.3,47.5,Moderate
EMP_04777,Marketing,Democratic,3.79,3.07,3.7,3.92,2.42,4,5.9,44.1,Low
EMP_04778,Marketing,Autocratic/Micromanagement,3.96,3.87,4.26,2.45,2.64,3,6.5,37.5,Low
EMP_04779,Engineering,Autocratic/Micromanagement,3.63,4.48,1.95,2.53,3.39,4,1.8,54.5,Moderate
EMP_04780,Sales,Supportive,3.64,4.38,3.12,4.34,2.53,5,2.8,47.4,Moderate
EMP_04781,Sales,Democratic,3.4,3.98,3.58,4.0,2.01,3,7.2,48.3,Moderate
EMP_04782,Marketing,Supportive,4.25,3.63,4.22,3.94,2.99,5,0.8,48.9,Moderate
EMP_04783,Marketing,Supportive,3.14,3.37,3.54,3.35,3.61,5,11.7,41.4,Low
EMP_04784,Sales,Supportive,3.22,4.7,2.43,3.07,3.35,3,2.3,36.8,Low
EMP_04785,Data Science,Autocratic/Micromanagement,3.28,4.31,2.13,3.09,1.19,2,2.8,65.7,Moderate
EMP_04786,Marketing,Democratic,4.54,4.1,2.96,4.32,3.51,4,1.0,35.1,Low
EMP_04787,Engineering,Democratic,3.96,3.99,2.2,4.14,2.79,1,0.5,33.8,Low
EMP_04788,Engineering,Democratic,4.32,3.91,2.92,4.68,1.61,5,4.5,54.3,Moderate
EMP_04789,Engineering,Supportive,3.25,2.8,2.32,4.16,2.28,3,4.8,44.4,Low
EMP_04790,Engineering,Autocratic/Micromanagement,4.04,3.55,3.76,3.11,2.06,4,11.0,17.3,Low
EMP_04791,Sales,Supportive,3.43,4.19,2.81,3.45,1.0,4,1.0,57.6,Moderate
EMP_04792,Engineering,Democratic,3.83,4.19,2.94,4.14,2.56,4,2.5,44.7,Low
EMP_04793,HR,Supportive,3.05,3.71,3.42,3.11,3.39,4,6.0,43.5,Low
EMP_04794,Product Management,Supportive,3.71,3.93,3.91,2.72,2.09,3,0.7,52.9,Moderate
EMP_04795,Marketing,Autocratic/Micromanagement,4.28,4.24,3.94,3.4,3.22,4,0.8,21.5,Low
EMP_04796,Data Science,Democratic,4.8,4.16,2.6,4.51,2.61,3,1.3,46.5,Moderate
EMP_04797,Product Management,Supportive,4.48,2.7,3.37,3.31,3.3,4,1.6,43.9,Low
EMP_04798,Engineering,Supportive,4.27,3.23,3.67,3.42,3.06,2,8.2,48.9,Moderate
EMP_04799,Sales,Supportive,3.53,3.95,2.9,3.91,2.09,4,8.1,54.6,Moderate
EMP_04800,Product Management,Supportive,4.4,3.41,2.75,3.78,2.41,4,1.3,50.0,Moderate
EMP_04801,Sales,Supportive,3.65,4.37,3.14,3.47,2.86,1,7.8,46.8,Moderate
EMP_04802,Engineering,Democratic,4.37,4.24,3.76,3.07,2.92,3,12.1,65.0,Moderate
EMP_04803,Data Science,Democratic,3.93,3.22,2.76,3.5,2.57,4,1.3,39.0,Low
EMP_04804,Marketing,Supportive,3.05,3.33,3.77,4.2,2.62,5,0.5,52.5,Moderate
EMP_04805,Product Management,Supportive,4.06,4.67,3.19,4.07,1.04,3,3.8,60.9,Moderate
EMP_04806,Engineering,Democratic,4.15,4.1,3.64,3.78,3.16,4,0.5,34.6,Low
EMP_04807,Engineering,Supportive,3.42,4.25,3.42,4.28,1.62,5,0.5,64.6,Moderate
EMP_04808,Product Management,Supportive,3.52,3.21,2.48,2.44,1.71,1,7.9,47.3,Moderate
EMP_04809,Sales,Democratic,3.41,3.91,3.21,1.85,1.89,5,5.4,46.2,Moderate
EMP_04810,Engineering,Autocratic/Micromanagement,3.59,3.96,3.25,3.15,2.53,3,0.5,48.2,Moderate
EMP_04811,HR,Supportive,3.24,4.12,1.58,3.48,1.9,3,3.3,50.6,Moderate
EMP_04812,Data Science,Supportive,3.26,4.49,2.87,3.09,2.9,5,0.5,64.8,Moderate
EMP_04813,Product Management,Autocratic/Micromanagement,3.53,4.64,3.41,4.67,3.23,5,2.0,38.2,Low
EMP_04814,HR,Democratic,4.47,4.02,2.61,2.52,2.49,3,5.0,37.0,Low
EMP_04815,HR,Democratic,3.94,2.57,3.14,3.58,2.48,4,5.4,43.4,Low
EMP_04816,Engineering,Supportive,3.12,3.74,2.56,4.22,2.29,4,15.5,57.2,Moderate
EMP_04817,Engineering,Autocratic/Micromanagement,2.98,3.54,2.41,4.42,1.29,5,3.1,43.3,Low
EMP_04818,Sales,Autocratic/Micromanagement,3.41,4.43,3.13,3.4,1.66,3,2.1,48.1,Moderate
EMP_04819,Engineering,Democratic,3.41,2.71,4.39,3.72,2.66,4,4.4,32.2,Low
EMP_04820,HR,Supportive,3.78,3.41,3.24,3.46,2.38,4,10.4,47.1,Moderate
EMP_04821,Product Management,Democratic,4.14,4.67,3.28,3.34,3.57,5,5.2,34.9,Low
EMP_04822,Engineering,Democratic,3.02,3.78,2.45,2.76,2.89,5,5.8,40.9,Low
EMP_04823,Engineering,Democratic,1.9,3.92,4.42,3.23,2.55,1,1.1,43.4,Low
EMP_04824,Engineering,Democratic,3.68,4.43,2.7,2.73,2.1,3,3.9,57.3,Moderate
EMP_04825,Sales,Supportive,4.0,3.07,4.23,2.64,2.33,5,2.5,60.0,Moderate
EMP_04826,Marketing,Democratic,3.71,4.11,1.68,3.06,2.54,4,14.0,43.5,Low
EMP_04827,Marketing,Supportive,3.05,3.46,3.18,3.61,2.84,4,3.4,53.3,Moderate
EMP_04828,Engineering,Autocratic/Micromanagement,4.3,3.77,2.48,3.31,2.76,5,3.4,31.1,Low
EMP_04829,Marketing,Supportive,4.07,3.88,3.84,4.41,3.02,3,0.5,45.4,Moderate
EMP_04830,Marketing,Supportive,2.63,4.27,2.98,2.97,3.28,5,12.7,46.9,Moderate
EMP_04831,Marketing,Supportive,3.65,4.02,2.98,2.43,2.55,3,14.0,57.8,Moderate
EMP_04832,Engineering,Democratic,3.28,4.13,3.41,3.63,2.99,4,1.6,44.2,Low
EMP_04833,HR,Autocratic/Micromanagement,4.14,3.43,2.03,3.69,1.79,3,6.1,20.5,Low
EMP_04834,Sales,Autocratic/Micromanagement,3.3,3.85,2.81,2.99,3.9,3,8.2,38.7,Low
EMP_04835,Sales,Democratic,3.93,4.12,4.54,3.26,3.23,4,4.5,50.3,Moderate
EMP_04836,Engineering,Supportive,3.44,4.36,2.49,3.86,2.69,3,0.6,65.2,Moderate
EMP_04837,Engineering,Supportive,3.14,4.21,2.69,3.62,2.53,3,2.6,65.1,Moderate
EMP_04838,Marketing,Supportive,4.49,4.43,2.38,4.09,1.92,4,2.0,54.7,Moderate
EMP_04839,Product Management,Supportive,4.32,3.22,3.92,4.03,3.07,3,4.3,45.2,Moderate
EMP_04840,Engineering,Supportive,3.99,3.64,2.68,2.67,2.85,5,10.2,50.6,Moderate
EMP_04841,Engineering,Democratic,2.81,3.78,1.54,2.49,1.56,2,5.2,41.2,Low
EMP_04842,Sales,Supportive,4.34,4.15,3.1,3.14,1.7,4,0.9,58.1,Moderate
EMP_04843,Engineering,Autocratic/Micromanagement,3.84,3.71,2.55,2.95,2.3,2,6.3,44.7,Low
EMP_04844,Data Science,Supportive,4.6,4.4,3.33,4.08,2.46,5,11.3,61.5,Moderate
EMP_04845,Sales,Supportive,4.0,4.04,2.54,2.63,2.42,4,3.0,58.1,Moderate
EMP_04846,Data Science,Supportive,4.22,3.77,2.39,3.35,1.53,5,1.8,61.5,Moderate
EMP_04847,Data Science,Supportive,3.82,4.26,3.21,4.02,2.48,4,4.7,61.7,Moderate
EMP_04848,Product Management,Democratic,3.8,4.1,4.47,4.06,1.96,4,10.2,45.0,Moderate
EMP_04849,Product Management,Supportive,3.23,4.42,3.91,3.22,2.85,5,20.0,44.3,Low
EMP_04850,Sales,Democratic,4.3,4.65,3.02,3.18,3.67,4,6.5,37.4,Low
EMP_04851,Marketing,Autocratic/Micromanagement,3.35,4.59,2.95,3.38,1.11,3,4.0,47.4,Moderate
EMP_04852,Marketing,Supportive,3.76,3.15,3.89,4.08,2.64,5,3.1,44.5,Low
EMP_04853,Engineering,Autocratic/Micromanagement,4.05,3.7,2.4,3.21,2.29,5,1.3,26.3,Low
EMP_04854,Sales,Autocratic/Micromanagement,3.39,4.81,2.7,4.43,2.51,3,0.5,50.8,Moderate
EMP_04855,HR,Autocratic/Micromanagement,3.64,4.55,4.5,3.88,2.05,5,3.5,41.8,Low
EMP_04856,Data Science,Supportive,3.81,3.71,3.56,4.06,2.32,3,3.9,52.2,Moderate
EMP_04857,Marketing,Autocratic/Micromanagement,4.69,3.66,2.66,3.62,1.84,3,8.8,19.0,Low
EMP_04858,HR,Supportive,4.06,4.19,2.12,4.27,3.39,3,13.9,47.4,Moderate
EMP_04859,Engineering,Supportive,4.31,4.57,1.93,3.42,2.62,4,18.0,66.3,Moderate
EMP_04860,Sales,Autocratic/Micromanagement,2.9,3.77,3.72,3.9,3.74,4,0.7,40.3,Low
EMP_04861,HR,Supportive,3.98,2.92,3.29,2.56,2.17,4,1.8,57.3,Moderate
EMP_04862,Engineering,Supportive,3.66,4.78,3.85,4.05,2.33,1,3.6,75.5,High
EMP_04863,Sales,Democratic,1.99,3.21,2.82,3.81,2.58,3,4.1,42.7,Low
EMP_04864,Marketing,Supportive,2.38,4.15,2.18,4.31,3.36,3,5.0,35.8,Low
EMP_04865,Sales,Supportive,4.13,4.14,3.83,3.98,2.17,5,0.7,43.9,Low
EMP_04866,HR,Autocratic/Micromanagement,4.65,4.67,3.48,3.93,3.71,3,4.5,14.3,Low
EMP_04867,Marketing,Democratic,4.03,3.18,3.91,3.49,3.12,2,3.1,41.6,Low
EMP_04868,Engineering,Democratic,3.29,3.04,3.93,3.63,2.64,4,9.9,42.9,Low
EMP_04869,Engineering,Democratic,3.82,3.45,2.64,2.89,2.94,3,5.0,32.2,Low
EMP_04870,Data Science,Supportive,4.0,3.84,1.25,3.95,4.13,3,1.9,35.2,Low
EMP_04871,Data Science,Supportive,4.62,4.3,2.44,4.18,3.49,4,3.2,63.5,Moderate
EMP_04872,Data Science,Autocratic/Micromanagement,3.69,4.22,2.83,3.37,1.0,3,3.6,63.0,Moderate
EMP_04873,Engineering,Democratic,3.19,3.57,3.12,3.68,1.45,2,5.8,51.7,Moderate
EMP_04874,Engineering,Supportive,3.37,3.74,2.55,2.67,2.92,1,0.9,52.1,Moderate
EMP_04875,Engineering,Democratic,5.0,3.9,2.15,2.16,2.14,4,1.9,42.6,Low
EMP_04876,Sales,Democratic,3.68,3.31,3.32,1.5,2.74,5,0.5,39.5,Low
EMP_04877,Sales,Democratic,3.08,5.0,2.36,4.18,3.23,3,0.6,19.0,Low
EMP_04878,Engineering,Democratic,4.68,4.12,1.9,3.27,3.62,5,1.4,31.9,Low
EMP_04879,Engineering,Democratic,3.99,3.97,2.55,2.88,2.31,2,5.1,47.3,Moderate
EMP_04880,HR,Autocratic/Micromanagement,3.74,3.91,3.93,3.52,1.55,5,0.8,38.6,Low
EMP_04881,HR,Democratic,3.22,3.16,3.73,2.51,1.55,5,2.8,52.8,Moderate
EMP_04882,Marketing,Supportive,3.49,3.68,3.48,4.32,2.53,2,3.7,55.1,Moderate
EMP_04883,Marketing,Supportive,3.09,4.75,2.43,3.37,3.75,4,2.2,55.4,Moderate
EMP_04884,Data Science,Supportive,4.46,3.42,3.82,3.8,4.05,2,1.9,51.8,Moderate
EMP_04885,Sales,Democratic,4.95,3.58,3.64,2.88,1.9,3,11.3,47.3,Moderate
EMP_04886,Sales,Autocratic/Micromanagement,3.37,3.77,3.46,3.46,1.3,2,6.4,46.7,Moderate
EMP_04887,Engineering,Autocratic/Micromanagement,3.5,3.47,2.96,3.85,3.43,2,5.7,46.0,Moderate
EMP_04888,Sales,Democratic,2.97,3.87,2.9,3.88,1.65,4,12.6,47.0,Moderate
EMP_04889,Marketing,Democratic,3.18,4.24,4.17,4.42,2.83,4,0.8,43.4,Low
EMP_04890,Engineering,Autocratic/Micromanagement,3.63,3.34,2.65,3.5,1.56,3,9.6,48.5,Moderate
EMP_04891,Sales,Democratic,3.96,3.1,2.84,3.72,1.98,3,0.5,39.2,Low
EMP_04892,HR,Autocratic/Micromanagement,4.51,3.42,2.68,3.25,1.68,5,2.5,32.0,Low
EMP_04893,Product Management,Autocratic/Micromanagement,2.81,3.99,3.59,4.38,3.47,3,20.0,45.4,Moderate
EMP_04894,Engineering,Autocratic/Micromanagement,2.89,3.39,2.94,3.78,2.08,5,1.6,40.9,Low
EMP_04895,Sales,Supportive,3.44,3.31,3.13,3.92,2.0,3,5.8,56.8,Moderate
EMP_04896,Engineering,Supportive,3.41,3.76,3.37,4.15,2.41,3,4.5,53.9,Moderate
EMP_04897,Sales,Supportive,3.06,2.89,2.53,4.31,2.05,4,0.5,45.6,Moderate
EMP_04898,HR,Democratic,3.67,2.74,1.69,3.74,3.25,3,1.7,40.0,Low
EMP_04899,Sales,Supportive,3.53,3.66,3.6,4.26,3.38,3,0.5,46.1,Moderate
EMP_04900,Sales,Democratic,3.77,3.73,5.0,4.28,2.57,2,0.7,56.6,Moderate
EMP_04901,HR,Autocratic/Micromanagement,4.09,3.37,3.24,3.75,2.25,3,3.3,23.1,Low
EMP_04902,Engineering,Supportive,3.56,3.73,2.71,4.02,2.98,4,0.6,46.7,Moderate
EMP_04903,Sales,Democratic,3.69,4.3,3.36,2.64,3.34,4,1.4,42.2,Low
EMP_04904,Product Management,Autocratic/Micromanagement,3.44,3.41,2.34,3.34,2.18,2,1.1,40.3,Low
EMP_04905,Data Science,Autocratic/Micromanagement,3.35,3.6,2.51,3.42,3.47,4,2.3,43.6,Low
EMP_04906,Engineering,Autocratic/Micromanagement,4.59,4.11,2.46,3.76,2.12,3,15.6,24.6,Low
EMP_04907,Sales,Democratic,4.18,4.08,3.61,3.91,2.78,5,6.0,40.2,Low
EMP_04908,Product Management,Supportive,3.88,4.12,4.02,3.35,2.68,1,5.4,50.4,Moderate
EMP_04909,Engineering,Supportive,2.85,3.44,1.71,3.82,1.5,3,0.9,57.0,Moderate
EMP_04910,Sales,Democratic,4.41,4.1,2.19,3.06,3.21,1,1.0,23.6,Low
EMP_04911,Sales,Supportive,4.0,4.56,4.46,3.44,1.28,3,0.5,71.4,Moderate
EMP_04912,Sales,Supportive,3.64,3.91,3.69,4.78,2.42,4,3.5,48.9,Moderate
EMP_04913,Engineering,Supportive,3.62,4.62,1.56,3.23,2.55,4,5.6,68.6,Moderate
EMP_04914,Engineering,Supportive,4.04,3.68,3.16,3.5,1.69,5,0.5,50.3,Moderate
EMP_04915,Engineering,Democratic,3.56,4.17,2.78,3.59,2.3,4,0.6,43.7,Low
EMP_04916,Sales,Supportive,4.11,3.66,4.35,4.57,2.56,4,0.5,64.6,Moderate
EMP_04917,Product Management,Democratic,3.03,3.18,3.18,2.56,3.33,4,2.5,35.8,Low
EMP_04918,Engineering,Supportive,4.01,3.35,3.82,2.85,3.35,3,2.8,44.6,Low
EMP_04919,Sales,Supportive,3.22,4.75,2.55,4.59,1.36,4,10.5,55.3,Moderate
EMP_04920,Engineering,Autocratic/Micromanagement,3.69,3.61,3.68,4.39,4.38,4,0.5,32.5,Low
EMP_04921,HR,Supportive,4.03,3.67,3.13,3.36,2.6,4,14.4,43.9,Low
EMP_04922,Engineering,Autocratic/Micromanagement,3.89,3.43,3.65,2.39,3.57,4,0.5,45.6,Moderate
EMP_04923,HR,Supportive,4.38,3.98,4.14,3.76,2.08,5,2.3,51.8,Moderate
EMP_04924,Product Management,Democratic,3.7,3.68,3.68,3.1,3.27,5,10.2,38.5,Low
EMP_04925,Sales,Autocratic/Micromanagement,4.62,3.48,2.96,3.12,1.03,4,0.9,26.2,Low
EMP_04926,Engineering,Supportive,4.5,3.63,3.18,3.34,2.95,4,2.8,40.1,Low
EMP_04927,Product Management,Supportive,3.05,3.61,4.08,3.79,1.01,4,3.4,52.5,Moderate
EMP_04928,Marketing,Democratic,5.0,3.38,2.36,4.46,3.35,5,4.0,43.4,Low
EMP_04929,Marketing,Democratic,3.58,4.25,3.45,3.3,2.02,3,3.9,51.1,Moderate
EMP_04930,Product Management,Supportive,4.01,3.81,2.48,3.41,2.88,4,0.5,48.7,Moderate
EMP_04931,Marketing,Democratic,3.99,4.37,2.8,3.07,2.91,4,0.5,46.2,Moderate
EMP_04932,Product Management,Supportive,3.43,4.05,3.35,3.4,1.49,4,2.7,57.8,Moderate
EMP_04933,HR,Democratic,5.0,3.78,4.08,3.05,1.42,5,1.2,45.4,Moderate
EMP_04934,Engineering,Democratic,3.27,3.77,2.72,2.43,2.76,3,0.5,38.6,Low
EMP_04935,Engineering,Supportive,4.13,2.7,2.06,4.68,2.52,3,0.9,39.4,Low
EMP_04936,Engineering,Supportive,3.02,3.1,3.57,3.14,1.19,4,6.8,61.0,Moderate
EMP_04937,Engineering,Supportive,4.3,4.1,3.48,4.35,1.39,3,1.9,66.4,Moderate
EMP_04938,Product Management,Supportive,3.41,3.63,2.77,3.75,2.53,4,5.8,48.2,Moderate
EMP_04939,Engineering,Supportive,2.98,4.71,2.33,4.06,1.4,2,4.9,79.1,High
EMP_04940,HR,Democratic,2.39,3.94,2.55,3.05,2.68,3,9.3,41.1,Low
EMP_04941,Data Science,Autocratic/Micromanagement,4.79,4.8,2.73,3.31,1.8,4,1.0,37.2,Low
EMP_04942,Sales,Supportive,2.99,4.24,3.25,4.03,2.43,4,2.5,57.6,Moderate
EMP_04943,Data Science,Autocratic/Micromanagement,3.66,4.56,3.78,3.22,1.0,4,6.2,66.8,Moderate
EMP_04944,HR,Democratic,3.88,4.25,2.88,3.75,4.0,1,1.8,35.8,Low
EMP_04945,Engineering,Supportive,4.34,4.46,4.3,3.19,2.24,4,0.7,70.9,Moderate
EMP_04946,Sales,Supportive,3.53,4.19,2.36,3.22,3.35,2,3.8,21.5,Low
EMP_04947,Data Science,Democratic,3.41,3.26,1.64,4.13,3.92,3,2.8,35.1,Low
EMP_04948,Engineering,Autocratic/Micromanagement,5.0,3.82,2.23,4.27,2.46,4,5.1,20.5,Low
EMP_04949,Sales,Democratic,3.73,3.99,3.87,3.86,3.43,4,1.3,32.4,Low
EMP_04950,Engineering,Democratic,3.59,4.68,2.69,3.64,2.49,4,7.6,60.8,Moderate
EMP_04951,Sales,Democratic,3.61,3.67,3.02,3.58,3.27,4,2.8,39.0,Low
EMP_04952,Sales,Democratic,3.08,2.33,3.86,5.0,2.88,4,5.2,36.1,Low
EMP_04953,Engineering,Autocratic/Micromanagement,4.37,3.69,1.64,3.26,2.08,5,3.4,15.7,Low
EMP_04954,Data Science,Democratic,3.21,3.87,3.0,3.74,2.67,4,0.7,42.2,Low
EMP_04955,Sales,Democratic,3.43,4.12,3.07,3.18,2.84,2,2.9,43.5,Low
EMP_04956,Sales,Autocratic/Micromanagement,4.28,4.16,3.51,2.87,2.38,4,1.5,20.6,Low
EMP_04957,Sales,Democratic,3.17,2.74,2.43,3.04,2.55,2,11.3,24.2,Low
EMP_04958,Data Science,Democratic,3.12,4.57,2.31,4.17,3.15,3,3.2,48.8,Moderate
EMP_04959,Engineering,Democratic,3.08,4.46,2.48,3.22,1.71,4,2.2,59.1,Moderate
EMP_04960,Sales,Supportive,4.56,3.74,4.16,2.99,1.58,3,9.7,72.4,Moderate
EMP_04961,Data Science,Autocratic/Micromanagement,3.07,3.52,2.28,4.06,3.77,3,2.4,34.5,Low
EMP_04962,Product Management,Supportive,2.32,3.46,3.54,4.09,1.96,5,0.5,48.0,Moderate
EMP_04963,Marketing,Democratic,2.9,3.54,3.44,3.7,2.84,2,4.1,44.9,Low
EMP_04964,Engineering,Democratic,3.39,3.42,2.87,4.21,2.89,3,0.6,38.8,Low
EMP_04965,Product Management,Supportive,2.87,4.73,3.26,3.72,1.78,3,1.3,59.8,Moderate
EMP_04966,Engineering,Democratic,3.62,4.14,3.27,3.62,3.13,5,2.9,44.8,Low
EMP_04967,Engineering,Supportive,4.04,3.12,3.35,3.91,3.43,4,2.1,45.6,Moderate
EMP_04968,Product Management,Democratic,3.93,3.17,3.48,3.68,1.28,4,4.6,47.3,Moderate
EMP_04969,Sales,Autocratic/Micromanagement,3.22,3.23,2.33,3.24,3.63,2,0.5,18.4,Low
EMP_04970,Engineering,Democratic,3.93,4.18,2.89,3.97,3.67,2,0.8,38.6,Low
EMP_04971,HR,Supportive,4.1,3.53,2.55,5.0,2.13,4,3.2,49.2,Moderate
EMP_04972,Marketing,Democratic,2.88,4.08,1.67,2.66,2.64,3,0.8,36.8,Low
EMP_04973,Engineering,Supportive,3.92,3.77,3.28,3.46,3.72,5,0.5,43.2,Low
EMP_04974,Data Science,Autocratic/Micromanagement,3.62,3.65,3.02,3.89,2.39,5,2.7,40.9,Low
EMP_04975,Sales,Democratic,4.12,3.76,3.62,3.6,2.0,1,0.5,41.7,Low
EMP_04976,Engineering,Democratic,3.85,3.73,3.17,3.33,1.0,4,1.4,51.9,Moderate
EMP_04977,Engineering,Autocratic/Micromanagement,3.92,3.74,2.99,4.03,2.57,5,3.3,38.1,Low
EMP_04978,Engineering,Democratic,4.05,4.42,2.23,2.88,2.25,3,6.6,53.7,Moderate
EMP_04979,Sales,Democratic,4.55,4.49,2.08,3.48,3.81,3,8.4,21.8,Low
EMP_04980,Marketing,Autocratic/Micromanagement,3.36,3.91,2.35,3.39,3.12,3,6.4,37.2,Low
EMP_04981,Data Science,Autocratic/Micromanagement,3.35,3.38,4.3,3.23,3.45,4,0.8,39.9,Low
EMP_04982,Sales,Supportive,3.11,3.52,2.29,3.19,1.46,5,1.3,34.3,Low
EMP_04983,Engineering,Autocratic/Micromanagement,3.53,4.33,3.27,3.13,1.7,2,0.5,60.6,Moderate
EMP_04984,Marketing,Supportive,2.81,5.0,3.37,3.04,2.17,5,7.4,40.3,Low
EMP_04985,Data Science,Democratic,3.54,4.35,3.87,4.0,1.88,4,3.8,67.0,Moderate
EMP_04986,Engineering,Democratic,4.47,3.87,2.62,4.46,2.34,4,4.4,45.1,Moderate
EMP_04987,Sales,Supportive,3.0,3.05,3.53,3.16,3.33,5,6.8,49.6,Moderate
EMP_04988,HR,Democratic,3.3,4.13,3.56,4.09,2.98,2,0.5,37.3,Low
EMP_04989,Engineering,Supportive,2.95,3.62,4.09,4.06,1.69,4,0.7,54.7,Moderate
EMP_04990,Data Science,Democratic,3.46,4.17,3.04,3.6,2.87,2,4.0,41.3,Low
EMP_04991,Sales,Autocratic/Micromanagement,3.93,3.52,2.49,3.9,2.93,2,12.3,24.5,Low
EMP_04992,Engineering,Supportive,4.65,4.13,2.94,3.35,1.94,3,0.8,58.9,Moderate
EMP_04993,Sales,Democratic,4.83,3.62,2.43,4.05,1.77,4,1.5,30.6,Low
EMP_04994,Sales,Democratic,3.28,3.7,2.03,3.03,1.99,5,0.5,34.1,Low
EMP_04995,Sales,Supportive,3.9,3.51,4.64,3.54,1.78,5,0.5,71.6,Moderate
EMP_04996,Sales,Supportive,4.82,3.51,3.02,3.49,1.03,5,2.0,52.0,Moderate
EMP_04997,Data Science,Autocratic/Micromanagement,4.4,3.81,4.1,3.43,3.53,3,3.5,3.9,Low
EMP_04998,Marketing,Supportive,3.54,4.11,3.29,3.79,1.49,4,1.6,48.4,Moderate
EMP_04999,Sales,Supportive,4.21,4.44,2.97,3.74,3.51,1,6.2,41.8,Low
EMP_05000,Product Management,Supportive,3.81,3.46,2.73,3.44,1.75,1,1.5,61.0,Moderate
EMP_05001,Data Science,Democratic,4.05,4.65,3.46,3.35,1.17,4,9.3,73.2,Moderate
EMP_05002,Data Science,Supportive,4.11,4.03,4.68,3.99,4.0,3,0.8,45.8,Moderate
EMP_05003,Sales,Supportive,4.0,3.97,3.12,3.4,2.25,4,1.6,47.3,Moderate
EMP_05004,Data Science,Supportive,2.56,3.41,2.95,3.78,2.32,4,2.0,45.4,Moderate
EMP_05005,HR,Supportive,3.68,3.66,4.25,3.78,1.39,4,0.8,57.4,Moderate
EMP_05006,Product Management,Supportive,2.85,4.3,3.21,3.45,3.39,5,2.6,44.2,Low
EMP_05007,HR,Democratic,3.19,4.51,3.17,3.4,3.62,4,6.3,40.1,Low
EMP_05008,Engineering,Democratic,3.44,3.52,3.06,3.71,2.34,5,2.5,44.8,Low
EMP_05009,Engineering,Supportive,3.12,3.53,3.65,4.44,2.87,2,15.7,48.5,Moderate
EMP_05010,Data Science,Autocratic/Micromanagement,3.45,3.65,2.27,3.99,2.11,4,4.9,37.3,Low
EMP_05011,Engineering,Autocratic/Micromanagement,2.97,3.81,2.26,4.24,2.93,4,8.0,42.0,Low
EMP_05012,Engineering,Supportive,3.41,4.25,2.87,4.04,2.6,3,1.0,66.5,Moderate
EMP_05013,Marketing,Autocratic/Micromanagement,4.13,4.18,3.29,2.77,1.56,3,7.6,27.2,Low
EMP_05014,Sales,Autocratic/Micromanagement,4.68,4.02,1.89,4.09,1.0,2,4.6,23.9,Low
EMP_05015,Marketing,Autocratic/Micromanagement,3.29,3.59,3.13,3.4,2.13,5,7.5,49.5,Moderate
EMP_05016,Engineering,Democratic,4.27,3.99,3.09,4.19,2.7,2,1.1,47.3,Moderate
EMP_05017,Product Management,Democratic,4.12,3.54,3.01,3.61,2.56,4,1.3,40.5,Low
EMP_05018,Engineering,Supportive,3.22,3.27,3.22,2.46,2.61,5,5.0,54.7,Moderate
EMP_05019,Engineering,Supportive,3.77,4.03,2.95,3.83,3.32,3,1.2,47.2,Moderate
EMP_05020,Product Management,Democratic,4.98,4.19,3.99,2.94,1.39,2,4.4,44.7,Low
EMP_05021,Sales,Supportive,4.42,3.95,1.9,2.79,3.24,2,2.8,31.4,Low
EMP_05022,Engineering,Supportive,3.11,4.34,3.72,4.17,3.66,2,6.6,54.8,Moderate
EMP_05023,HR,Supportive,4.2,4.19,3.75,3.57,1.95,5,4.3,58.1,Moderate
EMP_05024,Engineering,Autocratic/Micromanagement,4.36,3.91,3.01,4.92,1.39,4,1.6,25.9,Low
EMP_05025,Data Science,Supportive,3.06,3.94,3.8,3.76,2.23,2,2.5,57.9,Moderate
EMP_05026,Engineering,Supportive,4.0,3.86,2.83,3.34,1.0,2,0.8,57.7,Moderate
EMP_05027,Product Management,Autocratic/Micromanagement,4.58,2.82,2.91,4.17,3.6,5,9.0,12.9,Low
EMP_05028,Product Management,Democratic,4.55,3.57,2.67,4.01,2.16,3,9.2,51.3,Moderate
EMP_05029,Sales,Democratic,3.51,3.72,3.45,3.69,2.75,5,2.5,39.6,Low
EMP_05030,Marketing,Supportive,3.55,3.4,2.2,3.4,2.68,4,7.2,48.4,Moderate
EMP_05031,Data Science,Supportive,4.27,3.89,4.35,3.42,1.82,4,7.1,51.3,Moderate
EMP_05032,Marketing,Supportive,4.17,3.8,4.32,3.49,2.67,4,10.6,50.5,Moderate
EMP_05033,Sales,Supportive,4.04,4.49,3.16,4.18,3.86,3,3.2,42.7,Low
EMP_05034,Marketing,Democratic,4.4,4.07,4.03,3.4,4.81,4,12.8,30.5,Low
EMP_05035,Engineering,Democratic,3.48,4.03,3.13,3.09,2.57,5,0.5,47.6,Moderate
EMP_05036,Data Science,Supportive,3.39,4.42,4.2,3.93,2.88,3,5.8,64.6,Moderate
EMP_05037,Product Management,Democratic,2.72,4.63,4.3,2.73,2.43,3,1.5,41.5,Low
EMP_05038,Product Management,Supportive,2.73,3.9,3.4,4.91,3.52,3,9.0,49.4,Moderate
EMP_05039,Sales,Democratic,3.99,4.63,2.19,3.41,2.64,4,0.5,32.5,Low
EMP_05040,Marketing,Autocratic/Micromanagement,4.22,3.86,2.37,2.39,2.93,4,3.9,23.4,Low
EMP_05041,Marketing,Democratic,3.03,4.0,3.06,4.48,2.88,4,0.5,36.9,Low
EMP_05042,Data Science,Democratic,4.45,3.53,4.1,3.17,2.2,3,2.0,44.5,Low
EMP_05043,Sales,Supportive,4.02,3.84,3.39,3.58,4.03,4,0.5,41.7,Low
EMP_05044,Marketing,Supportive,3.31,3.78,4.04,3.35,3.47,4,0.5,38.0,Low
EMP_05045,Engineering,Supportive,2.95,3.49,3.05,2.65,1.44,2,2.4,52.0,Moderate
EMP_05046,Sales,Democratic,4.59,2.89,3.21,3.92,2.33,4,0.5,49.9,Moderate
EMP_05047,Product Management,Supportive,3.93,5.0,3.27,3.66,2.02,5,1.1,51.8,Moderate
EMP_05048,Engineering,Autocratic/Micromanagement,4.01,4.05,2.17,4.81,3.02,3,3.7,27.1,Low
EMP_05049,Engineering,Autocratic/Micromanagement,3.5,4.08,4.85,4.54,2.94,3,1.8,46.6,Moderate
EMP_05050,Marketing,Supportive,3.11,3.26,4.34,4.27,3.23,3,7.8,45.1,Moderate
EMP_05051,Data Science,Supportive,4.38,4.51,3.84,3.45,2.29,2,2.2,67.5,Moderate
EMP_05052,Engineering,Supportive,2.55,2.98,3.18,4.52,3.14,1,1.2,53.3,Moderate
EMP_05053,HR,Democratic,3.75,3.33,2.78,3.26,2.42,3,3.4,42.8,Low
EMP_05054,Marketing,Supportive,3.81,4.76,3.8,4.08,2.74,5,2.7,47.7,Moderate
EMP_05055,Product Management,Democratic,3.15,4.31,3.1,5.0,1.91,3,2.6,44.7,Low
EMP_05056,Data Science,Democratic,4.79,3.44,2.77,4.18,2.23,2,1.0,45.6,Moderate
EMP_05057,Engineering,Autocratic/Micromanagement,3.8,3.33,2.77,4.33,2.46,5,4.2,45.7,Moderate
EMP_05058,Data Science,Democratic,3.23,3.0,3.1,3.54,3.31,3,2.1,45.0,Moderate
EMP_05059,Data Science,Democratic,2.79,3.95,3.56,3.13,1.39,5,5.3,55.2,Moderate
EMP_05060,Sales,Supportive,2.77,3.54,3.25,4.83,2.82,5,1.2,46.7,Moderate
EMP_05061,Marketing,Supportive,3.74,4.16,3.01,3.03,2.49,5,1.7,54.9,Moderate
EMP_05062,Data Science,Supportive,4.72,4.75,2.09,3.7,1.0,4,4.8,70.4,Moderate
EMP_05063,Data Science,Democratic,4.42,3.52,3.15,3.92,2.03,4,1.5,39.2,Low
EMP_05064,Data Science,Democratic,2.76,3.25,4.15,3.98,2.12,1,0.5,43.2,Low
EMP_05065,Data Science,Supportive,3.7,3.01,3.11,4.2,3.3,4,10.6,49.2,Moderate
EMP_05066,Marketing,Supportive,3.36,4.42,1.64,3.53,1.03,2,5.4,54.0,Moderate
EMP_05067,Sales,Democratic,4.16,3.56,2.74,3.2,3.51,4,17.3,36.7,Low
EMP_05068,Sales,Democratic,2.64,3.54,3.25,4.07,2.85,4,0.5,45.6,Moderate
EMP_05069,Engineering,Autocratic/Micromanagement,4.58,4.11,3.74,3.93,2.47,3,2.4,27.5,Low
EMP_05070,Sales,Democratic,2.66,3.93,2.99,4.21,1.65,2,0.9,41.4,Low
EMP_05071,Engineering,Democratic,3.6,3.2,2.36,3.1,1.26,4,2.7,51.0,Moderate
EMP_05072,Sales,Supportive,3.04,3.93,2.53,2.82,1.51,3,2.4,53.9,Moderate
EMP_05073,HR,Democratic,3.5,3.9,2.34,3.96,1.86,4,6.5,49.6,Moderate
EMP_05074,Product Management,Democratic,3.82,5.0,2.96,3.62,2.03,3,5.4,43.0,Low
EMP_05075,Engineering,Democratic,3.07,4.31,3.96,3.35,2.39,3,2.1,54.2,Moderate
EMP_05076,Data Science,Democratic,2.81,4.87,1.55,3.73,2.83,5,20.0,61.3,Moderate
EMP_05077,Engineering,Democratic,2.35,3.58,3.21,3.62,2.36,3,0.5,37.1,Low
EMP_05078,Sales,Democratic,3.32,3.35,3.34,3.87,1.0,5,1.0,55.6,Moderate
EMP_05079,Marketing,Democratic,3.04,4.47,2.12,2.78,1.97,1,2.0,44.2,Low
EMP_05080,Marketing,Supportive,3.54,2.87,4.02,3.97,1.34,2,2.6,58.2,Moderate
EMP_05081,Engineering,Democratic,3.56,3.5,2.89,3.69,1.0,4,1.3,52.4,Moderate
EMP_05082,Engineering,Democratic,3.4,3.7,2.93,4.07,3.09,3,2.1,43.1,Low
EMP_05083,Marketing,Supportive,3.28,4.28,3.55,2.36,3.15,3,0.5,45.2,Moderate
EMP_05084,Data Science,Supportive,3.43,4.07,2.14,3.71,2.16,4,3.8,58.9,Moderate
EMP_05085,Engineering,Democratic,4.15,4.02,3.31,4.21,1.08,4,7.7,50.0,Moderate
EMP_05086,Marketing,Autocratic/Micromanagement,3.52,4.37,2.56,3.54,1.0,3,5.8,48.1,Moderate
EMP_05087,Marketing,Autocratic/Micromanagement,3.56,3.86,2.94,3.24,1.88,3,4.0,43.4,Low
EMP_05088,Marketing,Autocratic/Micromanagement,4.17,3.88,2.32,3.67,1.25,3,3.0,29.0,Low
EMP_05089,Data Science,Supportive,3.65,3.82,1.98,3.96,2.39,4,2.4,43.8,Low
EMP_05090,Marketing,Supportive,4.4,3.92,2.78,3.8,2.41,3,0.5,57.2,Moderate
EMP_05091,Sales,Democratic,3.46,3.3,2.96,3.72,3.27,5,6.0,43.3,Low
EMP_05092,Sales,Democratic,3.78,3.8,3.52,2.83,2.97,4,3.4,35.3,Low
EMP_05093,Marketing,Democratic,4.05,3.89,3.61,2.9,3.63,1,5.4,45.9,Moderate
EMP_05094,HR,Democratic,2.42,3.5,3.24,4.6,2.24,4,4.8,48.7,Moderate
EMP_05095,Sales,Supportive,5.0,3.92,3.04,3.29,2.42,3,5.4,47.0,Moderate
EMP_05096,Data Science,Democratic,4.03,4.35,2.33,2.55,3.93,3,1.0,47.3,Moderate
EMP_05097,Sales,Autocratic/Micromanagement,2.76,3.99,2.73,3.24,2.93,4,2.8,44.3,Low
EMP_05098,Engineering,Supportive,2.3,4.37,2.74,3.34,3.02,3,1.1,66.3,Moderate
EMP_05099,Engineering,Democratic,3.26,4.41,3.51,3.7,3.09,3,0.5,49.8,Moderate
EMP_05100,Sales,Supportive,3.39,3.84,3.71,3.4,2.51,2,2.3,51.7,Moderate
EMP_05101,Engineering,Democratic,4.36,3.72,3.17,3.59,3.47,4,4.7,47.1,Moderate
EMP_05102,Sales,Autocratic/Micromanagement,3.52,3.65,3.14,3.33,2.63,2,0.5,37.2,Low
EMP_05103,Product Management,Supportive,3.98,3.34,2.82,2.63,1.43,4,0.5,56.9,Moderate
EMP_05104,Sales,Supportive,3.74,3.87,4.08,4.23,1.47,4,0.5,67.9,Moderate
EMP_05105,Data Science,Autocratic/Micromanagement,5.0,4.27,3.34,3.69,3.12,4,5.9,39.0,Low
EMP_05106,Sales,Autocratic/Micromanagement,4.4,4.36,3.77,4.25,3.0,3,4.2,19.1,Low
EMP_05107,Data Science,Autocratic/Micromanagement,3.02,4.81,4.45,4.08,2.88,5,4.4,52.2,Moderate
EMP_05108,Data Science,Autocratic/Micromanagement,4.76,3.21,3.84,3.72,2.98,3,5.1,12.6,Low
EMP_05109,Marketing,Supportive,2.59,3.7,2.9,4.52,2.66,5,8.1,46.2,Moderate
EMP_05110,Sales,Autocratic/Micromanagement,4.84,3.78,3.21,2.57,1.46,3,0.5,25.8,Low
EMP_05111,Marketing,Supportive,2.77,4.46,2.28,3.82,3.53,3,0.5,56.7,Moderate
EMP_05112,Sales,Democratic,2.66,3.15,3.1,2.85,2.9,3,6.2,35.7,Low
EMP_05113,Product Management,Supportive,4.07,3.97,1.73,3.74,2.71,4,2.7,41.8,Low
EMP_05114,Engineering,Autocratic/Micromanagement,2.56,3.17,4.13,3.38,2.66,2,10.8,44.5,Low
EMP_05115,Engineering,Democratic,3.48,4.21,3.06,2.59,2.1,5,6.2,52.5,Moderate
EMP_05116,Product Management,Democratic,3.4,3.87,1.78,4.12,3.25,2,0.7,35.3,Low
EMP_05117,Engineering,Democratic,4.37,3.7,3.33,2.14,1.97,4,17.9,47.0,Moderate
EMP_05118,HR,Autocratic/Micromanagement,3.46,4.62,2.61,3.39,1.71,3,9.3,43.7,Low
EMP_05119,Engineering,Supportive,3.99,3.44,3.67,3.27,3.81,3,9.6,42.9,Low
EMP_05120,Engineering,Autocratic/Micromanagement,3.81,4.1,2.78,3.83,2.78,2,8.0,37.2,Low
EMP_05121,Data Science,Democratic,3.77,3.91,2.62,3.69,3.0,4,5.3,39.7,Low
EMP_05122,Marketing,Supportive,3.81,4.17,3.46,3.26,1.0,4,3.7,62.7,Moderate
EMP_05123,Engineering,Democratic,4.06,4.15,3.76,3.43,2.26,3,5.6,47.5,Moderate
EMP_05124,Product Management,Supportive,3.32,3.7,4.41,3.48,2.26,5,2.4,50.8,Moderate
EMP_05125,Sales,Supportive,3.5,3.77,3.66,3.94,2.39,3,0.7,51.9,Moderate
EMP_05126,Product Management,Supportive,2.99,3.99,2.09,3.46,4.2,4,8.2,48.2,Moderate
EMP_05127,Data Science,Supportive,3.94,3.31,3.09,3.67,3.17,2,3.5,48.1,Moderate
EMP_05128,Data Science,Autocratic/Micromanagement,2.84,3.18,4.13,4.32,3.22,4,6.9,36.1,Low
EMP_05129,Data Science,Supportive,3.54,4.06,3.19,4.14,1.0,5,0.5,57.6,Moderate
EMP_05130,HR,Supportive,2.72,4.21,3.11,3.3,2.44,4,4.3,46.6,Moderate
EMP_05131,Sales,Autocratic/Micromanagement,4.72,3.71,2.99,4.07,3.32,4,1.4,13.3,Low
EMP_05132,Sales,Autocratic/Micromanagement,4.07,3.86,3.98,4.45,3.82,3,0.6,7.6,Low
EMP_05133,Sales,Supportive,4.24,3.52,3.01,3.67,2.76,4,0.6,50.5,Moderate
EMP_05134,Data Science,Supportive,3.9,4.79,2.93,3.77,4.88,2,4.1,60.2,Moderate
EMP_05135,Engineering,Democratic,3.41,4.88,2.34,3.47,3.49,4,5.1,56.8,Moderate
EMP_05136,Marketing,Supportive,3.11,3.58,2.71,3.58,2.25,3,2.9,56.1,Moderate
EMP_05137,Engineering,Supportive,3.13,4.31,2.05,3.26,2.79,4,1.9,66.2,Moderate
EMP_05138,Engineering,Autocratic/Micromanagement,3.06,4.13,4.06,3.52,2.73,4,2.0,42.2,Low
EMP_05139,Marketing,Supportive,2.8,3.63,3.05,3.92,1.36,1,3.2,57.5,Moderate
EMP_05140,Product Management,Supportive,2.3,4.23,2.82,2.95,2.6,4,11.7,60.9,Moderate
EMP_05141,HR,Supportive,3.64,3.92,3.22,2.22,4.25,3,0.8,44.1,Low
EMP_05142,Data Science,Supportive,4.03,3.84,2.79,4.11,1.75,4,0.7,54.0,Moderate
EMP_05143,Engineering,Supportive,3.46,5.0,3.64,3.5,2.69,4,2.3,62.4,Moderate
EMP_05144,Product Management,Democratic,3.9,4.08,2.57,3.58,4.25,4,4.7,35.8,Low
EMP_05145,Engineering,Democratic,3.93,2.62,3.11,3.62,3.25,3,5.5,24.6,Low
EMP_05146,Engineering,Supportive,4.12,3.64,3.15,3.53,2.74,3,3.6,49.2,Moderate
EMP_05147,HR,Supportive,3.34,4.03,4.08,3.86,3.45,3,9.2,40.0,Low
EMP_05148,Engineering,Supportive,4.14,4.44,1.97,3.18,1.0,3,1.0,75.9,High
EMP_05149,Data Science,Democratic,3.11,3.4,2.25,3.48,1.13,4,1.2,38.7,Low
EMP_05150,Data Science,Supportive,3.81,3.19,2.88,3.22,2.59,5,3.4,47.3,Moderate
EMP_05151,Data Science,Democratic,3.66,3.77,3.82,3.71,2.68,4,8.6,45.0,Moderate
EMP_05152,Data Science,Supportive,3.14,3.65,2.62,5.0,2.06,3,1.0,52.1,Moderate
EMP_05153,Marketing,Democratic,3.08,3.49,2.82,4.54,4.27,5,3.7,34.6,Low
EMP_05154,Sales,Supportive,4.57,3.97,3.54,3.49,3.35,4,6.0,44.8,Low
EMP_05155,Sales,Democratic,4.19,4.09,3.13,4.65,1.53,4,3.9,47.0,Moderate
EMP_05156,Engineering,Democratic,4.28,4.72,2.6,3.56,1.61,4,0.6,60.5,Moderate
EMP_05157,Marketing,Democratic,4.15,4.95,3.31,3.85,3.92,4,0.5,32.0,Low
EMP_05158,Engineering,Democratic,4.06,3.89,4.54,2.4,2.03,4,3.7,42.2,Low
EMP_05159,HR,Democratic,4.62,2.99,3.02,4.24,2.2,4,2.0,41.6,Low
EMP_05160,Engineering,Supportive,3.58,3.7,3.91,4.29,2.89,2,11.7,48.8,Moderate
EMP_05161,Product Management,Supportive,3.74,4.09,3.33,3.72,2.35,4,1.7,55.5,Moderate
EMP_05162,Engineering,Democratic,3.79,3.81,1.66,3.3,1.92,4,1.9,46.4,Moderate
EMP_05163,HR,Democratic,3.16,4.2,3.1,3.2,2.32,5,1.8,41.8,Low
EMP_05164,Sales,Autocratic/Micromanagement,3.61,3.01,2.59,2.59,3.11,1,7.6,41.9,Low
EMP_05165,Sales,Autocratic/Micromanagement,3.62,4.6,3.55,4.32,2.45,4,9.3,38.3,Low
EMP_05166,Sales,Autocratic/Micromanagement,3.67,4.3,2.84,3.9,2.95,3,0.5,37.7,Low
EMP_05167,Marketing,Democratic,3.56,4.04,3.07,4.01,2.07,1,1.4,39.7,Low
EMP_05168,Data Science,Autocratic/Micromanagement,4.02,3.64,2.6,3.13,1.56,2,0.5,32.9,Low
EMP_05169,Engineering,Supportive,4.14,3.63,3.5,3.74,3.14,1,3.9,35.4,Low
EMP_05170,Data Science,Democratic,2.69,3.85,3.72,3.32,3.2,2,1.1,48.4,Moderate
EMP_05171,Sales,Supportive,3.6,4.38,2.36,3.99,2.06,4,10.7,27.6,Low
EMP_05172,Marketing,Supportive,3.64,4.89,3.01,2.49,1.66,1,4.2,56.0,Moderate
EMP_05173,HR,Supportive,3.42,3.88,2.93,3.72,3.18,2,1.7,45.3,Moderate
EMP_05174,Marketing,Democratic,2.95,4.26,3.33,3.96,2.5,3,4.6,37.3,Low
EMP_05175,Engineering,Autocratic/Micromanagement,3.47,4.28,3.6,4.52,1.57,4,9.5,66.6,Moderate
EMP_05176,Sales,Supportive,2.66,4.08,2.53,3.63,2.58,2,4.2,47.8,Moderate
EMP_05177,Marketing,Supportive,3.6,3.94,2.86,2.35,2.88,4,2.8,46.1,Moderate
EMP_05178,Data Science,Democratic,3.35,3.69,1.58,4.03,3.93,4,0.5,34.0,Low
EMP_05179,Engineering,Autocratic/Micromanagement,2.66,3.76,3.43,5.0,4.9,3,1.4,34.3,Low
EMP_05180,Data Science,Supportive,3.52,3.69,2.26,3.24,3.21,5,0.6,39.7,Low
EMP_05181,HR,Supportive,3.75,4.33,2.67,3.64,2.18,1,5.0,57.2,Moderate
EMP_05182,Sales,Supportive,3.27,3.97,1.76,3.94,3.09,3,0.5,31.6,Low
EMP_05183,Sales,Supportive,3.12,3.49,2.83,3.36,4.64,5,6.8,34.1,Low
EMP_05184,HR,Supportive,3.52,3.75,2.31,4.0,1.31,2,4.3,55.8,Moderate
EMP_05185,Product Management,Supportive,4.23,4.11,2.18,3.02,2.63,2,9.3,52.7,Moderate
EMP_05186,Marketing,Autocratic/Micromanagement,2.7,3.54,3.31,3.47,2.31,4,1.3,48.8,Moderate
EMP_05187,Engineering,Supportive,3.31,3.07,3.74,3.73,3.49,4,0.5,55.0,Moderate
EMP_05188,Sales,Democratic,2.5,4.35,2.73,3.99,2.44,5,3.1,41.0,Low
EMP_05189,Product Management,Supportive,4.7,4.34,3.81,4.17,3.39,1,10.7,42.5,Low
EMP_05190,Data Science,Supportive,3.85,4.75,2.77,3.42,2.4,4,2.7,59.4,Moderate
EMP_05191,Engineering,Democratic,5.0,4.19,2.75,4.25,4.11,4,1.8,32.6,Low
EMP_05192,Data Science,Democratic,4.29,3.62,2.56,3.75,1.44,3,3.4,41.8,Low
EMP_05193,Engineering,Democratic,3.8,3.84,2.89,3.55,1.44,4,1.5,41.3,Low
EMP_05194,Sales,Supportive,3.68,3.9,3.1,3.89,1.71,5,0.5,55.6,Moderate
EMP_05195,Engineering,Democratic,5.0,3.14,3.09,3.73,1.3,5,1.3,42.3,Low
EMP_05196,Marketing,Democratic,4.29,4.03,2.78,4.34,3.58,5,0.5,37.3,Low
EMP_05197,Engineering,Autocratic/Micromanagement,4.38,4.35,3.01,3.68,2.49,3,11.3,38.5,Low
EMP_05198,Data Science,Democratic,4.52,3.16,1.98,4.3,3.35,1,1.0,41.2,Low
EMP_05199,Data Science,Supportive,3.79,3.93,2.4,3.35,2.1,5,4.7,55.1,Moderate
EMP_05200,HR,Supportive,2.31,4.43,3.02,3.9,3.68,4,1.2,47.1,Moderate
EMP_05201,Product Management,Autocratic/Micromanagement,3.81,3.36,2.78,4.05,2.78,4,2.3,47.5,Moderate
EMP_05202,Sales,Democratic,3.86,3.84,2.64,4.34,3.68,4,7.2,36.4,Low
EMP_05203,Engineering,Supportive,3.0,3.89,1.86,3.11,2.97,4,3.5,46.4,Moderate
EMP_05204,HR,Supportive,3.31,3.2,3.3,2.63,1.53,3,4.9,63.8,Moderate
EMP_05205,Sales,Supportive,3.67,5.0,3.63,4.6,4.35,4,6.5,40.3,Low
EMP_05206,HR,Democratic,1.89,3.86,1.93,3.93,1.77,3,0.5,44.5,Low
EMP_05207,Marketing,Supportive,4.79,3.46,3.84,3.35,1.35,3,16.5,57.6,Moderate
EMP_05208,Sales,Democratic,3.61,3.77,2.73,2.94,4.25,4,0.7,29.4,Low
EMP_05209,Sales,Autocratic/Micromanagement,4.46,3.4,3.29,3.39,2.17,4,0.9,24.2,Low
EMP_05210,Data Science,Supportive,3.99,3.8,3.28,4.66,2.54,3,0.5,49.0,Moderate
EMP_05211,HR,Democratic,3.61,4.17,2.72,4.07,3.47,3,14.7,33.1,Low
EMP_05212,Engineering,Supportive,4.21,4.2,3.63,3.23,2.22,3,0.9,68.3,Moderate
EMP_05213,Data Science,Autocratic/Micromanagement,3.14,3.78,1.97,3.82,2.65,5,2.4,44.3,Low
EMP_05214,Data Science,Autocratic/Micromanagement,3.93,2.9,2.98,3.88,1.81,5,6.5,55.2,Moderate
EMP_05215,Sales,Autocratic/Micromanagement,3.56,2.7,3.22,4.12,3.17,3,0.8,34.1,Low
EMP_05216,Engineering,Supportive,5.0,4.09,2.49,3.77,2.62,3,2.7,51.2,Moderate
EMP_05217,Data Science,Supportive,4.31,4.4,2.82,2.99,2.04,2,4.3,66.0,Moderate
EMP_05218,Marketing,Supportive,2.9,3.33,3.45,4.03,1.4,3,3.9,55.9,Moderate
EMP_05219,Marketing,Autocratic/Micromanagement,4.32,4.4,2.9,3.89,3.38,5,3.6,14.0,Low
EMP_05220,Sales,Democratic,3.26,4.14,2.37,3.59,1.87,4,0.5,30.0,Low
EMP_05221,Engineering,Democratic,3.76,3.97,3.67,3.3,2.82,5,3.3,44.7,Low
EMP_05222,HR,Supportive,4.41,4.24,4.41,3.95,2.07,3,7.3,64.0,Moderate
EMP_05223,Sales,Supportive,4.64,4.11,1.12,4.24,2.6,4,6.7,30.8,Low
EMP_05224,Engineering,Autocratic/Micromanagement,3.54,4.1,1.72,3.66,2.9,3,3.1,37.7,Low
EMP_05225,Sales,Supportive,4.58,2.99,4.76,3.1,2.68,4,1.3,57.1,Moderate
EMP_05226,Marketing,Democratic,3.47,3.51,3.75,3.39,2.08,5,0.5,40.4,Low
EMP_05227,Engineering,Autocratic/Micromanagement,3.45,3.4,2.02,3.69,3.64,3,6.3,42.3,Low
EMP_05228,Engineering,Democratic,4.27,4.24,2.67,4.34,3.45,4,0.7,51.6,Moderate
EMP_05229,Sales,Supportive,3.97,3.51,2.58,4.04,3.49,3,3.3,50.1,Moderate
EMP_05230,Sales,Democratic,4.26,4.41,2.32,3.26,3.11,3,0.5,20.3,Low
EMP_05231,Data Science,Democratic,3.68,4.17,3.85,2.99,2.2,3,10.7,41.6,Low
EMP_05232,Marketing,Democratic,3.07,4.46,3.62,2.89,3.73,5,0.5,41.2,Low
EMP_05233,Marketing,Autocratic/Micromanagement,4.46,4.06,3.35,4.1,1.69,4,0.6,23.3,Low
EMP_05234,Engineering,Democratic,4.75,4.33,3.6,4.8,2.74,5,7.3,57.7,Moderate
EMP_05235,Product Management,Supportive,3.23,3.26,3.86,3.37,2.34,4,4.4,48.7,Moderate
EMP_05236,Engineering,Autocratic/Micromanagement,4.37,4.31,3.49,3.02,1.76,5,5.0,33.1,Low
EMP_05237,HR,Democratic,4.19,3.92,3.11,5.0,3.37,3,2.5,36.2,Low
EMP_05238,Engineering,Autocratic/Micromanagement,2.77,2.45,3.45,3.61,3.78,5,0.5,8.9,Low
EMP_05239,Engineering,Supportive,3.6,3.56,2.07,3.62,1.94,3,1.6,49.1,Moderate
EMP_05240,HR,Autocratic/Micromanagement,2.95,3.57,2.85,4.2,2.32,4,3.5,39.9,Low
EMP_05241,Engineering,Supportive,3.72,3.29,2.15,4.1,1.74,4,0.5,50.5,Moderate
EMP_05242,Sales,Supportive,4.35,4.84,3.14,3.41,3.12,3,7.5,47.2,Moderate
EMP_05243,HR,Democratic,2.84,3.7,3.39,4.43,2.0,2,14.8,36.6,Low
EMP_05244,Engineering,Democratic,4.0,4.18,3.4,3.26,2.69,4,6.6,42.7,Low
EMP_05245,Engineering,Autocratic/Micromanagement,3.25,4.3,2.07,3.61,2.74,3,4.1,48.9,Moderate
EMP_05246,HR,Autocratic/Micromanagement,4.03,3.5,2.45,3.31,3.36,4,0.5,22.5,Low
EMP_05247,Product Management,Democratic,3.29,3.74,3.43,4.21,2.21,5,2.2,48.7,Moderate
EMP_05248,Sales,Democratic,4.15,4.27,4.17,3.85,2.05,3,0.5,53.3,Moderate
EMP_05249,Engineering,Democratic,4.03,3.61,2.47,2.82,2.33,3,12.2,42.3,Low
EMP_05250,Sales,Autocratic/Micromanagement,3.61,4.39,4.32,2.78,2.46,1,1.7,60.5,Moderate
EMP_05251,Product Management,Supportive,3.04,3.26,3.7,3.9,3.04,4,7.9,40.6,Low
EMP_05252,Product Management,Supportive,3.88,3.93,3.52,3.18,3.21,4,20.0,47.7,Moderate
EMP_05253,Engineering,Democratic,3.74,4.24,1.8,3.92,3.31,3,1.5,44.0,Low
EMP_05254,Sales,Supportive,3.69,3.73,3.69,3.85,1.67,2,4.4,57.0,Moderate
EMP_05255,Engineering,Autocratic/Micromanagement,4.36,3.94,2.41,4.09,3.65,3,2.6,18.4,Low
EMP_05256,Engineering,Autocratic/Micromanagement,3.46,3.54,3.74,3.27,2.48,4,3.4,44.9,Low
EMP_05257,HR,Supportive,3.42,3.88,2.52,3.7,1.32,5,5.5,54.3,Moderate
EMP_05258,Sales,Democratic,3.71,3.47,3.74,3.9,2.09,3,1.4,48.9,Moderate
EMP_05259,HR,Autocratic/Micromanagement,3.25,4.49,2.6,3.3,3.05,1,3.6,38.7,Low
EMP_05260,Sales,Democratic,3.95,4.42,3.6,4.05,2.55,1,2.0,46.9,Moderate
EMP_05261,Sales,Supportive,3.39,4.49,2.64,3.61,2.96,5,2.0,44.2,Low
EMP_05262,Sales,Supportive,2.79,4.21,1.1,3.46,3.09,4,3.7,26.7,Low
EMP_05263,Sales,Democratic,3.9,3.88,3.06,4.27,4.07,5,13.4,31.7,Low
EMP_05264,Marketing,Supportive,3.51,4.06,2.85,4.22,2.59,4,2.9,49.7,Moderate
EMP_05265,HR,Autocratic/Micromanagement,4.21,3.85,1.51,4.73,1.81,5,1.9,19.4,Low
EMP_05266,Engineering,Supportive,3.54,5.0,2.89,3.02,1.0,5,0.9,77.3,High
EMP_05267,Sales,Supportive,2.81,3.65,3.02,2.41,1.98,4,5.2,51.9,Moderate
EMP_05268,Engineering,Democratic,2.52,4.44,2.85,3.61,1.92,4,4.3,56.3,Moderate
EMP_05269,Engineering,Supportive,3.99,4.45,4.14,3.18,2.68,3,1.3,63.9,Moderate
EMP_05270,Data Science,Supportive,4.08,3.74,2.62,3.44,2.23,5,6.9,50.5,Moderate
EMP_05271,Marketing,Democratic,4.4,4.23,2.6,4.05,2.02,5,9.4,45.6,Moderate
EMP_05272,Sales,Democratic,4.77,4.01,2.52,3.02,1.0,5,9.7,53.9,Moderate
EMP_05273,Engineering,Supportive,3.92,4.4,3.74,3.61,2.6,4,1.4,71.5,Moderate
EMP_05274,Engineering,Supportive,3.78,3.55,2.72,2.32,1.96,3,9.5,53.5,Moderate
EMP_05275,Engineering,Supportive,3.58,4.05,3.69,3.35,3.3,4,8.6,41.8,Low
EMP_05276,Sales,Supportive,3.85,3.94,2.91,4.14,2.3,4,0.6,51.1,Moderate
EMP_05277,Data Science,Democratic,3.32,3.52,3.29,3.06,2.35,5,0.5,49.3,Moderate
EMP_05278,Sales,Supportive,4.02,3.35,3.51,3.8,1.15,5,6.3,57.3,Moderate
EMP_05279,Engineering,Autocratic/Micromanagement,4.5,4.23,3.66,3.18,2.58,4,1.8,40.4,Low
EMP_05280,HR,Supportive,2.32,3.63,3.41,3.94,2.34,4,3.3,50.7,Moderate
EMP_05281,Engineering,Autocratic/Micromanagement,3.85,3.37,3.71,3.81,5.0,4,13.9,27.3,Low
EMP_05282,Product Management,Democratic,2.65,4.08,2.79,2.82,2.63,1,4.5,38.9,Low
EMP_05283,Engineering,Democratic,4.63,4.31,1.86,3.66,2.8,3,5.5,49.5,Moderate
EMP_05284,Marketing,Supportive,4.14,4.0,3.05,3.44,1.2,5,10.9,55.6,Moderate
EMP_05285,Engineering,Democratic,3.52,4.48,2.38,2.44,2.32,3,0.5,56.5,Moderate
EMP_05286,Sales,Supportive,3.92,3.17,3.79,3.36,2.56,2,0.9,53.3,Moderate
EMP_05287,Engineering,Supportive,5.0,4.14,2.78,4.02,1.25,4,0.5,65.1,Moderate
EMP_05288,Sales,Supportive,3.77,3.63,2.2,3.09,1.5,4,6.5,38.2,Low
EMP_05289,Product Management,Supportive,3.38,4.03,2.3,4.57,3.3,3,4.6,47.1,Moderate
EMP_05290,Engineering,Democratic,4.54,2.84,4.02,3.04,1.0,3,0.5,52.3,Moderate
EMP_05291,Sales,Democratic,2.58,4.45,4.03,3.67,3.89,4,0.5,52.1,Moderate
EMP_05292,Marketing,Supportive,4.7,4.28,2.76,3.44,3.54,3,3.8,43.6,Low
EMP_05293,Marketing,Democratic,3.88,2.94,3.53,3.29,2.93,5,3.2,35.7,Low
EMP_05294,Marketing,Democratic,3.36,3.57,3.18,2.5,2.73,3,1.1,47.8,Moderate
EMP_05295,Engineering,Autocratic/Micromanagement,3.53,3.7,2.16,4.17,1.96,5,1.0,47.5,Moderate
EMP_05296,HR,Supportive,2.87,3.35,3.0,2.46,2.32,4,1.3,51.5,Moderate
EMP_05297,Engineering,Democratic,2.99,3.37,3.18,3.43,2.16,2,0.5,39.5,Low
EMP_05298,Product Management,Democratic,2.97,3.66,3.34,3.42,1.81,1,7.6,44.6,Low
EMP_05299,Engineering,Supportive,4.41,3.19,2.3,4.11,2.3,3,0.5,59.9,Moderate
EMP_05300,Marketing,Democratic,3.03,4.59,2.9,2.98,3.24,2,3.0,35.9,Low
EMP_05301,Sales,Supportive,3.17,3.85,3.34,3.98,2.51,5,0.5,45.5,Moderate
EMP_05302,Product Management,Democratic,3.57,3.02,4.4,3.94,1.1,4,5.2,48.8,Moderate
EMP_05303,Engineering,Autocratic/Micromanagement,4.16,3.26,2.41,5.0,3.67,2,4.8,26.2,Low
EMP_05304,Product Management,Supportive,3.3,4.32,2.81,3.76,2.69,5,3.0,43.8,Low
EMP_05305,Marketing,Supportive,4.22,4.21,4.01,4.76,1.43,4,1.3,62.7,Moderate
EMP_05306,Product Management,Supportive,3.26,3.48,2.74,2.43,2.19,5,2.8,58.2,Moderate
EMP_05307,Sales,Supportive,3.66,3.51,3.19,3.77,2.6,3,2.1,56.8,Moderate
EMP_05308,Marketing,Supportive,2.64,4.31,4.3,3.45,2.48,5,4.5,62.2,Moderate
EMP_05309,Sales,Democratic,3.83,3.82,3.43,4.05,2.86,5,0.5,38.7,Low
EMP_05310,HR,Autocratic/Micromanagement,4.21,4.49,3.12,3.26,2.55,4,1.1,28.7,Low
EMP_05311,Marketing,Autocratic/Micromanagement,3.95,3.59,2.64,3.86,2.4,4,0.7,39.7,Low
EMP_05312,Product Management,Supportive,4.43,3.59,2.58,4.07,2.69,4,8.3,52.6,Moderate
EMP_05313,Data Science,Democratic,3.64,4.05,4.57,4.03,4.2,4,0.5,36.9,Low
EMP_05314,Data Science,Democratic,3.65,3.97,3.9,4.1,2.7,4,11.1,40.4,Low
EMP_05315,Product Management,Democratic,3.76,4.62,2.49,4.1,3.31,3,3.1,37.9,Low
EMP_05316,Product Management,Supportive,3.94,4.19,3.43,3.51,3.58,2,6.3,46.1,Moderate
EMP_05317,Marketing,Democratic,3.41,4.61,3.68,2.96,2.47,5,1.2,46.7,Moderate
EMP_05318,Engineering,Autocratic/Micromanagement,2.96,3.19,2.9,4.1,3.11,1,1.5,41.3,Low
EMP_05319,Sales,Democratic,3.85,4.34,3.39,2.54,2.52,2,1.3,40.7,Low
EMP_05320,Marketing,Autocratic/Micromanagement,3.59,3.52,2.56,4.71,3.03,4,2.8,40.4,Low
EMP_05321,Sales,Supportive,3.56,4.32,3.71,3.66,2.31,3,4.4,46.7,Moderate
EMP_05322,Sales,Democratic,3.61,3.21,2.47,3.72,1.85,4,2.0,35.5,Low
EMP_05323,Sales,Supportive,3.53,4.57,2.82,3.97,2.25,3,4.1,49.6,Moderate
EMP_05324,Sales,Democratic,4.35,4.04,2.8,3.67,3.27,2,1.8,39.6,Low
EMP_05325,Data Science,Supportive,3.91,3.62,2.67,3.45,3.41,4,2.6,50.1,Moderate
EMP_05326,Engineering,Autocratic/Micromanagement,3.88,3.85,2.79,3.07,2.92,2,1.0,43.3,Low
EMP_05327,Product Management,Democratic,4.26,3.93,3.31,3.26,2.78,2,1.4,40.0,Low
EMP_05328,Marketing,Democratic,3.81,4.0,3.5,3.0,1.62,4,0.5,46.3,Moderate
EMP_05329,Product Management,Supportive,4.44,3.74,2.49,3.99,1.9,2,1.0,50.7,Moderate
EMP_05330,Sales,Democratic,2.64,4.52,3.14,4.55,2.3,4,2.3,36.7,Low
EMP_05331,Sales,Autocratic/Micromanagement,3.64,3.97,3.74,3.92,1.0,5,2.5,50.5,Moderate
EMP_05332,Marketing,Supportive,4.16,4.39,2.91,4.21,1.07,4,1.3,56.9,Moderate
EMP_05333,Sales,Democratic,3.53,3.59,3.37,4.07,3.05,4,0.5,34.7,Low
EMP_05334,Data Science,Supportive,4.28,3.36,3.6,3.45,2.9,3,20.0,47.3,Moderate
EMP_05335,Engineering,Democratic,3.84,3.38,3.17,3.85,2.18,3,0.5,32.8,Low
EMP_05336,Data Science,Democratic,3.65,4.52,3.19,3.54,2.06,2,14.3,59.5,Moderate
EMP_05337,Marketing,Autocratic/Micromanagement,3.58,3.29,3.94,3.73,2.68,4,0.6,41.0,Low
EMP_05338,HR,Supportive,4.49,4.26,3.56,3.66,3.12,3,1.8,47.7,Moderate
EMP_05339,Sales,Supportive,4.35,4.09,3.2,4.19,2.74,4,5.3,43.1,Low
EMP_05340,Sales,Autocratic/Micromanagement,2.95,3.27,4.01,3.45,1.85,4,13.4,68.2,Moderate
EMP_05341,Sales,Supportive,4.01,4.21,2.95,3.36,2.64,5,4.0,47.6,Moderate
EMP_05342,Sales,Democratic,3.48,3.57,3.64,3.54,2.73,4,0.5,35.2,Low
EMP_05343,HR,Democratic,3.7,4.12,2.98,2.89,1.47,3,0.5,50.8,Moderate
EMP_05344,Sales,Democratic,5.0,3.37,2.81,2.83,2.18,3,1.1,42.2,Low
EMP_05345,Sales,Democratic,4.06,3.65,4.23,3.59,3.1,3,0.5,52.1,Moderate
EMP_05346,Marketing,Democratic,3.3,4.14,2.13,4.42,1.0,3,6.3,44.1,Low
EMP_05347,Engineering,Democratic,3.5,3.61,3.09,3.87,2.59,1,6.3,44.1,Low
EMP_05348,Engineering,Democratic,3.43,3.48,3.3,3.96,2.21,4,1.3,53.4,Moderate
EMP_05349,Data Science,Supportive,3.39,4.61,2.71,4.07,1.58,3,0.5,76.1,High
EMP_05350,Engineering,Autocratic/Micromanagement,3.68,4.21,3.09,3.61,1.0,1,8.0,73.9,Moderate
EMP_05351,Data Science,Supportive,3.49,4.3,2.44,4.12,2.64,4,0.5,68.5,Moderate
EMP_05352,Product Management,Supportive,4.48,3.73,3.11,3.31,3.06,5,2.6,49.2,Moderate
EMP_05353,Product Management,Autocratic/Micromanagement,3.65,4.49,2.3,4.3,3.13,3,8.9,36.3,Low
EMP_05354,Engineering,Democratic,3.42,3.12,2.82,2.12,1.48,2,0.5,47.4,Moderate
EMP_05355,Marketing,Democratic,3.93,3.6,4.88,3.76,2.13,5,1.1,43.1,Low
EMP_05356,Engineering,Democratic,3.74,3.35,3.85,3.49,3.93,4,3.1,31.3,Low
EMP_05357,HR,Democratic,3.66,3.94,2.61,4.02,2.74,1,15.1,48.6,Moderate
EMP_05358,Engineering,Autocratic/Micromanagement,4.16,4.65,2.89,3.25,1.6,5,4.1,31.6,Low
EMP_05359,Engineering,Democratic,3.72,3.99,2.34,3.37,1.25,1,7.4,51.4,Moderate
EMP_05360,Sales,Supportive,5.0,3.28,3.06,3.56,2.61,2,0.5,48.8,Moderate
EMP_05361,Engineering,Autocratic/Micromanagement,3.43,4.37,2.76,3.58,3.62,3,9.7,48.4,Moderate
EMP_05362,Engineering,Supportive,4.48,3.45,2.69,4.02,1.89,3,1.1,61.3,Moderate
EMP_05363,Engineering,Democratic,4.45,3.65,3.4,4.1,3.59,4,2.4,39.2,Low
EMP_05364,Data Science,Supportive,3.19,4.24,1.71,3.87,3.65,5,0.8,62.8,Moderate
EMP_05365,Engineering,Supportive,3.23,3.6,3.87,3.73,3.92,2,1.2,38.5,Low
EMP_05366,Data Science,Democratic,4.01,3.73,2.27,3.29,1.56,3,2.1,51.2,Moderate
EMP_05367,Marketing,Supportive,4.54,3.33,2.85,3.16,2.47,5,2.4,51.9,Moderate
EMP_05368,HR,Supportive,3.7,4.01,3.07,3.69,3.07,3,1.3,43.8,Low
EMP_05369,Engineering,Autocratic/Micromanagement,3.55,3.99,3.78,3.48,2.07,2,0.9,39.5,Low
EMP_05370,Engineering,Supportive,4.59,4.12,2.37,3.85,2.64,3,3.3,55.5,Moderate
EMP_05371,Sales,Supportive,3.47,3.59,3.52,5.0,2.21,5,3.5,48.7,Moderate
EMP_05372,Marketing,Supportive,3.55,5.0,2.64,4.32,2.56,5,1.3,50.7,Moderate
EMP_05373,Sales,Supportive,3.01,3.77,3.72,4.16,2.73,5,6.2,40.8,Low
EMP_05374,HR,Democratic,3.35,3.76,3.27,2.96,3.6,3,1.0,38.4,Low
EMP_05375,Marketing,Supportive,4.0,4.05,3.71,2.72,2.85,5,1.6,51.4,Moderate
EMP_05376,HR,Supportive,3.36,4.46,4.0,2.76,2.88,4,2.1,48.6,Moderate
EMP_05377,HR,Supportive,4.06,3.86,2.56,3.93,1.48,3,3.9,53.0,Moderate
EMP_05378,Data Science,Supportive,4.4,3.67,3.79,4.52,2.63,5,14.8,45.4,Moderate
EMP_05379,Data Science,Democratic,3.85,4.88,3.31,3.38,2.52,3,1.1,56.7,Moderate
EMP_05380,Engineering,Democratic,3.09,3.81,2.52,3.33,2.29,2,1.5,42.3,Low
EMP_05381,Data Science,Democratic,3.45,3.33,1.91,3.4,3.36,3,0.5,38.5,Low
EMP_05382,Data Science,Supportive,3.83,3.47,2.58,4.32,2.36,4,2.8,51.9,Moderate
EMP_05383,Engineering,Supportive,3.08,3.65,3.2,4.15,2.89,2,1.7,49.9,Moderate
EMP_05384,Engineering,Autocratic/Micromanagement,3.12,3.79,4.93,3.51,1.19,4,2.6,47.1,Moderate
EMP_05385,Sales,Democratic,3.9,3.37,3.29,4.02,2.54,3,1.0,46.7,Moderate
EMP_05386,Marketing,Autocratic/Micromanagement,3.27,2.09,2.63,4.01,2.28,3,3.0,49.8,Moderate
EMP_05387,Data Science,Democratic,3.74,3.98,2.53,3.86,3.38,5,2.5,27.8,Low
EMP_05388,Sales,Democratic,3.69,3.41,3.82,3.5,2.95,4,0.5,36.0,Low
EMP_05389,Product Management,Democratic,4.07,3.95,2.37,3.94,2.58,3,3.2,45.1,Moderate
EMP_05390,Sales,Democratic,2.55,4.79,2.48,4.45,3.74,4,0.5,25.5,Low
EMP_05391,Engineering,Supportive,3.13,3.68,2.51,3.12,2.25,4,0.9,49.4,Moderate
EMP_05392,Engineering,Supportive,2.26,3.67,3.09,3.92,2.42,2,20.0,50.2,Moderate
EMP_05393,Data Science,Autocratic/Micromanagement,4.61,4.11,3.94,3.8,3.39,5,4.5,21.4,Low
EMP_05394,Marketing,Supportive,4.52,3.15,2.47,4.17,2.15,3,0.5,52.7,Moderate
EMP_05395,Sales,Autocratic/Micromanagement,3.17,4.21,3.37,2.66,2.67,2,10.4,44.3,Low
EMP_05396,Product Management,Democratic,3.94,5.0,2.08,3.28,2.41,5,0.7,46.7,Moderate
EMP_05397,Sales,Democratic,3.96,4.95,2.75,3.28,2.17,5,6.9,43.3,Low
EMP_05398,Sales,Democratic,3.4,3.75,2.53,3.63,3.29,4,2.8,33.1,Low
EMP_05399,Sales,Democratic,4.04,4.5,3.22,2.93,2.17,4,5.9,41.5,Low
EMP_05400,Engineering,Supportive,4.15,4.03,3.71,2.96,3.05,3,7.7,48.4,Moderate
EMP_05401,HR,Democratic,2.93,3.97,2.57,3.96,2.39,4,1.0,46.0,Moderate
EMP_05402,Sales,Democratic,3.64,3.55,3.69,4.15,2.33,5,0.8,45.3,Moderate
EMP_05403,Product Management,Supportive,3.7,3.98,4.16,3.26,3.32,4,4.3,39.9,Low
EMP_05404,Engineering,Democratic,4.33,3.74,1.93,4.05,2.52,3,3.0,48.6,Moderate
EMP_05405,Marketing,Supportive,3.07,3.31,2.94,3.96,1.96,3,2.0,53.3,Moderate
EMP_05406,Engineering,Democratic,3.83,3.88,2.62,2.9,2.76,3,0.5,34.9,Low
EMP_05407,Engineering,Supportive,3.49,3.39,3.26,4.63,3.29,5,2.9,41.5,Low
EMP_05408,Marketing,Democratic,5.0,3.55,1.56,3.1,2.02,4,11.6,50.5,Moderate
EMP_05409,HR,Democratic,4.79,4.74,2.71,2.91,4.27,3,1.6,31.6,Low
EMP_05410,Engineering,Supportive,2.22,3.15,2.21,2.64,3.58,4,2.2,45.1,Moderate
EMP_05411,Marketing,Supportive,2.98,4.25,3.31,2.64,1.74,1,2.5,54.1,Moderate
EMP_05412,HR,Supportive,4.36,4.33,3.16,3.68,1.23,4,4.1,57.6,Moderate
EMP_05413,Marketing,Autocratic/Micromanagement,3.26,4.06,3.04,3.86,2.01,3,9.8,42.1,Low
EMP_05414,HR,Democratic,3.15,3.46,3.71,4.76,3.21,3,13.4,31.2,Low
EMP_05415,Sales,Democratic,5.0,4.05,2.22,2.38,1.62,5,0.6,31.7,Low
EMP_05416,Data Science,Democratic,4.38,3.51,1.92,2.34,1.0,5,2.6,56.3,Moderate
EMP_05417,Engineering,Supportive,3.96,3.97,3.44,3.3,3.11,4,3.2,55.2,Moderate
EMP_05418,Sales,Democratic,4.53,4.13,3.26,3.21,2.93,1,0.5,42.1,Low
EMP_05419,Sales,Democratic,3.56,3.22,3.19,4.27,2.66,4,11.3,50.2,Moderate
EMP_05420,Sales,Supportive,5.0,3.7,2.76,3.68,2.83,4,1.3,50.9,Moderate
EMP_05421,Marketing,Supportive,3.54,3.3,3.85,4.82,1.66,4,4.5,52.0,Moderate
EMP_05422,Data Science,Supportive,4.23,3.58,4.05,3.67,2.92,4,5.5,49.3,Moderate
EMP_05423,HR,Supportive,3.99,4.25,2.7,3.45,2.18,3,4.5,49.4,Moderate
EMP_05424,Engineering,Supportive,3.28,3.34,2.29,2.97,1.63,5,0.5,53.1,Moderate
EMP_05425,Marketing,Supportive,3.91,3.69,3.4,2.98,2.41,3,2.6,42.2,Low
EMP_05426,Engineering,Supportive,2.67,4.98,2.98,4.95,2.85,1,0.5,70.9,Moderate
EMP_05427,Marketing,Autocratic/Micromanagement,4.22,3.7,3.93,3.87,1.0,4,7.4,34.1,Low
EMP_05428,Sales,Supportive,3.23,3.71,3.45,2.2,2.04,2,6.2,48.2,Moderate
EMP_05429,Engineering,Supportive,3.95,4.03,3.88,3.1,3.38,3,0.7,41.7,Low
EMP_05430,Engineering,Autocratic/Micromanagement,4.04,5.0,3.35,2.9,2.49,4,2.3,42.5,Low
EMP_05431,Marketing,Autocratic/Micromanagement,2.45,4.45,3.5,2.44,2.96,5,0.5,39.6,Low
EMP_05432,Data Science,Democratic,2.92,3.92,2.92,3.45,3.77,5,1.5,36.4,Low
EMP_05433,Engineering,Supportive,3.48,4.25,3.51,3.71,2.69,4,1.4,69.9,Moderate
EMP_05434,Engineering,Autocratic/Micromanagement,4.5,3.87,2.24,3.57,1.18,4,15.1,25.0,Low
EMP_05435,Engineering,Democratic,3.86,3.84,3.92,3.29,2.26,5,0.6,44.4,Low
EMP_05436,Data Science,Supportive,3.99,4.28,3.45,3.85,2.96,2,3.3,58.1,Moderate
EMP_05437,Data Science,Autocratic/Micromanagement,3.08,3.96,2.53,4.3,2.55,4,2.0,47.9,Moderate
EMP_05438,Engineering,Democratic,3.02,4.05,2.85,3.6,3.27,2,6.6,34.7,Low
EMP_05439,Product Management,Supportive,3.47,4.89,3.32,4.04,3.58,3,1.3,48.3,Moderate
EMP_05440,Product Management,Autocratic/Micromanagement,4.14,3.16,2.47,3.51,2.73,3,1.1,23.7,Low
EMP_05441,Data Science,Supportive,3.46,3.74,3.03,4.1,2.43,3,4.6,48.1,Moderate
EMP_05442,Engineering,Supportive,3.8,4.14,3.1,3.62,3.02,4,12.8,40.9,Low
EMP_05443,Engineering,Supportive,3.9,3.05,3.56,3.15,2.05,2,6.7,52.2,Moderate
EMP_05444,Engineering,Supportive,3.41,4.09,3.86,3.69,2.23,1,3.0,52.9,Moderate
EMP_05445,HR,Democratic,4.14,3.51,3.13,3.96,2.89,5,1.3,35.4,Low
EMP_05446,Engineering,Democratic,3.96,3.91,3.96,4.04,2.39,5,7.2,45.3,Moderate
EMP_05447,Engineering,Supportive,4.25,3.85,2.46,3.81,2.87,3,1.0,45.3,Moderate
EMP_05448,Product Management,Supportive,4.64,3.39,3.87,4.11,3.49,5,0.5,47.9,Moderate
EMP_05449,Engineering,Democratic,3.16,3.94,3.7,3.88,2.01,4,7.5,48.4,Moderate
EMP_05450,Marketing,Democratic,3.74,3.99,3.39,3.72,3.11,3,5.5,39.3,Low
EMP_05451,Product Management,Supportive,4.12,3.81,2.62,3.2,2.23,5,0.9,51.6,Moderate
EMP_05452,Data Science,Supportive,4.41,3.85,1.53,3.22,2.62,4,0.7,53.2,Moderate
EMP_05453,Sales,Supportive,3.63,3.66,3.79,3.96,3.16,5,2.1,40.4,Low
EMP_05454,Data Science,Democratic,4.05,3.44,3.57,2.0,2.65,4,9.1,44.9,Low
EMP_05455,Marketing,Autocratic/Micromanagement,4.08,3.83,2.13,3.51,1.92,2,0.5,25.0,Low
EMP_05456,Engineering,Autocratic/Micromanagement,2.34,2.99,4.51,3.77,1.63,4,1.8,57.6,Moderate
EMP_05457,Engineering,Autocratic/Micromanagement,2.88,4.99,2.6,4.87,3.73,5,1.2,54.7,Moderate
EMP_05458,Marketing,Democratic,4.07,3.84,3.18,2.91,2.29,5,1.4,43.9,Low
EMP_05459,Data Science,Democratic,3.54,4.44,3.57,3.65,2.16,3,5.0,60.3,Moderate
EMP_05460,Engineering,Democratic,4.19,3.55,2.14,2.6,2.38,4,4.1,47.5,Moderate
EMP_05461,Marketing,Democratic,3.28,4.12,4.27,2.66,1.73,2,0.5,45.6,Moderate
EMP_05462,Engineering,Autocratic/Micromanagement,4.16,3.62,3.52,3.41,3.08,4,4.1,21.0,Low
EMP_05463,HR,Supportive,3.5,2.66,4.34,3.14,1.9,4,5.5,58.3,Moderate
EMP_05464,Engineering,Autocratic/Micromanagement,4.12,3.45,2.87,4.8,3.28,4,1.4,21.3,Low
EMP_05465,Data Science,Supportive,3.2,3.67,3.64,2.95,1.85,1,5.5,44.3,Low
EMP_05466,Marketing,Supportive,3.64,3.42,2.83,2.52,4.08,1,14.3,41.7,Low
EMP_05467,Product Management,Democratic,4.2,4.14,3.35,3.46,3.57,5,8.9,42.1,Low
EMP_05468,HR,Supportive,3.19,4.65,2.9,3.02,3.32,3,1.2,51.5,Moderate
EMP_05469,Engineering,Democratic,3.72,3.9,4.03,3.86,3.0,5,3.3,28.6,Low
EMP_05470,Sales,Democratic,3.11,4.3,1.96,4.5,2.01,3,5.8,25.4,Low
EMP_05471,Marketing,Democratic,3.99,4.1,3.29,2.86,2.03,3,1.0,48.8,Moderate
EMP_05472,Sales,Autocratic/Micromanagement,3.05,4.19,3.79,3.34,2.24,1,0.9,48.2,Moderate
EMP_05473,Sales,Democratic,2.59,4.25,3.7,3.08,3.21,1,1.1,39.0,Low
EMP_05474,Engineering,Democratic,3.64,3.38,2.25,3.69,1.9,4,1.4,48.2,Moderate
EMP_05475,Sales,Supportive,3.65,4.39,4.04,4.7,2.15,5,0.5,58.8,Moderate
EMP_05476,Sales,Supportive,2.68,3.76,3.27,3.53,4.09,5,0.9,38.8,Low
EMP_05477,Sales,Democratic,4.12,3.53,3.4,3.4,1.0,4,3.6,47.7,Moderate
EMP_05478,Sales,Democratic,3.98,3.52,2.67,3.84,2.09,2,1.3,54.9,Moderate
EMP_05479,Data Science,Supportive,2.65,4.83,2.31,3.96,3.74,3,0.5,61.7,Moderate
EMP_05480,HR,Autocratic/Micromanagement,3.31,4.24,2.88,3.58,4.0,3,10.8,39.3,Low
EMP_05481,Engineering,Supportive,3.5,3.55,2.75,3.45,3.23,3,1.5,42.2,Low
EMP_05482,Sales,Autocratic/Micromanagement,3.28,3.35,1.92,3.53,2.57,3,1.2,30.3,Low
EMP_05483,HR,Autocratic/Micromanagement,4.24,3.8,3.43,2.86,3.35,4,0.5,17.9,Low
EMP_05484,Engineering,Democratic,3.89,3.86,2.96,4.12,2.42,2,8.9,48.2,Moderate
EMP_05485,Product Management,Democratic,4.03,4.22,3.15,3.91,2.16,4,1.6,56.2,Moderate
EMP_05486,Engineering,Supportive,4.58,4.12,2.61,2.42,1.96,5,4.7,54.7,Moderate
EMP_05487,Sales,Democratic,4.08,4.29,2.47,3.61,1.54,5,1.7,33.2,Low
EMP_05488,Data Science,Supportive,2.52,3.87,2.43,2.63,4.05,3,3.1,45.9,Moderate
EMP_05489,Engineering,Supportive,4.18,4.21,3.77,3.2,2.69,4,4.9,63.3,Moderate
EMP_05490,Product Management,Supportive,4.08,4.52,2.44,2.72,2.38,1,0.5,52.2,Moderate
EMP_05491,Marketing,Autocratic/Micromanagement,4.31,4.0,3.31,4.19,2.21,3,4.3,32.2,Low
EMP_05492,Sales,Supportive,3.48,4.06,2.34,4.5,2.29,4,2.5,36.1,Low
EMP_05493,Product Management,Democratic,4.23,3.32,2.65,3.78,1.33,3,1.6,52.1,Moderate
EMP_05494,Engineering,Democratic,4.31,3.84,3.2,3.79,3.71,5,2.6,33.6,Low
EMP_05495,Data Science,Supportive,3.83,4.78,3.12,3.89,1.5,3,2.2,73.3,Moderate
EMP_05496,Engineering,Autocratic/Micromanagement,3.13,5.0,2.8,3.19,2.84,3,6.9,60.1,Moderate
EMP_05497,Marketing,Autocratic/Micromanagement,3.25,3.42,3.83,3.71,1.51,3,2.3,47.6,Moderate
EMP_05498,Product Management,Autocratic/Micromanagement,4.18,3.39,3.77,2.94,2.05,4,3.3,23.3,Low
EMP_05499,Engineering,Supportive,4.45,4.07,1.93,3.77,1.82,5,1.6,45.5,Moderate
EMP_05500,Product Management,Democratic,3.8,2.89,3.34,3.54,2.91,3,6.5,39.5,Low
EMP_05501,Sales,Supportive,3.92,3.58,2.43,3.63,1.42,4,6.3,39.5,Low
EMP_05502,Product Management,Supportive,4.06,4.03,2.27,5.0,1.7,1,12.5,54.9,Moderate
EMP_05503,Data Science,Democratic,4.89,3.65,4.87,3.34,2.75,2,1.5,47.8,Moderate
EMP_05504,Data Science,Democratic,4.08,4.36,3.53,4.38,1.87,5,7.2,53.1,Moderate
EMP_05505,Sales,Autocratic/Micromanagement,3.13,4.28,3.53,2.72,1.93,4,0.7,40.1,Low
EMP_05506,Marketing,Supportive,2.91,4.12,2.79,3.33,1.26,3,0.5,59.9,Moderate
EMP_05507,Engineering,Democratic,3.91,3.97,2.64,4.19,2.66,5,2.6,38.4,Low
EMP_05508,Sales,Supportive,4.69,4.15,4.36,3.22,1.66,4,20.0,78.2,High
EMP_05509,HR,Supportive,3.89,4.02,2.78,3.88,1.89,3,4.0,59.3,Moderate
EMP_05510,Sales,Democratic,3.59,3.59,2.45,3.68,2.88,3,2.6,23.5,Low
EMP_05511,HR,Democratic,4.32,3.98,2.25,4.14,2.79,4,2.7,39.5,Low
EMP_05512,HR,Supportive,3.81,3.7,3.65,3.31,2.77,5,8.8,50.5,Moderate
EMP_05513,Marketing,Democratic,4.45,4.17,4.06,4.21,2.35,4,2.9,44.4,Low
EMP_05514,Engineering,Democratic,3.41,3.11,1.94,3.43,2.96,3,3.1,42.9,Low
EMP_05515,Engineering,Autocratic/Micromanagement,3.5,4.23,3.13,3.44,1.49,4,4.4,66.4,Moderate
EMP_05516,Marketing,Democratic,5.0,3.97,3.13,3.32,1.85,5,1.3,49.4,Moderate
EMP_05517,Data Science,Supportive,3.69,3.53,3.52,4.09,2.28,3,6.6,56.5,Moderate
EMP_05518,Sales,Democratic,3.47,3.24,1.0,3.95,2.84,5,4.7,23.4,Low
EMP_05519,HR,Autocratic/Micromanagement,4.08,4.13,3.22,3.15,1.66,3,0.5,23.0,Low
EMP_05520,Sales,Supportive,3.68,4.0,3.13,3.71,4.49,4,6.2,31.1,Low
EMP_05521,Engineering,Autocratic/Micromanagement,4.06,4.03,3.38,3.06,1.0,1,2.3,29.0,Low
EMP_05522,Sales,Supportive,3.28,4.18,4.07,3.78,3.91,4,1.8,52.3,Moderate
EMP_05523,Data Science,Supportive,3.31,4.08,3.15,3.3,2.0,5,15.3,61.6,Moderate
EMP_05524,Engineering,Autocratic/Micromanagement,5.0,4.74,1.91,3.32,1.79,5,3.2,46.5,Moderate
EMP_05525,Engineering,Autocratic/Micromanagement,4.26,2.68,3.5,3.19,2.17,5,9.7,0.0,Low
EMP_05526,Marketing,Supportive,2.64,4.36,3.53,2.9,1.0,4,7.9,59.1,Moderate
EMP_05527,Engineering,Autocratic/Micromanagement,4.77,3.63,2.94,3.67,2.76,5,10.2,23.5,Low
EMP_05528,Sales,Supportive,3.67,4.47,2.56,3.54,2.76,2,6.1,52.7,Moderate
EMP_05529,Engineering,Democratic,4.29,3.03,2.75,4.65,1.75,3,9.4,46.5,Moderate
EMP_05530,Marketing,Autocratic/Micromanagement,4.17,4.88,2.31,3.59,3.11,4,1.5,24.7,Low
EMP_05531,Product Management,Supportive,3.8,4.36,2.76,4.49,2.0,5,15.2,54.6,Moderate
EMP_05532,Sales,Autocratic/Micromanagement,4.69,2.94,4.2,4.48,2.3,3,2.3,44.3,Low
EMP_05533,Marketing,Democratic,4.0,4.04,2.96,3.95,2.64,4,1.8,47.4,Moderate
EMP_05534,Data Science,Autocratic/Micromanagement,4.18,3.75,2.26,3.62,2.11,5,4.6,22.0,Low
EMP_05535,Marketing,Autocratic/Micromanagement,3.33,3.64,3.96,2.99,3.64,3,0.9,38.6,Low
EMP_05536,Engineering,Supportive,3.56,3.23,3.29,3.22,2.75,4,1.0,46.7,Moderate
EMP_05537,Engineering,Democratic,3.76,4.07,3.64,3.31,1.97,5,5.6,46.2,Moderate
EMP_05538,Data Science,Supportive,3.36,3.87,2.03,4.33,3.33,3,4.1,47.6,Moderate
EMP_05539,Data Science,Democratic,4.07,3.83,3.67,3.49,1.95,4,9.0,45.2,Moderate
EMP_05540,Sales,Supportive,3.63,4.6,3.37,3.25,1.0,4,0.8,57.0,Moderate
EMP_05541,Data Science,Supportive,2.71,4.02,1.86,3.0,2.62,4,6.6,51.0,Moderate
EMP_05542,Data Science,Democratic,3.79,4.53,3.44,3.31,1.87,2,3.6,50.7,Moderate
EMP_05543,Engineering,Autocratic/Micromanagement,3.62,4.01,3.34,2.92,1.37,5,0.5,48.2,Moderate
EMP_05544,Product Management,Autocratic/Micromanagement,3.48,4.06,3.06,3.18,2.84,2,1.9,36.3,Low
EMP_05545,Sales,Democratic,3.79,4.88,3.97,3.89,2.11,3,6.6,43.9,Low
EMP_05546,Data Science,Democratic,3.13,4.17,4.24,2.28,2.42,5,20.0,38.3,Low
EMP_05547,Data Science,Supportive,3.34,2.97,2.8,4.8,2.87,2,4.4,51.7,Moderate
EMP_05548,Marketing,Democratic,4.46,3.65,3.05,3.28,1.81,4,1.2,43.4,Low
EMP_05549,Product Management,Supportive,3.96,3.42,3.54,3.12,3.92,1,6.3,37.9,Low
EMP_05550,Product Management,Supportive,5.0,3.35,3.01,4.32,2.28,3,4.9,52.0,Moderate
EMP_05551,Engineering,Democratic,3.17,3.04,3.66,2.61,2.08,5,1.2,45.0,Moderate
EMP_05552,Marketing,Democratic,3.77,3.53,2.18,4.18,2.84,4,0.5,39.6,Low
EMP_05553,Marketing,Supportive,3.55,3.63,4.1,3.7,3.12,3,2.3,46.1,Moderate
EMP_05554,Engineering,Democratic,3.96,3.15,3.21,4.08,1.54,5,2.2,43.0,Low
EMP_05555,Engineering,Autocratic/Micromanagement,3.3,3.39,2.59,3.47,2.09,5,7.9,42.4,Low
EMP_05556,Data Science,Supportive,4.16,4.23,2.95,4.11,2.46,4,2.3,72.3,Moderate
EMP_05557,Marketing,Supportive,4.02,3.72,2.66,3.06,2.06,4,1.4,57.2,Moderate
EMP_05558,Engineering,Supportive,3.43,3.4,2.81,3.92,1.99,4,7.6,49.9,Moderate
EMP_05559,Sales,Democratic,3.79,4.52,2.5,3.97,2.48,4,0.7,38.2,Low
EMP_05560,Data Science,Democratic,4.17,4.33,3.71,3.72,2.66,5,0.5,58.6,Moderate
EMP_05561,Sales,Supportive,2.82,4.34,3.61,3.8,1.07,3,7.1,62.9,Moderate
EMP_05562,Sales,Autocratic/Micromanagement,3.09,4.29,2.81,3.13,1.58,5,1.0,45.3,Moderate
EMP_05563,Engineering,Autocratic/Micromanagement,4.61,3.56,2.94,3.75,1.41,5,2.7,22.6,Low
EMP_05564,Product Management,Supportive,4.32,3.08,2.65,3.73,1.66,4,0.5,58.0,Moderate
EMP_05565,Engineering,Autocratic/Micromanagement,3.31,2.89,3.73,4.06,2.82,5,1.8,36.6,Low
EMP_05566,Engineering,Autocratic/Micromanagement,4.47,4.65,3.44,4.22,2.63,1,4.9,33.0,Low
EMP_05567,Engineering,Supportive,4.5,3.91,3.86,3.02,1.42,3,3.5,52.3,Moderate
EMP_05568,Product Management,Autocratic/Micromanagement,4.54,3.26,3.1,4.15,3.59,4,7.0,16.8,Low
EMP_05569,Data Science,Supportive,4.15,3.95,2.18,4.05,1.01,3,0.5,56.6,Moderate
EMP_05570,Data Science,Democratic,4.22,3.7,3.13,3.54,3.22,3,0.7,34.9,Low
EMP_05571,Engineering,Supportive,3.27,3.75,3.17,3.45,1.79,1,4.4,49.7,Moderate
EMP_05572,Sales,Democratic,3.74,3.72,2.8,3.41,2.9,4,1.3,43.7,Low
EMP_05573,Marketing,Democratic,3.85,3.99,3.3,3.19,3.23,3,7.3,39.4,Low
EMP_05574,Data Science,Supportive,2.92,4.4,2.78,3.79,3.19,5,7.5,57.8,Moderate
EMP_05575,Marketing,Autocratic/Micromanagement,2.08,4.07,3.5,3.05,2.56,5,3.4,34.2,Low
EMP_05576,Engineering,Democratic,2.87,3.81,3.41,2.52,2.74,4,11.9,37.8,Low
EMP_05577,Data Science,Democratic,3.83,3.35,3.57,3.91,4.85,4,2.1,26.1,Low
EMP_05578,Product Management,Supportive,4.59,3.35,3.64,4.21,2.5,4,1.4,49.9,Moderate
EMP_05579,Data Science,Supportive,3.57,3.13,2.78,3.75,3.08,4,0.5,49.4,Moderate
EMP_05580,Sales,Autocratic/Micromanagement,3.33,4.52,3.9,3.74,2.67,4,12.8,43.1,Low
EMP_05581,Sales,Autocratic/Micromanagement,3.57,3.52,3.05,3.76,1.45,5,5.4,40.1,Low
EMP_05582,Marketing,Democratic,2.8,3.35,3.34,3.51,2.51,3,2.5,44.7,Low
EMP_05583,Sales,Supportive,3.56,4.78,3.08,3.81,3.01,1,20.0,43.9,Low
EMP_05584,Engineering,Democratic,2.76,3.58,3.17,3.2,2.61,1,5.6,34.4,Low
EMP_05585,Sales,Supportive,3.97,4.04,2.4,3.41,2.23,3,1.6,32.4,Low
EMP_05586,Marketing,Supportive,3.19,3.41,2.99,2.97,2.46,2,0.5,56.1,Moderate
EMP_05587,Sales,Autocratic/Micromanagement,4.28,3.35,4.51,4.28,3.24,5,1.6,29.5,Low
EMP_05588,Engineering,Autocratic/Micromanagement,4.87,3.94,3.86,3.15,2.74,3,20.0,19.3,Low
EMP_05589,Sales,Supportive,4.56,4.28,2.83,2.66,1.91,4,0.9,55.4,Moderate
EMP_05590,Data Science,Supportive,4.24,4.88,3.97,4.43,3.41,5,6.2,63.5,Moderate
EMP_05591,Engineering,Democratic,2.97,3.56,3.71,4.2,2.27,1,2.9,36.5,Low
EMP_05592,Product Management,Democratic,4.15,3.47,3.0,3.6,1.64,2,12.0,45.4,Moderate
EMP_05593,Product Management,Supportive,3.77,4.39,3.07,4.37,1.33,3,0.5,58.3,Moderate
EMP_05594,Sales,Supportive,4.58,3.75,3.24,3.92,3.28,5,10.1,48.0,Moderate
EMP_05595,Engineering,Supportive,4.01,4.02,2.9,3.73,1.95,1,1.1,51.9,Moderate
EMP_05596,Engineering,Supportive,4.05,4.05,3.17,3.34,3.63,3,0.5,46.8,Moderate
EMP_05597,Sales,Democratic,3.58,3.18,3.63,3.85,3.64,5,10.7,33.2,Low
EMP_05598,Marketing,Supportive,4.39,3.96,3.2,4.41,1.26,3,1.8,58.7,Moderate
EMP_05599,Engineering,Supportive,4.04,4.44,2.33,4.13,2.54,5,1.1,69.5,Moderate
EMP_05600,HR,Supportive,3.04,4.46,3.58,3.58,3.09,2,2.1,44.3,Low
EMP_05601,Data Science,Democratic,1.9,3.43,4.05,3.81,3.91,2,4.6,33.9,Low
EMP_05602,HR,Democratic,2.94,3.56,2.77,3.78,2.3,3,0.7,49.9,Moderate
EMP_05603,HR,Supportive,3.97,4.11,4.13,4.67,1.88,5,0.5,56.6,Moderate
EMP_05604,Sales,Supportive,3.65,3.57,3.01,3.57,3.75,3,0.6,46.1,Moderate
EMP_05605,Engineering,Supportive,3.33,4.33,3.65,3.08,2.33,1,0.6,69.0,Moderate
EMP_05606,Engineering,Supportive,4.44,3.81,2.79,4.32,3.23,3,1.3,51.6,Moderate
EMP_05607,Marketing,Supportive,3.88,3.9,3.38,2.77,2.92,3,0.5,49.7,Moderate
EMP_05608,Sales,Autocratic/Micromanagement,3.28,3.82,1.93,3.25,1.0,4,8.6,28.2,Low
EMP_05609,Sales,Autocratic/Micromanagement,3.84,3.48,4.5,4.0,1.02,3,0.8,65.3,Moderate
EMP_05610,Marketing,Autocratic/Micromanagement,2.81,3.73,3.77,3.74,3.35,5,4.4,33.5,Low
EMP_05611,HR,Democratic,3.91,4.54,3.66,2.74,2.36,3,5.3,45.7,Moderate
EMP_05612,Engineering,Supportive,3.96,3.75,2.96,4.19,1.84,2,3.4,50.1,Moderate
EMP_05613,Engineering,Democratic,3.52,2.92,3.62,2.81,1.42,4,1.6,42.6,Low
EMP_05614,Sales,Supportive,2.54,4.32,1.75,3.85,3.22,3,2.4,32.6,Low
EMP_05615,HR,Supportive,4.32,3.7,2.13,3.51,2.93,4,1.0,53.8,Moderate
EMP_05616,Engineering,Democratic,3.09,4.2,3.93,3.04,3.44,4,4.4,52.3,Moderate
EMP_05617,Product Management,Supportive,3.1,4.19,2.55,3.71,1.85,4,8.9,53.1,Moderate
EMP_05618,Data Science,Supportive,3.39,4.61,3.04,4.76,2.99,2,2.7,65.9,Moderate
EMP_05619,Engineering,Democratic,3.1,3.35,3.85,4.54,3.54,3,3.4,37.5,Low
EMP_05620,Marketing,Autocratic/Micromanagement,3.84,4.32,4.4,2.41,2.64,5,7.0,39.1,Low
EMP_05621,Engineering,Supportive,4.01,3.3,3.09,3.85,2.94,4,0.5,39.2,Low
EMP_05622,Product Management,Democratic,3.37,4.49,3.78,4.26,2.53,4,1.3,47.2,Moderate
EMP_05623,HR,Supportive,4.07,3.45,3.41,3.9,2.85,4,3.6,40.3,Low
EMP_05624,Sales,Autocratic/Micromanagement,3.48,4.05,1.96,2.96,2.86,4,17.1,22.9,Low
EMP_05625,Engineering,Autocratic/Micromanagement,3.39,4.41,4.38,3.14,1.53,3,0.5,56.7,Moderate
EMP_05626,Engineering,Autocratic/Micromanagement,3.08,3.87,3.5,3.24,1.15,5,0.5,55.4,Moderate
EMP_05627,Product Management,Democratic,3.61,3.48,3.61,3.5,3.75,5,1.2,38.2,Low
EMP_05628,Data Science,Supportive,4.44,4.93,2.89,3.05,2.6,4,6.6,66.6,Moderate
EMP_05629,Sales,Democratic,3.64,3.78,3.47,4.04,3.46,4,10.2,36.0,Low
EMP_05630,Marketing,Autocratic/Micromanagement,3.23,4.64,2.52,4.24,1.09,5,15.8,41.6,Low
EMP_05631,HR,Autocratic/Micromanagement,3.48,3.25,3.61,4.03,2.81,3,2.3,41.2,Low
EMP_05632,Engineering,Democratic,4.07,4.37,2.94,3.02,2.14,4,0.5,62.6,Moderate
EMP_05633,Sales,Supportive,3.33,4.1,2.72,4.58,1.64,4,3.6,58.6,Moderate
EMP_05634,Sales,Autocratic/Micromanagement,3.7,3.22,3.27,2.93,3.16,4,2.2,33.5,Low
EMP_05635,Product Management,Supportive,2.37,4.27,2.23,3.24,3.44,1,4.6,38.6,Low
EMP_05636,Engineering,Supportive,4.16,3.82,4.1,2.87,2.3,5,2.2,58.7,Moderate
EMP_05637,Engineering,Autocratic/Micromanagement,4.67,4.5,3.71,2.7,1.0,4,0.5,48.1,Moderate
EMP_05638,Sales,Democratic,3.12,4.6,2.8,3.78,2.82,1,1.4,38.4,Low
EMP_05639,Sales,Supportive,2.49,3.69,2.69,3.62,3.86,4,2.3,41.7,Low
EMP_05640,Engineering,Supportive,3.3,3.15,3.5,4.26,2.48,4,0.8,45.5,Moderate
EMP_05641,Marketing,Supportive,2.99,3.71,4.08,3.83,1.95,1,3.2,52.4,Moderate
EMP_05642,Engineering,Democratic,3.64,3.87,3.23,3.86,3.36,5,4.5,33.7,Low
EMP_05643,Sales,Supportive,4.53,3.53,2.73,3.95,1.68,5,2.0,50.0,Moderate
EMP_05644,Engineering,Autocratic/Micromanagement,4.09,3.57,2.65,4.06,2.53,4,1.5,22.7,Low
EMP_05645,Product Management,Democratic,3.37,4.15,4.07,3.88,2.29,5,3.0,45.6,Moderate
EMP_05646,Engineering,Democratic,4.06,4.66,2.67,2.63,3.04,2,0.5,62.5,Moderate
EMP_05647,Engineering,Democratic,3.09,3.88,3.38,2.84,2.23,2,0.5,38.6,Low
EMP_05648,Sales,Autocratic/Micromanagement,4.02,4.05,3.25,3.36,2.56,4,0.5,29.1,Low
EMP_05649,Data Science,Democratic,3.7,4.39,3.37,3.55,2.72,4,9.4,59.3,Moderate
EMP_05650,Data Science,Supportive,3.74,3.89,4.05,4.36,2.07,4,1.6,53.9,Moderate
EMP_05651,Marketing,Supportive,3.28,4.1,4.13,2.38,3.19,2,0.5,47.1,Moderate
EMP_05652,Engineering,Supportive,3.76,3.75,2.61,3.6,2.11,5,2.2,55.8,Moderate
EMP_05653,Data Science,Autocratic/Micromanagement,3.48,4.25,2.09,2.22,1.01,5,6.5,65.4,Moderate
EMP_05654,Marketing,Autocratic/Micromanagement,3.09,4.63,4.03,3.11,3.04,4,3.0,46.2,Moderate
EMP_05655,Sales,Democratic,4.0,3.51,2.47,3.8,1.93,4,8.2,28.2,Low
EMP_05656,Data Science,Democratic,2.46,3.99,2.58,3.65,3.25,5,11.3,37.8,Low
EMP_05657,Sales,Supportive,3.95,4.62,4.21,3.16,2.77,5,8.8,63.7,Moderate
EMP_05658,Engineering,Supportive,2.71,3.89,3.97,3.22,2.62,3,7.8,47.0,Moderate
EMP_05659,Marketing,Democratic,3.75,2.92,2.54,3.98,1.85,4,1.4,42.8,Low
EMP_05660,Sales,Autocratic/Micromanagement,3.45,4.24,2.71,2.23,1.52,2,8.9,49.3,Moderate
EMP_05661,Sales,Democratic,3.77,4.22,3.37,3.64,2.28,4,2.5,47.3,Moderate
EMP_05662,Marketing,Supportive,3.99,4.69,2.06,2.96,2.52,3,4.9,54.3,Moderate
EMP_05663,Marketing,Supportive,4.68,2.95,2.62,4.05,1.92,3,0.6,52.7,Moderate
EMP_05664,Sales,Democratic,3.36,3.82,3.22,2.69,3.67,3,6.4,35.2,Low
EMP_05665,Sales,Autocratic/Micromanagement,2.8,3.45,3.32,3.49,3.24,5,10.3,35.3,Low
EMP_05666,Data Science,Supportive,3.93,5.0,2.35,2.91,4.03,5,2.9,51.3,Moderate
EMP_05667,Sales,Democratic,3.14,3.42,3.33,3.42,2.84,4,2.6,43.9,Low
EMP_05668,Marketing,Democratic,3.8,3.25,2.71,3.64,3.14,4,1.7,34.7,Low
EMP_05669,Product Management,Democratic,4.2,3.79,4.7,3.35,1.0,3,1.6,51.2,Moderate
EMP_05670,Engineering,Supportive,4.01,3.3,2.48,4.51,3.72,4,1.0,45.5,Moderate
EMP_05671,Engineering,Autocratic/Micromanagement,2.93,4.13,3.94,4.38,2.26,4,0.9,50.8,Moderate
EMP_05672,Engineering,Democratic,4.34,2.91,3.27,3.67,2.37,3,7.7,35.5,Low
EMP_05673,Engineering,Supportive,3.51,3.29,2.89,3.58,2.33,4,0.9,51.1,Moderate
EMP_05674,Product Management,Supportive,4.03,3.67,2.5,3.54,2.72,5,1.8,41.9,Low
EMP_05675,Engineering,Supportive,3.35,4.07,3.2,4.58,2.3,4,2.1,55.5,Moderate
EMP_05676,Product Management,Democratic,5.0,4.13,3.83,3.41,2.66,2,0.5,44.3,Low
EMP_05677,Data Science,Supportive,2.54,4.17,3.06,3.63,2.32,2,2.3,50.8,Moderate
EMP_05678,Marketing,Supportive,3.77,4.48,3.03,3.75,3.14,2,1.8,41.2,Low
EMP_05679,Marketing,Democratic,3.44,4.62,3.04,3.52,2.47,3,2.7,44.5,Low
EMP_05680,Sales,Autocratic/Micromanagement,3.33,4.35,4.28,3.98,1.72,4,0.9,60.3,Moderate
EMP_05681,Sales,Democratic,3.95,3.12,3.04,4.56,1.98,4,1.6,46.3,Moderate
EMP_05682,Engineering,Autocratic/Micromanagement,3.47,3.92,2.78,3.49,3.23,5,5.8,39.9,Low
EMP_05683,Data Science,Democratic,3.47,2.69,1.95,4.27,3.52,2,10.2,22.2,Low
EMP_05684,HR,Supportive,3.37,3.35,3.27,2.58,2.03,4,2.5,43.4,Low
EMP_05685,Engineering,Supportive,3.71,4.55,4.85,2.83,2.78,4,1.7,65.7,Moderate
EMP_05686,Engineering,Supportive,2.68,3.86,3.63,3.57,1.37,4,6.9,60.8,Moderate
EMP_05687,Engineering,Democratic,2.65,3.75,3.78,4.09,2.77,4,1.4,45.5,Moderate
EMP_05688,Marketing,Democratic,3.4,4.02,4.13,3.49,2.93,3,0.9,36.3,Low
EMP_05689,Marketing,Supportive,3.33,4.38,2.65,3.41,3.8,3,6.0,42.2,Low
EMP_05690,Sales,Supportive,3.37,3.98,3.28,3.08,2.13,4,3.1,62.3,Moderate
EMP_05691,Data Science,Democratic,2.87,2.83,2.68,2.56,1.11,3,1.7,52.1,Moderate
EMP_05692,Engineering,Autocratic/Micromanagement,5.0,3.52,1.95,2.62,1.0,3,1.4,21.9,Low
EMP_05693,Data Science,Democratic,3.56,2.73,3.65,4.05,1.31,4,3.0,27.3,Low
EMP_05694,Product Management,Supportive,4.5,4.41,4.85,3.98,2.34,3,0.5,51.8,Moderate
EMP_05695,Marketing,Democratic,3.32,4.32,2.19,3.43,3.42,3,1.4,37.3,Low
EMP_05696,Sales,Supportive,3.88,4.07,2.99,3.99,2.34,1,0.5,51.1,Moderate
EMP_05697,Engineering,Democratic,3.84,3.16,1.37,3.68,2.98,2,1.9,34.2,Low
EMP_05698,HR,Democratic,3.45,4.69,3.29,3.59,1.58,5,2.1,48.4,Moderate
EMP_05699,HR,Democratic,3.9,3.15,3.92,3.97,2.35,1,10.2,48.0,Moderate
EMP_05700,Engineering,Democratic,4.35,2.96,2.46,3.62,1.67,3,7.7,47.9,Moderate
EMP_05701,Marketing,Supportive,2.91,4.5,3.36,3.77,2.66,4,0.5,51.3,Moderate
EMP_05702,Marketing,Supportive,4.02,2.96,4.07,3.38,1.76,5,1.9,59.2,Moderate
EMP_05703,Sales,Democratic,4.18,3.05,2.95,3.53,3.39,3,2.7,32.9,Low
EMP_05704,Engineering,Democratic,2.43,3.5,3.62,3.32,3.07,4,3.4,42.9,Low
EMP_05705,Sales,Supportive,4.15,4.58,3.51,4.39,3.28,3,0.5,52.6,Moderate
EMP_05706,Engineering,Democratic,2.79,3.68,4.35,2.83,1.01,5,1.9,60.0,Moderate
EMP_05707,Engineering,Supportive,3.94,4.13,2.78,3.47,3.13,3,1.3,50.1,Moderate
EMP_05708,Data Science,Democratic,4.29,4.06,2.91,2.68,3.57,4,0.7,33.2,Low
EMP_05709,Marketing,Supportive,4.95,3.68,1.81,3.56,2.92,3,0.5,45.7,Moderate
EMP_05710,Data Science,Supportive,4.02,4.38,1.92,2.99,3.17,4,2.1,66.1,Moderate
EMP_05711,Data Science,Democratic,2.59,3.15,3.96,3.67,2.54,1,3.7,47.0,Moderate
EMP_05712,Engineering,Supportive,4.09,3.99,2.62,4.5,2.36,4,1.6,44.0,Low
EMP_05713,Sales,Democratic,3.76,3.07,3.84,3.49,2.8,5,0.5,43.6,Low
EMP_05714,Marketing,Autocratic/Micromanagement,3.05,4.76,2.8,3.81,1.53,1,4.0,53.4,Moderate
EMP_05715,Engineering,Supportive,3.6,4.6,3.62,3.05,3.11,5,4.3,59.7,Moderate
EMP_05716,Engineering,Supportive,4.65,3.62,4.08,3.44,1.0,2,0.5,51.1,Moderate
EMP_05717,Sales,Supportive,3.68,3.87,3.27,3.55,2.78,5,0.5,54.3,Moderate
EMP_05718,Product Management,Supportive,3.4,4.39,4.26,4.04,2.49,4,0.6,54.3,Moderate
EMP_05719,Sales,Supportive,2.93,3.62,2.74,3.33,1.0,4,3.5,60.4,Moderate
EMP_05720,Data Science,Democratic,2.91,3.98,2.02,3.17,2.18,3,13.6,52.5,Moderate
EMP_05721,Marketing,Supportive,4.46,3.58,3.97,4.05,2.62,4,1.7,53.1,Moderate
EMP_05722,Sales,Democratic,3.61,3.78,2.74,3.11,3.24,5,1.6,36.0,Low
EMP_05723,Marketing,Autocratic/Micromanagement,2.58,3.94,2.61,3.04,2.18,3,0.5,32.3,Low
EMP_05724,Engineering,Democratic,4.72,3.59,2.24,4.02,1.97,4,0.5,44.6,Low
EMP_05725,Engineering,Supportive,4.39,4.11,2.73,3.76,3.31,5,3.6,43.6,Low
EMP_05726,Sales,Supportive,3.08,2.86,3.33,3.85,3.02,4,3.6,45.1,Moderate
EMP_05727,Engineering,Democratic,3.08,3.94,3.32,2.17,2.37,2,8.4,45.6,Moderate
EMP_05728,Engineering,Supportive,3.91,3.78,2.09,3.76,3.18,4,0.5,52.7,Moderate
EMP_05729,HR,Democratic,3.9,3.55,4.14,2.81,4.05,5,10.6,41.3,Low
EMP_05730,Product Management,Supportive,4.25,4.16,2.74,3.19,2.17,4,1.8,58.7,Moderate
EMP_05731,Sales,Democratic,4.0,4.39,2.04,4.1,2.73,3,0.9,27.0,Low
EMP_05732,Data Science,Autocratic/Micromanagement,4.16,4.04,2.87,4.1,3.29,1,1.2,16.8,Low
EMP_05733,Sales,Autocratic/Micromanagement,3.37,3.67,2.55,3.59,2.3,3,0.8,43.6,Low
EMP_05734,Engineering,Supportive,2.89,3.38,1.89,3.9,1.47,4,0.7,53.3,Moderate
EMP_05735,Data Science,Democratic,5.0,4.18,1.59,4.53,2.49,1,4.9,46.4,Moderate
EMP_05736,Marketing,Autocratic/Micromanagement,3.53,4.52,3.89,3.56,2.52,3,3.4,40.5,Low
EMP_05737,Engineering,Democratic,4.45,3.19,2.54,3.87,1.54,5,4.3,49.3,Moderate
EMP_05738,HR,Supportive,2.74,3.68,2.44,3.86,3.25,3,4.4,48.8,Moderate
EMP_05739,Data Science,Supportive,3.36,3.76,4.52,3.41,1.82,4,0.5,60.1,Moderate
EMP_05740,Engineering,Supportive,3.44,4.57,2.6,3.07,2.87,4,1.5,70.5,Moderate
EMP_05741,Engineering,Democratic,3.54,3.34,2.94,4.2,2.98,2,2.5,38.8,Low
EMP_05742,HR,Democratic,3.73,4.28,3.54,4.06,2.21,4,0.9,52.0,Moderate
EMP_05743,Engineering,Supportive,3.11,3.84,2.13,3.8,3.61,2,2.9,41.1,Low
EMP_05744,Product Management,Supportive,3.38,4.29,3.46,4.09,1.4,1,0.8,52.1,Moderate
EMP_05745,Product Management,Democratic,4.37,4.27,2.3,3.68,2.82,1,0.5,44.1,Low
EMP_05746,HR,Supportive,3.74,3.76,2.12,2.44,2.62,2,0.5,59.0,Moderate
EMP_05747,Data Science,Autocratic/Micromanagement,2.68,4.12,3.24,3.74,1.96,3,14.7,51.5,Moderate
EMP_05748,Sales,Autocratic/Micromanagement,3.25,4.29,3.44,2.75,3.23,3,2.2,39.4,Low
EMP_05749,Sales,Supportive,4.54,4.15,3.01,4.17,3.34,5,5.0,42.2,Low
EMP_05750,Product Management,Democratic,3.17,3.89,2.33,2.97,1.38,3,9.9,52.2,Moderate
EMP_05751,Product Management,Autocratic/Micromanagement,4.25,4.65,2.3,3.13,2.26,4,0.5,25.9,Low
EMP_05752,Marketing,Democratic,3.67,4.16,2.82,4.15,3.03,5,1.3,46.5,Moderate
EMP_05753,Data Science,Supportive,3.29,4.16,2.81,3.38,2.48,4,2.0,54.8,Moderate
EMP_05754,Engineering,Democratic,3.91,4.6,2.98,3.79,3.57,5,0.8,53.1,Moderate
EMP_05755,HR,Autocratic/Micromanagement,3.59,3.16,3.04,3.84,1.93,4,4.6,47.9,Moderate
EMP_05756,Engineering,Democratic,4.11,3.85,2.4,4.25,3.35,4,2.9,39.5,Low
EMP_05757,Marketing,Supportive,4.66,3.82,4.01,3.75,2.92,3,2.3,40.7,Low
EMP_05758,HR,Supportive,2.65,3.66,3.05,3.06,2.04,5,3.1,47.5,Moderate
EMP_05759,HR,Democratic,3.2,3.92,3.47,4.29,1.33,4,0.6,53.5,Moderate
EMP_05760,Product Management,Supportive,3.93,3.54,3.7,2.75,2.7,5,2.0,50.4,Moderate
EMP_05761,Data Science,Democratic,3.42,3.77,2.03,3.61,2.29,5,1.8,37.6,Low
EMP_05762,Sales,Supportive,3.49,4.1,3.57,4.75,2.21,3,0.5,46.5,Moderate
EMP_05763,Sales,Democratic,3.57,3.97,2.88,3.47,2.92,1,1.5,41.6,Low
EMP_05764,Sales,Supportive,4.0,3.53,2.68,3.59,2.32,5,2.6,56.5,Moderate
EMP_05765,Engineering,Supportive,3.2,3.45,4.45,3.5,3.52,5,12.8,49.9,Moderate
EMP_05766,Engineering,Democratic,3.35,3.86,3.54,4.42,1.8,3,2.7,47.0,Moderate
EMP_05767,Data Science,Democratic,4.19,4.69,4.72,4.35,2.44,3,4.0,61.7,Moderate
EMP_05768,HR,Autocratic/Micromanagement,2.98,4.69,3.04,4.13,2.37,2,4.4,44.9,Low
EMP_05769,HR,Autocratic/Micromanagement,2.92,3.66,2.44,3.46,3.34,3,2.4,39.8,Low
EMP_05770,Engineering,Supportive,4.18,3.07,2.44,2.98,1.22,4,7.3,55.8,Moderate
EMP_05771,Marketing,Autocratic/Micromanagement,3.44,3.39,2.69,4.06,1.93,4,2.6,49.4,Moderate
EMP_05772,Sales,Supportive,3.41,3.77,4.52,3.13,1.59,2,6.3,66.1,Moderate
EMP_05773,Sales,Autocratic/Micromanagement,4.12,5.0,2.75,4.14,2.34,4,2.1,30.1,Low
EMP_05774,Sales,Democratic,3.11,4.59,3.15,3.73,2.32,2,12.3,44.2,Low
EMP_05775,Engineering,Supportive,4.47,4.18,2.91,3.27,3.34,2,9.0,49.8,Moderate
EMP_05776,Data Science,Supportive,4.71,3.62,3.91,5.0,2.85,3,1.4,54.4,Moderate
EMP_05777,Data Science,Supportive,3.25,4.01,3.34,3.12,2.69,2,0.5,42.9,Low
EMP_05778,HR,Autocratic/Micromanagement,2.91,2.81,3.27,2.94,2.41,3,4.5,37.5,Low
EMP_05779,Engineering,Democratic,3.2,4.52,3.96,2.25,1.35,1,12.7,69.1,Moderate
EMP_05780,Marketing,Supportive,3.49,4.14,2.69,4.16,2.7,3,4.2,50.5,Moderate
EMP_05781,Marketing,Autocratic/Micromanagement,4.14,5.0,3.69,3.74,2.91,3,2.2,22.5,Low
EMP_05782,Marketing,Supportive,3.18,4.62,2.23,4.05,3.3,4,5.2,49.2,Moderate
EMP_05783,Product Management,Supportive,2.64,3.47,2.23,4.94,3.87,4,4.6,43.6,Low
EMP_05784,Engineering,Supportive,4.16,3.78,2.47,3.0,2.15,4,1.3,44.6,Low
EMP_05785,Engineering,Autocratic/Micromanagement,4.25,4.09,2.97,4.13,3.74,5,9.4,14.5,Low
EMP_05786,Sales,Supportive,2.98,4.7,4.19,3.79,3.2,4,0.5,62.5,Moderate
EMP_05787,Marketing,Supportive,3.87,3.66,3.21,3.01,2.21,5,4.5,55.1,Moderate
EMP_05788,Marketing,Supportive,3.59,4.0,3.98,4.53,2.9,4,1.8,46.8,Moderate
EMP_05789,Engineering,Supportive,3.82,4.05,4.25,4.08,3.79,3,6.3,57.2,Moderate
EMP_05790,Engineering,Supportive,4.13,3.86,2.83,3.73,2.6,4,0.8,50.4,Moderate
EMP_05791,Engineering,Supportive,4.63,4.41,3.74,3.46,2.39,5,1.6,66.6,Moderate
EMP_05792,Marketing,Supportive,3.37,4.59,2.28,3.84,2.37,4,0.5,48.1,Moderate
EMP_05793,Data Science,Autocratic/Micromanagement,4.59,4.59,4.84,4.36,1.66,3,5.8,47.4,Moderate
EMP_05794,Product Management,Supportive,4.08,3.83,3.51,4.84,2.81,5,1.1,49.8,Moderate
EMP_05795,Engineering,Supportive,4.47,4.04,2.83,3.04,1.12,4,4.8,54.2,Moderate
EMP_05796,HR,Democratic,4.89,3.85,3.62,4.34,3.35,2,7.0,38.5,Low
EMP_05797,Data Science,Supportive,4.39,4.03,4.14,1.75,3.19,3,5.6,48.1,Moderate
EMP_05798,Data Science,Democratic,3.11,3.89,3.43,4.95,3.75,2,4.0,36.4,Low
EMP_05799,HR,Democratic,3.2,3.34,3.85,3.03,3.44,5,4.5,32.5,Low
EMP_05800,Data Science,Supportive,3.92,4.18,2.91,4.12,1.93,1,6.5,54.2,Moderate
EMP_05801,Engineering,Democratic,3.49,3.78,4.64,3.94,2.41,3,2.1,34.6,Low
EMP_05802,Engineering,Supportive,3.56,4.2,2.86,3.37,2.93,5,0.5,51.8,Moderate
EMP_05803,Engineering,Supportive,3.74,3.25,3.38,2.84,2.7,4,0.8,47.5,Moderate
EMP_05804,Data Science,Supportive,3.51,4.08,2.07,3.16,2.77,5,9.8,47.5,Moderate
EMP_05805,Product Management,Supportive,3.5,2.65,3.4,4.59,2.44,3,5.4,44.4,Low
EMP_05806,Engineering,Democratic,2.98,3.66,1.87,3.14,2.18,4,1.9,44.8,Low
EMP_05807,Product Management,Supportive,3.98,4.36,3.39,4.19,2.02,4,0.5,53.6,Moderate
EMP_05808,Data Science,Autocratic/Micromanagement,2.65,4.55,2.29,3.76,1.32,2,18.3,68.3,Moderate
EMP_05809,Product Management,Supportive,2.77,3.82,1.88,2.96,3.51,4,1.3,51.3,Moderate
EMP_05810,Data Science,Democratic,2.91,3.57,3.56,2.86,1.3,4,9.2,48.8,Moderate
EMP_05811,HR,Supportive,4.44,4.28,3.7,2.38,2.29,5,2.9,54.8,Moderate
EMP_05812,Engineering,Democratic,3.4,4.27,4.03,3.5,3.6,2,2.7,44.4,Low
EMP_05813,Sales,Democratic,3.58,3.64,3.51,3.88,2.39,4,3.2,43.1,Low
EMP_05814,Engineering,Democratic,4.53,4.47,2.57,3.68,3.03,4,2.7,50.6,Moderate
EMP_05815,Engineering,Supportive,4.18,4.32,3.55,5.0,2.04,3,0.5,76.7,High
EMP_05816,Sales,Autocratic/Micromanagement,2.92,3.46,3.0,2.85,3.29,4,1.5,42.3,Low
EMP_05817,Product Management,Autocratic/Micromanagement,3.79,3.42,4.17,2.95,3.77,3,0.5,30.9,Low
EMP_05818,Engineering,Autocratic/Micromanagement,3.89,3.16,3.07,2.62,2.31,2,2.3,49.0,Moderate
EMP_05819,Engineering,Democratic,3.66,4.01,3.84,3.51,3.74,3,0.7,36.2,Low
EMP_05820,Marketing,Autocratic/Micromanagement,4.29,3.28,2.48,4.0,2.7,1,3.7,17.3,Low
EMP_05821,Data Science,Democratic,4.67,3.48,3.85,3.52,4.17,3,7.5,24.9,Low
EMP_05822,Sales,Supportive,3.53,3.47,3.24,3.6,2.16,2,5.0,61.9,Moderate
EMP_05823,Engineering,Supportive,3.79,4.75,4.36,4.33,2.21,3,0.7,63.9,Moderate
EMP_05824,Marketing,Supportive,3.84,4.28,3.46,2.82,1.54,2,2.7,50.7,Moderate
EMP_05825,Data Science,Supportive,3.27,4.24,3.38,3.82,1.95,4,6.0,70.9,Moderate
EMP_05826,Sales,Autocratic/Micromanagement,4.69,4.62,3.17,4.52,2.53,5,0.5,22.6,Low
EMP_05827,Sales,Democratic,3.38,4.05,3.42,3.98,3.43,4,1.9,30.4,Low
EMP_05828,Engineering,Supportive,3.93,4.82,3.24,3.59,2.53,5,5.7,64.7,Moderate
EMP_05829,Engineering,Democratic,4.35,4.28,2.3,3.01,2.96,2,3.4,58.8,Moderate
EMP_05830,Marketing,Democratic,3.47,4.31,2.71,3.25,3.49,2,6.4,47.3,Moderate
EMP_05831,Product Management,Democratic,3.06,3.89,3.0,3.96,2.93,4,3.6,35.5,Low
EMP_05832,Data Science,Democratic,3.31,4.26,2.96,3.98,2.75,2,0.5,55.2,Moderate
EMP_05833,Marketing,Supportive,4.25,3.58,2.6,3.78,1.89,3,0.5,47.4,Moderate
EMP_05834,Marketing,Democratic,3.63,3.81,3.42,3.84,1.0,2,7.6,46.2,Moderate
EMP_05835,Marketing,Democratic,3.78,3.86,3.12,3.37,3.6,2,0.5,40.3,Low
EMP_05836,Engineering,Democratic,3.3,4.16,2.33,4.17,1.63,4,2.2,48.9,Moderate
EMP_05837,HR,Autocratic/Micromanagement,3.87,3.95,2.31,2.99,2.41,1,5.0,43.1,Low
EMP_05838,Engineering,Supportive,2.77,4.2,4.6,4.0,2.98,4,9.6,67.9,Moderate
EMP_05839,HR,Democratic,3.79,3.83,3.66,3.79,2.08,4,0.5,39.8,Low
EMP_05840,Sales,Autocratic/Micromanagement,3.18,3.17,3.84,3.05,2.08,1,0.5,47.5,Moderate
EMP_05841,Engineering,Democratic,3.63,3.76,3.83,4.15,1.26,5,9.9,46.5,Moderate
EMP_05842,Data Science,Democratic,3.88,3.43,3.6,4.24,3.18,3,2.1,46.5,Moderate
EMP_05843,Sales,Supportive,3.85,3.57,3.06,2.91,2.87,5,9.3,50.5,Moderate
EMP_05844,Sales,Democratic,4.6,3.44,3.07,3.32,3.26,5,0.5,50.2,Moderate
EMP_05845,Sales,Autocratic/Micromanagement,3.57,3.21,2.85,3.59,1.79,3,3.1,52.4,Moderate
EMP_05846,Product Management,Autocratic/Micromanagement,3.69,4.37,2.43,4.35,2.18,5,0.8,46.8,Moderate
EMP_05847,Marketing,Democratic,3.37,3.87,3.93,3.75,2.63,2,0.5,47.4,Moderate
EMP_05848,Engineering,Autocratic/Micromanagement,4.55,3.49,3.69,4.44,2.71,1,6.5,25.0,Low
EMP_05849,Engineering,Autocratic/Micromanagement,3.36,3.85,2.99,3.43,4.38,1,9.5,38.4,Low
EMP_05850,Data Science,Democratic,4.23,3.85,1.78,2.94,2.7,2,5.7,37.6,Low
EMP_05851,Marketing,Democratic,3.79,3.63,3.99,3.02,1.85,4,6.7,39.2,Low
EMP_05852,Product Management,Supportive,3.02,4.72,3.72,2.94,2.45,4,1.2,53.5,Moderate
EMP_05853,Sales,Supportive,3.05,3.68,3.75,2.61,1.83,2,1.2,55.2,Moderate
EMP_05854,Sales,Democratic,3.07,4.17,2.8,4.17,3.03,4,3.3,43.4,Low
EMP_05855,Engineering,Supportive,4.3,4.22,2.85,3.11,1.0,1,11.0,71.6,Moderate
EMP_05856,Engineering,Autocratic/Micromanagement,4.12,2.36,2.94,4.47,1.04,3,3.9,9.5,Low
EMP_05857,Engineering,Democratic,3.67,3.38,2.49,3.43,2.22,2,1.9,46.5,Moderate
EMP_05858,Marketing,Supportive,3.63,2.92,3.64,3.15,2.44,5,1.6,53.8,Moderate
EMP_05859,HR,Autocratic/Micromanagement,2.95,3.54,3.62,2.74,1.0,4,10.0,53.0,Moderate
EMP_05860,Sales,Supportive,2.54,3.8,3.85,4.44,1.77,3,1.8,55.2,Moderate
EMP_05861,Sales,Democratic,3.58,4.13,4.07,3.15,3.24,4,2.2,50.8,Moderate
EMP_05862,Marketing,Democratic,3.41,3.73,2.53,3.07,4.09,4,2.5,32.0,Low
EMP_05863,Engineering,Democratic,2.76,4.12,2.44,3.73,1.66,5,0.5,47.0,Moderate
EMP_05864,Marketing,Democratic,3.85,3.59,3.37,3.78,3.25,3,0.5,39.1,Low
EMP_05865,Product Management,Democratic,4.33,4.1,2.19,2.83,2.03,4,4.6,34.6,Low
EMP_05866,Marketing,Autocratic/Micromanagement,3.14,4.44,3.12,3.83,3.51,2,2.7,41.6,Low
EMP_05867,Data Science,Supportive,2.91,3.61,2.68,3.62,1.16,5,1.5,50.9,Moderate
EMP_05868,Engineering,Democratic,3.44,2.77,3.68,3.9,1.93,4,11.4,24.4,Low
EMP_05869,Engineering,Supportive,3.59,3.81,3.66,3.18,2.98,4,0.8,46.0,Moderate
EMP_05870,Sales,Democratic,3.39,3.93,1.87,4.53,1.23,1,1.8,32.9,Low
EMP_05871,Data Science,Democratic,3.81,4.46,2.17,1.82,1.37,4,4.4,70.7,Moderate
EMP_05872,Product Management,Democratic,3.28,3.11,4.26,3.27,3.53,1,6.7,44.3,Low
EMP_05873,Marketing,Autocratic/Micromanagement,2.83,3.61,3.98,3.79,2.19,1,8.0,49.4,Moderate
EMP_05874,HR,Supportive,3.46,3.76,1.96,4.2,1.27,4,9.2,58.7,Moderate
EMP_05875,Engineering,Democratic,4.25,4.31,3.58,3.43,3.2,5,3.0,53.5,Moderate
EMP_05876,Marketing,Autocratic/Micromanagement,2.86,3.49,2.68,3.92,4.74,5,7.1,29.3,Low
EMP_05877,Engineering,Democratic,4.39,3.69,3.92,3.62,3.07,2,0.5,38.9,Low
EMP_05878,Sales,Supportive,4.24,4.56,3.96,3.97,2.78,5,2.1,54.8,Moderate
EMP_05879,Marketing,Democratic,2.6,3.6,3.23,4.07,2.16,3,1.6,45.3,Moderate
EMP_05880,Sales,Democratic,3.61,3.56,3.57,3.68,2.62,4,8.7,40.3,Low
EMP_05881,Engineering,Democratic,4.02,4.91,5.0,4.13,2.29,3,9.4,50.1,Moderate
EMP_05882,Sales,Democratic,3.44,3.82,2.36,3.16,2.61,4,2.8,23.9,Low
EMP_05883,Data Science,Democratic,3.19,3.81,2.04,3.67,2.61,4,2.2,35.0,Low
EMP_05884,Marketing,Supportive,3.08,5.0,3.42,3.64,2.35,4,6.1,65.5,Moderate
EMP_05885,Engineering,Democratic,3.22,4.2,2.87,4.76,2.28,2,8.7,63.6,Moderate
EMP_05886,Sales,Supportive,3.53,4.66,2.7,4.74,2.8,4,0.5,47.6,Moderate
EMP_05887,Sales,Supportive,3.55,4.01,4.1,3.01,1.56,2,0.5,73.2,Moderate
EMP_05888,Engineering,Democratic,3.29,3.91,1.61,3.44,2.37,1,1.6,38.5,Low
EMP_05889,Engineering,Supportive,3.88,4.82,2.28,2.77,2.17,4,2.5,65.9,Moderate
EMP_05890,Engineering,Democratic,2.96,4.29,1.65,4.05,1.92,4,2.0,62.4,Moderate
EMP_05891,Marketing,Supportive,4.11,3.84,4.03,4.01,1.43,2,2.9,59.6,Moderate
EMP_05892,Data Science,Autocratic/Micromanagement,3.87,3.69,4.07,3.36,1.73,5,3.5,49.0,Moderate
EMP_05893,Sales,Democratic,2.41,3.93,3.73,3.05,1.73,5,2.1,50.1,Moderate
EMP_05894,HR,Supportive,2.96,2.85,2.13,3.64,2.39,4,1.5,48.6,Moderate
EMP_05895,Engineering,Democratic,1.66,3.59,1.94,3.44,2.9,5,2.0,48.6,Moderate
EMP_05896,Sales,Supportive,3.82,5.0,3.16,5.0,2.18,4,1.8,51.5,Moderate
EMP_05897,Engineering,Autocratic/Micromanagement,4.31,4.34,2.9,3.44,2.9,4,3.4,37.4,Low
EMP_05898,Marketing,Supportive,4.27,3.73,3.06,3.68,3.91,4,0.5,38.2,Low
EMP_05899,Sales,Supportive,4.23,4.26,2.64,3.56,2.77,4,12.2,46.7,Moderate
EMP_05900,Sales,Democratic,3.93,4.61,2.78,3.59,1.9,4,0.8,50.7,Moderate
EMP_05901,Sales,Supportive,3.48,3.99,3.94,3.55,1.63,3,9.1,53.0,Moderate
EMP_05902,Marketing,Supportive,3.44,3.26,2.72,3.54,3.3,4,0.5,46.7,Moderate
EMP_05903,Sales,Democratic,3.28,3.75,3.06,3.51,2.68,2,2.6,41.9,Low
EMP_05904,Marketing,Democratic,3.93,3.91,3.96,2.83,2.04,3,2.4,51.1,Moderate
EMP_05905,Sales,Supportive,4.63,3.52,2.32,3.93,1.78,5,0.8,40.4,Low
EMP_05906,Sales,Supportive,3.88,2.94,3.15,2.7,2.07,5,3.6,53.7,Moderate
EMP_05907,Engineering,Autocratic/Micromanagement,4.12,3.86,2.8,3.62,2.78,1,0.5,26.1,Low
EMP_05908,Product Management,Supportive,4.68,2.49,3.75,4.65,2.81,5,1.9,47.6,Moderate
EMP_05909,Product Management,Supportive,3.91,4.3,3.1,4.99,3.05,1,5.4,41.3,Low
EMP_05910,Engineering,Democratic,4.27,4.53,2.83,3.49,1.56,3,2.6,70.8,Moderate
EMP_05911,Marketing,Democratic,3.61,3.84,2.98,4.4,2.01,3,8.1,48.4,Moderate
EMP_05912,Engineering,Democratic,4.1,3.81,3.79,2.86,1.79,4,1.2,38.9,Low
EMP_05913,HR,Democratic,3.5,3.52,3.43,4.19,2.99,3,3.1,40.8,Low
EMP_05914,Engineering,Autocratic/Micromanagement,3.31,3.92,3.28,3.1,1.37,1,2.2,40.0,Low
EMP_05915,Product Management,Autocratic/Micromanagement,3.56,3.9,2.61,4.0,3.27,5,17.1,39.7,Low
EMP_05916,Engineering,Democratic,3.05,3.84,3.47,3.19,2.98,5,0.5,41.2,Low
EMP_05917,Data Science,Supportive,4.26,3.39,2.87,3.09,2.99,1,1.0,46.0,Moderate
EMP_05918,Engineering,Autocratic/Micromanagement,3.08,3.78,2.91,3.36,2.84,4,4.1,36.3,Low
EMP_05919,Sales,Supportive,3.25,4.03,3.26,3.93,2.59,4,9.4,54.2,Moderate
EMP_05920,Marketing,Democratic,3.73,3.91,2.91,3.07,2.06,3,2.9,41.6,Low
EMP_05921,Engineering,Supportive,4.39,4.61,3.11,4.59,2.72,2,1.7,72.6,Moderate
EMP_05922,Product Management,Democratic,3.19,3.46,3.51,3.82,2.92,3,6.0,31.2,Low
EMP_05923,Data Science,Democratic,3.7,4.18,3.99,1.44,2.89,5,1.7,46.0,Moderate
EMP_05924,Engineering,Democratic,3.2,3.15,3.46,3.28,2.5,4,3.2,41.4,Low
EMP_05925,HR,Supportive,3.54,4.43,2.22,3.16,3.09,5,6.4,52.8,Moderate
EMP_05926,Engineering,Supportive,4.65,3.61,1.9,2.41,2.16,2,6.8,60.6,Moderate
EMP_05927,HR,Democratic,4.04,4.9,2.24,3.83,2.27,3,2.4,45.3,Moderate
EMP_05928,Marketing,Autocratic/Micromanagement,3.21,3.26,3.34,4.18,2.06,4,0.7,46.5,Moderate
EMP_05929,Sales,Supportive,3.95,4.1,3.72,2.97,3.71,3,3.0,48.7,Moderate
EMP_05930,Marketing,Democratic,2.62,3.83,2.69,3.61,2.77,4,6.8,43.3,Low
EMP_05931,Engineering,Democratic,4.19,3.8,2.63,2.9,2.91,5,2.4,34.4,Low
EMP_05932,Product Management,Supportive,4.44,4.6,4.05,3.88,2.0,4,2.8,44.8,Low
EMP_05933,Marketing,Autocratic/Micromanagement,4.24,3.9,4.33,3.43,2.35,3,6.5,26.7,Low
EMP_05934,Engineering,Autocratic/Micromanagement,4.16,3.21,3.41,3.99,3.16,3,6.7,25.2,Low
EMP_05935,Product Management,Autocratic/Micromanagement,3.6,3.89,3.05,2.81,3.08,4,1.6,42.6,Low
EMP_05936,Data Science,Supportive,2.96,2.71,3.3,3.74,3.72,4,2.5,27.9,Low
EMP_05937,HR,Democratic,4.04,4.54,2.55,3.5,2.7,3,1.2,43.9,Low
EMP_05938,Sales,Supportive,3.47,3.63,3.75,4.23,2.38,4,4.3,47.7,Moderate
EMP_05939,Sales,Democratic,4.31,3.97,2.76,4.1,1.0,4,13.9,50.5,Moderate
EMP_05940,Engineering,Autocratic/Micromanagement,3.86,4.62,3.04,3.61,1.82,5,0.5,65.1,Moderate
EMP_05941,Product Management,Supportive,3.14,4.19,3.81,4.96,4.2,3,11.5,41.0,Low
EMP_05942,Sales,Supportive,4.58,3.73,1.98,4.19,2.38,2,10.6,39.7,Low
EMP_05943,Sales,Democratic,2.97,3.45,3.22,3.62,2.51,1,0.8,43.1,Low
EMP_05944,Engineering,Supportive,2.98,3.88,2.23,3.56,3.42,4,0.8,49.6,Moderate
EMP_05945,Data Science,Supportive,2.48,3.7,4.31,2.89,2.75,1,6.4,44.7,Low
EMP_05946,Marketing,Supportive,3.94,2.78,3.45,5.0,2.77,3,2.8,48.7,Moderate
EMP_05947,Engineering,Democratic,3.4,3.81,3.97,3.42,2.96,4,2.1,48.9,Moderate
EMP_05948,Sales,Supportive,4.53,3.79,3.31,3.17,3.51,4,1.7,46.2,Moderate
EMP_05949,Engineering,Supportive,3.04,3.77,3.04,3.49,2.71,4,2.3,50.8,Moderate
EMP_05950,Product Management,Autocratic/Micromanagement,3.58,4.38,3.04,3.62,2.69,4,2.9,40.9,Low
EMP_05951,Engineering,Autocratic/Micromanagement,3.73,2.75,3.33,3.18,2.05,4,4.2,35.9,Low
EMP_05952,Marketing,Democratic,3.81,4.63,2.84,3.91,3.6,2,2.4,35.0,Low
EMP_05953,Sales,Supportive,3.96,3.85,3.92,3.1,2.13,4,0.5,52.4,Moderate
EMP_05954,Data Science,Democratic,3.54,3.94,2.35,3.59,3.1,5,3.4,41.6,Low
EMP_05955,Engineering,Democratic,2.95,3.77,3.64,4.01,2.61,4,5.0,40.2,Low
EMP_05956,Data Science,Democratic,5.0,3.62,2.98,2.32,1.69,5,1.3,48.8,Moderate
EMP_05957,Data Science,Democratic,2.84,3.41,1.56,3.19,2.3,1,1.1,38.8,Low
EMP_05958,Sales,Supportive,3.39,4.67,3.62,2.97,3.33,4,3.6,49.9,Moderate
EMP_05959,Marketing,Democratic,3.12,4.03,3.72,2.82,2.55,4,0.5,39.8,Low
EMP_05960,Sales,Supportive,3.55,3.67,5.0,3.82,2.19,2,0.5,65.6,Moderate
EMP_05961,Engineering,Supportive,3.52,4.29,2.79,3.42,3.43,3,5.5,61.2,Moderate
EMP_05962,Marketing,Supportive,3.88,3.68,2.88,4.4,4.15,4,0.5,34.6,Low
EMP_05963,Engineering,Supportive,3.21,3.37,3.65,2.54,2.7,3,9.3,42.7,Low
EMP_05964,Data Science,Supportive,3.47,4.59,1.74,4.45,2.85,3,13.4,65.0,Moderate
EMP_05965,Data Science,Autocratic/Micromanagement,3.93,3.55,2.69,4.52,2.85,5,1.4,37.4,Low
EMP_05966,Marketing,Democratic,3.83,3.25,3.87,3.87,2.83,4,8.3,45.6,Moderate
EMP_05967,Product Management,Supportive,3.75,3.92,2.34,3.88,3.03,3,3.7,47.5,Moderate
EMP_05968,Data Science,Autocratic/Micromanagement,4.47,4.41,3.28,3.83,2.63,4,10.7,39.7,Low
EMP_05969,HR,Democratic,3.89,4.02,3.48,3.59,3.59,2,0.9,32.8,Low
EMP_05970,Engineering,Democratic,3.77,4.06,3.76,3.08,3.16,5,2.0,45.1,Moderate
EMP_05971,Sales,Autocratic/Micromanagement,3.63,4.31,2.02,4.92,3.25,5,0.5,19.0,Low
EMP_05972,Sales,Supportive,2.06,3.5,2.69,3.15,1.94,3,0.8,64.9,Moderate
EMP_05973,Sales,Supportive,3.39,4.32,2.75,2.68,3.92,2,3.0,45.8,Moderate
EMP_05974,Data Science,Democratic,5.0,3.66,2.69,2.55,2.94,5,6.8,32.3,Low
EMP_05975,Sales,Supportive,3.7,4.34,2.47,3.21,2.26,2,3.8,33.6,Low
EMP_05976,Sales,Autocratic/Micromanagement,4.16,3.8,2.63,3.19,3.11,1,2.9,19.7,Low
EMP_05977,HR,Democratic,3.73,3.63,3.38,2.78,2.78,1,7.9,48.0,Moderate
EMP_05978,Engineering,Democratic,4.2,4.22,2.44,3.09,1.17,4,0.5,65.8,Moderate
EMP_05979,Product Management,Supportive,4.1,3.18,1.99,4.64,2.33,5,3.1,43.7,Low
EMP_05980,Engineering,Supportive,3.15,4.61,2.13,4.47,3.64,5,7.3,61.5,Moderate
EMP_05981,Data Science,Autocratic/Micromanagement,4.57,4.24,4.12,3.43,2.3,5,6.5,41.3,Low
EMP_05982,Engineering,Democratic,4.04,3.99,2.85,3.1,1.9,5,2.8,46.1,Moderate
EMP_05983,HR,Democratic,4.01,3.9,3.45,4.37,3.39,1,15.4,35.4,Low
EMP_05984,Data Science,Democratic,4.18,3.52,2.12,3.15,1.63,1,3.8,46.0,Moderate
EMP_05985,HR,Democratic,2.94,3.84,3.06,3.03,2.81,5,0.5,43.1,Low
EMP_05986,Data Science,Supportive,3.98,3.59,3.29,3.12,1.91,5,8.7,48.0,Moderate
EMP_05987,Sales,Democratic,2.81,3.77,2.9,3.64,1.71,3,2.3,46.1,Moderate
EMP_05988,Data Science,Supportive,4.11,4.14,1.89,2.93,3.05,3,6.8,41.9,Low
EMP_05989,Engineering,Democratic,3.27,3.23,2.22,3.39,1.85,4,2.5,52.9,Moderate
EMP_05990,Sales,Democratic,3.65,3.7,3.08,2.77,1.9,3,2.2,54.8,Moderate
EMP_05991,Engineering,Autocratic/Micromanagement,4.35,4.0,3.11,3.83,1.47,5,3.8,34.8,Low
EMP_05992,Engineering,Autocratic/Micromanagement,3.08,4.34,2.29,2.97,3.32,3,4.4,58.4,Moderate
EMP_05993,Data Science,Democratic,3.51,4.19,3.11,3.5,2.57,3,8.1,45.0,Moderate
EMP_05994,Engineering,Autocratic/Micromanagement,2.87,3.67,1.98,3.27,3.16,5,3.6,34.4,Low
EMP_05995,Sales,Democratic,4.64,3.4,2.48,3.93,2.64,5,3.4,24.0,Low
EMP_05996,Sales,Supportive,2.84,4.26,2.08,4.14,2.1,5,2.7,41.7,Low
EMP_05997,Engineering,Democratic,2.4,4.05,1.54,4.54,2.76,4,1.9,37.2,Low
EMP_05998,Data Science,Democratic,4.49,4.19,2.38,3.1,2.75,3,0.5,39.8,Low
EMP_05999,Engineering,Supportive,3.03,3.95,2.53,3.63,1.0,5,1.2,51.9,Moderate
EMP_06000,Sales,Autocratic/Micromanagement,4.19,3.14,2.58,3.07,2.57,5,3.3,24.4,Low
EMP_06001,HR,Democratic,3.72,4.51,3.18,2.95,2.48,3,0.5,34.3,Low
EMP_06002,Engineering,Supportive,3.78,3.51,3.12,2.91,1.27,4,3.6,62.7,Moderate
EMP_06003,HR,Supportive,3.24,3.48,3.19,3.95,3.95,5,2.9,49.4,Moderate
EMP_06004,Engineering,Supportive,2.52,4.23,3.87,3.82,3.24,2,0.5,62.5,Moderate
EMP_06005,Sales,Autocratic/Micromanagement,3.49,3.95,3.71,3.31,3.37,4,3.7,48.2,Moderate
EMP_06006,Product Management,Supportive,4.7,3.76,2.85,2.98,2.86,5,3.4,43.9,Low
EMP_06007,Engineering,Democratic,3.28,3.68,3.2,3.95,2.61,4,5.5,43.7,Low
EMP_06008,Product Management,Democratic,3.66,3.65,4.36,4.43,2.41,3,9.3,47.9,Moderate
EMP_06009,Product Management,Autocratic/Micromanagement,4.51,4.4,3.59,4.51,2.43,4,0.5,24.6,Low
EMP_06010,Engineering,Democratic,3.72,3.15,3.17,2.89,1.68,4,7.7,47.1,Moderate
EMP_06011,Engineering,Autocratic/Micromanagement,4.3,4.16,4.5,4.28,1.91,4,2.7,33.9,Low
EMP_06012,Engineering,Supportive,4.25,3.08,2.44,4.24,1.0,1,0.8,55.2,Moderate
EMP_06013,Sales,Democratic,3.32,4.16,2.21,3.96,3.37,3,4.5,22.6,Low
EMP_06014,Sales,Democratic,3.63,4.35,3.57,2.66,3.39,3,4.6,43.5,Low
EMP_06015,Data Science,Supportive,3.67,3.65,3.01,3.6,1.0,5,6.0,51.9,Moderate
EMP_06016,Engineering,Supportive,3.28,4.09,2.67,2.72,2.15,3,5.8,55.9,Moderate
EMP_06017,Sales,Democratic,3.93,3.65,3.21,3.19,2.78,5,3.0,45.0,Moderate
EMP_06018,Marketing,Democratic,4.32,3.85,4.04,3.97,2.23,4,2.0,41.3,Low
EMP_06019,Engineering,Autocratic/Micromanagement,3.44,3.87,3.48,4.04,2.12,5,5.2,44.8,Low
EMP_06020,Data Science,Supportive,4.46,3.77,2.94,4.68,2.53,3,8.0,58.7,Moderate
EMP_06021,Engineering,Supportive,4.58,3.35,3.99,2.98,1.9,5,2.3,45.9,Moderate
EMP_06022,Engineering,Supportive,3.84,4.04,2.87,3.09,3.12,2,4.2,52.4,Moderate
EMP_06023,Engineering,Democratic,3.91,4.08,4.43,4.21,2.32,4,2.4,56.8,Moderate
EMP_06024,Product Management,Supportive,4.28,4.17,2.79,3.06,4.1,4,0.5,45.2,Moderate
EMP_06025,Engineering,Autocratic/Micromanagement,3.35,3.96,3.68,3.72,3.41,3,3.9,40.3,Low
EMP_06026,HR,Democratic,3.92,3.58,2.99,3.14,3.99,4,3.0,33.3,Low
EMP_06027,Engineering,Democratic,4.49,4.66,2.15,4.03,3.59,4,1.8,49.6,Moderate
EMP_06028,Product Management,Democratic,4.47,4.41,2.13,5.0,2.92,4,1.1,48.6,Moderate
EMP_06029,Data Science,Supportive,3.34,3.14,2.51,2.31,2.32,3,1.5,50.5,Moderate
EMP_06030,Data Science,Democratic,3.85,3.6,3.42,3.93,3.4,5,0.5,42.4,Low
EMP_06031,Product Management,Democratic,3.67,4.99,2.58,3.34,1.8,4,8.0,43.4,Low
EMP_06032,Data Science,Supportive,3.15,4.06,2.15,3.68,2.93,5,0.7,46.0,Moderate
EMP_06033,HR,Autocratic/Micromanagement,4.37,3.81,3.74,2.77,1.93,2,0.7,26.2,Low
EMP_06034,Engineering,Supportive,3.03,3.25,2.1,3.86,2.18,4,4.3,59.2,Moderate
EMP_06035,HR,Supportive,4.15,3.62,2.34,4.0,2.72,1,1.3,50.4,Moderate
EMP_06036,Product Management,Supportive,2.82,4.08,2.28,3.09,3.35,4,4.9,51.1,Moderate
EMP_06037,Data Science,Supportive,3.91,3.86,3.74,3.9,3.62,4,1.8,48.2,Moderate
EMP_06038,Product Management,Supportive,3.24,3.65,3.96,3.73,3.51,3,3.4,45.9,Moderate
EMP_06039,HR,Democratic,4.1,4.32,3.92,3.91,2.3,3,4.9,40.3,Low
EMP_06040,Data Science,Autocratic/Micromanagement,3.96,3.36,3.68,3.14,1.3,4,3.6,48.7,Moderate
EMP_06041,Product Management,Supportive,4.15,4.16,3.31,3.44,1.95,3,6.3,40.7,Low
EMP_06042,Product Management,Democratic,3.8,3.68,4.04,2.59,2.31,1,14.8,40.1,Low
EMP_06043,Sales,Democratic,2.87,4.25,2.77,2.94,1.8,3,0.5,45.9,Moderate
EMP_06044,Product Management,Democratic,3.98,3.47,2.61,3.48,2.26,2,2.5,44.0,Low
EMP_06045,Data Science,Democratic,3.77,2.82,4.66,3.39,2.21,3,17.0,42.8,Low
EMP_06046,HR,Supportive,2.84,3.64,2.86,3.33,2.5,4,6.5,53.6,Moderate
EMP_06047,Marketing,Democratic,4.11,2.98,2.66,2.98,2.57,3,2.2,35.9,Low
EMP_06048,Data Science,Supportive,3.4,3.54,3.75,2.96,3.22,3,3.8,41.2,Low
EMP_06049,Engineering,Autocratic/Micromanagement,2.23,3.52,2.3,3.92,2.36,1,0.7,40.5,Low
EMP_06050,Data Science,Supportive,3.13,3.34,4.16,4.45,2.75,1,0.5,43.9,Low
EMP_06051,Marketing,Autocratic/Micromanagement,2.56,4.44,4.25,3.76,2.43,3,2.1,48.2,Moderate
EMP_06052,Engineering,Supportive,4.21,4.33,3.52,2.82,2.48,3,0.8,69.4,Moderate
EMP_06053,Marketing,Democratic,4.01,2.86,3.19,3.54,2.07,4,1.0,47.8,Moderate
EMP_06054,Product Management,Supportive,3.72,3.63,2.64,4.25,2.43,3,9.8,46.3,Moderate
EMP_06055,Marketing,Democratic,2.92,3.42,2.95,4.68,2.17,4,0.8,48.6,Moderate
EMP_06056,Engineering,Democratic,3.34,3.49,3.83,2.93,2.92,4,0.6,34.5,Low
EMP_06057,Data Science,Supportive,4.26,4.17,3.26,3.11,2.79,5,0.5,46.2,Moderate
EMP_06058,Engineering,Supportive,3.95,3.78,3.2,3.66,1.48,3,2.0,58.9,Moderate
EMP_06059,Sales,Supportive,3.56,3.93,2.55,3.17,3.06,3,0.5,39.2,Low
EMP_06060,Data Science,Autocratic/Micromanagement,4.41,3.07,3.43,1.76,2.73,1,1.1,21.5,Low
EMP_06061,Engineering,Supportive,1.55,3.1,2.32,2.58,2.29,5,0.5,57.2,Moderate
EMP_06062,Product Management,Supportive,3.53,4.89,3.96,4.4,2.18,2,2.5,44.6,Low
EMP_06063,Sales,Democratic,3.97,4.5,4.15,3.99,2.07,1,1.5,55.8,Moderate
EMP_06064,Product Management,Autocratic/Micromanagement,3.31,3.57,3.76,3.75,3.25,2,0.5,39.8,Low
EMP_06065,Data Science,Autocratic/Micromanagement,4.96,4.38,3.98,3.57,2.64,4,3.8,41.6,Low
EMP_06066,HR,Autocratic/Micromanagement,3.19,3.7,3.47,3.35,2.08,2,6.1,38.7,Low
EMP_06067,Engineering,Supportive,4.72,4.13,4.77,4.64,2.78,3,9.2,53.2,Moderate
EMP_06068,HR,Supportive,3.4,2.5,3.73,3.02,2.44,4,1.9,51.3,Moderate
EMP_06069,Engineering,Democratic,3.2,4.04,3.65,3.52,1.93,4,2.6,43.6,Low
EMP_06070,Sales,Supportive,2.84,3.57,2.74,3.23,2.48,3,1.5,52.4,Moderate
EMP_06071,Data Science,Supportive,4.39,3.71,3.81,3.6,2.79,3,7.4,49.8,Moderate
EMP_06072,Sales,Democratic,2.92,3.48,3.26,2.88,3.75,1,4.2,32.0,Low
EMP_06073,Product Management,Democratic,3.6,4.35,2.44,3.52,2.32,5,2.5,44.5,Low
EMP_06074,Marketing,Democratic,4.48,4.38,3.39,4.0,1.0,4,16.6,45.2,Moderate
EMP_06075,Engineering,Supportive,4.46,3.35,3.84,2.93,2.51,4,0.6,53.7,Moderate
EMP_06076,HR,Supportive,3.24,4.22,4.34,2.57,2.43,4,1.2,43.9,Low
EMP_06077,Sales,Supportive,3.76,4.15,3.3,2.6,3.87,5,2.9,39.8,Low
EMP_06078,Sales,Supportive,3.83,3.24,3.66,4.1,4.03,3,2.6,49.7,Moderate
EMP_06079,Product Management,Democratic,4.23,4.01,2.03,3.69,2.41,4,2.1,40.2,Low
EMP_06080,Marketing,Supportive,3.91,4.21,3.08,4.07,2.35,3,3.0,53.6,Moderate
EMP_06081,Sales,Democratic,3.72,4.45,2.85,3.15,1.53,3,0.8,39.6,Low
EMP_06082,Engineering,Supportive,3.83,4.56,3.37,4.4,1.7,3,5.1,75.5,High
EMP_06083,Sales,Supportive,3.22,3.2,4.85,3.45,2.78,2,4.8,67.4,Moderate
EMP_06084,Marketing,Democratic,3.37,3.11,2.66,2.73,3.01,4,2.6,38.7,Low
EMP_06085,Engineering,Autocratic/Micromanagement,3.64,4.11,3.03,2.81,2.24,1,8.4,47.1,Moderate
EMP_06086,Data Science,Autocratic/Micromanagement,3.61,3.92,3.5,4.79,2.6,5,0.5,45.4,Moderate
EMP_06087,Sales,Supportive,4.66,3.57,2.96,3.9,2.73,2,1.1,46.6,Moderate
EMP_06088,Marketing,Supportive,3.5,3.61,2.74,3.28,1.95,5,0.5,53.8,Moderate
EMP_06089,Engineering,Autocratic/Micromanagement,3.84,2.92,1.97,4.54,3.5,5,6.7,34.3,Low
EMP_06090,HR,Supportive,2.98,3.81,3.13,3.29,2.0,3,3.0,48.1,Moderate
EMP_06091,Engineering,Democratic,3.88,3.8,2.14,2.92,2.71,4,5.5,48.4,Moderate
EMP_06092,Engineering,Supportive,4.15,3.92,1.35,3.67,2.93,1,9.1,47.8,Moderate
EMP_06093,Engineering,Supportive,3.13,4.21,3.92,3.67,2.45,2,3.0,66.2,Moderate
EMP_06094,Product Management,Democratic,3.33,4.86,3.53,2.86,2.45,4,1.4,42.6,Low
EMP_06095,Marketing,Supportive,4.46,3.6,2.43,3.32,3.2,3,0.5,39.9,Low
EMP_06096,Sales,Supportive,4.15,4.45,3.44,3.88,1.45,1,8.8,58.1,Moderate
EMP_06097,Sales,Supportive,3.59,4.3,2.86,4.56,2.91,3,0.7,49.2,Moderate
EMP_06098,HR,Supportive,3.23,3.7,3.44,3.35,2.24,3,0.5,58.6,Moderate
EMP_06099,Engineering,Supportive,2.46,4.17,3.02,3.49,2.07,3,3.1,50.0,Moderate
EMP_06100,Data Science,Supportive,3.61,4.66,2.92,4.0,3.71,4,5.1,51.4,Moderate
EMP_06101,Engineering,Democratic,4.27,3.49,2.79,4.27,3.09,4,2.4,35.9,Low
EMP_06102,Sales,Democratic,2.7,3.84,3.67,2.51,3.11,4,5.0,37.7,Low
EMP_06103,Sales,Democratic,3.85,4.45,3.59,3.43,2.21,5,9.9,46.5,Moderate
EMP_06104,Product Management,Supportive,3.88,4.07,3.22,3.44,3.12,4,3.6,37.6,Low
EMP_06105,Data Science,Democratic,3.26,4.32,3.06,2.83,2.2,3,3.2,65.4,Moderate
EMP_06106,Engineering,Democratic,4.44,3.47,2.63,4.29,2.44,4,5.3,37.8,Low
EMP_06107,Data Science,Autocratic/Micromanagement,3.68,3.8,2.79,3.62,3.77,3,2.2,42.4,Low
EMP_06108,Sales,Supportive,3.74,4.03,4.13,4.24,1.76,4,10.8,70.9,Moderate
EMP_06109,Sales,Supportive,3.48,4.33,3.32,2.78,1.54,1,4.9,46.3,Moderate
EMP_06110,Sales,Supportive,5.0,3.89,3.02,3.11,2.51,5,1.7,42.6,Low
EMP_06111,Marketing,Supportive,2.81,4.41,1.85,3.36,1.84,3,2.4,54.3,Moderate
EMP_06112,HR,Democratic,4.19,3.9,3.3,2.83,3.35,4,1.2,43.2,Low
EMP_06113,Product Management,Supportive,3.82,2.9,3.05,2.79,2.97,5,2.1,49.3,Moderate
EMP_06114,Engineering,Supportive,3.52,3.76,4.77,4.74,1.0,4,1.2,58.6,Moderate
EMP_06115,Product Management,Democratic,4.14,4.18,3.15,3.1,1.8,5,0.5,41.2,Low
EMP_06116,Product Management,Democratic,4.32,4.06,3.59,3.88,2.59,5,3.1,39.0,Low
EMP_06117,Marketing,Supportive,4.48,4.5,2.37,3.31,1.0,5,0.5,64.4,Moderate
EMP_06118,Data Science,Democratic,3.6,2.73,4.13,3.46,2.49,1,1.7,16.7,Low
EMP_06119,Engineering,Supportive,4.59,3.52,1.3,2.96,2.86,2,2.4,43.9,Low
EMP_06120,Sales,Supportive,4.08,3.42,1.91,2.44,2.68,3,3.7,26.8,Low
EMP_06121,HR,Supportive,3.67,4.05,2.79,2.89,1.38,4,0.5,54.4,Moderate
EMP_06122,Engineering,Supportive,3.85,3.65,3.26,3.4,1.96,4,12.1,57.6,Moderate
EMP_06123,Engineering,Supportive,3.33,3.77,1.87,3.22,2.59,5,1.0,47.5,Moderate
EMP_06124,Engineering,Supportive,3.33,3.17,3.08,4.11,2.14,3,3.4,55.3,Moderate
EMP_06125,Engineering,Supportive,3.79,3.82,3.34,4.22,2.36,5,1.6,53.1,Moderate
EMP_06126,Engineering,Democratic,4.91,3.85,2.78,3.62,1.0,1,4.5,48.3,Moderate
EMP_06127,Sales,Democratic,3.52,4.27,1.74,3.79,2.96,4,5.7,29.5,Low
EMP_06128,Engineering,Autocratic/Micromanagement,3.33,2.82,3.57,4.08,3.28,4,0.9,38.7,Low
EMP_06129,Engineering,Democratic,3.89,3.07,3.6,3.86,2.78,4,0.7,42.6,Low
EMP_06130,Marketing,Supportive,4.87,3.52,3.65,3.02,1.91,1,0.5,51.6,Moderate
EMP_06131,Data Science,Democratic,3.0,3.5,2.56,3.46,4.37,5,5.7,32.9,Low
EMP_06132,Marketing,Supportive,4.22,4.12,3.09,3.54,1.71,3,2.8,55.5,Moderate
EMP_06133,Product Management,Autocratic/Micromanagement,3.71,3.43,4.28,3.15,2.71,3,1.4,38.6,Low
EMP_06134,Product Management,Democratic,4.37,3.9,2.84,4.05,1.95,2,4.7,47.9,Moderate
EMP_06135,Sales,Democratic,3.48,3.89,4.33,2.0,2.25,4,7.9,53.5,Moderate
EMP_06136,Sales,Autocratic/Micromanagement,3.22,3.18,4.86,3.36,2.32,1,1.1,58.1,Moderate
EMP_06137,Engineering,Autocratic/Micromanagement,5.0,3.85,2.91,1.76,2.33,3,0.5,19.8,Low
EMP_06138,Marketing,Supportive,3.45,5.0,2.72,4.42,2.3,4,2.7,52.6,Moderate
EMP_06139,Engineering,Supportive,3.6,3.28,3.69,2.98,4.02,3,0.5,50.1,Moderate
EMP_06140,Engineering,Supportive,3.74,4.33,3.66,3.3,3.26,3,6.1,58.0,Moderate
EMP_06141,Marketing,Autocratic/Micromanagement,4.25,4.44,3.27,3.49,2.1,2,2.6,29.7,Low
EMP_06142,Engineering,Democratic,3.43,4.01,2.82,2.48,2.35,5,0.5,44.6,Low
EMP_06143,Sales,Supportive,4.53,4.48,2.88,3.15,1.84,4,0.5,58.7,Moderate
EMP_06144,Data Science,Supportive,3.3,3.49,3.05,3.42,1.0,5,1.7,62.3,Moderate
EMP_06145,Engineering,Supportive,3.75,4.47,3.16,2.35,2.12,5,0.9,74.3,Moderate
EMP_06146,Engineering,Supportive,4.2,4.53,2.6,4.09,1.44,5,1.1,75.6,High
EMP_06147,Engineering,Supportive,3.24,4.36,3.06,4.46,4.06,5,3.7,62.0,Moderate
EMP_06148,Engineering,Autocratic/Micromanagement,4.42,4.58,3.55,4.05,1.45,3,1.1,39.6,Low
EMP_06149,Engineering,Autocratic/Micromanagement,3.58,3.27,3.15,4.21,1.23,3,2.0,35.0,Low
EMP_06150,Marketing,Democratic,2.34,4.01,4.3,3.68,2.1,1,1.6,53.2,Moderate
EMP_06151,Engineering,Supportive,4.11,4.93,4.01,3.84,3.26,3,0.5,58.2,Moderate
EMP_06152,Marketing,Democratic,3.66,4.23,2.65,3.39,3.0,5,4.8,40.1,Low
EMP_06153,HR,Supportive,4.59,4.17,2.29,4.16,2.03,4,1.6,57.6,Moderate
EMP_06154,HR,Democratic,3.8,3.46,2.2,3.41,2.97,3,0.8,42.0,Low
EMP_06155,Product Management,Supportive,3.43,3.83,1.74,3.82,1.72,2,0.8,48.5,Moderate
EMP_06156,Sales,Supportive,2.56,5.0,2.89,3.33,3.61,3,0.5,42.3,Low
EMP_06157,Marketing,Supportive,2.04,4.99,2.96,2.96,3.07,4,0.5,47.8,Moderate
EMP_06158,Data Science,Supportive,4.44,3.86,2.2,3.86,3.22,4,1.8,51.5,Moderate
EMP_06159,Data Science,Supportive,3.2,3.84,2.89,2.74,1.22,1,0.5,67.2,Moderate
EMP_06160,Engineering,Democratic,2.46,3.43,2.79,3.63,3.35,3,2.1,37.6,Low
EMP_06161,Marketing,Democratic,5.0,3.96,2.96,3.57,1.59,4,9.3,46.9,Moderate
EMP_06162,Sales,Democratic,3.21,4.07,3.01,3.98,2.51,5,0.7,38.2,Low
EMP_06163,Product Management,Democratic,4.44,3.39,2.48,3.22,2.61,5,1.2,38.5,Low
EMP_06164,Engineering,Supportive,2.76,3.53,3.08,2.79,2.56,2,3.6,50.8,Moderate
EMP_06165,Product Management,Supportive,4.76,5.0,2.99,4.47,3.11,2,1.6,46.9,Moderate
EMP_06166,Data Science,Supportive,3.18,4.5,2.62,3.24,2.45,4,2.9,67.5,Moderate
EMP_06167,Product Management,Supportive,4.19,4.38,2.38,3.09,2.8,2,0.5,54.1,Moderate
EMP_06168,Marketing,Supportive,4.64,4.29,3.03,2.82,2.03,3,0.5,48.6,Moderate
EMP_06169,HR,Democratic,3.88,3.73,2.51,2.72,2.04,3,9.4,37.0,Low
EMP_06170,HR,Autocratic/Micromanagement,3.33,3.33,2.65,3.43,2.16,4,1.4,43.4,Low
EMP_06171,Product Management,Democratic,3.45,3.79,2.12,3.68,2.26,4,2.0,35.5,Low
EMP_06172,Marketing,Democratic,4.38,3.69,2.41,3.51,4.49,4,0.5,37.1,Low
EMP_06173,Engineering,Democratic,3.1,3.62,3.51,3.92,2.54,5,3.4,41.7,Low
EMP_06174,Product Management,Democratic,3.49,4.09,3.64,3.28,1.79,4,0.5,44.2,Low
EMP_06175,Engineering,Democratic,3.74,3.7,4.0,3.29,2.57,3,9.5,44.1,Low
EMP_06176,HR,Supportive,3.88,3.81,3.23,3.21,1.62,5,3.5,50.2,Moderate
EMP_06177,HR,Supportive,4.75,4.71,3.27,3.52,1.98,3,1.3,48.8,Moderate
EMP_06178,Data Science,Supportive,3.47,4.22,3.74,4.08,3.62,3,2.6,62.0,Moderate
EMP_06179,Product Management,Democratic,3.75,3.28,2.38,3.37,3.55,1,0.5,33.8,Low
EMP_06180,Engineering,Autocratic/Micromanagement,3.98,4.33,3.34,4.56,3.06,5,0.8,63.7,Moderate
EMP_06181,HR,Supportive,2.57,4.19,2.44,3.34,1.47,5,5.3,60.7,Moderate
EMP_06182,Sales,Democratic,4.51,3.64,3.32,2.94,2.19,4,7.2,49.4,Moderate
EMP_06183,Engineering,Democratic,3.05,3.11,3.56,3.41,4.04,4,0.8,39.5,Low
EMP_06184,Engineering,Supportive,4.99,3.12,3.09,3.44,3.48,4,12.9,50.4,Moderate
EMP_06185,Engineering,Democratic,3.79,3.74,3.15,2.71,2.28,3,2.9,42.9,Low
EMP_06186,Marketing,Autocratic/Micromanagement,3.91,3.43,2.87,4.69,2.79,3,2.7,48.4,Moderate
EMP_06187,Sales,Supportive,3.63,3.2,3.48,4.08,2.73,4,2.1,51.2,Moderate
EMP_06188,Marketing,Democratic,3.31,3.41,3.84,3.72,2.35,4,17.3,44.5,Low
EMP_06189,Marketing,Autocratic/Micromanagement,4.35,4.31,3.79,3.96,2.1,3,3.0,17.8,Low
EMP_06190,Data Science,Supportive,3.48,4.29,3.85,3.23,1.54,4,0.6,69.7,Moderate
EMP_06191,Product Management,Autocratic/Micromanagement,4.8,3.82,2.45,3.52,2.78,5,2.8,28.4,Low
EMP_06192,Engineering,Democratic,3.64,3.48,3.43,2.4,1.0,4,1.8,54.7,Moderate
EMP_06193,Data Science,Democratic,3.98,3.87,1.87,4.65,4.23,5,5.3,37.5,Low
EMP_06194,Engineering,Supportive,3.96,3.14,4.09,3.14,2.16,3,2.5,51.6,Moderate
EMP_06195,Marketing,Supportive,3.9,3.77,3.27,4.28,2.66,4,4.6,46.2,Moderate
EMP_06196,Engineering,Supportive,4.07,3.4,3.41,3.88,3.01,5,0.5,57.6,Moderate
EMP_06197,Sales,Democratic,4.32,4.35,2.62,2.63,1.63,4,3.6,48.4,Moderate
EMP_06198,Marketing,Supportive,3.68,3.36,1.7,3.68,2.11,5,6.6,58.6,Moderate
EMP_06199,Sales,Supportive,4.89,3.78,3.07,3.57,1.59,5,1.3,55.0,Moderate
EMP_06200,Engineering,Supportive,4.24,4.1,4.28,3.39,3.42,4,2.2,41.9,Low
EMP_06201,Marketing,Supportive,3.65,4.0,2.81,3.28,2.47,3,4.1,47.3,Moderate
EMP_06202,Marketing,Democratic,3.4,4.96,2.25,3.18,1.31,4,3.0,43.4,Low
EMP_06203,Marketing,Supportive,3.65,3.67,3.52,3.21,1.0,5,2.5,54.6,Moderate
EMP_06204,Sales,Democratic,3.67,4.29,3.27,2.93,3.34,3,0.8,41.1,Low
EMP_06205,Marketing,Supportive,3.32,3.8,3.87,4.38,2.61,4,19.8,46.0,Moderate
EMP_06206,Marketing,Democratic,3.03,3.98,3.21,3.25,1.47,3,3.8,54.8,Moderate
EMP_06207,Engineering,Supportive,4.22,3.88,2.83,2.21,1.79,4,0.5,49.0,Moderate
EMP_06208,Engineering,Democratic,3.65,4.35,3.07,3.5,1.0,2,7.0,70.7,Moderate
EMP_06209,Marketing,Supportive,3.63,4.58,3.11,3.34,1.57,5,5.5,61.8,Moderate
EMP_06210,Marketing,Democratic,4.34,3.75,2.47,4.64,1.41,4,1.2,54.0,Moderate
EMP_06211,Marketing,Supportive,3.83,5.0,3.05,2.62,2.48,4,1.7,52.0,Moderate
EMP_06212,Engineering,Democratic,4.12,3.98,3.13,4.11,2.83,1,4.4,43.1,Low
EMP_06213,Data Science,Democratic,4.43,4.1,3.3,3.71,1.63,4,3.1,45.1,Moderate
EMP_06214,Engineering,Democratic,3.32,4.18,4.39,3.77,1.0,4,2.0,44.2,Low
EMP_06215,Engineering,Democratic,3.13,3.38,3.23,4.24,3.65,4,2.4,32.6,Low
EMP_06216,Sales,Supportive,3.85,3.8,3.95,3.55,2.58,5,17.5,50.5,Moderate
EMP_06217,Data Science,Democratic,3.87,3.6,3.14,3.49,2.16,3,3.6,50.5,Moderate
EMP_06218,Sales,Autocratic/Micromanagement,3.21,2.95,3.56,2.88,3.86,3,3.1,27.2,Low
EMP_06219,HR,Supportive,4.27,3.9,2.47,3.05,3.71,5,4.4,49.6,Moderate
EMP_06220,HR,Supportive,3.25,2.95,1.85,4.72,3.1,5,0.5,44.1,Low
EMP_06221,Engineering,Supportive,3.0,3.79,2.88,3.78,2.52,1,1.9,52.2,Moderate
EMP_06222,Product Management,Autocratic/Micromanagement,4.99,4.47,3.06,3.32,3.83,4,5.2,21.9,Low
EMP_06223,Marketing,Supportive,3.6,3.27,3.66,2.73,2.65,3,2.5,50.9,Moderate
EMP_06224,Product Management,Autocratic/Micromanagement,4.64,3.86,2.58,2.85,3.89,5,7.9,12.5,Low
EMP_06225,Sales,Democratic,3.78,3.41,3.49,3.44,2.49,4,0.5,37.4,Low
EMP_06226,Engineering,Democratic,4.58,4.44,3.04,3.81,3.5,1,3.6,48.6,Moderate
EMP_06227,Product Management,Autocratic/Micromanagement,3.99,3.83,3.05,3.52,1.79,4,4.5,47.1,Moderate
EMP_06228,Engineering,Supportive,5.0,3.55,3.44,3.1,1.84,4,0.5,51.9,Moderate
EMP_06229,Product Management,Supportive,2.78,3.9,3.1,2.77,2.39,4,2.8,43.5,Low
EMP_06230,Engineering,Supportive,4.39,4.27,2.7,3.55,2.23,3,0.5,70.5,Moderate
EMP_06231,Marketing,Supportive,3.06,4.2,2.96,3.43,1.86,3,4.2,55.5,Moderate
EMP_06232,Engineering,Supportive,2.67,4.97,3.43,2.87,1.0,5,0.7,77.2,High
EMP_06233,Data Science,Supportive,3.3,4.26,3.24,4.0,3.45,2,3.4,60.0,Moderate
EMP_06234,Engineering,Democratic,2.63,3.7,3.56,2.68,2.73,1,2.1,39.3,Low
EMP_06235,Sales,Supportive,3.68,4.64,3.45,3.24,2.32,5,2.9,56.7,Moderate
EMP_06236,Engineering,Democratic,4.24,4.4,1.81,3.78,3.41,4,0.5,55.8,Moderate
EMP_06237,Data Science,Supportive,4.02,5.0,1.81,4.65,3.3,4,5.5,61.1,Moderate
EMP_06238,Marketing,Democratic,3.31,3.73,3.01,3.88,2.95,5,0.5,42.6,Low
EMP_06239,Product Management,Democratic,3.76,3.79,4.43,2.6,2.47,3,0.5,49.6,Moderate
EMP_06240,Engineering,Autocratic/Micromanagement,3.47,5.0,3.24,3.72,2.28,3,12.8,61.3,Moderate
EMP_06241,Engineering,Supportive,3.59,3.33,2.0,3.18,1.41,4,3.4,63.8,Moderate
EMP_06242,Engineering,Supportive,3.79,3.57,2.25,3.49,1.83,1,0.5,54.5,Moderate
EMP_06243,Data Science,Democratic,4.24,4.22,4.06,4.38,1.77,2,2.0,61.1,Moderate
EMP_06244,Engineering,Autocratic/Micromanagement,2.95,3.71,3.73,3.9,3.06,5,0.5,40.7,Low
EMP_06245,Engineering,Democratic,3.56,3.07,2.22,4.54,2.01,5,1.7,53.6,Moderate
EMP_06246,Engineering,Supportive,3.71,3.21,2.17,3.71,2.26,2,10.6,50.6,Moderate
EMP_06247,Data Science,Democratic,2.91,3.6,3.95,4.19,2.12,2,1.3,47.3,Moderate
EMP_06248,Engineering,Supportive,3.86,3.53,3.85,2.39,2.6,4,3.5,53.9,Moderate
EMP_06249,Engineering,Autocratic/Micromanagement,3.59,3.71,3.37,4.84,3.36,5,3.9,34.7,Low
EMP_06250,Engineering,Democratic,3.69,3.75,1.88,2.59,2.68,5,0.5,42.7,Low
EMP_06251,Product Management,Supportive,3.89,3.8,3.0,4.24,2.15,4,9.3,46.1,Moderate
EMP_06252,HR,Supportive,3.51,2.77,2.3,4.47,2.85,4,8.5,47.6,Moderate
EMP_06253,Product Management,Autocratic/Micromanagement,3.52,4.31,2.97,2.94,1.47,5,7.9,50.9,Moderate
EMP_06254,Sales,Supportive,3.38,3.49,2.92,4.55,1.88,5,4.4,53.2,Moderate
EMP_06255,Data Science,Democratic,4.25,4.87,3.47,4.23,1.45,3,10.4,64.9,Moderate
EMP_06256,Data Science,Democratic,3.13,4.01,2.59,4.14,1.18,4,2.1,48.7,Moderate
EMP_06257,Data Science,Autocratic/Micromanagement,3.0,4.09,2.48,4.64,2.45,1,2.8,44.7,Low
EMP_06258,Engineering,Autocratic/Micromanagement,3.57,4.12,1.86,3.48,2.43,4,12.9,42.8,Low
EMP_06259,Engineering,Supportive,2.43,4.39,2.93,4.93,1.9,4,0.5,74.7,Moderate
EMP_06260,HR,Autocratic/Micromanagement,3.48,4.84,4.35,3.98,3.6,3,1.4,34.8,Low
EMP_06261,Sales,Autocratic/Micromanagement,3.96,4.29,2.35,3.55,1.54,1,5.8,29.5,Low
EMP_06262,Sales,Autocratic/Micromanagement,4.08,4.12,3.36,3.71,1.83,2,4.0,25.8,Low
EMP_06263,Data Science,Democratic,2.37,4.41,3.67,3.55,3.36,4,0.7,53.0,Moderate
EMP_06264,Sales,Democratic,3.27,4.32,3.41,4.31,2.22,4,3.2,43.3,Low
EMP_06265,Marketing,Autocratic/Micromanagement,3.43,3.98,2.88,4.03,3.05,5,1.2,31.5,Low
EMP_06266,HR,Supportive,3.19,3.95,2.44,4.68,2.67,1,1.2,56.1,Moderate
EMP_06267,HR,Democratic,3.45,4.44,2.85,4.54,2.67,3,6.6,45.0,Moderate
EMP_06268,Marketing,Democratic,3.18,3.79,2.35,4.07,1.76,4,6.0,44.2,Low
EMP_06269,Engineering,Democratic,3.28,4.81,3.99,4.72,2.64,4,1.9,57.1,Moderate
EMP_06270,HR,Supportive,3.33,4.1,2.63,3.4,3.01,4,3.0,58.2,Moderate
EMP_06271,Engineering,Supportive,5.0,5.0,1.98,1.89,4.44,4,1.3,56.8,Moderate
EMP_06272,Marketing,Autocratic/Micromanagement,3.81,3.32,2.93,4.24,3.66,4,0.7,33.8,Low
EMP_06273,Engineering,Supportive,3.68,3.8,3.64,3.34,1.92,4,2.8,52.5,Moderate
EMP_06274,Engineering,Democratic,4.31,4.81,2.81,5.0,2.06,3,2.9,66.2,Moderate
EMP_06275,Marketing,Democratic,3.02,4.01,2.85,5.0,3.2,4,10.5,38.3,Low
EMP_06276,Product Management,Autocratic/Micromanagement,4.09,4.39,3.1,3.28,3.15,5,3.0,16.6,Low
EMP_06277,Marketing,Autocratic/Micromanagement,4.03,4.16,2.79,3.9,2.81,1,13.0,16.7,Low
EMP_06278,Engineering,Supportive,3.93,3.76,3.97,4.39,2.42,5,3.8,54.4,Moderate
EMP_06279,Engineering,Supportive,3.78,3.7,4.05,2.79,3.67,5,1.5,46.4,Moderate
EMP_06280,Marketing,Democratic,3.77,4.48,2.96,3.82,1.76,5,0.5,51.0,Moderate
EMP_06281,Marketing,Democratic,2.97,4.28,3.25,4.8,3.11,4,5.9,39.9,Low
EMP_06282,Product Management,Democratic,3.77,4.06,3.34,3.93,2.75,1,8.1,43.9,Low
EMP_06283,Sales,Supportive,3.99,4.68,3.78,2.91,4.59,4,1.4,37.2,Low
EMP_06284,Marketing,Supportive,3.97,4.34,3.05,4.0,3.5,4,3.8,43.0,Low
EMP_06285,Engineering,Supportive,3.6,4.54,3.42,3.95,3.43,4,0.7,61.9,Moderate
EMP_06286,Engineering,Democratic,4.21,4.41,1.91,4.8,3.3,1,1.9,61.2,Moderate
EMP_06287,Sales,Autocratic/Micromanagement,4.29,3.82,3.22,4.27,3.06,5,0.5,18.9,Low
EMP_06288,Sales,Democratic,3.8,3.42,3.53,3.62,2.29,5,3.7,45.8,Moderate
EMP_06289,Engineering,Democratic,4.25,4.4,4.22,4.13,2.41,2,1.3,53.8,Moderate
EMP_06290,Product Management,Autocratic/Micromanagement,4.16,4.88,4.08,3.31,2.94,3,2.8,10.7,Low
EMP_06291,Engineering,Supportive,3.68,2.2,2.25,2.48,2.57,2,1.4,27.9,Low
EMP_06292,Sales,Supportive,3.88,3.47,3.15,2.87,1.46,4,6.2,56.1,Moderate
EMP_06293,Sales,Democratic,2.52,4.8,2.44,3.51,2.71,2,8.0,23.2,Low
EMP_06294,Engineering,Supportive,3.93,3.87,3.23,4.69,1.98,4,13.4,61.2,Moderate
EMP_06295,Sales,Democratic,4.02,4.4,3.19,4.16,1.86,3,6.9,45.0,Moderate
EMP_06296,Engineering,Supportive,4.23,3.14,4.52,4.57,3.12,4,4.7,53.3,Moderate
EMP_06297,Engineering,Autocratic/Micromanagement,3.5,4.43,2.48,3.2,3.32,3,0.5,54.1,Moderate
EMP_06298,Product Management,Supportive,3.45,3.42,4.03,3.7,2.5,3,5.6,53.3,Moderate
EMP_06299,Sales,Democratic,3.66,3.66,1.73,5.0,2.45,4,0.5,18.5,Low
EMP_06300,Engineering,Supportive,3.77,3.89,3.2,3.12,2.06,3,2.0,58.0,Moderate
EMP_06301,Sales,Democratic,4.52,3.97,2.61,3.11,2.38,4,2.1,44.3,Low
EMP_06302,Product Management,Autocratic/Micromanagement,2.97,4.55,2.68,3.17,2.39,5,4.6,44.3,Low
EMP_06303,Data Science,Supportive,4.27,3.47,4.15,3.16,3.75,1,1.0,55.7,Moderate
EMP_06304,Engineering,Supportive,4.55,3.6,3.35,4.08,2.56,3,2.7,40.1,Low
EMP_06305,Product Management,Democratic,3.85,3.91,3.6,3.15,1.0,5,0.7,49.1,Moderate
EMP_06306,Data Science,Democratic,3.56,4.08,1.0,3.37,2.85,1,1.7,39.6,Low
EMP_06307,Engineering,Democratic,3.64,3.83,2.96,4.13,1.88,4,1.4,48.5,Moderate
EMP_06308,Sales,Democratic,3.62,3.25,2.79,2.95,2.39,3,1.8,49.8,Moderate
EMP_06309,Sales,Democratic,4.65,3.96,2.44,3.81,1.61,3,0.5,33.1,Low
EMP_06310,Data Science,Supportive,3.04,4.28,2.89,4.02,3.38,4,4.1,60.8,Moderate
EMP_06311,Engineering,Autocratic/Micromanagement,4.27,3.37,3.91,3.17,2.28,5,4.7,18.0,Low
EMP_06312,Sales,Autocratic/Micromanagement,3.54,4.52,3.37,3.26,1.55,4,0.9,50.6,Moderate
EMP_06313,Engineering,Supportive,3.44,3.82,3.33,3.61,2.23,3,5.2,57.5,Moderate
EMP_06314,Data Science,Autocratic/Micromanagement,3.45,4.27,2.4,3.29,2.78,4,11.8,59.1,Moderate
EMP_06315,Engineering,Autocratic/Micromanagement,4.89,3.76,3.7,4.31,3.73,3,1.3,18.3,Low
EMP_06316,Sales,Democratic,3.61,3.95,4.35,3.47,1.64,5,0.5,54.6,Moderate
EMP_06317,Marketing,Democratic,4.49,3.68,2.73,3.77,3.56,2,2.4,41.8,Low
EMP_06318,Sales,Supportive,3.63,4.62,2.49,3.23,2.84,5,7.0,33.1,Low
EMP_06319,Data Science,Democratic,3.21,4.41,2.05,3.63,1.69,3,1.4,55.4,Moderate
EMP_06320,Engineering,Supportive,4.97,3.23,3.32,4.08,1.83,4,10.9,54.8,Moderate
EMP_06321,Sales,Democratic,3.14,4.89,3.28,3.56,2.77,3,0.5,41.4,Low
EMP_06322,Engineering,Supportive,3.32,3.39,3.24,4.16,3.02,5,5.6,49.9,Moderate
EMP_06323,Marketing,Autocratic/Micromanagement,4.4,3.75,2.53,1.94,4.08,4,12.8,13.2,Low
EMP_06324,Sales,Supportive,3.97,3.66,3.12,4.39,2.36,4,0.5,56.0,Moderate
EMP_06325,Engineering,Autocratic/Micromanagement,4.78,4.33,3.88,3.3,1.51,3,0.5,49.1,Moderate
EMP_06326,Engineering,Supportive,4.37,4.27,2.97,5.0,3.25,1,2.0,61.1,Moderate
EMP_06327,Sales,Democratic,3.77,3.43,3.32,3.85,2.82,3,1.2,50.8,Moderate
EMP_06328,Engineering,Democratic,4.08,4.83,2.26,2.95,4.64,2,0.9,44.0,Low
EMP_06329,Marketing,Democratic,4.02,2.99,1.74,3.05,1.98,5,6.1,33.4,Low
EMP_06330,Engineering,Democratic,4.71,4.48,2.21,3.64,2.48,1,1.6,55.3,Moderate
EMP_06331,Data Science,Democratic,3.71,3.68,3.75,4.1,3.83,3,0.5,39.1,Low
EMP_06332,Product Management,Supportive,3.5,3.46,3.97,3.39,4.35,5,2.0,42.0,Low
EMP_06333,Product Management,Autocratic/Micromanagement,3.46,3.48,1.97,4.06,3.09,2,0.5,40.5,Low
EMP_06334,Marketing,Autocratic/Micromanagement,4.0,3.66,2.44,3.44,3.38,4,3.2,14.0,Low
EMP_06335,HR,Supportive,4.75,4.73,2.76,3.84,2.69,3,0.5,42.5,Low
EMP_06336,Engineering,Democratic,4.66,4.53,3.16,3.76,2.35,2,1.3,64.1,Moderate
EMP_06337,Product Management,Supportive,4.37,4.66,4.36,3.32,1.0,2,0.5,54.4,Moderate
EMP_06338,Marketing,Supportive,3.17,3.84,2.88,4.46,1.44,1,1.2,52.5,Moderate
EMP_06339,Engineering,Autocratic/Micromanagement,3.95,4.39,2.39,3.31,1.69,4,8.7,58.8,Moderate
EMP_06340,Sales,Democratic,3.43,4.09,3.14,4.15,2.32,5,4.7,47.1,Moderate
EMP_06341,Data Science,Autocratic/Micromanagement,3.12,4.53,3.49,3.98,4.52,5,6.3,50.7,Moderate
EMP_06342,Marketing,Supportive,4.01,3.86,3.27,3.18,2.8,5,0.8,41.0,Low
EMP_06343,Product Management,Autocratic/Micromanagement,3.94,2.81,1.73,3.68,1.84,4,2.8,46.7,Moderate
EMP_06344,Marketing,Supportive,3.45,3.81,3.03,3.77,1.7,3,3.0,53.9,Moderate
EMP_06345,HR,Autocratic/Micromanagement,4.46,3.52,3.4,3.34,2.32,4,0.5,19.6,Low
EMP_06346,Marketing,Supportive,2.71,3.99,2.47,5.0,3.04,1,19.8,49.1,Moderate
EMP_06347,Engineering,Autocratic/Micromanagement,2.66,4.11,3.26,3.14,2.43,3,0.9,42.6,Low
EMP_06348,Sales,Supportive,3.44,3.18,3.78,4.03,4.13,4,1.5,36.5,Low
EMP_06349,Marketing,Democratic,4.19,4.49,4.01,3.61,1.74,2,3.6,47.2,Moderate
EMP_06350,Marketing,Autocratic/Micromanagement,3.79,3.76,3.61,4.46,3.19,4,3.6,49.0,Moderate
EMP_06351,Product Management,Autocratic/Micromanagement,3.91,4.33,3.44,3.13,3.74,2,6.0,42.3,Low
EMP_06352,Marketing,Supportive,2.56,4.36,3.36,3.79,2.71,3,7.4,50.5,Moderate
EMP_06353,Sales,Supportive,4.53,4.04,3.64,4.19,1.95,1,0.5,54.8,Moderate
EMP_06354,Sales,Autocratic/Micromanagement,3.36,3.98,2.73,3.63,2.49,4,4.0,42.7,Low
EMP_06355,Engineering,Supportive,4.61,3.9,3.03,3.82,3.12,1,1.1,43.8,Low
EMP_06356,Marketing,Democratic,3.23,4.95,4.29,3.55,3.44,2,1.0,36.5,Low
EMP_06357,Sales,Democratic,4.07,4.16,3.54,3.39,2.31,2,1.9,39.4,Low
EMP_06358,Engineering,Democratic,3.5,4.14,2.68,3.35,4.13,2,0.5,37.3,Low
EMP_06359,HR,Democratic,3.76,3.77,4.53,3.9,3.57,3,0.5,35.9,Low
EMP_06360,Engineering,Autocratic/Micromanagement,3.99,4.05,4.01,2.58,1.21,4,0.8,48.4,Moderate
EMP_06361,Product Management,Supportive,3.96,4.75,4.07,4.08,3.64,4,9.1,41.2,Low
EMP_06362,HR,Democratic,3.86,4.02,2.58,3.55,2.26,2,0.5,39.4,Low
EMP_06363,Engineering,Supportive,3.61,3.79,3.07,3.49,2.5,2,2.6,45.0,Moderate
EMP_06364,Marketing,Supportive,4.53,4.53,3.07,3.11,3.09,1,0.5,45.9,Moderate
EMP_06365,Product Management,Supportive,2.92,3.82,3.48,4.58,2.6,5,5.2,40.6,Low
EMP_06366,Data Science,Supportive,4.07,3.29,3.59,3.65,1.0,1,1.7,62.3,Moderate
EMP_06367,Engineering,Supportive,4.72,3.76,3.76,3.71,2.47,4,8.8,51.1,Moderate
EMP_06368,Engineering,Autocratic/Micromanagement,4.41,3.57,3.24,4.21,2.82,4,2.2,18.1,Low
EMP_06369,Engineering,Supportive,3.96,3.86,2.81,3.72,3.26,3,1.6,46.4,Moderate
EMP_06370,Product Management,Supportive,3.92,4.01,2.29,4.44,2.36,4,0.5,55.5,Moderate
EMP_06371,Engineering,Democratic,4.59,4.09,2.94,4.19,3.1,3,12.0,38.6,Low
EMP_06372,Engineering,Democratic,4.37,4.67,3.12,3.43,2.74,3,2.2,59.3,Moderate
EMP_06373,Data Science,Democratic,3.34,4.02,3.09,5.0,3.31,4,7.4,42.1,Low
EMP_06374,Sales,Democratic,3.8,3.73,2.58,4.39,2.33,3,7.1,39.5,Low
EMP_06375,Product Management,Democratic,4.51,4.24,1.64,3.71,2.58,5,12.4,39.1,Low
EMP_06376,Engineering,Autocratic/Micromanagement,2.44,4.08,2.54,3.0,2.08,4,0.6,41.6,Low
EMP_06377,Engineering,Democratic,3.92,4.02,2.03,4.65,1.29,4,1.1,45.2,Moderate
EMP_06378,HR,Supportive,3.09,3.91,2.86,2.38,1.99,1,0.5,49.7,Moderate
EMP_06379,Marketing,Democratic,3.4,3.13,3.1,4.16,2.99,5,8.9,40.1,Low
EMP_06380,Engineering,Autocratic/Micromanagement,3.56,3.61,2.37,1.83,3.34,5,2.7,40.1,Low
EMP_06381,Engineering,Democratic,5.0,4.0,3.19,3.8,1.52,4,4.4,41.8,Low
EMP_06382,Data Science,Supportive,4.34,3.94,3.07,3.4,2.5,3,0.9,48.0,Moderate
EMP_06383,Sales,Democratic,4.48,4.76,1.89,3.66,2.72,2,0.5,22.9,Low
EMP_06384,Engineering,Supportive,4.03,4.36,2.51,3.32,2.72,3,8.2,65.0,Moderate
EMP_06385,Engineering,Democratic,4.12,4.3,2.86,4.33,2.41,2,4.0,69.2,Moderate
EMP_06386,Sales,Democratic,4.96,3.57,1.29,4.58,2.28,3,13.2,17.8,Low
EMP_06387,Data Science,Democratic,3.54,3.2,2.56,3.61,2.0,5,2.3,51.4,Moderate
EMP_06388,HR,Supportive,2.93,3.98,3.71,2.78,2.59,3,1.5,44.4,Low
EMP_06389,Product Management,Supportive,4.27,2.96,2.95,4.54,2.67,3,8.6,51.4,Moderate
EMP_06390,Engineering,Democratic,4.11,4.36,3.31,3.15,3.16,3,1.4,54.0,Moderate
EMP_06391,Engineering,Autocratic/Micromanagement,4.39,4.57,2.72,2.82,3.14,2,0.8,36.9,Low
EMP_06392,Data Science,Democratic,4.33,4.28,3.49,3.58,1.87,4,12.1,59.7,Moderate
EMP_06393,Marketing,Autocratic/Micromanagement,3.99,4.23,1.98,3.38,2.68,5,1.1,48.4,Moderate
EMP_06394,Marketing,Supportive,3.11,3.52,3.1,4.26,1.71,2,2.9,55.2,Moderate
EMP_06395,Marketing,Democratic,4.47,2.73,2.58,2.73,3.23,4,5.1,36.9,Low
EMP_06396,Engineering,Supportive,3.39,3.72,2.8,3.33,2.74,4,5.2,41.8,Low
EMP_06397,Data Science,Supportive,3.12,3.25,3.47,4.58,2.51,3,0.5,51.0,Moderate
EMP_06398,Sales,Autocratic/Micromanagement,4.92,3.5,2.18,3.45,2.69,4,2.2,2.7,Low
EMP_06399,Marketing,Supportive,3.76,4.68,2.87,2.07,1.42,1,6.7,59.8,Moderate
EMP_06400,Marketing,Supportive,2.75,4.37,3.48,3.71,3.65,5,2.3,47.3,Moderate
EMP_06401,Product Management,Autocratic/Micromanagement,4.5,4.46,3.65,4.09,1.49,4,0.7,28.3,Low
EMP_06402,Product Management,Supportive,3.22,5.0,3.24,3.25,2.33,3,3.6,48.7,Moderate
EMP_06403,Product Management,Supportive,3.86,4.2,2.52,4.63,2.38,4,1.1,45.5,Moderate
EMP_06404,Marketing,Autocratic/Micromanagement,2.52,3.81,3.33,3.77,3.3,4,1.3,32.3,Low
EMP_06405,Engineering,Supportive,3.25,3.17,3.39,4.29,1.44,4,1.6,54.2,Moderate
EMP_06406,Data Science,Supportive,2.3,3.59,3.64,3.44,2.33,5,0.8,51.2,Moderate
EMP_06407,Engineering,Supportive,4.99,3.77,2.48,3.25,1.69,4,0.7,51.2,Moderate
EMP_06408,HR,Supportive,3.25,3.47,2.23,3.97,3.21,5,0.8,45.1,Moderate
EMP_06409,Sales,Democratic,3.6,3.7,2.11,3.78,2.58,5,2.0,26.2,Low
EMP_06410,Marketing,Democratic,3.55,3.08,3.21,3.31,2.07,4,5.3,38.9,Low
EMP_06411,Sales,Autocratic/Micromanagement,4.0,4.03,2.1,3.18,1.32,5,2.2,12.8,Low
EMP_06412,Sales,Supportive,4.32,3.99,3.34,5.0,1.9,4,0.5,56.6,Moderate
EMP_06413,Engineering,Democratic,3.53,3.71,4.07,4.8,2.3,5,0.5,44.5,Low
EMP_06414,Marketing,Supportive,2.41,4.1,2.48,3.42,2.79,3,3.0,49.7,Moderate
EMP_06415,Sales,Supportive,3.93,3.36,4.88,4.36,3.54,3,4.6,60.1,Moderate
EMP_06416,Sales,Supportive,3.04,4.69,3.71,3.94,2.64,3,1.0,47.2,Moderate
EMP_06417,Product Management,Supportive,3.68,4.63,4.09,4.0,2.4,4,15.3,52.1,Moderate
EMP_06418,Data Science,Autocratic/Micromanagement,3.1,3.17,2.85,4.26,2.7,5,4.0,48.0,Moderate
EMP_06419,Engineering,Supportive,4.55,3.66,3.5,2.24,1.42,5,4.1,51.8,Moderate
EMP_06420,Engineering,Autocratic/Micromanagement,4.11,3.83,3.33,5.0,2.61,5,2.2,31.7,Low
EMP_06421,Product Management,Democratic,4.35,3.65,2.59,3.89,2.26,4,6.8,46.9,Moderate
EMP_06422,Data Science,Democratic,4.72,4.05,2.92,2.7,2.77,5,2.9,40.0,Low
EMP_06423,HR,Autocratic/Micromanagement,3.87,4.91,4.03,3.99,2.1,4,2.9,43.3,Low
EMP_06424,Sales,Democratic,4.89,3.27,3.16,3.78,2.78,4,14.4,33.9,Low
EMP_06425,Engineering,Democratic,3.63,3.22,3.07,3.58,2.24,3,5.5,35.5,Low
EMP_06426,Data Science,Supportive,2.84,3.7,3.71,3.17,2.33,5,10.6,49.8,Moderate
EMP_06427,Marketing,Democratic,3.18,3.19,3.64,2.76,2.72,3,1.0,41.9,Low
EMP_06428,Sales,Supportive,4.58,3.59,3.7,3.3,1.71,4,5.3,59.6,Moderate
EMP_06429,Sales,Autocratic/Micromanagement,3.39,3.27,4.4,3.92,2.52,5,0.6,57.4,Moderate
EMP_06430,Data Science,Supportive,3.84,4.26,2.51,2.6,2.52,4,0.5,68.5,Moderate
EMP_06431,Data Science,Supportive,3.38,3.64,2.75,4.29,1.52,4,8.7,58.2,Moderate
EMP_06432,Engineering,Democratic,3.78,3.36,3.41,3.84,2.16,1,20.0,46.4,Moderate
EMP_06433,Data Science,Democratic,3.15,3.83,3.86,3.05,2.17,4,1.6,43.7,Low
EMP_06434,HR,Democratic,4.81,3.72,3.61,3.86,2.35,4,1.1,49.0,Moderate
EMP_06435,Data Science,Supportive,3.52,4.31,3.46,4.75,1.92,3,1.0,67.5,Moderate
EMP_06436,Engineering,Supportive,4.15,2.46,2.7,3.78,2.25,4,4.9,33.6,Low
EMP_06437,Marketing,Democratic,3.21,3.21,1.93,2.78,2.36,1,4.7,48.0,Moderate
EMP_06438,Engineering,Democratic,3.47,4.45,2.93,3.36,3.25,4,6.8,47.3,Moderate
EMP_06439,Data Science,Democratic,3.97,3.22,1.75,3.99,2.2,4,2.3,44.7,Low
EMP_06440,HR,Democratic,5.0,3.89,3.11,3.29,1.03,4,3.3,51.0,Moderate
EMP_06441,Marketing,Supportive,2.78,3.54,4.67,3.1,2.02,5,0.5,53.1,Moderate
EMP_06442,Sales,Democratic,4.78,4.03,3.38,4.09,2.07,5,6.5,42.3,Low
EMP_06443,Marketing,Supportive,5.0,5.0,3.22,3.17,1.48,2,3.5,59.3,Moderate
EMP_06444,Sales,Democratic,3.58,4.25,2.8,3.05,1.18,5,0.5,60.0,Moderate
EMP_06445,Data Science,Autocratic/Micromanagement,3.41,4.2,2.75,3.54,2.86,3,3.2,55.6,Moderate
EMP_06446,Data Science,Supportive,3.93,3.96,4.38,2.64,2.41,5,8.4,57.1,Moderate
EMP_06447,Data Science,Supportive,3.41,3.77,3.82,3.5,2.06,3,3.2,52.9,Moderate
EMP_06448,Engineering,Autocratic/Micromanagement,2.56,4.1,3.07,3.25,2.17,4,8.3,53.4,Moderate
EMP_06449,Engineering,Supportive,4.2,3.78,4.13,4.16,2.7,4,1.9,52.0,Moderate
EMP_06450,Marketing,Supportive,3.36,3.92,3.0,3.7,1.74,5,1.1,58.5,Moderate
EMP_06451,Engineering,Autocratic/Micromanagement,3.58,4.5,3.57,3.43,1.49,4,9.4,60.8,Moderate
EMP_06452,Engineering,Autocratic/Micromanagement,3.53,3.3,2.06,3.14,1.42,2,4.0,47.5,Moderate
EMP_06453,Marketing,Supportive,2.48,3.27,2.64,3.63,3.84,4,2.1,44.6,Low
EMP_06454,Marketing,Supportive,4.28,3.58,3.36,4.12,1.6,3,0.9,55.1,Moderate
EMP_06455,Marketing,Supportive,3.35,3.56,4.97,3.58,3.09,5,5.3,45.9,Moderate
EMP_06456,Engineering,Supportive,3.03,4.01,2.97,4.02,2.59,4,1.1,48.0,Moderate
EMP_06457,Marketing,Autocratic/Micromanagement,4.0,4.66,3.9,4.23,2.1,4,3.6,18.8,Low
EMP_06458,Engineering,Autocratic/Micromanagement,3.35,4.63,3.87,4.71,2.87,3,0.5,61.3,Moderate
EMP_06459,Sales,Autocratic/Micromanagement,4.32,3.86,3.55,4.29,3.67,5,1.6,19.8,Low
EMP_06460,Sales,Supportive,3.28,4.24,2.84,3.76,3.14,3,3.5,44.1,Low
EMP_06461,Product Management,Democratic,3.9,3.21,2.31,3.42,2.63,5,13.8,37.0,Low
EMP_06462,Engineering,Supportive,4.24,3.12,3.85,3.8,1.88,3,1.1,53.3,Moderate
EMP_06463,Sales,Democratic,4.4,3.82,3.77,3.41,1.0,2,0.8,55.6,Moderate
EMP_06464,Data Science,Democratic,2.77,3.28,3.01,2.11,2.24,5,3.9,38.4,Low
EMP_06465,Engineering,Democratic,3.57,3.9,2.36,3.51,4.55,5,1.3,36.7,Low
EMP_06466,Marketing,Supportive,5.0,4.39,3.07,3.83,2.08,4,7.1,61.1,Moderate
EMP_06467,Sales,Supportive,3.66,4.11,3.11,4.46,2.94,1,0.7,42.6,Low
EMP_06468,Engineering,Supportive,4.48,4.17,2.32,3.61,2.17,3,1.6,62.2,Moderate
EMP_06469,Sales,Supportive,3.92,3.3,3.81,4.06,2.47,5,2.7,55.7,Moderate
EMP_06470,Product Management,Supportive,3.82,3.34,3.72,3.69,1.06,5,0.5,52.4,Moderate
EMP_06471,Marketing,Supportive,3.51,4.08,3.89,3.25,1.64,4,6.7,48.7,Moderate
EMP_06472,Engineering,Democratic,4.85,3.38,3.55,3.36,3.13,5,0.9,36.9,Low
EMP_06473,Sales,Supportive,3.26,4.04,3.94,3.58,1.96,3,4.2,54.3,Moderate
EMP_06474,Data Science,Democratic,3.84,4.48,3.48,2.08,1.36,3,1.7,63.3,Moderate
EMP_06475,Sales,Autocratic/Micromanagement,4.25,3.51,3.28,3.38,1.42,3,3.7,26.2,Low
EMP_06476,Data Science,Autocratic/Micromanagement,3.89,4.26,2.16,3.72,2.37,5,7.1,52.9,Moderate
EMP_06477,Product Management,Democratic,3.94,4.22,2.28,3.46,3.21,4,6.8,33.1,Low
EMP_06478,Engineering,Democratic,3.37,4.26,2.98,3.92,1.0,4,6.1,65.1,Moderate
EMP_06479,Sales,Supportive,3.64,4.26,3.37,2.93,2.54,5,0.5,47.1,Moderate
EMP_06480,Product Management,Democratic,2.92,3.62,3.74,3.51,2.72,4,2.4,37.9,Low
EMP_06481,Data Science,Supportive,3.28,4.43,3.81,2.5,2.41,3,8.7,64.0,Moderate
EMP_06482,Marketing,Supportive,3.4,4.46,3.13,3.03,3.5,5,5.4,46.7,Moderate
EMP_06483,Sales,Democratic,4.41,4.12,2.84,3.35,3.31,1,3.2,33.2,Low
EMP_06484,Engineering,Autocratic/Micromanagement,3.26,4.33,3.83,4.27,2.68,3,0.5,60.7,Moderate
EMP_06485,Marketing,Supportive,3.19,3.67,3.54,4.72,2.08,5,4.2,56.1,Moderate
EMP_06486,Product Management,Democratic,3.77,4.22,4.89,3.7,2.71,5,1.4,48.4,Moderate
EMP_06487,Sales,Autocratic/Micromanagement,3.76,3.3,3.26,4.24,3.05,5,0.5,34.7,Low
EMP_06488,Engineering,Supportive,3.31,3.88,3.25,2.18,2.02,3,0.9,54.5,Moderate
EMP_06489,Marketing,Democratic,3.52,3.77,3.99,3.94,3.6,4,5.9,27.8,Low
EMP_06490,Sales,Supportive,3.96,3.1,2.48,2.39,1.72,1,5.8,40.2,Low
EMP_06491,Engineering,Democratic,3.83,4.48,4.5,2.66,2.36,3,1.4,59.1,Moderate
EMP_06492,Marketing,Supportive,3.52,3.7,3.38,4.17,3.3,1,1.8,47.1,Moderate
EMP_06493,Engineering,Supportive,3.4,4.18,3.11,3.53,2.17,5,3.3,54.3,Moderate
EMP_06494,Product Management,Democratic,3.67,3.81,2.96,3.95,2.62,3,4.5,40.2,Low
EMP_06495,Engineering,Supportive,2.32,3.56,3.33,2.19,2.46,1,16.7,55.5,Moderate
EMP_06496,Data Science,Democratic,4.62,4.58,2.24,3.36,3.39,5,4.0,48.6,Moderate
EMP_06497,Sales,Autocratic/Micromanagement,4.39,3.86,3.27,3.89,2.37,4,1.0,22.9,Low
EMP_06498,Sales,Democratic,4.26,4.04,1.69,2.77,2.09,2,2.1,28.5,Low
EMP_06499,Sales,Democratic,3.49,3.27,2.25,3.25,2.91,4,1.9,28.4,Low
EMP_06500,Data Science,Democratic,3.85,3.58,3.36,3.65,2.63,4,0.5,48.4,Moderate
EMP_06501,Sales,Democratic,4.51,3.13,2.89,4.09,2.44,5,1.7,43.6,Low
EMP_06502,Data Science,Supportive,3.46,3.74,2.48,3.4,3.14,2,3.3,49.4,Moderate
EMP_06503,Data Science,Democratic,2.14,3.02,3.7,3.73,3.74,4,1.4,43.7,Low
EMP_06504,HR,Democratic,3.98,3.32,3.27,3.7,2.73,5,2.3,55.2,Moderate
EMP_06505,Sales,Autocratic/Micromanagement,3.76,3.21,3.49,4.73,3.21,4,0.5,39.0,Low
EMP_06506,Product Management,Autocratic/Micromanagement,3.88,3.47,2.08,3.48,2.32,4,1.1,46.2,Moderate
EMP_06507,Engineering,Supportive,5.0,3.72,2.88,3.68,1.48,2,3.3,52.8,Moderate
EMP_06508,Marketing,Supportive,4.15,2.96,1.86,4.2,3.76,3,1.1,46.6,Moderate
EMP_06509,HR,Supportive,3.91,4.45,3.51,4.02,2.66,2,5.0,52.0,Moderate
EMP_06510,Sales,Democratic,2.71,4.2,2.3,3.68,3.35,3,3.9,19.2,Low
EMP_06511,Marketing,Supportive,3.75,3.65,2.87,3.76,2.25,5,8.3,46.1,Moderate
EMP_06512,Marketing,Democratic,4.76,4.09,3.61,3.77,3.92,4,1.1,29.2,Low
EMP_06513,Product Management,Democratic,4.19,3.72,3.0,3.35,2.18,3,2.6,41.7,Low
EMP_06514,Engineering,Democratic,3.12,3.47,2.69,3.17,3.44,4,3.2,38.4,Low
EMP_06515,Sales,Supportive,3.73,3.78,3.39,3.63,1.38,4,10.3,59.9,Moderate
EMP_06516,Sales,Democratic,3.91,4.15,2.84,4.01,2.09,2,12.9,47.2,Moderate
EMP_06517,Sales,Autocratic/Micromanagement,3.58,2.71,1.82,2.85,2.85,4,20.0,21.0,Low
EMP_06518,Engineering,Supportive,4.4,3.68,3.52,4.76,2.54,2,6.0,54.9,Moderate
EMP_06519,Engineering,Supportive,3.7,3.51,4.0,3.93,1.93,5,15.3,58.5,Moderate
EMP_06520,Product Management,Supportive,4.04,3.68,4.31,3.12,1.0,5,8.3,58.6,Moderate
EMP_06521,Marketing,Supportive,3.65,4.17,2.75,3.55,2.52,3,6.0,46.2,Moderate
EMP_06522,Data Science,Democratic,3.18,3.06,3.24,3.41,3.05,4,0.5,38.0,Low
EMP_06523,Data Science,Democratic,2.01,3.24,1.49,1.88,3.01,4,0.5,42.7,Low
EMP_06524,Data Science,Supportive,3.32,3.66,3.3,3.76,4.95,5,0.6,35.8,Low
EMP_06525,Marketing,Autocratic/Micromanagement,4.48,4.3,3.42,3.13,3.26,5,6.2,14.7,Low
EMP_06526,Engineering,Supportive,3.97,3.51,2.36,4.15,2.85,3,0.6,51.0,Moderate
EMP_06527,Engineering,Supportive,3.8,3.93,2.94,3.8,3.25,4,1.2,43.6,Low
EMP_06528,Sales,Supportive,3.5,3.63,1.0,4.45,3.61,3,2.2,37.5,Low
EMP_06529,Engineering,Autocratic/Micromanagement,3.38,3.25,3.42,3.77,3.19,5,0.5,41.4,Low
EMP_06530,Engineering,Democratic,3.86,4.21,2.89,4.02,2.61,3,6.7,54.2,Moderate
EMP_06531,Sales,Democratic,4.3,3.94,3.43,2.9,3.22,2,0.5,44.8,Low
EMP_06532,Data Science,Democratic,3.13,3.87,2.42,2.23,2.28,3,0.6,35.3,Low
EMP_06533,Engineering,Autocratic/Micromanagement,3.84,4.31,3.55,3.31,2.17,1,1.1,61.0,Moderate
EMP_06534,Engineering,Autocratic/Micromanagement,3.99,4.77,1.88,3.5,2.41,3,13.5,55.1,Moderate
EMP_06535,Engineering,Supportive,3.95,4.27,3.66,3.41,4.37,4,3.0,48.3,Moderate
EMP_06536,Marketing,Democratic,3.12,4.59,2.97,3.99,3.96,5,3.7,37.8,Low
EMP_06537,Sales,Supportive,3.77,3.97,3.45,4.72,3.22,5,0.5,49.5,Moderate
EMP_06538,Sales,Autocratic/Micromanagement,4.11,3.85,3.79,4.21,2.23,1,0.5,31.4,Low
EMP_06539,Engineering,Autocratic/Micromanagement,3.95,5.0,2.59,3.61,4.17,4,4.3,55.7,Moderate
EMP_06540,Data Science,Supportive,4.37,3.57,3.58,3.84,1.57,3,3.5,56.9,Moderate
EMP_06541,Product Management,Democratic,3.44,3.3,2.47,3.32,4.24,5,1.1,34.8,Low
EMP_06542,Engineering,Autocratic/Micromanagement,4.09,3.5,2.42,3.55,2.35,1,1.7,23.3,Low
EMP_06543,Engineering,Supportive,3.84,3.12,2.54,3.41,1.77,4,3.2,59.7,Moderate
EMP_06544,Marketing,Supportive,3.73,4.51,3.08,4.35,1.84,1,9.9,51.7,Moderate
EMP_06545,Engineering,Supportive,3.45,4.3,3.39,4.06,1.7,3,4.0,71.2,Moderate
EMP_06546,HR,Autocratic/Micromanagement,4.85,2.96,3.42,5.0,3.65,1,17.9,12.6,Low
EMP_06547,Engineering,Democratic,3.06,4.54,4.44,3.83,2.76,5,18.1,49.3,Moderate
EMP_06548,Engineering,Autocratic/Micromanagement,3.7,3.11,3.61,3.01,2.0,3,0.5,51.3,Moderate
EMP_06549,Data Science,Democratic,3.35,4.38,2.47,2.44,1.58,3,20.0,67.7,Moderate
EMP_06550,Sales,Supportive,5.0,4.01,3.36,4.53,1.7,4,0.5,52.5,Moderate
EMP_06551,Sales,Supportive,4.55,4.13,2.42,2.28,1.0,5,1.4,40.4,Low
EMP_06552,Product Management,Supportive,3.45,4.49,2.98,4.1,1.93,2,5.2,56.2,Moderate
EMP_06553,Sales,Democratic,3.15,3.47,3.7,4.12,3.69,3,0.5,35.5,Low
EMP_06554,Marketing,Democratic,3.15,4.62,1.9,4.32,2.81,4,5.0,43.9,Low
EMP_06555,Sales,Democratic,4.31,3.88,2.96,3.76,3.24,4,5.8,40.9,Low
EMP_06556,Sales,Supportive,2.47,3.12,2.21,3.76,1.86,4,5.3,41.0,Low
EMP_06557,HR,Supportive,3.75,4.03,1.93,4.04,3.11,4,1.8,51.9,Moderate
EMP_06558,Data Science,Democratic,4.53,4.66,2.73,3.08,2.55,3,8.2,59.2,Moderate
EMP_06559,Data Science,Autocratic/Micromanagement,3.62,4.78,2.27,3.69,1.06,3,0.5,64.0,Moderate
EMP_06560,Data Science,Supportive,3.66,2.81,2.92,3.54,4.62,2,4.2,37.6,Low
EMP_06561,Engineering,Autocratic/Micromanagement,4.08,3.64,3.63,4.62,1.99,3,15.0,23.5,Low
EMP_06562,Engineering,Supportive,4.52,3.73,1.68,3.81,3.97,4,4.7,42.9,Low
EMP_06563,Engineering,Democratic,3.83,3.94,3.11,3.61,3.1,4,1.6,42.4,Low
EMP_06564,Data Science,Democratic,4.77,4.31,3.28,3.48,1.82,3,6.6,59.7,Moderate
EMP_06565,Engineering,Democratic,3.93,3.52,4.02,3.51,1.62,1,13.3,49.7,Moderate
EMP_06566,Marketing,Supportive,3.06,3.45,3.85,2.79,2.52,2,3.2,52.3,Moderate
EMP_06567,Engineering,Democratic,4.31,3.6,2.25,2.6,2.94,4,6.5,38.9,Low
EMP_06568,Engineering,Democratic,3.48,3.38,4.22,4.47,2.41,1,3.6,36.8,Low
EMP_06569,Engineering,Supportive,3.99,3.34,3.03,2.29,2.81,5,3.2,56.9,Moderate
EMP_06570,Engineering,Democratic,3.48,4.45,4.22,3.8,2.73,5,17.4,60.1,Moderate
EMP_06571,Sales,Supportive,2.77,4.55,3.58,3.19,3.41,2,3.7,50.0,Moderate
EMP_06572,Engineering,Autocratic/Micromanagement,3.26,3.51,3.43,3.63,1.56,4,2.7,50.0,Moderate
EMP_06573,Sales,Democratic,3.38,3.7,3.62,2.59,3.62,5,1.1,41.7,Low
EMP_06574,Data Science,Supportive,3.57,2.87,3.11,3.47,2.91,1,5.4,47.6,Moderate
EMP_06575,Product Management,Democratic,3.57,4.13,2.46,2.88,3.16,1,3.1,39.7,Low
EMP_06576,Sales,Autocratic/Micromanagement,2.85,4.86,3.23,3.45,1.82,3,9.8,44.9,Low
EMP_06577,Sales,Democratic,5.0,4.84,2.68,3.04,3.01,4,2.9,47.7,Moderate
EMP_06578,Engineering,Democratic,3.52,4.37,2.36,3.74,3.43,5,4.3,57.1,Moderate
EMP_06579,Sales,Autocratic/Micromanagement,4.25,4.31,2.83,3.91,2.5,5,5.3,25.0,Low
EMP_06580,Sales,Autocratic/Micromanagement,2.51,3.91,3.79,4.23,3.12,3,4.1,36.5,Low
EMP_06581,Engineering,Democratic,4.21,4.49,2.39,2.64,1.14,4,0.5,56.1,Moderate
EMP_06582,Engineering,Democratic,4.32,3.61,3.27,3.1,3.91,3,13.6,31.5,Low
EMP_06583,Sales,Autocratic/Micromanagement,3.4,4.55,3.03,4.05,1.16,2,6.8,52.7,Moderate
EMP_06584,Sales,Democratic,3.11,3.24,1.01,4.1,1.66,3,1.6,31.8,Low
EMP_06585,Marketing,Supportive,5.0,4.22,3.67,3.16,3.91,4,0.5,42.9,Low
EMP_06586,Marketing,Democratic,3.56,3.56,3.76,3.93,2.95,5,11.4,36.9,Low
EMP_06587,Engineering,Autocratic/Micromanagement,2.81,4.33,3.14,3.81,3.02,5,1.5,55.0,Moderate
EMP_06588,Product Management,Autocratic/Micromanagement,3.17,3.31,4.07,3.7,1.47,5,14.4,42.9,Low
EMP_06589,Marketing,Democratic,4.33,4.33,2.91,4.35,2.17,2,6.6,45.0,Moderate
EMP_06590,Marketing,Supportive,3.97,3.42,3.53,4.82,2.21,5,2.0,52.8,Moderate
EMP_06591,Sales,Democratic,3.91,3.05,3.37,2.96,1.9,5,12.5,43.4,Low
EMP_06592,Engineering,Autocratic/Micromanagement,3.66,3.41,3.06,3.43,2.85,4,0.5,39.2,Low
EMP_06593,Sales,Democratic,3.32,4.15,3.79,3.8,3.41,4,4.5,33.5,Low
EMP_06594,Engineering,Supportive,4.25,4.12,2.13,3.55,2.93,5,15.8,47.9,Moderate
EMP_06595,Sales,Democratic,3.74,4.17,4.74,3.61,3.66,5,3.9,52.8,Moderate
EMP_06596,Data Science,Supportive,3.64,2.94,4.27,3.84,2.36,4,2.3,51.4,Moderate
EMP_06597,Marketing,Supportive,4.08,3.66,3.79,2.98,1.96,4,4.4,49.5,Moderate
EMP_06598,Sales,Democratic,3.1,4.85,2.73,4.45,2.32,4,5.0,37.4,Low
EMP_06599,HR,Democratic,4.53,4.44,2.82,3.6,1.8,2,5.0,43.4,Low
EMP_06600,HR,Autocratic/Micromanagement,3.78,3.86,4.07,4.23,2.37,3,1.6,39.5,Low
EMP_06601,Data Science,Supportive,2.85,4.5,2.92,4.08,2.19,3,1.3,68.2,Moderate
EMP_06602,Engineering,Supportive,3.95,3.94,3.17,3.99,1.57,3,3.4,54.8,Moderate
EMP_06603,Data Science,Democratic,3.73,4.04,3.37,3.69,2.73,3,7.9,45.0,Moderate
EMP_06604,Product Management,Democratic,3.65,4.07,2.54,3.26,2.8,2,1.5,45.7,Moderate
EMP_06605,Data Science,Supportive,4.16,4.44,4.0,3.07,3.03,4,0.9,65.2,Moderate
EMP_06606,Engineering,Democratic,3.24,3.69,3.51,3.81,2.05,4,1.6,48.9,Moderate
EMP_06607,HR,Autocratic/Micromanagement,3.55,3.53,2.41,4.73,1.94,3,4.6,48.0,Moderate
EMP_06608,Sales,Supportive,3.68,4.6,2.94,3.66,2.97,3,11.5,45.9,Moderate
EMP_06609,Engineering,Democratic,4.12,4.21,3.46,3.87,3.33,5,1.6,51.7,Moderate
EMP_06610,HR,Supportive,3.82,3.86,3.42,3.38,2.15,4,1.9,55.0,Moderate
EMP_06611,Data Science,Democratic,4.32,4.18,2.88,3.66,3.33,4,9.1,34.6,Low
EMP_06612,Product Management,Supportive,3.71,4.52,2.81,3.91,2.36,3,0.8,48.8,Moderate
EMP_06613,Engineering,Supportive,2.95,4.47,2.54,4.11,4.18,3,0.7,50.7,Moderate
EMP_06614,Product Management,Democratic,3.95,4.24,3.07,3.53,2.29,3,7.8,40.2,Low
EMP_06615,Data Science,Democratic,3.47,3.94,3.19,3.63,2.93,5,5.2,36.8,Low
EMP_06616,Marketing,Democratic,4.57,3.3,3.9,3.14,1.28,4,0.9,59.4,Moderate
EMP_06617,Engineering,Autocratic/Micromanagement,3.72,4.12,3.09,4.31,2.92,4,1.4,37.5,Low
EMP_06618,Marketing,Democratic,2.65,3.39,3.32,4.17,2.79,2,3.0,49.0,Moderate
EMP_06619,Engineering,Autocratic/Micromanagement,3.8,4.31,3.9,3.41,2.16,5,1.9,53.4,Moderate
EMP_06620,Data Science,Supportive,3.78,2.99,3.64,3.53,2.75,4,12.4,44.9,Low
EMP_06621,HR,Supportive,4.43,4.32,3.65,2.73,1.97,3,1.8,63.9,Moderate
EMP_06622,Engineering,Democratic,3.44,3.94,2.96,2.95,1.52,3,4.5,45.4,Moderate
EMP_06623,Engineering,Democratic,3.23,2.92,3.22,2.55,2.53,2,8.0,39.9,Low
EMP_06624,Marketing,Supportive,4.02,3.85,4.82,3.52,3.24,1,12.8,54.6,Moderate
EMP_06625,Engineering,Democratic,3.64,3.71,3.64,3.33,3.36,5,1.4,40.7,Low
EMP_06626,Marketing,Supportive,2.37,4.01,2.6,4.4,3.21,3,1.9,42.8,Low
EMP_06627,Engineering,Autocratic/Micromanagement,4.26,3.82,3.09,2.7,2.96,3,11.1,14.8,Low
EMP_06628,Engineering,Democratic,3.74,3.32,1.91,2.92,1.18,2,3.8,46.0,Moderate
EMP_06629,Marketing,Democratic,3.96,3.66,3.95,2.57,2.92,4,1.6,42.0,Low
EMP_06630,Marketing,Autocratic/Micromanagement,4.71,4.55,3.33,2.93,3.68,3,14.6,10.3,Low
EMP_06631,Engineering,Supportive,3.03,3.67,3.9,4.93,3.04,2,2.7,48.6,Moderate
EMP_06632,Engineering,Supportive,4.14,4.06,3.63,2.15,2.42,1,1.2,53.3,Moderate
EMP_06633,Engineering,Democratic,4.52,4.47,2.56,3.05,1.89,4,6.3,64.0,Moderate
EMP_06634,Sales,Autocratic/Micromanagement,3.01,4.28,3.14,3.33,2.47,5,3.1,43.2,Low
EMP_06635,Marketing,Supportive,4.23,3.74,3.67,2.56,1.22,2,2.1,56.7,Moderate
EMP_06636,Data Science,Supportive,2.72,4.8,3.36,3.95,1.83,4,9.0,63.7,Moderate
EMP_06637,Marketing,Democratic,3.45,2.84,3.23,4.0,2.08,4,4.1,43.3,Low
EMP_06638,HR,Democratic,3.79,4.16,3.27,3.49,2.75,2,0.5,39.9,Low
EMP_06639,Sales,Autocratic/Micromanagement,4.22,4.37,3.7,3.02,1.83,3,13.3,31.5,Low
EMP_06640,Engineering,Democratic,3.59,3.57,2.83,3.47,1.89,3,0.5,47.9,Moderate
EMP_06641,Marketing,Supportive,2.55,4.03,1.89,4.17,3.7,2,7.2,42.4,Low
EMP_06642,Engineering,Supportive,3.74,3.67,3.39,3.35,4.61,5,3.0,43.1,Low
EMP_06643,HR,Autocratic/Micromanagement,2.69,4.46,3.38,3.8,2.68,4,3.4,39.0,Low
EMP_06644,Engineering,Supportive,2.92,3.9,2.37,4.27,1.0,2,1.5,62.1,Moderate
EMP_06645,HR,Democratic,3.81,3.4,3.7,4.28,2.66,4,6.2,49.8,Moderate
EMP_06646,Marketing,Democratic,3.9,4.7,1.26,3.48,1.73,2,1.8,43.6,Low
EMP_06647,Sales,Democratic,2.82,4.22,2.67,3.47,1.05,2,1.5,43.1,Low
EMP_06648,Data Science,Supportive,4.34,3.58,3.27,3.34,2.73,5,1.1,44.9,Low
EMP_06649,Data Science,Autocratic/Micromanagement,3.53,3.31,2.97,4.4,2.58,4,9.4,43.7,Low
EMP_06650,Sales,Supportive,3.87,3.46,2.8,3.66,2.81,2,0.5,46.5,Moderate
EMP_06651,Sales,Supportive,3.87,4.45,3.61,2.76,1.39,4,1.4,55.2,Moderate
EMP_06652,Engineering,Supportive,3.15,3.56,2.75,3.38,1.87,4,1.6,56.2,Moderate
EMP_06653,Engineering,Supportive,4.14,4.24,2.53,3.84,1.64,4,2.6,70.0,Moderate
EMP_06654,Data Science,Autocratic/Micromanagement,3.66,4.02,2.57,3.55,2.81,4,2.2,38.4,Low
EMP_06655,Sales,Democratic,3.06,4.14,2.78,2.58,1.92,3,15.0,50.2,Moderate
EMP_06656,Data Science,Supportive,3.54,3.7,3.97,3.68,2.65,5,1.0,53.7,Moderate
EMP_06657,Sales,Democratic,3.91,4.23,2.88,4.57,3.28,1,1.6,36.0,Low
EMP_06658,Sales,Democratic,4.43,3.75,3.91,3.33,3.86,5,6.2,28.5,Low
EMP_06659,Marketing,Autocratic/Micromanagement,4.02,3.74,3.17,2.87,3.17,1,4.4,13.2,Low
EMP_06660,Data Science,Supportive,4.04,3.04,2.84,4.66,3.01,4,1.2,53.6,Moderate
EMP_06661,Product Management,Supportive,3.3,4.44,2.26,4.82,3.44,4,12.6,52.7,Moderate
EMP_06662,Sales,Supportive,4.4,4.01,3.23,3.09,1.51,3,3.2,59.7,Moderate
EMP_06663,HR,Autocratic/Micromanagement,3.78,3.34,3.52,2.87,2.94,3,2.1,37.4,Low
EMP_06664,Engineering,Autocratic/Micromanagement,4.1,4.03,3.53,3.82,2.33,5,11.5,25.3,Low
EMP_06665,Sales,Democratic,4.14,2.84,3.15,2.66,1.87,2,9.0,45.6,Moderate
EMP_06666,Marketing,Democratic,3.21,4.57,3.68,3.13,2.74,4,1.2,38.4,Low
EMP_06667,Marketing,Autocratic/Micromanagement,3.31,3.73,3.09,2.03,3.18,4,1.2,39.6,Low
EMP_06668,Engineering,Supportive,3.59,3.98,2.48,3.41,2.01,3,1.0,47.9,Moderate
EMP_06669,Sales,Supportive,3.18,4.55,3.27,3.81,1.52,5,6.2,55.2,Moderate
EMP_06670,Engineering,Supportive,3.58,4.13,2.63,4.61,1.26,5,8.7,55.7,Moderate
EMP_06671,Data Science,Autocratic/Micromanagement,3.49,4.45,3.37,3.6,2.98,5,2.0,54.4,Moderate
EMP_06672,Data Science,Supportive,3.52,3.83,2.96,3.64,3.62,5,1.8,49.2,Moderate
EMP_06673,Sales,Supportive,3.32,4.2,2.3,3.78,2.25,3,0.5,45.0,Moderate
EMP_06674,Sales,Democratic,3.86,4.27,4.04,4.29,2.93,2,1.7,53.7,Moderate
EMP_06675,Engineering,Autocratic/Micromanagement,3.37,3.73,3.59,4.22,2.26,3,0.6,40.5,Low
EMP_06676,Sales,Autocratic/Micromanagement,3.67,3.31,2.64,4.24,2.52,3,2.8,40.5,Low
EMP_06677,Marketing,Democratic,3.77,3.86,3.93,3.85,1.88,5,1.0,45.0,Moderate
EMP_06678,Marketing,Supportive,3.79,4.28,1.0,3.27,1.47,3,8.6,51.6,Moderate
EMP_06679,HR,Democratic,4.7,3.83,3.46,4.31,1.0,4,3.9,47.5,Moderate
EMP_06680,Sales,Supportive,3.58,3.88,3.1,3.52,2.61,4,0.6,48.7,Moderate
EMP_06681,Engineering,Democratic,4.5,4.03,3.55,4.22,2.73,3,4.2,34.3,Low
EMP_06682,Marketing,Democratic,4.51,4.47,3.61,3.75,2.22,5,3.2,46.9,Moderate
EMP_06683,Product Management,Democratic,3.72,4.07,3.49,2.79,1.0,4,0.5,45.8,Moderate
EMP_06684,Data Science,Supportive,3.44,4.36,2.35,2.8,2.77,2,10.5,64.5,Moderate
EMP_06685,Product Management,Supportive,3.5,5.0,3.0,3.57,1.49,2,1.3,57.9,Moderate
EMP_06686,Product Management,Democratic,4.51,3.77,2.49,3.6,2.33,2,4.3,45.6,Moderate
EMP_06687,Marketing,Democratic,4.21,4.05,1.84,3.28,1.1,4,1.1,50.0,Moderate
EMP_06688,Engineering,Supportive,3.4,4.0,3.25,3.99,2.69,5,0.8,59.6,Moderate
EMP_06689,Sales,Autocratic/Micromanagement,4.12,3.45,2.84,3.42,2.54,3,9.7,17.2,Low
EMP_06690,Product Management,Supportive,5.0,4.79,2.76,3.75,3.25,4,1.3,44.0,Low
EMP_06691,Marketing,Autocratic/Micromanagement,3.46,4.11,2.7,3.09,2.22,5,0.5,46.9,Moderate
EMP_06692,Sales,Supportive,3.42,3.77,2.78,4.22,2.56,2,0.5,45.9,Moderate
EMP_06693,Data Science,Democratic,3.33,3.7,1.89,3.33,1.0,2,2.2,42.1,Low
EMP_06694,Engineering,Autocratic/Micromanagement,3.89,3.58,2.85,3.98,2.99,2,2.6,39.4,Low
EMP_06695,Data Science,Democratic,3.55,3.0,3.37,3.79,2.54,5,7.6,42.4,Low
EMP_06696,Engineering,Supportive,3.65,3.53,2.82,4.69,4.05,5,7.6,36.7,Low
EMP_06697,Engineering,Supportive,3.29,4.79,3.39,4.24,2.79,5,0.5,62.6,Moderate
EMP_06698,Marketing,Democratic,3.21,4.26,2.63,2.82,3.23,4,1.5,43.9,Low
EMP_06699,Product Management,Democratic,3.57,3.51,4.24,4.8,1.99,4,1.4,45.1,Moderate
EMP_06700,Engineering,Democratic,3.26,3.11,3.49,3.54,2.15,4,0.8,41.6,Low
EMP_06701,Product Management,Democratic,4.92,3.64,2.59,3.74,3.43,3,8.4,39.9,Low
EMP_06702,Product Management,Autocratic/Micromanagement,4.53,4.7,3.64,1.82,2.54,2,2.7,19.2,Low
EMP_06703,Product Management,Democratic,4.11,3.84,3.65,3.58,3.77,4,5.9,35.1,Low
EMP_06704,Data Science,Supportive,2.83,4.05,3.38,3.01,2.43,4,8.4,60.9,Moderate
EMP_06705,Data Science,Autocratic/Micromanagement,3.6,2.86,2.84,2.84,2.18,2,8.9,43.9,Low
EMP_06706,Marketing,Supportive,2.93,3.42,3.15,3.4,3.27,5,11.5,48.3,Moderate
EMP_06707,HR,Democratic,3.06,2.67,3.22,2.99,2.32,3,0.5,48.9,Moderate
EMP_06708,Marketing,Autocratic/Micromanagement,2.85,3.39,4.44,3.51,2.4,2,10.6,43.2,Low
EMP_06709,Sales,Democratic,3.82,3.23,3.59,4.0,1.87,1,3.0,44.9,Low
EMP_06710,Data Science,Supportive,3.3,2.34,2.57,3.77,2.41,2,4.6,32.3,Low
EMP_06711,Data Science,Supportive,3.73,5.0,3.81,3.13,2.32,4,7.7,80.2,High
EMP_06712,Marketing,Supportive,3.68,4.23,3.36,2.51,2.47,3,5.8,54.6,Moderate
EMP_06713,Data Science,Supportive,3.01,3.45,2.11,4.25,3.04,4,1.4,39.4,Low
EMP_06714,Data Science,Democratic,3.79,4.1,3.22,3.51,4.16,4,10.7,29.3,Low
EMP_06715,Product Management,Supportive,3.87,4.46,2.07,3.05,1.73,5,10.7,57.8,Moderate
EMP_06716,Sales,Autocratic/Micromanagement,2.66,3.05,2.66,3.99,2.33,4,0.5,41.8,Low
EMP_06717,HR,Democratic,3.29,2.98,3.01,3.03,1.65,3,3.6,47.7,Moderate
EMP_06718,Engineering,Supportive,4.48,3.67,3.95,3.85,1.0,5,7.0,62.1,Moderate
EMP_06719,Sales,Supportive,3.7,3.38,3.8,3.8,2.39,5,5.4,54.8,Moderate
EMP_06720,Marketing,Supportive,4.18,4.79,3.63,5.0,2.55,5,6.8,49.5,Moderate
EMP_06721,HR,Democratic,3.37,3.33,3.77,2.77,1.0,3,2.0,46.9,Moderate
EMP_06722,Marketing,Democratic,3.54,3.18,3.22,3.48,3.15,3,3.2,35.0,Low
EMP_06723,Product Management,Democratic,3.39,4.04,2.97,2.99,1.65,3,1.2,46.7,Moderate
EMP_06724,HR,Autocratic/Micromanagement,3.02,3.83,2.43,3.99,2.66,4,2.1,35.4,Low
EMP_06725,Engineering,Supportive,4.87,3.58,3.67,3.17,2.02,4,2.0,59.4,Moderate
EMP_06726,Sales,Supportive,4.61,3.65,3.06,3.0,2.7,5,1.0,52.4,Moderate
EMP_06727,Product Management,Supportive,4.05,4.71,2.96,4.15,2.02,3,3.1,55.4,Moderate
EMP_06728,Marketing,Democratic,3.1,4.74,1.91,3.66,3.08,1,1.1,38.9,Low
EMP_06729,Data Science,Supportive,4.08,4.09,3.51,3.48,2.32,4,1.8,55.2,Moderate
EMP_06730,HR,Democratic,4.42,4.77,2.94,3.72,1.76,5,0.5,44.4,Low
EMP_06731,Sales,Democratic,4.11,5.0,2.51,3.73,1.0,4,3.2,51.5,Moderate
EMP_06732,Engineering,Supportive,3.75,4.38,2.81,3.48,2.4,2,1.1,68.9,Moderate
EMP_06733,Product Management,Autocratic/Micromanagement,4.38,3.71,3.3,3.69,1.46,3,1.2,24.1,Low
EMP_06734,Engineering,Autocratic/Micromanagement,3.78,3.96,2.78,4.33,1.88,5,11.3,47.0,Moderate
EMP_06735,Engineering,Democratic,3.62,4.36,3.38,4.71,2.85,3,0.5,54.8,Moderate
EMP_06736,Product Management,Democratic,3.42,3.82,3.5,2.68,3.81,5,1.8,37.0,Low
EMP_06737,Engineering,Supportive,4.52,3.93,2.12,4.6,1.8,2,0.6,56.1,Moderate
EMP_06738,Engineering,Autocratic/Micromanagement,4.02,4.55,2.91,2.68,1.79,5,0.7,50.5,Moderate
EMP_06739,Sales,Supportive,3.67,3.44,2.37,4.37,2.33,3,2.1,39.2,Low
EMP_06740,Engineering,Democratic,4.81,4.21,3.51,3.85,1.4,1,1.5,57.2,Moderate
EMP_06741,Sales,Democratic,3.24,3.73,4.2,2.56,2.14,2,1.3,53.0,Moderate
EMP_06742,Data Science,Supportive,4.44,3.09,3.1,4.57,2.22,4,8.5,59.3,Moderate
EMP_06743,Engineering,Supportive,4.09,3.82,3.76,2.57,2.63,5,10.6,47.5,Moderate
EMP_06744,Engineering,Autocratic/Micromanagement,3.2,3.87,3.12,3.08,2.44,1,4.3,44.6,Low
EMP_06745,Data Science,Autocratic/Micromanagement,3.09,4.48,2.43,3.76,1.0,4,2.3,56.3,Moderate
EMP_06746,Product Management,Supportive,3.57,4.01,3.29,4.27,2.73,2,1.0,47.8,Moderate
EMP_06747,Engineering,Democratic,4.02,3.6,4.58,3.04,1.0,1,0.5,54.2,Moderate
EMP_06748,HR,Democratic,4.81,4.74,4.96,3.36,2.11,4,6.5,48.3,Moderate
EMP_06749,Engineering,Democratic,3.75,4.65,3.0,3.55,2.59,4,0.5,52.6,Moderate
EMP_06750,Engineering,Autocratic/Micromanagement,3.63,4.31,2.36,3.23,1.59,4,1.1,65.8,Moderate
EMP_06751,Sales,Autocratic/Micromanagement,4.19,4.2,2.27,2.35,2.52,3,0.5,7.3,Low
EMP_06752,Marketing,Autocratic/Micromanagement,3.88,4.4,3.12,4.66,1.2,2,6.2,47.2,Moderate
EMP_06753,Marketing,Democratic,3.69,4.12,2.94,3.85,1.62,4,15.7,48.3,Moderate
EMP_06754,Data Science,Supportive,3.57,3.44,3.33,4.36,1.25,1,1.5,51.8,Moderate
EMP_06755,HR,Supportive,3.43,4.44,2.44,4.46,2.91,2,1.8,48.2,Moderate
EMP_06756,Sales,Democratic,4.19,2.9,4.02,3.63,3.72,5,0.5,60.6,Moderate
EMP_06757,Product Management,Supportive,3.98,2.89,2.62,2.29,2.5,1,1.1,44.3,Low
EMP_06758,Marketing,Supportive,2.77,4.02,2.33,4.31,1.73,2,6.3,50.8,Moderate
EMP_06759,Data Science,Supportive,4.67,4.0,3.29,3.37,3.11,4,0.5,48.1,Moderate
EMP_06760,Product Management,Democratic,5.0,3.41,3.56,3.01,2.55,4,6.8,41.4,Low
EMP_06761,Sales,Supportive,3.5,4.0,2.87,3.69,3.04,4,0.5,45.6,Moderate
EMP_06762,Engineering,Democratic,2.7,4.33,2.49,3.59,1.0,5,7.2,68.0,Moderate
EMP_06763,Engineering,Democratic,4.34,4.05,2.55,4.31,2.77,4,2.7,35.4,Low
EMP_06764,Marketing,Autocratic/Micromanagement,3.21,4.65,2.05,5.0,2.36,5,0.9,42.5,Low
EMP_06765,Data Science,Supportive,3.14,4.22,3.74,3.93,2.93,3,10.7,57.1,Moderate
EMP_06766,Sales,Democratic,4.24,4.18,2.39,3.41,3.11,2,0.5,15.2,Low
EMP_06767,Engineering,Democratic,4.44,4.0,4.87,3.13,1.0,3,0.5,45.1,Moderate
EMP_06768,Engineering,Supportive,3.54,4.15,3.22,4.76,1.9,4,4.5,59.6,Moderate
EMP_06769,Product Management,Supportive,3.55,3.63,3.3,3.58,2.27,4,1.7,50.0,Moderate
EMP_06770,Sales,Autocratic/Micromanagement,2.8,4.26,3.55,3.11,3.03,1,1.3,48.0,Moderate
EMP_06771,Data Science,Supportive,4.27,3.92,3.17,2.7,2.19,5,0.6,50.8,Moderate
EMP_06772,Engineering,Supportive,3.05,3.87,3.68,3.21,3.85,5,11.5,41.7,Low
EMP_06773,Product Management,Supportive,3.66,3.6,4.39,4.54,1.64,3,2.1,65.0,Moderate
EMP_06774,Engineering,Democratic,4.01,3.4,3.4,4.01,2.16,5,2.1,40.9,Low
EMP_06775,Product Management,Supportive,2.98,4.16,2.19,4.13,2.89,4,2.3,48.8,Moderate
EMP_06776,Sales,Supportive,2.8,4.81,2.73,3.08,2.54,4,3.8,47.9,Moderate
EMP_06777,Engineering,Democratic,2.76,3.48,2.86,3.54,2.05,2,1.9,44.7,Low
EMP_06778,Data Science,Democratic,2.23,3.39,3.79,3.2,2.55,4,2.1,42.7,Low
EMP_06779,Sales,Democratic,4.68,4.29,4.23,3.42,3.86,5,1.6,48.5,Moderate
EMP_06780,Data Science,Supportive,4.94,3.57,2.72,3.72,3.19,3,3.5,41.4,Low
EMP_06781,Engineering,Democratic,2.86,3.63,3.13,3.81,3.1,1,0.9,47.0,Moderate
EMP_06782,Engineering,Supportive,4.05,3.33,4.7,3.33,3.92,4,0.9,40.5,Low
EMP_06783,HR,Supportive,2.81,3.55,3.57,3.21,1.0,4,7.1,56.6,Moderate
EMP_06784,Engineering,Autocratic/Micromanagement,3.52,4.18,2.73,3.49,1.68,4,3.6,43.4,Low
EMP_06785,Product Management,Autocratic/Micromanagement,3.5,4.41,4.34,3.72,2.8,3,0.5,38.9,Low
EMP_06786,HR,Autocratic/Micromanagement,2.83,3.55,3.56,3.71,1.87,2,4.0,44.0,Low
EMP_06787,Engineering,Supportive,2.43,4.21,1.96,3.26,2.27,4,2.5,68.4,Moderate
EMP_06788,Sales,Democratic,4.11,3.47,3.64,3.16,2.75,5,9.2,32.7,Low
EMP_06789,HR,Democratic,3.01,3.66,2.62,3.64,1.56,3,3.1,41.2,Low
EMP_06790,Engineering,Democratic,3.89,4.59,2.02,4.05,3.25,3,0.9,56.9,Moderate
EMP_06791,Marketing,Supportive,2.9,3.93,2.2,4.09,2.64,2,5.9,47.5,Moderate
EMP_06792,Marketing,Supportive,3.6,4.69,3.27,3.89,3.72,3,4.4,40.1,Low
EMP_06793,Product Management,Supportive,5.0,4.54,2.83,3.18,2.2,3,3.0,52.3,Moderate
EMP_06794,Engineering,Autocratic/Micromanagement,3.85,3.65,2.61,3.5,3.17,3,0.5,23.5,Low
EMP_06795,Product Management,Democratic,2.55,2.63,4.06,2.27,3.56,2,3.2,44.8,Low
EMP_06796,Engineering,Democratic,3.36,4.29,2.41,3.88,2.75,5,1.9,56.7,Moderate
EMP_06797,Marketing,Autocratic/Micromanagement,3.82,4.55,2.9,3.4,1.0,4,0.5,47.8,Moderate
EMP_06798,Engineering,Democratic,3.25,3.46,2.1,4.71,2.72,3,1.3,34.9,Low
EMP_06799,Engineering,Democratic,4.46,4.14,1.67,4.33,1.8,2,0.5,38.5,Low
EMP_06800,Engineering,Supportive,4.34,4.85,3.64,4.11,2.01,4,4.4,68.5,Moderate
EMP_06801,Product Management,Supportive,3.71,4.0,2.32,3.16,2.71,1,4.8,52.8,Moderate
EMP_06802,Data Science,Supportive,3.31,3.43,3.52,2.78,3.63,4,0.5,50.5,Moderate
EMP_06803,Sales,Democratic,2.95,4.2,2.43,4.15,3.53,3,4.6,22.0,Low
EMP_06804,Sales,Supportive,3.93,4.03,2.91,3.76,1.89,4,0.5,53.0,Moderate
EMP_06805,Product Management,Supportive,3.43,3.87,4.21,3.67,3.26,4,9.3,36.9,Low
EMP_06806,Data Science,Supportive,3.33,4.41,3.19,3.45,1.0,1,0.7,84.4,High
EMP_06807,Data Science,Democratic,4.4,4.29,3.85,3.63,3.7,4,3.0,52.9,Moderate
EMP_06808,Engineering,Supportive,4.12,3.16,3.09,3.07,1.77,1,5.8,53.6,Moderate
EMP_06809,Product Management,Supportive,3.79,4.07,2.36,3.78,1.31,2,6.2,51.9,Moderate
EMP_06810,Sales,Democratic,3.26,2.48,3.47,3.64,2.62,2,4.5,32.7,Low
EMP_06811,Engineering,Democratic,3.54,3.04,1.71,3.87,3.4,5,3.5,31.1,Low
EMP_06812,Sales,Democratic,2.81,3.31,2.97,3.71,2.76,2,0.5,43.0,Low
EMP_06813,Engineering,Supportive,2.4,4.3,3.19,3.37,1.62,3,3.7,72.1,Moderate
EMP_06814,Marketing,Autocratic/Micromanagement,4.49,4.69,3.77,3.29,2.05,4,0.6,32.6,Low
EMP_06815,Data Science,Democratic,3.7,3.12,2.25,3.88,3.34,5,3.7,36.2,Low
EMP_06816,Sales,Autocratic/Micromanagement,3.51,3.68,3.77,4.12,1.7,4,0.9,37.6,Low
EMP_06817,Product Management,Autocratic/Micromanagement,4.19,3.82,2.29,4.15,4.05,3,2.9,16.2,Low
EMP_06818,Sales,Supportive,2.93,4.59,4.08,3.64,2.19,5,3.7,68.3,Moderate
EMP_06819,Engineering,Supportive,3.45,4.94,2.61,3.29,2.65,2,4.2,70.6,Moderate
EMP_06820,Engineering,Autocratic/Micromanagement,4.72,2.99,3.02,3.54,1.83,4,7.9,20.9,Low
EMP_06821,Marketing,Democratic,4.19,3.75,3.03,4.09,1.57,2,2.1,39.0,Low
EMP_06822,HR,Supportive,3.64,3.89,3.41,3.15,3.38,4,0.7,33.1,Low
EMP_06823,Marketing,Supportive,3.92,3.87,3.81,2.27,3.67,3,2.4,46.0,Moderate
EMP_06824,Sales,Democratic,3.76,4.4,2.94,3.63,2.59,4,4.0,46.4,Moderate
EMP_06825,Data Science,Democratic,4.29,3.84,4.09,3.34,2.42,2,3.5,40.0,Low
EMP_06826,Engineering,Democratic,3.18,4.07,5.0,3.57,1.0,1,2.0,50.3,Moderate
EMP_06827,Data Science,Supportive,4.26,3.91,2.72,3.85,2.71,5,10.0,50.6,Moderate
EMP_06828,Marketing,Supportive,3.28,4.02,3.73,3.4,4.09,5,10.8,39.9,Low
EMP_06829,Marketing,Democratic,4.03,3.4,3.7,3.9,2.79,4,1.0,43.7,Low
EMP_06830,Sales,Supportive,3.85,3.59,2.54,4.35,1.47,4,4.0,60.5,Moderate
EMP_06831,Marketing,Democratic,3.5,3.11,3.13,3.74,3.73,4,4.2,41.8,Low
EMP_06832,Sales,Autocratic/Micromanagement,2.67,3.07,4.65,2.99,3.07,3,0.5,50.4,Moderate
EMP_06833,Product Management,Democratic,3.57,4.23,2.25,3.98,1.94,4,3.5,41.4,Low
EMP_06834,HR,Democratic,3.77,3.69,3.01,2.9,2.56,4,0.7,40.6,Low
EMP_06835,Sales,Democratic,3.91,3.56,2.14,3.51,1.0,2,1.5,33.9,Low
EMP_06836,Sales,Supportive,3.91,4.07,4.3,4.79,3.53,4,4.2,57.5,Moderate
EMP_06837,Product Management,Supportive,3.29,4.63,2.74,3.9,3.26,4,14.8,46.0,Moderate
EMP_06838,Product Management,Democratic,3.16,4.54,3.49,3.23,3.61,5,6.8,35.0,Low
EMP_06839,Data Science,Democratic,3.7,3.51,3.78,3.3,3.4,4,0.5,37.1,Low
EMP_06840,Engineering,Autocratic/Micromanagement,4.18,4.77,3.05,3.78,1.84,4,2.6,55.9,Moderate
EMP_06841,Sales,Democratic,4.27,3.42,4.13,3.35,2.84,2,1.7,52.6,Moderate
EMP_06842,Engineering,Supportive,4.05,3.31,2.88,3.68,1.76,5,0.8,54.4,Moderate
EMP_06843,Sales,Supportive,3.64,3.91,2.92,3.79,3.33,5,20.0,44.4,Low
EMP_06844,Sales,Autocratic/Micromanagement,3.8,4.38,3.06,4.43,1.93,3,2.7,43.9,Low
EMP_06845,Engineering,Supportive,3.35,4.06,3.94,5.0,2.73,5,0.6,53.2,Moderate
EMP_06846,Marketing,Democratic,3.83,4.15,2.81,3.14,2.88,2,0.8,41.5,Low
EMP_06847,Engineering,Supportive,4.15,3.07,3.1,3.08,1.51,5,6.2,49.2,Moderate
EMP_06848,Engineering,Supportive,4.4,3.17,3.25,3.83,2.91,3,2.8,38.2,Low
EMP_06849,Marketing,Supportive,4.62,3.94,3.28,2.42,2.24,2,7.8,53.7,Moderate
EMP_06850,Engineering,Democratic,3.51,3.66,2.58,4.13,1.65,4,0.5,40.9,Low
EMP_06851,Product Management,Autocratic/Micromanagement,3.86,4.11,2.42,3.9,3.13,5,0.5,32.6,Low
EMP_06852,Product Management,Democratic,3.62,3.71,3.19,3.76,3.23,3,10.9,33.6,Low
EMP_06853,HR,Democratic,4.49,3.5,3.97,4.17,3.14,4,3.1,46.3,Moderate
EMP_06854,Data Science,Autocratic/Micromanagement,4.67,3.32,3.67,3.95,3.06,3,2.1,12.2,Low
EMP_06855,Sales,Autocratic/Micromanagement,3.63,3.99,3.66,3.85,1.0,1,1.7,45.6,Moderate
EMP_06856,HR,Supportive,2.54,3.98,3.91,4.69,3.37,3,2.5,44.9,Low
EMP_06857,Sales,Supportive,3.33,4.1,3.49,3.33,2.71,2,1.4,55.7,Moderate
EMP_06858,HR,Autocratic/Micromanagement,3.84,3.29,3.43,2.99,1.44,4,0.7,47.3,Moderate
EMP_06859,Engineering,Democratic,4.22,3.9,2.64,3.87,1.69,4,4.4,45.0,Moderate
EMP_06860,Sales,Autocratic/Micromanagement,3.26,2.86,3.1,2.53,1.63,4,8.3,47.8,Moderate
EMP_06861,Sales,Democratic,3.4,2.77,2.83,4.23,2.09,3,9.3,52.7,Moderate
EMP_06862,Data Science,Supportive,3.0,4.11,3.18,2.56,3.74,5,2.2,38.7,Low
EMP_06863,Engineering,Supportive,4.25,4.09,2.42,3.32,3.17,2,7.8,47.8,Moderate
EMP_06864,Product Management,Supportive,5.0,3.28,3.76,2.85,2.34,2,0.6,44.8,Low
EMP_06865,Engineering,Supportive,3.49,4.06,1.65,4.09,2.38,5,1.7,57.5,Moderate
EMP_06866,Marketing,Autocratic/Micromanagement,4.85,4.08,2.81,3.79,1.77,5,0.8,32.9,Low
EMP_06867,Engineering,Supportive,3.75,4.08,2.29,4.67,4.45,4,0.5,40.6,Low
EMP_06868,Marketing,Democratic,4.64,3.36,3.61,3.15,1.86,4,5.2,42.5,Low
EMP_06869,Data Science,Democratic,3.62,3.7,4.59,4.08,1.7,3,1.0,55.2,Moderate
EMP_06870,Engineering,Supportive,4.8,3.46,2.18,3.23,2.06,2,12.2,57.0,Moderate
EMP_06871,Engineering,Supportive,3.38,3.69,4.36,3.87,2.44,4,2.2,45.4,Moderate
EMP_06872,Data Science,Autocratic/Micromanagement,5.0,5.0,3.19,3.39,2.06,1,13.3,38.9,Low
EMP_06873,Marketing,Supportive,4.4,3.96,3.24,3.78,4.63,5,0.7,36.9,Low
EMP_06874,Data Science,Autocratic/Micromanagement,3.45,4.18,2.8,4.47,2.28,1,2.2,46.2,Moderate
EMP_06875,Sales,Autocratic/Micromanagement,4.0,4.14,2.82,4.44,1.15,4,1.6,30.0,Low
EMP_06876,Product Management,Supportive,3.12,4.54,2.33,3.58,2.1,3,1.1,51.4,Moderate
EMP_06877,Sales,Supportive,3.05,2.91,2.41,3.71,3.49,4,3.9,32.5,Low
EMP_06878,Data Science,Democratic,4.2,3.64,2.88,2.74,3.57,2,15.4,36.0,Low
EMP_06879,Engineering,Supportive,4.07,4.05,2.87,3.34,1.87,3,1.1,58.8,Moderate
EMP_06880,Product Management,Supportive,3.85,4.19,3.17,2.67,2.31,3,3.5,45.7,Moderate
EMP_06881,HR,Supportive,3.62,3.26,2.04,4.69,2.43,3,0.8,53.5,Moderate
EMP_06882,Data Science,Democratic,4.15,3.63,2.5,4.64,1.58,3,2.8,50.4,Moderate
EMP_06883,Data Science,Autocratic/Micromanagement,3.53,3.42,3.21,3.13,2.72,1,6.1,46.3,Moderate
EMP_06884,Sales,Supportive,3.93,3.47,4.12,3.71,2.48,4,7.3,72.5,Moderate
EMP_06885,Marketing,Supportive,3.44,4.62,2.95,3.35,3.33,4,1.8,48.6,Moderate
EMP_06886,Marketing,Democratic,3.1,4.41,3.19,3.48,1.88,5,3.8,42.5,Low
EMP_06887,Engineering,Autocratic/Micromanagement,3.66,3.75,3.02,3.98,2.46,3,3.7,38.7,Low
EMP_06888,Engineering,Supportive,2.6,4.3,3.93,3.5,2.61,3,0.5,61.6,Moderate
EMP_06889,Engineering,Democratic,4.29,3.77,3.44,2.94,1.1,5,5.5,55.6,Moderate
EMP_06890,Product Management,Democratic,3.24,3.08,2.99,4.06,2.1,3,0.5,39.8,Low
EMP_06891,Engineering,Democratic,4.45,5.0,2.83,3.57,3.19,3,1.1,62.6,Moderate
EMP_06892,Data Science,Supportive,3.36,3.22,3.86,3.57,1.58,5,1.6,52.5,Moderate
EMP_06893,Engineering,Supportive,3.44,3.48,3.37,3.96,3.22,2,7.2,45.0,Moderate
EMP_06894,Marketing,Democratic,3.95,3.93,2.45,4.74,2.55,3,11.4,40.9,Low
EMP_06895,Sales,Supportive,3.44,4.82,3.65,4.27,1.97,4,1.4,55.6,Moderate
EMP_06896,Product Management,Supportive,4.58,3.64,2.0,3.86,1.44,4,2.9,52.6,Moderate
EMP_06897,Marketing,Democratic,4.53,2.57,2.93,2.95,2.94,4,2.8,44.9,Low
EMP_06898,Engineering,Supportive,3.97,5.0,2.29,2.45,2.09,3,0.5,65.4,Moderate
EMP_06899,Marketing,Autocratic/Micromanagement,3.58,3.31,2.22,2.99,1.87,3,0.5,42.6,Low
EMP_06900,Marketing,Autocratic/Micromanagement,3.83,3.83,1.17,3.84,2.4,5,5.2,49.8,Moderate
EMP_06901,Product Management,Autocratic/Micromanagement,4.39,3.63,2.64,2.93,2.26,4,5.2,21.3,Low
EMP_06902,Engineering,Supportive,3.37,4.41,2.87,3.53,2.02,4,0.8,71.8,Moderate
EMP_06903,Marketing,Supportive,4.34,4.88,2.83,4.01,2.27,5,1.9,52.2,Moderate
EMP_06904,Marketing,Supportive,4.04,4.18,3.42,4.11,1.96,4,8.8,52.1,Moderate
EMP_06905,Engineering,Supportive,3.95,3.3,4.33,4.95,3.24,4,10.6,50.5,Moderate
EMP_06906,Product Management,Democratic,3.68,3.71,3.54,3.77,1.59,3,4.7,48.5,Moderate
EMP_06907,HR,Autocratic/Micromanagement,3.16,3.15,2.13,3.3,1.7,4,4.2,45.1,Moderate
EMP_06908,HR,Supportive,4.34,3.49,4.32,3.08,3.56,3,0.5,48.8,Moderate
EMP_06909,Marketing,Autocratic/Micromanagement,4.49,3.39,3.0,3.75,1.72,1,8.2,16.4,Low
EMP_06910,Marketing,Democratic,3.28,3.12,2.07,4.58,2.34,4,2.5,42.4,Low
EMP_06911,Engineering,Democratic,1.68,3.94,2.43,2.8,2.59,4,6.9,44.8,Low
EMP_06912,Engineering,Supportive,3.76,4.34,3.27,3.43,2.18,3,3.4,68.7,Moderate
EMP_06913,Data Science,Supportive,3.79,4.79,3.84,3.56,3.21,3,2.1,69.6,Moderate
EMP_06914,Data Science,Democratic,3.45,4.14,3.1,4.01,2.75,4,0.7,33.1,Low
EMP_06915,Data Science,Autocratic/Micromanagement,3.29,4.22,3.21,4.24,2.83,5,2.8,55.1,Moderate
EMP_06916,Marketing,Supportive,3.92,4.62,2.12,3.74,2.34,5,0.6,43.8,Low
EMP_06917,HR,Democratic,4.29,5.0,2.79,3.81,3.15,4,8.4,35.1,Low
EMP_06918,Product Management,Supportive,2.69,3.57,2.69,2.84,2.77,4,10.1,46.2,Moderate
EMP_06919,HR,Supportive,5.0,3.57,2.48,3.61,2.87,1,4.1,50.5,Moderate
EMP_06920,Sales,Supportive,4.12,3.41,3.39,3.37,1.28,4,2.7,57.5,Moderate
EMP_06921,HR,Supportive,4.57,3.78,3.02,3.28,3.37,4,0.7,47.3,Moderate
EMP_06922,Engineering,Autocratic/Micromanagement,3.87,4.25,1.11,3.2,2.09,4,1.0,62.9,Moderate
EMP_06923,Data Science,Supportive,4.13,3.74,2.92,3.6,1.04,5,1.7,52.5,Moderate
EMP_06924,Engineering,Autocratic/Micromanagement,4.12,3.57,3.67,2.91,3.06,4,0.5,25.0,Low
EMP_06925,Data Science,Democratic,3.54,4.73,3.68,4.35,2.73,4,5.0,57.7,Moderate
EMP_06926,Product Management,Supportive,4.25,4.48,5.0,2.99,3.34,4,0.5,46.0,Moderate
EMP_06927,Data Science,Democratic,4.51,3.95,4.3,3.34,2.3,4,20.0,45.9,Moderate
EMP_06928,HR,Democratic,3.9,3.33,2.35,3.91,2.77,5,3.4,35.6,Low
EMP_06929,Engineering,Democratic,3.4,4.15,3.82,2.82,3.8,4,1.9,39.1,Low
EMP_06930,Data Science,Autocratic/Micromanagement,4.59,3.13,3.2,2.78,1.43,4,0.5,29.6,Low
EMP_06931,HR,Democratic,3.59,4.24,2.63,4.13,2.11,1,0.5,41.3,Low
EMP_06932,Engineering,Supportive,4.48,3.41,3.31,4.0,4.12,5,3.3,35.9,Low
EMP_06933,HR,Democratic,3.19,3.6,3.67,3.87,3.34,5,4.4,38.7,Low
EMP_06934,Engineering,Supportive,4.02,3.95,2.02,2.95,3.65,4,0.7,47.3,Moderate
EMP_06935,Marketing,Democratic,3.34,4.6,3.32,3.95,2.55,3,10.7,41.4,Low
EMP_06936,Sales,Democratic,4.44,4.45,3.15,3.95,2.19,1,1.9,40.2,Low
EMP_06937,Product Management,Supportive,3.37,4.89,1.47,3.4,2.0,4,5.4,47.1,Moderate
EMP_06938,Data Science,Democratic,3.37,3.8,2.58,4.09,2.64,5,8.9,42.8,Low
EMP_06939,Data Science,Democratic,4.09,3.88,3.05,2.73,2.13,3,13.0,45.1,Moderate
EMP_06940,Data Science,Democratic,4.41,4.41,4.22,3.37,2.24,3,6.4,63.8,Moderate
EMP_06941,Engineering,Supportive,3.71,3.16,2.79,4.37,2.78,3,0.9,41.1,Low
EMP_06942,Product Management,Autocratic/Micromanagement,4.47,3.53,3.14,3.05,3.64,4,2.7,20.7,Low
EMP_06943,HR,Supportive,3.41,3.65,2.9,4.16,2.02,5,5.5,48.8,Moderate
EMP_06944,Product Management,Autocratic/Micromanagement,4.88,4.18,4.1,4.65,2.71,1,5.6,29.6,Low
EMP_06945,Engineering,Supportive,3.94,4.15,2.26,3.24,2.37,4,8.6,42.2,Low
EMP_06946,HR,Supportive,3.83,3.25,1.08,2.68,3.37,3,2.9,45.9,Moderate
EMP_06947,Marketing,Autocratic/Micromanagement,3.35,4.01,4.53,3.66,2.8,5,3.4,33.7,Low
EMP_06948,Engineering,Supportive,3.44,3.63,3.78,3.24,1.64,4,3.6,50.3,Moderate
EMP_06949,Engineering,Supportive,4.53,3.67,3.05,3.71,2.28,4,6.7,49.6,Moderate
EMP_06950,Product Management,Supportive,3.17,3.71,4.18,3.12,2.17,4,1.6,46.1,Moderate
EMP_06951,Product Management,Supportive,4.68,3.71,2.54,2.88,2.47,4,0.5,56.8,Moderate
EMP_06952,HR,Supportive,3.52,2.69,3.29,3.29,4.09,1,2.6,42.7,Low
EMP_06953,HR,Democratic,3.56,3.99,3.91,3.47,1.84,4,2.7,54.5,Moderate
EMP_06954,Engineering,Autocratic/Micromanagement,3.99,4.53,3.52,3.21,2.4,1,1.7,58.3,Moderate
EMP_06955,Marketing,Supportive,4.14,3.35,3.59,2.3,2.84,3,1.4,48.1,Moderate
EMP_06956,Sales,Supportive,3.6,4.11,2.92,4.24,2.49,1,0.8,51.8,Moderate
EMP_06957,Engineering,Democratic,4.55,2.43,3.38,3.27,3.32,4,0.5,35.3,Low
EMP_06958,Engineering,Democratic,4.15,4.61,3.94,2.9,1.97,1,5.1,55.0,Moderate
EMP_06959,Engineering,Democratic,3.83,3.44,2.66,4.19,1.94,3,8.0,44.9,Low
EMP_06960,Engineering,Democratic,4.54,4.51,2.47,4.3,1.63,5,0.5,55.0,Moderate
EMP_06961,Engineering,Supportive,3.04,4.41,3.41,3.71,1.0,2,10.1,70.7,Moderate
EMP_06962,Sales,Supportive,2.97,4.38,2.89,3.88,2.41,3,5.4,50.2,Moderate
EMP_06963,Engineering,Democratic,3.52,3.76,4.05,3.84,2.61,4,1.3,36.2,Low
EMP_06964,Engineering,Supportive,4.24,3.94,3.27,3.17,2.27,4,1.0,50.4,Moderate
EMP_06965,Sales,Autocratic/Micromanagement,3.05,4.46,3.37,3.53,1.58,3,8.1,46.9,Moderate
EMP_06966,Engineering,Autocratic/Micromanagement,4.86,4.11,3.62,3.94,3.3,4,2.4,17.4,Low
EMP_06967,Marketing,Democratic,3.12,3.3,3.39,4.0,1.3,5,1.0,57.9,Moderate
EMP_06968,Data Science,Supportive,3.0,3.68,3.92,4.03,2.32,4,0.8,56.5,Moderate
EMP_06969,HR,Supportive,4.33,4.27,2.92,4.95,3.9,5,2.8,40.8,Low
EMP_06970,Engineering,Democratic,2.89,3.69,2.57,3.05,3.55,5,5.2,35.0,Low
EMP_06971,Product Management,Democratic,2.95,3.51,3.17,3.01,2.77,4,0.9,37.0,Low
EMP_06972,Marketing,Democratic,3.5,3.94,4.6,4.44,2.39,5,3.4,49.8,Moderate
EMP_06973,Product Management,Supportive,3.35,3.95,2.97,4.28,1.55,4,7.8,59.2,Moderate
EMP_06974,Sales,Supportive,3.97,4.1,2.99,3.7,1.75,5,3.4,50.0,Moderate
EMP_06975,Engineering,Democratic,3.33,3.57,3.09,3.26,3.13,4,1.5,50.7,Moderate
EMP_06976,Marketing,Democratic,2.99,4.11,3.7,4.85,2.38,5,3.3,39.5,Low
EMP_06977,Engineering,Supportive,4.83,4.34,4.73,2.87,2.96,3,5.7,58.4,Moderate
EMP_06978,Product Management,Supportive,4.11,4.94,3.13,3.87,2.36,3,4.7,50.2,Moderate
EMP_06979,Sales,Supportive,1.94,4.08,2.92,4.38,3.8,5,1.0,39.9,Low
EMP_06980,Engineering,Autocratic/Micromanagement,3.51,4.03,3.05,4.06,1.4,4,0.5,53.6,Moderate
EMP_06981,Product Management,Supportive,3.23,4.47,3.8,3.8,2.01,4,9.2,60.8,Moderate
EMP_06982,Product Management,Democratic,4.17,3.57,3.2,4.13,2.65,4,0.8,43.9,Low
EMP_06983,Sales,Supportive,5.0,3.48,3.48,3.96,2.16,3,3.8,58.0,Moderate
EMP_06984,Product Management,Democratic,3.51,4.0,3.73,3.18,2.54,4,2.1,44.4,Low
EMP_06985,Product Management,Democratic,4.15,4.83,1.92,3.7,3.24,1,3.4,35.8,Low
EMP_06986,Sales,Democratic,3.69,3.73,3.18,3.59,2.93,3,2.2,40.9,Low
EMP_06987,Product Management,Supportive,4.18,3.86,3.09,3.82,3.03,4,7.0,56.1,Moderate
EMP_06988,HR,Democratic,3.57,3.34,2.42,3.8,2.85,4,5.0,43.5,Low
EMP_06989,HR,Democratic,4.38,3.24,3.67,4.77,1.8,3,7.8,51.3,Moderate
EMP_06990,Marketing,Supportive,3.84,3.21,3.68,3.33,3.18,5,2.4,51.1,Moderate
EMP_06991,Data Science,Autocratic/Micromanagement,3.16,4.97,3.65,3.46,2.8,5,1.1,61.0,Moderate
EMP_06992,Engineering,Autocratic/Micromanagement,3.85,4.43,3.45,3.8,2.21,3,1.9,55.7,Moderate
EMP_06993,Marketing,Supportive,4.12,4.24,3.28,4.07,3.66,4,5.0,43.3,Low
EMP_06994,Sales,Democratic,4.24,3.97,2.63,2.8,1.79,4,3.4,46.1,Moderate
EMP_06995,Product Management,Supportive,4.01,4.67,3.33,3.4,2.43,5,3.3,53.9,Moderate
EMP_06996,Sales,Supportive,3.65,3.36,2.17,2.56,3.92,4,1.7,31.5,Low
EMP_06997,HR,Supportive,3.15,4.14,3.33,3.45,2.59,3,4.1,45.7,Moderate
EMP_06998,Data Science,Democratic,3.51,3.97,2.76,3.45,3.44,3,3.2,36.6,Low
EMP_06999,Sales,Autocratic/Micromanagement,2.71,3.55,4.54,3.4,2.67,4,2.6,50.7,Moderate
EMP_07000,Engineering,Supportive,3.73,3.22,3.26,4.3,1.93,4,3.6,58.9,Moderate
EMP_07001,Marketing,Democratic,2.91,4.6,3.2,3.4,1.6,5,1.6,47.1,Moderate
EMP_07002,Engineering,Autocratic/Micromanagement,3.83,3.61,3.7,4.01,3.36,2,2.7,40.3,Low
EMP_07003,Data Science,Autocratic/Micromanagement,3.91,3.85,3.33,3.71,3.9,2,1.4,34.9,Low
EMP_07004,Engineering,Democratic,4.56,4.36,3.83,2.98,1.67,5,5.5,65.1,Moderate
EMP_07005,Engineering,Supportive,2.28,2.96,1.95,4.46,2.42,5,0.5,55.1,Moderate
EMP_07006,Engineering,Democratic,4.1,3.65,4.06,2.05,2.97,3,9.1,45.9,Moderate
EMP_07007,Data Science,Supportive,3.85,4.27,2.9,4.63,1.58,3,1.7,70.2,Moderate
EMP_07008,Data Science,Democratic,3.34,4.3,3.6,3.46,1.03,3,0.5,66.5,Moderate
EMP_07009,Engineering,Democratic,3.93,3.01,4.51,4.29,2.72,4,5.9,37.0,Low
EMP_07010,Sales,Democratic,3.26,3.7,3.01,3.23,2.22,4,12.7,52.7,Moderate
EMP_07011,Engineering,Supportive,4.28,4.55,3.27,5.0,2.62,5,14.7,56.5,Moderate
EMP_07012,HR,Supportive,3.36,4.56,3.24,3.82,1.4,3,12.3,60.2,Moderate
EMP_07013,Data Science,Democratic,3.65,3.68,3.37,3.11,1.0,4,1.2,46.9,Moderate
EMP_07014,Sales,Democratic,3.2,3.92,3.57,3.63,2.73,2,10.0,44.5,Low
EMP_07015,Data Science,Democratic,3.29,4.99,3.9,3.9,2.73,5,12.9,54.3,Moderate
EMP_07016,Sales,Democratic,5.0,3.78,2.93,2.11,2.71,4,5.1,48.4,Moderate
EMP_07017,Sales,Autocratic/Micromanagement,2.4,4.47,3.65,3.73,3.08,4,2.3,47.3,Moderate
EMP_07018,Product Management,Supportive,3.67,4.0,4.38,3.48,2.84,3,6.0,48.8,Moderate
EMP_07019,Sales,Democratic,3.06,4.16,3.42,2.7,2.81,4,0.6,47.1,Moderate
EMP_07020,Sales,Supportive,3.9,3.81,3.25,3.15,3.07,4,9.9,49.6,Moderate
EMP_07021,Engineering,Supportive,4.98,4.62,2.61,4.37,3.16,5,0.7,64.0,Moderate
EMP_07022,Marketing,Autocratic/Micromanagement,4.29,4.67,1.74,2.79,2.06,4,4.0,25.3,Low
EMP_07023,Engineering,Democratic,3.11,4.9,3.03,4.05,1.0,4,0.5,58.6,Moderate
EMP_07024,Marketing,Supportive,3.63,4.18,2.82,3.37,2.72,5,5.2,49.1,Moderate
EMP_07025,HR,Democratic,4.2,3.61,2.55,3.59,2.12,4,0.5,37.5,Low
EMP_07026,Sales,Democratic,4.64,3.61,3.45,3.09,2.99,4,3.3,44.8,Low
EMP_07027,Product Management,Supportive,4.89,4.71,3.33,3.3,2.62,3,13.6,58.0,Moderate
EMP_07028,Sales,Supportive,4.2,4.27,3.23,3.96,3.05,4,1.7,43.8,Low
EMP_07029,Data Science,Autocratic/Micromanagement,4.03,4.24,2.93,4.38,1.97,3,2.4,42.0,Low
EMP_07030,Marketing,Supportive,3.5,2.86,2.9,4.47,1.23,3,2.8,51.3,Moderate
EMP_07031,Engineering,Democratic,5.0,3.82,3.29,4.32,3.58,4,3.2,29.8,Low
EMP_07032,Marketing,Supportive,3.56,3.8,2.47,4.17,4.84,4,2.1,40.7,Low
EMP_07033,Marketing,Democratic,5.0,2.73,3.23,4.19,2.96,4,5.3,39.9,Low
EMP_07034,Engineering,Democratic,3.86,4.64,3.57,4.44,2.97,5,6.1,52.0,Moderate
EMP_07035,HR,Democratic,3.74,4.51,2.63,5.0,2.59,2,2.2,45.5,Moderate
EMP_07036,Marketing,Autocratic/Micromanagement,3.25,4.3,3.9,4.44,3.79,4,5.3,33.3,Low
EMP_07037,Engineering,Democratic,3.59,3.49,3.15,3.59,2.86,5,8.4,48.6,Moderate
EMP_07038,Marketing,Supportive,3.97,3.98,4.26,3.31,2.05,3,3.5,54.9,Moderate
EMP_07039,Engineering,Supportive,4.14,4.46,3.97,3.73,3.07,3,1.2,58.4,Moderate
EMP_07040,Engineering,Supportive,3.92,3.61,3.87,3.88,2.42,5,3.0,48.4,Moderate
EMP_07041,Engineering,Supportive,3.14,3.52,3.24,3.71,1.0,3,0.7,68.0,Moderate
EMP_07042,Product Management,Supportive,3.56,3.98,3.31,3.68,3.45,4,0.8,38.9,Low
EMP_07043,Marketing,Democratic,3.19,3.53,4.14,3.99,2.16,3,0.9,46.6,Moderate
EMP_07044,Engineering,Supportive,4.04,3.78,3.03,3.35,4.04,4,0.9,34.5,Low
EMP_07045,Sales,Supportive,3.37,3.95,3.13,3.59,3.65,2,0.9,38.3,Low
EMP_07046,Engineering,Democratic,4.11,4.0,2.42,3.52,3.13,3,3.5,43.1,Low
EMP_07047,Engineering,Supportive,4.1,4.84,2.61,2.19,3.5,5,20.0,59.6,Moderate
EMP_07048,Sales,Democratic,3.65,3.7,2.79,4.43,2.74,3,0.5,38.7,Low
EMP_07049,Data Science,Supportive,3.03,3.32,3.39,3.37,4.1,5,9.2,41.2,Low
EMP_07050,Marketing,Democratic,2.72,4.38,3.04,4.3,4.16,4,1.7,33.4,Low
EMP_07051,Product Management,Supportive,3.63,3.57,2.3,3.64,1.0,5,3.8,60.6,Moderate
EMP_07052,Marketing,Autocratic/Micromanagement,3.14,4.19,3.98,3.83,1.22,5,3.9,48.8,Moderate
EMP_07053,Product Management,Autocratic/Micromanagement,3.17,2.35,2.5,3.92,2.96,4,0.7,38.4,Low
EMP_07054,Marketing,Democratic,3.89,3.1,1.82,4.31,3.05,4,1.4,42.4,Low
EMP_07055,Engineering,Democratic,4.09,3.6,2.99,3.55,1.96,5,3.0,37.0,Low
EMP_07056,Product Management,Supportive,3.25,4.35,3.16,2.46,2.42,5,2.2,50.3,Moderate
EMP_07057,Sales,Democratic,4.02,2.65,2.16,3.34,2.55,4,0.7,28.1,Low
EMP_07058,Marketing,Supportive,3.93,3.31,3.68,3.33,2.46,3,2.4,49.8,Moderate
EMP_07059,Marketing,Autocratic/Micromanagement,4.01,4.11,3.36,4.5,2.32,1,3.4,22.8,Low
EMP_07060,Sales,Democratic,4.24,3.93,2.19,3.28,3.3,4,2.3,24.7,Low
EMP_07061,Sales,Democratic,4.12,3.84,3.19,3.22,1.87,5,2.8,38.9,Low
EMP_07062,Sales,Supportive,3.55,2.69,4.0,3.5,3.9,3,9.3,50.3,Moderate
EMP_07063,Sales,Autocratic/Micromanagement,4.93,3.44,3.55,3.45,3.46,4,2.7,15.0,Low
EMP_07064,Marketing,Democratic,4.28,3.26,2.19,3.4,2.39,3,2.9,42.3,Low
EMP_07065,Engineering,Democratic,4.11,3.57,2.49,4.33,2.96,3,9.1,42.9,Low
EMP_07066,Marketing,Democratic,3.7,3.31,2.91,3.99,2.23,5,1.2,42.9,Low
EMP_07067,Product Management,Supportive,2.8,4.84,2.45,3.9,2.64,2,10.2,51.0,Moderate
EMP_07068,Marketing,Supportive,3.79,3.84,2.42,4.46,2.54,5,5.1,55.0,Moderate
EMP_07069,Product Management,Democratic,3.54,4.83,3.59,4.67,1.07,4,7.5,57.9,Moderate
EMP_07070,Data Science,Supportive,3.37,4.91,3.67,4.97,3.26,3,3.9,63.9,Moderate
EMP_07071,Sales,Democratic,4.02,3.63,3.45,3.6,2.34,4,3.6,38.9,Low
EMP_07072,Sales,Democratic,4.06,2.89,3.74,4.62,1.45,4,5.3,51.2,Moderate
EMP_07073,Engineering,Democratic,2.93,3.39,3.6,4.22,2.4,4,3.0,45.9,Moderate
EMP_07074,Marketing,Supportive,3.42,3.56,3.77,4.11,1.05,4,1.7,58.3,Moderate
EMP_07075,Marketing,Democratic,3.76,3.99,3.88,2.2,1.96,4,1.8,45.6,Moderate
EMP_07076,Data Science,Autocratic/Micromanagement,2.84,4.07,1.59,3.72,3.82,2,0.5,34.4,Low
EMP_07077,Product Management,Democratic,4.03,2.84,3.63,3.55,3.24,3,2.4,40.5,Low
EMP_07078,HR,Supportive,3.1,4.04,3.97,3.88,1.0,5,5.9,51.9,Moderate
EMP_07079,Engineering,Democratic,3.59,3.17,3.15,2.76,3.29,5,2.5,37.4,Low
EMP_07080,Marketing,Supportive,4.22,3.46,3.95,4.5,3.07,4,10.8,44.5,Low
EMP_07081,Data Science,Autocratic/Micromanagement,3.41,4.27,3.54,3.23,2.29,4,1.9,59.1,Moderate
EMP_07082,Marketing,Autocratic/Micromanagement,4.09,3.74,3.95,3.97,2.77,3,1.8,26.9,Low
EMP_07083,Sales,Supportive,3.6,4.35,3.75,3.36,1.52,5,2.6,57.9,Moderate
EMP_07084,Marketing,Supportive,3.23,4.22,4.32,3.82,2.03,5,1.1,51.6,Moderate
EMP_07085,Marketing,Supportive,3.76,3.65,2.91,4.49,3.26,3,2.0,44.9,Low
EMP_07086,Engineering,Democratic,3.7,3.57,2.22,2.82,4.02,3,1.5,26.8,Low
EMP_07087,Engineering,Supportive,4.81,4.16,4.02,4.06,3.77,2,0.5,51.7,Moderate
EMP_07088,Engineering,Supportive,4.85,3.5,4.17,4.13,3.23,5,0.5,44.0,Low
EMP_07089,Sales,Autocratic/Micromanagement,4.2,4.16,3.69,4.07,1.0,3,0.8,26.4,Low
EMP_07090,Product Management,Supportive,4.38,3.63,2.88,3.96,2.19,4,0.8,51.4,Moderate
EMP_07091,Engineering,Supportive,3.43,2.8,2.31,3.91,3.34,4,0.7,42.7,Low
EMP_07092,Engineering,Supportive,4.03,4.13,4.37,2.76,3.05,4,7.3,52.7,Moderate
EMP_07093,Engineering,Supportive,3.1,4.86,3.03,3.8,1.8,5,9.6,72.3,Moderate
EMP_07094,Engineering,Autocratic/Micromanagement,4.5,4.45,3.3,3.13,2.47,3,6.0,29.8,Low
EMP_07095,Product Management,Autocratic/Micromanagement,3.05,4.21,3.1,3.95,1.8,4,0.5,44.7,Low
EMP_07096,Sales,Democratic,4.11,4.1,3.24,3.62,2.32,3,0.5,41.4,Low
EMP_07097,Sales,Autocratic/Micromanagement,3.52,3.92,2.3,3.92,1.0,4,0.5,31.0,Low
EMP_07098,Engineering,Democratic,3.0,2.66,3.28,3.89,2.63,1,5.3,19.7,Low
EMP_07099,Data Science,Supportive,3.73,3.44,2.87,3.51,3.2,3,1.7,42.8,Low
EMP_07100,Sales,Supportive,3.61,3.95,3.88,3.69,3.0,5,6.9,50.2,Moderate
EMP_07101,Marketing,Supportive,4.02,3.37,3.55,4.01,3.69,3,1.7,43.1,Low
EMP_07102,Sales,Autocratic/Micromanagement,3.57,3.03,2.26,4.15,1.35,4,10.5,30.0,Low
EMP_07103,HR,Democratic,4.2,3.27,3.7,3.5,2.58,5,16.7,45.5,Moderate
EMP_07104,Product Management,Supportive,3.51,4.39,3.67,4.64,1.51,2,1.8,61.0,Moderate
EMP_07105,Data Science,Autocratic/Micromanagement,3.83,3.75,1.71,4.63,2.78,5,3.2,40.1,Low
EMP_07106,Engineering,Supportive,3.85,4.35,3.73,4.45,3.48,1,1.3,60.8,Moderate
EMP_07107,Sales,Supportive,4.08,3.87,3.6,3.44,2.11,3,1.1,52.2,Moderate
EMP_07108,Marketing,Democratic,3.2,4.08,2.62,3.05,3.01,5,9.3,41.3,Low
EMP_07109,Engineering,Democratic,3.53,4.02,3.29,3.5,2.01,5,8.2,45.1,Moderate
EMP_07110,Marketing,Democratic,2.76,4.17,3.12,4.18,3.83,5,5.0,29.3,Low
EMP_07111,Data Science,Supportive,2.84,4.79,2.22,3.26,1.99,4,17.0,79.7,High
EMP_07112,Sales,Supportive,3.12,3.87,2.48,3.17,2.91,5,2.8,23.3,Low
EMP_07113,Data Science,Autocratic/Micromanagement,3.9,2.81,2.56,3.27,2.03,3,4.2,48.3,Moderate
EMP_07114,Sales,Democratic,4.53,4.06,2.59,3.92,2.25,2,4.2,39.0,Low
EMP_07115,Data Science,Supportive,3.82,4.31,2.75,3.61,2.31,3,11.3,66.6,Moderate
EMP_07116,Data Science,Supportive,4.25,4.49,3.22,3.62,2.98,3,1.4,66.2,Moderate
EMP_07117,Sales,Democratic,2.99,3.57,3.07,3.1,3.26,3,0.7,38.5,Low
EMP_07118,Engineering,Democratic,4.56,3.85,1.8,3.32,2.31,3,3.5,52.4,Moderate
EMP_07119,Product Management,Democratic,4.19,3.18,3.04,3.62,2.78,4,5.6,34.0,Low
EMP_07120,HR,Autocratic/Micromanagement,3.62,4.02,2.34,3.51,2.12,5,14.9,43.9,Low
EMP_07121,Engineering,Democratic,3.28,3.23,2.28,3.03,2.15,3,4.2,52.2,Moderate
EMP_07122,HR,Supportive,3.43,4.3,4.67,3.13,2.87,4,0.5,57.2,Moderate
EMP_07123,Sales,Autocratic/Micromanagement,2.45,4.33,2.81,4.65,1.7,4,9.6,45.1,Moderate
EMP_07124,Engineering,Supportive,3.21,4.4,2.94,2.6,2.35,4,3.1,59.4,Moderate
EMP_07125,Sales,Supportive,3.6,3.48,4.01,3.36,3.43,5,1.1,63.6,Moderate
EMP_07126,Engineering,Democratic,3.96,3.62,4.02,3.82,2.54,5,1.2,43.2,Low
EMP_07127,Sales,Supportive,3.15,4.04,1.52,4.02,3.61,2,7.3,30.7,Low
EMP_07128,Engineering,Supportive,3.63,3.51,2.24,3.39,1.87,3,5.0,58.8,Moderate
EMP_07129,Engineering,Democratic,3.32,4.23,4.55,3.74,3.17,4,5.7,55.9,Moderate
EMP_07130,Data Science,Supportive,3.25,4.15,3.11,3.52,2.9,4,3.3,53.5,Moderate
EMP_07131,Sales,Supportive,2.74,4.28,2.84,2.87,1.52,4,2.6,49.9,Moderate
EMP_07132,Marketing,Democratic,3.03,3.91,3.0,4.93,1.56,1,14.4,51.7,Moderate
EMP_07133,Data Science,Supportive,2.68,3.18,3.8,3.13,2.74,4,0.5,48.1,Moderate
EMP_07134,Product Management,Supportive,4.5,4.64,1.55,3.26,2.01,2,0.5,57.2,Moderate
EMP_07135,Marketing,Supportive,4.51,3.7,3.36,3.63,2.36,3,1.7,54.8,Moderate
EMP_07136,Product Management,Supportive,2.94,4.04,3.23,4.11,2.61,2,4.5,45.0,Moderate
EMP_07137,Sales,Supportive,4.02,2.68,2.97,4.08,1.66,5,4.3,59.0,Moderate
EMP_07138,Engineering,Supportive,2.73,4.06,3.12,3.76,1.9,3,2.5,60.3,Moderate
EMP_07139,Engineering,Democratic,2.76,4.43,4.19,3.24,4.3,3,11.9,50.7,Moderate
EMP_07140,Marketing,Democratic,4.2,3.49,3.47,4.06,1.95,2,4.9,40.7,Low
EMP_07141,Product Management,Democratic,4.29,4.29,2.85,3.95,2.56,3,3.1,46.6,Moderate
EMP_07142,Sales,Supportive,2.65,3.82,3.5,4.23,2.25,3,2.9,44.1,Low
EMP_07143,Marketing,Supportive,4.11,4.12,2.27,3.48,2.27,2,4.5,53.5,Moderate
EMP_07144,Data Science,Supportive,3.4,4.13,2.55,4.08,1.0,4,1.6,55.8,Moderate
EMP_07145,Data Science,Autocratic/Micromanagement,4.75,4.05,2.46,3.63,1.93,2,4.3,22.5,Low
EMP_07146,Engineering,Supportive,3.75,4.6,3.71,3.79,2.44,5,0.8,65.2,Moderate
EMP_07147,Sales,Autocratic/Micromanagement,4.07,3.75,1.94,2.59,2.11,2,2.4,1.9,Low
EMP_07148,Sales,Supportive,4.08,3.94,2.41,3.62,2.16,4,0.6,33.7,Low
EMP_07149,Product Management,Supportive,4.21,3.5,3.57,3.76,1.37,5,0.8,52.8,Moderate
EMP_07150,Product Management,Supportive,3.14,3.85,3.41,4.68,1.71,4,8.2,56.7,Moderate
EMP_07151,Sales,Autocratic/Micromanagement,4.03,3.98,4.16,3.19,2.06,2,12.7,33.2,Low
EMP_07152,Engineering,Supportive,4.36,4.07,2.46,3.38,2.67,4,2.0,54.0,Moderate
EMP_07153,HR,Democratic,2.63,4.16,2.71,3.59,2.05,5,10.5,44.4,Low
EMP_07154,Marketing,Democratic,2.55,3.32,1.72,3.33,2.29,4,3.0,44.2,Low
EMP_07155,Marketing,Supportive,3.97,4.17,2.74,3.25,1.57,2,8.3,45.7,Moderate
EMP_07156,Data Science,Democratic,4.46,4.25,4.28,3.48,3.98,4,1.1,49.0,Moderate
EMP_07157,Data Science,Autocratic/Micromanagement,3.5,3.61,3.99,3.88,2.63,2,8.9,42.5,Low
EMP_07158,Marketing,Supportive,2.89,3.75,2.22,3.25,2.93,3,0.5,44.5,Low
EMP_07159,Engineering,Supportive,2.6,3.07,2.86,2.62,2.09,3,2.1,53.3,Moderate
EMP_07160,Product Management,Autocratic/Micromanagement,4.12,4.94,4.31,3.5,3.5,5,0.5,15.0,Low
EMP_07161,Engineering,Democratic,4.74,3.41,4.16,4.23,3.99,2,6.2,22.5,Low
EMP_07162,Engineering,Democratic,3.36,4.4,3.05,2.77,2.77,4,2.2,65.1,Moderate
EMP_07163,Product Management,Supportive,3.57,4.11,2.63,3.7,3.33,4,0.7,47.8,Moderate
EMP_07164,Marketing,Autocratic/Micromanagement,3.55,4.47,2.65,3.67,2.92,1,1.6,39.1,Low
EMP_07165,Sales,Democratic,3.49,4.66,2.27,3.08,4.22,4,5.2,17.4,Low
EMP_07166,Engineering,Supportive,4.98,5.0,1.76,3.62,2.86,4,1.1,61.8,Moderate
EMP_07167,HR,Supportive,4.02,4.44,3.25,4.16,3.02,4,4.0,48.7,Moderate
EMP_07168,Product Management,Democratic,4.1,4.28,3.66,4.13,2.11,3,0.7,43.8,Low
EMP_07169,Engineering,Democratic,5.0,4.64,3.58,4.46,2.49,4,0.5,52.2,Moderate
EMP_07170,Engineering,Democratic,4.31,4.37,3.01,3.45,2.94,3,1.8,46.8,Moderate
EMP_07171,Marketing,Democratic,2.46,4.04,1.47,4.04,2.24,2,6.4,38.9,Low
EMP_07172,Engineering,Supportive,3.15,3.36,3.25,3.07,2.51,3,4.1,43.4,Low
EMP_07173,Marketing,Supportive,3.48,3.67,3.25,3.44,2.14,2,3.2,51.2,Moderate
EMP_07174,Sales,Supportive,3.99,4.04,3.43,4.65,2.73,3,10.0,48.4,Moderate
EMP_07175,Sales,Democratic,3.87,3.48,3.48,3.79,1.99,4,3.9,52.7,Moderate
EMP_07176,Product Management,Democratic,3.16,4.07,2.77,2.69,1.8,4,5.2,45.3,Moderate
EMP_07177,HR,Democratic,3.73,3.2,3.18,3.01,2.65,1,0.8,40.6,Low
EMP_07178,Data Science,Democratic,2.38,3.3,3.2,3.52,1.48,5,3.0,51.8,Moderate
EMP_07179,Engineering,Democratic,2.16,3.58,3.83,3.99,2.89,4,2.7,43.0,Low
EMP_07180,Engineering,Supportive,3.29,3.87,3.93,3.8,2.16,5,4.4,55.1,Moderate
EMP_07181,Marketing,Supportive,3.52,4.56,2.93,4.05,3.32,3,3.7,48.4,Moderate
EMP_07182,Engineering,Supportive,3.96,4.11,2.93,2.69,1.89,3,0.7,50.8,Moderate
EMP_07183,Data Science,Supportive,3.24,4.4,3.24,3.92,2.54,2,0.5,61.5,Moderate
EMP_07184,Sales,Autocratic/Micromanagement,3.85,4.28,4.0,3.48,1.15,5,0.5,66.2,Moderate
EMP_07185,Marketing,Supportive,3.97,4.16,3.19,4.23,1.87,4,7.9,50.3,Moderate
EMP_07186,Marketing,Supportive,4.22,2.73,1.95,4.13,2.09,1,3.0,50.7,Moderate
EMP_07187,Sales,Supportive,3.79,3.25,3.14,3.64,2.51,4,4.2,49.4,Moderate
EMP_07188,Marketing,Supportive,4.14,4.32,2.68,4.55,4.25,1,2.4,37.5,Low
EMP_07189,Marketing,Supportive,4.92,3.85,2.92,3.09,2.39,3,2.0,50.6,Moderate
EMP_07190,Sales,Supportive,3.19,4.43,3.0,3.6,1.75,2,0.5,60.4,Moderate
EMP_07191,Engineering,Autocratic/Micromanagement,4.53,3.69,3.53,2.43,3.7,4,1.9,24.8,Low
EMP_07192,Engineering,Supportive,4.78,3.24,3.75,2.93,1.95,3,3.8,49.1,Moderate
EMP_07193,Engineering,Autocratic/Micromanagement,3.06,4.97,2.24,4.46,1.42,5,2.8,66.1,Moderate
EMP_07194,Sales,Supportive,4.17,4.16,3.37,2.65,2.22,4,0.5,52.8,Moderate
EMP_07195,Product Management,Autocratic/Micromanagement,3.97,3.98,2.14,3.96,2.46,5,2.4,46.6,Moderate
EMP_07196,Marketing,Supportive,3.77,3.13,3.29,2.37,2.07,4,0.8,48.6,Moderate
EMP_07197,Engineering,Autocratic/Micromanagement,2.48,3.37,1.68,3.49,3.44,1,1.4,32.7,Low
EMP_07198,Sales,Democratic,3.92,3.09,3.31,4.49,3.35,3,19.0,38.9,Low
EMP_07199,Marketing,Democratic,4.33,2.75,2.24,4.08,1.97,1,3.8,46.2,Moderate
EMP_07200,Engineering,Democratic,1.64,3.04,3.45,3.76,2.52,5,4.3,39.8,Low
EMP_07201,Engineering,Supportive,3.61,4.33,2.86,3.85,2.32,5,1.1,64.0,Moderate
EMP_07202,Sales,Supportive,3.43,3.67,2.99,3.84,1.98,5,6.8,55.9,Moderate
EMP_07203,Engineering,Democratic,4.26,3.76,3.08,2.36,3.59,5,0.5,41.2,Low
EMP_07204,Product Management,Autocratic/Micromanagement,3.45,4.29,3.18,3.61,1.4,3,0.5,52.9,Moderate
EMP_07205,Engineering,Democratic,3.76,4.2,3.59,3.07,3.3,1,17.0,54.8,Moderate
EMP_07206,Sales,Democratic,4.65,4.23,3.03,3.24,2.64,3,0.9,47.2,Moderate
EMP_07207,Engineering,Supportive,3.7,3.2,3.29,2.87,3.16,4,1.1,46.7,Moderate
EMP_07208,Engineering,Supportive,4.54,3.88,3.06,3.25,1.64,3,0.8,56.9,Moderate
EMP_07209,Engineering,Autocratic/Micromanagement,3.77,4.22,2.54,3.64,1.89,4,15.9,61.5,Moderate
EMP_07210,Sales,Supportive,3.51,5.0,3.06,3.31,2.47,4,16.4,48.1,Moderate
EMP_07211,Sales,Supportive,3.35,3.4,3.48,4.65,2.78,5,1.4,53.6,Moderate
EMP_07212,Product Management,Supportive,4.37,4.02,3.13,4.29,1.0,3,3.2,54.8,Moderate
EMP_07213,Sales,Democratic,4.22,3.95,3.59,2.16,2.76,5,2.4,42.0,Low
EMP_07214,HR,Democratic,3.96,4.17,4.29,3.77,2.13,4,1.8,45.1,Moderate
EMP_07215,Marketing,Supportive,3.03,4.05,1.0,3.79,1.65,1,20.0,51.8,Moderate
EMP_07216,Marketing,Supportive,4.31,4.06,3.5,4.32,2.14,4,5.0,57.5,Moderate
EMP_07217,Marketing,Supportive,5.0,3.84,3.91,3.5,3.05,5,0.5,51.5,Moderate
EMP_07218,Sales,Autocratic/Micromanagement,4.62,3.1,2.7,4.14,3.44,4,1.4,16.7,Low
EMP_07219,Product Management,Democratic,4.71,3.1,3.26,3.74,2.04,4,4.8,47.5,Moderate
EMP_07220,Engineering,Democratic,4.01,3.13,3.16,3.77,2.36,5,1.3,49.7,Moderate
EMP_07221,Sales,Supportive,3.06,3.08,3.41,2.75,2.95,4,1.2,49.7,Moderate
EMP_07222,HR,Supportive,4.32,4.1,1.91,2.9,2.96,1,9.3,47.8,Moderate
EMP_07223,Engineering,Democratic,2.62,4.27,2.86,3.66,2.7,3,1.0,56.9,Moderate
EMP_07224,Data Science,Democratic,3.57,3.64,4.23,2.89,2.74,4,2.6,35.2,Low
EMP_07225,Marketing,Democratic,3.8,3.84,3.46,3.93,3.07,4,6.7,37.9,Low
EMP_07226,Product Management,Supportive,3.36,4.55,3.11,4.4,1.55,5,18.1,51.4,Moderate
EMP_07227,Sales,Democratic,4.81,3.46,3.78,4.35,1.74,4,5.0,38.3,Low
EMP_07228,Sales,Democratic,4.28,4.2,3.05,3.48,2.56,2,1.9,39.3,Low
EMP_07229,Engineering,Supportive,3.62,3.94,3.3,3.89,1.69,4,1.0,48.4,Moderate
EMP_07230,Data Science,Democratic,3.3,4.12,2.75,3.25,2.14,5,6.5,41.5,Low
EMP_07231,Data Science,Democratic,4.48,3.51,2.18,3.06,3.33,3,2.8,34.1,Low
EMP_07232,Data Science,Supportive,3.68,4.48,2.83,4.61,2.7,4,4.0,57.1,Moderate
EMP_07233,Engineering,Supportive,3.12,3.82,2.96,3.47,2.39,2,3.2,54.7,Moderate
EMP_07234,Marketing,Supportive,3.88,3.83,3.13,2.99,2.01,5,5.7,53.4,Moderate
EMP_07235,HR,Democratic,3.37,4.05,3.29,3.98,4.19,5,2.0,36.7,Low
EMP_07236,Product Management,Autocratic/Micromanagement,3.79,4.4,3.25,3.69,3.47,3,19.3,37.8,Low
EMP_07237,Marketing,Supportive,3.58,3.06,3.16,2.49,2.63,4,1.6,47.3,Moderate
EMP_07238,HR,Democratic,3.53,2.9,5.0,3.69,2.0,4,1.7,41.9,Low
EMP_07239,Engineering,Democratic,3.36,3.71,2.79,3.32,1.11,4,0.5,52.9,Moderate
EMP_07240,Sales,Supportive,3.31,3.5,3.0,4.77,3.33,5,16.9,45.0,Moderate
EMP_07241,Data Science,Supportive,3.92,3.8,2.94,3.78,2.2,4,1.4,42.6,Low
EMP_07242,Product Management,Supportive,3.9,3.63,3.11,4.08,4.08,5,8.4,45.0,Moderate
EMP_07243,Data Science,Supportive,2.96,4.27,3.25,3.54,1.87,4,3.0,72.5,Moderate
EMP_07244,Data Science,Supportive,4.63,4.26,3.74,3.73,2.82,3,1.7,64.9,Moderate
EMP_07245,Engineering,Supportive,3.76,3.14,3.48,3.06,1.71,4,1.3,51.3,Moderate
EMP_07246,Marketing,Supportive,4.01,3.56,2.75,4.31,2.98,3,8.1,51.8,Moderate
EMP_07247,Engineering,Democratic,2.92,4.01,3.73,3.59,1.0,1,0.8,44.1,Low
EMP_07248,Data Science,Autocratic/Micromanagement,4.86,4.47,3.8,3.59,2.91,4,1.7,31.7,Low
EMP_07249,Marketing,Democratic,3.36,3.74,2.32,3.81,3.33,1,3.8,38.4,Low
EMP_07250,Engineering,Democratic,4.44,4.0,2.34,3.39,3.39,3,1.0,37.1,Low
EMP_07251,Engineering,Supportive,3.18,3.26,3.17,3.32,2.4,2,5.8,50.4,Moderate
EMP_07252,Marketing,Democratic,3.82,3.76,3.03,3.61,3.01,4,3.7,40.6,Low
EMP_07253,Sales,Democratic,3.7,4.5,4.32,3.28,2.95,3,1.2,58.3,Moderate
EMP_07254,Sales,Supportive,4.76,4.04,2.35,3.88,1.67,4,1.3,44.6,Low
EMP_07255,Engineering,Democratic,4.03,4.09,3.37,3.92,2.22,4,9.3,43.4,Low
EMP_07256,Sales,Supportive,4.28,3.59,3.99,3.74,2.91,3,8.4,50.9,Moderate
EMP_07257,Data Science,Autocratic/Micromanagement,4.39,4.22,4.03,4.04,1.15,5,1.0,43.7,Low
EMP_07258,Sales,Supportive,3.02,3.87,3.79,3.53,3.59,4,7.0,43.6,Low
EMP_07259,Engineering,Supportive,3.55,4.82,4.27,3.89,1.0,1,2.0,66.2,Moderate
EMP_07260,Engineering,Democratic,4.41,3.88,3.86,3.57,3.31,3,2.6,37.2,Low
EMP_07261,Engineering,Democratic,3.61,2.88,2.59,4.14,2.58,4,13.3,41.6,Low
EMP_07262,Sales,Supportive,4.19,3.55,3.71,3.68,2.35,4,1.0,53.5,Moderate
EMP_07263,Sales,Supportive,3.11,3.31,5.0,3.79,2.26,4,8.9,63.3,Moderate
EMP_07264,HR,Autocratic/Micromanagement,3.41,4.79,3.09,4.09,2.27,1,1.9,41.4,Low
EMP_07265,Sales,Democratic,3.11,3.46,2.11,3.03,4.1,5,1.1,16.1,Low
EMP_07266,Engineering,Democratic,3.33,3.96,2.32,3.74,2.76,2,0.7,41.7,Low
EMP_07267,Sales,Supportive,3.4,4.48,2.59,2.74,2.73,4,5.6,43.2,Low
EMP_07268,Engineering,Supportive,4.37,3.77,1.03,3.51,1.04,4,6.6,54.3,Moderate
EMP_07269,Sales,Autocratic/Micromanagement,4.3,3.57,3.14,3.69,2.85,4,1.3,20.9,Low
EMP_07270,Engineering,Supportive,4.11,4.09,3.45,4.78,2.88,5,0.5,50.1,Moderate
EMP_07271,Data Science,Supportive,3.06,4.52,3.01,2.79,1.87,3,0.5,62.9,Moderate
EMP_07272,Sales,Supportive,4.34,3.35,2.92,3.24,3.04,5,9.6,41.1,Low
EMP_07273,Engineering,Democratic,3.8,4.17,2.08,3.95,2.99,5,4.4,32.5,Low
EMP_07274,Sales,Democratic,3.67,4.73,3.09,4.69,3.11,4,7.8,47.7,Moderate
EMP_07275,HR,Supportive,4.15,4.04,2.68,3.37,2.23,5,4.3,54.0,Moderate
EMP_07276,Data Science,Autocratic/Micromanagement,3.87,3.91,3.34,2.8,2.36,3,3.3,36.9,Low
EMP_07277,Engineering,Supportive,4.09,4.05,2.92,3.51,2.07,2,8.2,50.8,Moderate
EMP_07278,Engineering,Supportive,3.84,4.79,3.48,3.18,1.19,5,1.3,76.2,High
EMP_07279,HR,Supportive,3.5,3.44,2.67,4.46,1.75,4,4.0,50.0,Moderate
EMP_07280,Engineering,Democratic,3.57,4.26,2.24,4.17,3.61,4,3.2,51.8,Moderate
EMP_07281,Data Science,Democratic,3.39,4.12,3.96,4.14,1.43,4,3.7,52.3,Moderate
EMP_07282,Product Management,Supportive,3.37,4.21,2.42,3.06,2.57,3,10.3,56.0,Moderate
EMP_07283,Marketing,Autocratic/Micromanagement,4.24,2.99,2.94,2.93,2.48,1,1.5,25.8,Low
EMP_07284,Product Management,Democratic,3.97,3.13,2.45,3.95,2.95,5,5.3,35.2,Low
EMP_07285,Sales,Supportive,3.15,4.22,4.45,3.66,2.48,4,0.5,64.6,Moderate
EMP_07286,HR,Autocratic/Micromanagement,5.0,4.49,2.53,4.62,2.22,3,1.3,19.2,Low
EMP_07287,Marketing,Supportive,3.57,4.13,3.79,4.49,1.97,5,2.2,50.0,Moderate
EMP_07288,Engineering,Supportive,4.61,3.72,1.43,3.42,3.46,5,9.7,46.5,Moderate
EMP_07289,Product Management,Supportive,4.36,3.64,2.92,3.69,2.55,3,3.5,54.6,Moderate
EMP_07290,Product Management,Democratic,4.16,4.54,2.79,4.37,1.82,1,6.9,46.6,Moderate
EMP_07291,HR,Democratic,4.06,3.34,3.95,3.38,4.02,3,1.0,22.3,Low
EMP_07292,Engineering,Supportive,5.0,3.9,3.26,3.4,3.06,4,4.8,49.1,Moderate
EMP_07293,Sales,Democratic,4.17,3.95,2.4,5.0,2.14,3,2.3,25.1,Low
EMP_07294,Sales,Autocratic/Micromanagement,2.94,3.85,2.32,3.22,1.77,5,0.8,34.7,Low
EMP_07295,Engineering,Democratic,3.35,3.56,3.19,2.72,2.69,3,4.6,42.2,Low
EMP_07296,Data Science,Democratic,3.58,3.4,2.84,4.73,1.0,4,9.3,55.7,Moderate
EMP_07297,Engineering,Autocratic/Micromanagement,4.19,2.23,3.0,3.37,2.94,4,6.2,0.0,Low
EMP_07298,Engineering,Supportive,2.83,4.1,2.0,4.62,3.28,3,2.9,45.9,Moderate
EMP_07299,Engineering,Democratic,4.28,4.29,2.84,2.97,3.33,5,14.6,56.9,Moderate
EMP_07300,Sales,Supportive,3.44,4.64,2.39,4.35,2.55,2,1.4,41.1,Low
EMP_07301,Data Science,Autocratic/Micromanagement,3.28,3.9,3.97,3.65,3.08,3,1.6,42.9,Low
EMP_07302,Sales,Supportive,3.37,4.14,3.92,4.87,2.81,5,0.5,47.3,Moderate
EMP_07303,Sales,Supportive,3.3,4.68,2.8,4.44,2.4,4,2.2,50.4,Moderate
EMP_07304,Marketing,Autocratic/Micromanagement,4.21,3.31,4.07,2.96,3.27,2,2.0,27.2,Low
EMP_07305,Data Science,Autocratic/Micromanagement,3.84,3.99,2.71,3.92,3.28,5,1.8,44.6,Low
EMP_07306,Engineering,Supportive,2.89,2.77,4.62,3.32,3.09,4,1.9,29.7,Low
EMP_07307,Sales,Autocratic/Micromanagement,2.95,3.61,2.81,4.17,2.81,2,5.7,41.4,Low
EMP_07308,HR,Democratic,4.88,4.06,3.31,4.02,2.85,1,1.2,41.1,Low
EMP_07309,Marketing,Supportive,3.89,3.81,1.85,3.3,2.85,4,3.5,49.4,Moderate
EMP_07310,Engineering,Autocratic/Micromanagement,3.87,3.5,3.79,3.4,1.0,4,2.2,52.1,Moderate
EMP_07311,Sales,Supportive,3.24,4.1,2.35,3.84,3.31,5,0.5,30.4,Low
EMP_07312,Sales,Supportive,3.65,3.73,2.35,1.98,2.84,4,9.1,25.8,Low
EMP_07313,Engineering,Supportive,2.25,4.03,3.47,4.25,3.32,1,5.4,43.3,Low
EMP_07314,Data Science,Democratic,3.29,3.37,3.43,3.48,1.35,4,2.0,47.3,Moderate
EMP_07315,Sales,Supportive,3.71,4.17,3.24,2.9,3.18,4,0.5,45.3,Moderate
EMP_07316,Engineering,Supportive,4.13,3.88,2.74,3.51,3.12,3,0.5,45.1,Moderate
EMP_07317,Marketing,Autocratic/Micromanagement,4.0,4.34,3.06,2.83,3.1,2,0.5,19.1,Low
EMP_07318,Engineering,Democratic,3.99,4.69,3.63,3.74,3.59,4,5.9,57.6,Moderate
EMP_07319,HR,Autocratic/Micromanagement,4.4,4.73,2.25,4.18,2.94,4,14.6,23.8,Low
EMP_07320,Data Science,Autocratic/Micromanagement,3.86,4.1,3.61,3.36,1.0,2,0.5,43.4,Low
EMP_07321,Sales,Supportive,4.21,3.87,3.44,4.39,1.66,4,3.2,55.6,Moderate
EMP_07322,Engineering,Supportive,5.0,4.08,2.57,3.2,1.91,4,2.7,48.5,Moderate
EMP_07323,Engineering,Supportive,3.67,4.68,1.51,3.85,3.22,3,1.0,58.4,Moderate
EMP_07324,Marketing,Autocratic/Micromanagement,2.66,4.12,3.54,5.0,2.4,1,5.2,38.0,Low
EMP_07325,Product Management,Autocratic/Micromanagement,3.42,3.95,4.04,3.87,3.66,4,0.5,36.9,Low
EMP_07326,Product Management,Supportive,3.95,3.98,3.75,4.65,2.74,4,0.5,45.3,Moderate
EMP_07327,Data Science,Supportive,4.11,3.87,3.21,3.75,4.14,3,3.1,43.2,Low
EMP_07328,Engineering,Supportive,4.9,3.96,3.58,2.37,3.11,5,15.3,46.6,Moderate
EMP_07329,Data Science,Supportive,3.2,3.68,3.1,4.66,3.95,1,1.1,39.9,Low
EMP_07330,Engineering,Democratic,2.89,5.0,3.1,3.58,2.72,5,5.7,58.6,Moderate
EMP_07331,Product Management,Supportive,3.31,4.21,3.26,2.41,3.84,4,4.9,30.7,Low
EMP_07332,HR,Democratic,3.35,3.37,2.16,3.64,1.67,4,4.5,48.9,Moderate
EMP_07333,Product Management,Democratic,4.2,3.61,2.63,3.29,1.6,3,9.6,45.6,Moderate
EMP_07334,Product Management,Autocratic/Micromanagement,4.42,3.25,2.81,2.11,2.36,2,10.0,23.7,Low
EMP_07335,HR,Supportive,4.54,3.84,3.76,4.29,1.78,2,2.2,60.4,Moderate
EMP_07336,Product Management,Autocratic/Micromanagement,3.48,3.86,3.32,2.55,2.68,4,1.2,42.7,Low
EMP_07337,Sales,Supportive,2.82,3.39,3.31,3.77,2.12,1,1.8,46.7,Moderate
EMP_07338,Data Science,Supportive,2.92,4.46,3.16,3.38,2.79,5,1.3,56.1,Moderate
EMP_07339,Engineering,Democratic,3.92,3.83,2.8,3.73,3.09,5,5.2,31.7,Low
EMP_07340,Data Science,Democratic,3.58,3.67,2.93,3.57,2.49,5,0.7,49.6,Moderate
EMP_07341,Engineering,Democratic,3.57,3.74,3.81,4.16,2.89,4,5.6,37.6,Low
EMP_07342,Engineering,Autocratic/Micromanagement,4.56,3.8,3.64,3.82,2.19,1,0.7,22.3,Low
EMP_07343,Engineering,Autocratic/Micromanagement,3.89,3.76,2.76,4.1,3.31,4,10.2,35.7,Low
EMP_07344,Engineering,Democratic,3.63,3.84,3.96,3.95,2.98,5,1.2,43.0,Low
EMP_07345,Engineering,Supportive,3.82,4.52,2.31,3.59,2.49,1,0.5,73.2,Moderate
EMP_07346,HR,Autocratic/Micromanagement,4.33,4.41,3.39,3.67,2.13,3,9.1,32.2,Low
EMP_07347,Engineering,Democratic,2.9,3.31,3.23,4.22,1.9,5,3.0,46.0,Moderate
EMP_07348,Product Management,Democratic,3.2,3.46,3.49,3.28,2.29,4,0.8,51.0,Moderate
EMP_07349,Product Management,Supportive,5.0,4.34,4.37,3.75,3.85,1,3.8,33.3,Low
EMP_07350,Marketing,Autocratic/Micromanagement,4.33,4.37,4.42,4.22,2.92,5,2.0,25.3,Low
EMP_07351,Marketing,Autocratic/Micromanagement,4.24,3.65,4.38,3.78,1.35,3,2.3,29.9,Low
EMP_07352,Engineering,Supportive,3.7,5.0,2.22,4.2,2.33,4,3.2,67.5,Moderate
EMP_07353,Data Science,Democratic,3.78,3.63,2.49,3.98,1.13,3,2.4,50.8,Moderate
EMP_07354,Engineering,Supportive,3.78,4.12,2.99,3.24,2.34,2,11.5,49.9,Moderate
EMP_07355,Marketing,Supportive,3.06,4.06,3.13,4.08,2.73,4,0.5,49.2,Moderate
EMP_07356,Sales,Democratic,3.83,3.42,3.81,3.39,3.29,5,1.6,33.4,Low
EMP_07357,Engineering,Autocratic/Micromanagement,5.0,3.93,4.38,4.62,1.0,3,1.5,23.8,Low
EMP_07358,Data Science,Democratic,3.08,4.11,3.47,3.38,3.54,3,0.6,34.0,Low
EMP_07359,Engineering,Supportive,3.37,4.03,2.78,3.95,3.34,3,2.2,50.0,Moderate
EMP_07360,Sales,Supportive,3.39,3.63,3.23,3.84,3.38,4,3.2,52.2,Moderate
EMP_07361,Data Science,Supportive,3.21,3.82,3.73,3.0,2.59,5,0.8,53.3,Moderate
EMP_07362,Sales,Autocratic/Micromanagement,4.35,2.91,3.74,3.09,2.6,4,4.9,15.1,Low
EMP_07363,Data Science,Supportive,3.73,3.07,3.74,3.06,1.71,4,0.5,54.8,Moderate
EMP_07364,Engineering,Supportive,4.82,3.51,3.56,3.9,1.94,5,4.4,47.7,Moderate
EMP_07365,Sales,Democratic,4.02,4.67,2.94,3.23,3.18,3,4.0,36.5,Low
EMP_07366,Sales,Democratic,2.75,3.86,2.18,3.94,2.48,2,3.2,29.3,Low
EMP_07367,Marketing,Supportive,2.77,3.95,3.11,3.51,3.53,3,9.8,45.0,Moderate
EMP_07368,Sales,Supportive,4.18,3.94,2.81,3.51,3.61,5,1.9,53.4,Moderate
EMP_07369,Engineering,Autocratic/Micromanagement,3.46,3.57,3.67,4.03,3.57,4,1.6,35.5,Low
EMP_07370,Data Science,Supportive,3.53,3.99,3.12,3.37,2.01,4,0.5,54.7,Moderate
EMP_07371,Engineering,Democratic,3.2,4.58,3.34,3.35,3.05,1,1.2,58.7,Moderate
EMP_07372,Sales,Supportive,3.51,3.48,3.59,3.98,3.21,4,2.1,55.5,Moderate
EMP_07373,Engineering,Democratic,4.18,3.27,2.8,3.12,3.32,4,5.1,42.0,Low
EMP_07374,HR,Supportive,3.67,4.38,2.99,3.05,1.62,4,2.2,51.9,Moderate
EMP_07375,Engineering,Autocratic/Micromanagement,2.95,4.77,2.3,3.64,1.27,4,2.5,63.7,Moderate
EMP_07376,Sales,Supportive,3.43,3.79,3.46,2.0,2.67,3,0.9,52.6,Moderate
EMP_07377,Data Science,Democratic,4.45,2.92,3.82,2.78,2.65,4,20.0,43.7,Low
EMP_07378,Sales,Supportive,3.73,3.32,2.13,2.26,3.37,2,1.8,34.3,Low
EMP_07379,Data Science,Supportive,3.35,4.1,2.8,2.63,1.88,4,3.8,55.8,Moderate
EMP_07380,Engineering,Democratic,3.98,4.0,3.14,3.97,1.0,3,0.5,54.7,Moderate
EMP_07381,Sales,Autocratic/Micromanagement,3.06,3.3,2.31,3.14,1.12,2,13.3,33.3,Low
EMP_07382,Marketing,Autocratic/Micromanagement,2.4,4.19,2.83,3.65,1.0,4,0.5,48.5,Moderate
EMP_07383,Engineering,Supportive,3.92,4.32,2.7,4.74,1.47,4,0.5,68.0,Moderate
EMP_07384,Product Management,Democratic,2.09,3.86,2.15,3.83,2.08,4,0.5,47.6,Moderate
EMP_07385,Marketing,Autocratic/Micromanagement,3.51,4.19,1.73,3.07,1.45,3,11.3,45.1,Moderate
EMP_07386,Data Science,Democratic,3.23,4.72,4.05,3.31,1.0,1,7.1,59.8,Moderate
EMP_07387,Product Management,Democratic,3.49,4.01,3.08,3.58,1.29,4,0.9,56.0,Moderate
EMP_07388,Marketing,Supportive,4.39,3.9,2.31,2.97,3.18,3,3.7,46.3,Moderate
EMP_07389,HR,Democratic,3.07,3.96,2.93,3.69,2.19,5,1.0,47.1,Moderate
EMP_07390,Engineering,Supportive,4.08,3.65,2.7,3.8,3.31,3,2.1,42.3,Low
EMP_07391,Sales,Supportive,4.05,3.06,4.12,4.68,2.71,3,0.9,60.4,Moderate
EMP_07392,Data Science,Democratic,3.53,3.99,3.27,3.57,1.01,2,2.9,47.1,Moderate
EMP_07393,Engineering,Supportive,4.17,3.9,3.32,3.54,2.37,4,2.0,46.8,Moderate
EMP_07394,Sales,Supportive,3.16,2.19,3.67,5.0,2.95,3,2.3,43.0,Low
EMP_07395,Engineering,Autocratic/Micromanagement,3.72,4.72,3.31,4.19,2.36,4,1.8,61.7,Moderate
EMP_07396,Data Science,Supportive,3.63,3.29,2.72,3.78,1.88,4,4.7,55.9,Moderate
EMP_07397,Sales,Supportive,3.77,3.76,3.35,3.46,2.19,2,7.5,49.4,Moderate
EMP_07398,Engineering,Democratic,3.86,4.34,3.51,3.63,2.57,5,10.6,53.7,Moderate
EMP_07399,HR,Democratic,4.16,3.52,3.32,3.79,2.02,1,0.5,39.9,Low
EMP_07400,Product Management,Democratic,3.72,5.0,3.78,3.73,1.95,4,5.1,56.4,Moderate
EMP_07401,Product Management,Democratic,3.69,3.65,3.14,3.51,2.17,2,1.1,52.6,Moderate
EMP_07402,Data Science,Autocratic/Micromanagement,2.61,3.87,3.24,3.36,2.61,3,3.9,41.8,Low
EMP_07403,Data Science,Democratic,3.34,4.39,3.39,4.58,2.54,5,5.0,61.8,Moderate
EMP_07404,Engineering,Supportive,3.12,3.65,3.38,4.23,2.87,4,3.7,44.9,Low
EMP_07405,Engineering,Supportive,4.02,3.71,3.61,2.69,2.81,3,10.7,51.2,Moderate
EMP_07406,Sales,Supportive,3.11,4.45,4.72,3.28,2.27,5,2.4,65.0,Moderate
EMP_07407,Engineering,Supportive,3.73,5.0,3.36,4.35,2.46,4,2.0,71.7,Moderate
EMP_07408,Engineering,Supportive,3.29,3.91,2.64,2.91,3.79,1,0.5,38.3,Low
EMP_07409,Marketing,Democratic,4.78,4.3,4.56,2.37,1.6,3,0.5,55.9,Moderate
EMP_07410,Sales,Democratic,4.22,3.47,3.25,4.63,1.8,5,7.7,48.7,Moderate
EMP_07411,Engineering,Democratic,3.32,3.98,3.45,3.62,3.4,3,2.3,32.0,Low
EMP_07412,Product Management,Supportive,3.97,3.87,2.89,3.3,2.31,5,4.7,51.3,Moderate
EMP_07413,Sales,Supportive,2.93,4.78,2.78,3.41,1.0,4,2.3,59.0,Moderate
EMP_07414,Product Management,Democratic,3.98,4.01,4.05,3.32,3.94,2,0.5,38.9,Low
EMP_07415,Sales,Autocratic/Micromanagement,3.9,3.46,2.85,3.54,2.93,3,11.4,42.2,Low
EMP_07416,Sales,Supportive,3.04,3.66,2.84,4.51,2.52,3,1.4,55.1,Moderate
EMP_07417,Marketing,Supportive,3.26,3.57,2.38,4.05,2.41,3,2.3,56.8,Moderate
EMP_07418,Engineering,Supportive,2.91,4.47,2.82,2.64,2.45,2,0.5,67.4,Moderate
EMP_07419,Engineering,Supportive,3.16,4.16,2.99,4.3,2.65,4,9.9,42.2,Low
EMP_07420,Engineering,Supportive,3.99,4.2,3.17,3.49,3.32,4,10.3,66.6,Moderate
EMP_07421,Marketing,Supportive,3.53,3.92,2.93,2.93,3.54,5,3.5,47.7,Moderate
EMP_07422,Engineering,Supportive,3.18,5.0,1.73,3.48,1.76,3,1.5,64.2,Moderate
EMP_07423,Engineering,Supportive,3.66,3.65,3.37,4.07,2.63,4,0.5,45.6,Moderate
EMP_07424,Engineering,Supportive,3.95,3.67,3.34,3.42,2.58,4,3.7,47.7,Moderate
EMP_07425,Marketing,Supportive,4.49,3.22,4.37,4.49,1.04,4,0.5,57.9,Moderate
EMP_07426,Engineering,Supportive,2.96,3.36,4.21,3.23,2.99,5,7.5,49.0,Moderate
EMP_07427,Sales,Supportive,3.2,3.65,2.19,3.89,2.62,2,2.7,34.7,Low
EMP_07428,Data Science,Autocratic/Micromanagement,4.66,3.41,3.57,2.45,4.24,3,5.4,15.0,Low
EMP_07429,Marketing,Democratic,5.0,3.91,3.71,3.5,2.7,4,0.5,44.5,Low
EMP_07430,Sales,Autocratic/Micromanagement,3.27,4.35,3.75,3.37,1.71,4,0.7,49.8,Moderate
EMP_07431,HR,Democratic,2.75,4.23,3.36,3.4,3.19,3,0.5,39.5,Low
EMP_07432,Engineering,Democratic,2.52,4.47,3.6,3.06,2.97,5,6.4,55.4,Moderate
EMP_07433,Product Management,Supportive,3.14,3.44,2.94,3.03,1.57,5,1.4,53.7,Moderate
EMP_07434,Marketing,Supportive,2.81,3.73,3.71,4.5,2.61,2,2.3,48.6,Moderate
EMP_07435,Engineering,Autocratic/Micromanagement,4.11,4.47,3.08,3.14,3.41,3,6.3,32.0,Low
EMP_07436,Marketing,Supportive,3.32,3.87,4.44,3.43,1.78,3,2.5,48.9,Moderate
EMP_07437,Marketing,Autocratic/Micromanagement,4.14,3.54,3.84,4.03,2.02,2,4.1,26.7,Low
EMP_07438,HR,Supportive,3.19,4.3,3.1,3.26,2.46,4,7.8,46.2,Moderate
EMP_07439,Engineering,Democratic,3.34,4.23,3.21,3.84,3.17,4,2.1,53.9,Moderate
EMP_07440,Sales,Supportive,3.19,3.79,2.19,3.09,3.21,3,1.2,29.9,Low
EMP_07441,Sales,Autocratic/Micromanagement,3.21,3.76,3.85,4.91,2.26,3,4.4,46.0,Moderate
EMP_07442,Engineering,Democratic,3.7,4.11,4.06,2.72,1.93,4,0.5,46.1,Moderate
EMP_07443,Engineering,Supportive,4.63,3.31,3.04,3.56,1.94,4,5.2,53.9,Moderate
EMP_07444,Marketing,Democratic,3.69,2.96,3.19,3.21,2.48,4,2.0,40.9,Low
EMP_07445,Sales,Autocratic/Micromanagement,2.97,4.83,3.0,2.35,2.42,5,0.6,35.2,Low
EMP_07446,Engineering,Democratic,3.51,2.82,3.07,3.45,2.05,4,3.2,49.7,Moderate
EMP_07447,Product Management,Democratic,3.14,3.13,3.35,4.17,2.62,2,20.0,42.9,Low
EMP_07448,Marketing,Supportive,4.29,4.12,1.91,3.48,1.9,4,0.9,54.5,Moderate
EMP_07449,Engineering,Supportive,3.6,3.6,3.43,3.32,3.62,3,3.4,39.1,Low
EMP_07450,HR,Supportive,4.25,3.12,2.44,2.89,2.74,3,6.6,53.6,Moderate
EMP_07451,Product Management,Democratic,4.02,3.69,1.84,3.17,1.93,3,9.6,45.8,Moderate
EMP_07452,Engineering,Autocratic/Micromanagement,3.69,3.93,4.15,3.53,2.26,5,3.6,48.9,Moderate
EMP_07453,Engineering,Democratic,2.57,4.12,2.46,3.48,1.8,4,2.1,39.5,Low
EMP_07454,Engineering,Supportive,3.47,3.2,3.94,4.78,3.35,5,0.7,55.9,Moderate
EMP_07455,Sales,Supportive,4.17,4.16,3.56,3.88,3.5,4,2.4,40.6,Low
EMP_07456,Sales,Supportive,4.15,3.55,3.57,3.78,2.44,4,6.8,52.1,Moderate
EMP_07457,Product Management,Democratic,4.12,3.51,4.07,3.32,2.46,3,0.5,46.6,Moderate
EMP_07458,Sales,Supportive,2.82,4.62,2.56,2.02,2.55,4,8.0,51.8,Moderate
EMP_07459,Sales,Autocratic/Micromanagement,4.48,3.98,3.49,3.61,2.14,4,2.8,18.0,Low
EMP_07460,Sales,Democratic,3.32,4.03,3.1,3.33,3.16,5,6.1,47.4,Moderate
EMP_07461,Sales,Autocratic/Micromanagement,3.33,3.03,2.55,3.18,2.06,4,6.7,38.4,Low
EMP_07462,Marketing,Supportive,4.18,4.61,3.54,3.58,2.67,4,2.9,49.6,Moderate
EMP_07463,Marketing,Supportive,2.19,4.2,2.94,3.26,1.84,4,9.4,54.0,Moderate
EMP_07464,Product Management,Supportive,3.49,3.99,2.8,3.82,2.79,4,6.5,50.4,Moderate
EMP_07465,Data Science,Democratic,3.04,4.35,2.92,3.28,2.15,3,2.7,60.5,Moderate
EMP_07466,Engineering,Supportive,3.68,3.15,1.92,4.04,1.3,4,0.5,58.3,Moderate
EMP_07467,Product Management,Supportive,3.3,3.94,3.8,4.15,3.37,4,0.5,47.7,Moderate
EMP_07468,Engineering,Autocratic/Micromanagement,3.76,4.09,4.55,3.23,2.32,5,4.8,55.6,Moderate
EMP_07469,Sales,Autocratic/Micromanagement,3.98,4.21,2.16,3.43,2.57,5,2.0,21.7,Low
EMP_07470,Data Science,Supportive,3.5,3.43,3.71,3.71,2.63,1,0.7,51.0,Moderate
EMP_07471,Sales,Supportive,4.92,3.6,2.77,2.86,2.54,3,3.6,51.3,Moderate
EMP_07472,Sales,Supportive,2.63,3.4,2.78,3.78,1.76,4,1.5,50.5,Moderate
EMP_07473,HR,Democratic,4.1,3.61,3.77,3.87,3.36,3,1.1,47.8,Moderate
EMP_07474,Sales,Democratic,3.12,4.33,4.11,4.02,3.04,2,0.5,51.2,Moderate
EMP_07475,Engineering,Supportive,4.79,2.69,2.63,3.23,3.0,3,0.5,33.9,Low
EMP_07476,Product Management,Democratic,4.12,3.92,2.05,4.3,2.09,1,6.1,45.8,Moderate
EMP_07477,Engineering,Supportive,3.17,4.2,2.86,2.52,2.22,5,3.0,63.1,Moderate
EMP_07478,HR,Democratic,3.32,3.49,2.96,3.95,3.27,5,1.0,38.7,Low
EMP_07479,Data Science,Democratic,3.31,4.02,4.06,2.71,2.76,2,7.5,44.0,Low
EMP_07480,Engineering,Democratic,2.99,3.49,4.31,3.48,2.2,4,5.8,50.5,Moderate
EMP_07481,Data Science,Supportive,4.0,4.31,3.43,4.12,1.81,5,3.3,66.8,Moderate
EMP_07482,Data Science,Supportive,4.3,3.65,3.12,2.37,2.98,4,0.5,39.9,Low
EMP_07483,Engineering,Supportive,3.27,4.15,3.65,4.27,3.24,3,1.7,50.2,Moderate
EMP_07484,Product Management,Autocratic/Micromanagement,4.27,3.03,2.47,3.99,1.89,4,0.9,29.6,Low
EMP_07485,Sales,Autocratic/Micromanagement,3.39,3.34,2.2,4.46,3.14,5,10.3,30.5,Low
EMP_07486,Engineering,Autocratic/Micromanagement,4.13,3.6,2.91,3.68,3.23,5,5.7,19.0,Low
EMP_07487,Sales,Supportive,4.24,2.77,3.6,2.6,3.15,2,13.3,41.0,Low
EMP_07488,Engineering,Supportive,3.84,3.76,3.42,3.55,2.22,4,0.5,52.3,Moderate
EMP_07489,Product Management,Autocratic/Micromanagement,4.3,3.54,2.46,4.68,1.0,2,3.3,29.3,Low
EMP_07490,HR,Democratic,3.76,5.0,3.68,2.59,1.85,1,2.7,48.0,Moderate
EMP_07491,Sales,Autocratic/Micromanagement,3.71,3.48,3.18,3.61,1.56,4,9.6,47.9,Moderate
EMP_07492,Engineering,Democratic,4.05,4.82,3.34,3.46,1.99,2,4.4,56.5,Moderate
EMP_07493,Sales,Supportive,3.01,4.27,2.03,3.26,2.13,2,6.1,39.3,Low
EMP_07494,Sales,Democratic,3.67,4.4,2.11,3.41,1.69,4,6.0,39.4,Low
EMP_07495,Data Science,Supportive,3.87,3.59,4.16,3.33,2.04,4,1.2,56.6,Moderate
EMP_07496,Engineering,Supportive,3.72,3.83,3.16,3.1,1.88,3,0.5,51.1,Moderate
EMP_07497,Sales,Democratic,2.47,4.2,3.12,3.9,3.28,1,5.6,43.1,Low
EMP_07498,Engineering,Supportive,4.31,3.76,2.59,3.81,2.85,2,4.1,46.0,Moderate
EMP_07499,Product Management,Supportive,4.2,4.37,3.0,4.09,1.83,2,2.5,51.8,Moderate
EMP_07500,Sales,Supportive,2.33,4.38,3.48,3.67,2.54,3,1.2,49.4,Moderate
EMP_07501,Product Management,Democratic,3.91,3.68,4.21,3.23,2.5,4,0.5,37.0,Low
EMP_07502,Marketing,Supportive,3.89,4.14,3.63,3.63,3.51,2,1.2,53.6,Moderate
EMP_07503,Engineering,Democratic,3.23,3.45,2.62,3.71,2.21,5,3.1,42.2,Low
EMP_07504,Sales,Democratic,3.64,3.86,3.11,4.13,4.12,5,1.4,33.5,Low
EMP_07505,Data Science,Supportive,4.21,3.73,3.5,3.67,1.91,2,11.4,52.9,Moderate
EMP_07506,Product Management,Supportive,3.72,4.57,3.7,2.87,3.19,4,3.1,48.8,Moderate
EMP_07507,Engineering,Democratic,3.5,3.49,2.86,5.0,2.74,4,1.1,38.7,Low
EMP_07508,Product Management,Supportive,4.5,3.5,2.87,3.54,2.43,4,1.4,47.9,Moderate
EMP_07509,Marketing,Democratic,3.68,4.25,3.67,4.29,2.06,2,1.4,39.9,Low
EMP_07510,Engineering,Autocratic/Micromanagement,4.06,3.55,3.99,2.86,1.98,4,0.5,20.0,Low
EMP_07511,Data Science,Autocratic/Micromanagement,2.92,3.6,2.83,3.55,1.16,4,0.5,36.2,Low
EMP_07512,Product Management,Democratic,3.29,3.52,3.96,3.0,1.7,5,0.5,45.9,Moderate
EMP_07513,Product Management,Supportive,4.34,3.79,2.21,3.75,3.8,4,6.4,41.2,Low
EMP_07514,Marketing,Autocratic/Micromanagement,4.67,4.07,3.79,3.89,2.12,1,0.5,29.7,Low
EMP_07515,Engineering,Supportive,2.54,3.59,3.2,3.24,3.18,5,1.1,53.1,Moderate
EMP_07516,Product Management,Supportive,3.66,4.6,3.42,2.73,1.36,1,0.5,54.4,Moderate
EMP_07517,Product Management,Supportive,3.73,3.86,2.73,3.07,2.65,5,0.5,41.2,Low
EMP_07518,Product Management,Autocratic/Micromanagement,4.16,3.8,2.87,3.53,2.33,5,2.9,29.0,Low
EMP_07519,HR,Autocratic/Micromanagement,4.25,3.59,2.23,4.13,2.59,5,2.1,23.8,Low
EMP_07520,Data Science,Democratic,3.75,4.12,1.83,3.32,1.56,2,5.5,41.8,Low
EMP_07521,Marketing,Supportive,3.89,3.95,4.35,4.43,1.92,4,3.8,54.2,Moderate
EMP_07522,Product Management,Supportive,3.4,5.0,3.29,3.43,2.47,4,6.3,47.5,Moderate
EMP_07523,Product Management,Democratic,3.53,3.57,2.89,5.0,1.78,1,6.1,47.5,Moderate
EMP_07524,Engineering,Democratic,4.4,3.94,3.11,3.11,4.11,4,4.6,31.7,Low
EMP_07525,Marketing,Supportive,3.62,3.64,2.53,4.25,3.65,2,4.8,44.1,Low
EMP_07526,HR,Democratic,3.52,3.02,3.91,4.52,2.56,2,1.4,52.7,Moderate
EMP_07527,Engineering,Democratic,3.56,4.17,1.55,4.03,2.59,2,2.5,37.4,Low
EMP_07528,Engineering,Democratic,3.8,3.6,3.6,3.79,2.13,3,3.2,45.3,Moderate
EMP_07529,Sales,Democratic,3.4,4.14,3.56,3.23,2.73,4,1.8,41.3,Low
EMP_07530,Data Science,Autocratic/Micromanagement,2.48,4.35,1.75,3.39,3.32,5,2.0,60.9,Moderate
EMP_07531,Marketing,Democratic,3.39,3.68,3.29,3.31,1.03,3,2.3,45.3,Moderate
EMP_07532,Engineering,Supportive,2.95,3.99,2.66,3.22,2.91,3,1.4,42.3,Low
EMP_07533,Sales,Democratic,3.44,3.55,3.9,3.53,3.83,2,2.4,34.3,Low
EMP_07534,Product Management,Autocratic/Micromanagement,4.6,3.9,3.17,3.59,1.94,3,6.8,24.2,Low
EMP_07535,Data Science,Autocratic/Micromanagement,3.97,4.07,2.81,4.29,3.63,4,0.5,34.5,Low
EMP_07536,Marketing,Democratic,2.86,4.29,3.28,3.22,1.6,3,5.8,52.8,Moderate
EMP_07537,Engineering,Supportive,3.58,3.94,2.92,3.11,2.27,3,5.8,53.5,Moderate
EMP_07538,Sales,Autocratic/Micromanagement,2.73,3.38,3.47,4.56,1.91,3,1.0,48.0,Moderate
EMP_07539,Data Science,Autocratic/Micromanagement,4.16,2.94,3.04,3.9,2.24,4,3.4,25.7,Low
EMP_07540,Engineering,Supportive,4.34,3.44,2.94,3.7,3.45,2,4.0,42.8,Low
EMP_07541,Sales,Democratic,3.33,4.06,3.71,3.95,3.37,1,1.0,35.7,Low
EMP_07542,Sales,Autocratic/Micromanagement,2.86,4.53,2.33,3.77,1.09,3,1.1,37.4,Low
EMP_07543,HR,Democratic,3.53,4.04,2.59,2.97,3.34,4,1.1,36.0,Low
EMP_07544,Engineering,Autocratic/Micromanagement,3.27,4.91,2.4,3.76,2.39,3,2.1,58.7,Moderate
EMP_07545,Sales,Supportive,4.46,4.08,2.23,2.98,2.19,1,0.5,37.6,Low
EMP_07546,Data Science,Supportive,2.82,4.48,4.4,3.52,1.99,2,15.6,61.0,Moderate
EMP_07547,Engineering,Democratic,4.62,3.23,4.27,4.49,2.36,3,15.6,46.9,Moderate
EMP_07548,Data Science,Autocratic/Micromanagement,3.75,3.83,3.12,3.62,1.93,3,1.2,36.4,Low
EMP_07549,Product Management,Autocratic/Micromanagement,3.21,3.44,3.22,3.19,3.37,3,1.2,43.2,Low
EMP_07550,Engineering,Democratic,4.36,3.82,2.67,4.17,2.29,5,3.0,40.8,Low
EMP_07551,Marketing,Democratic,4.82,3.49,3.14,4.41,4.11,2,1.8,40.4,Low
EMP_07552,Sales,Supportive,3.6,3.26,2.98,3.69,3.01,5,0.5,52.5,Moderate
EMP_07553,Data Science,Supportive,3.28,3.67,1.91,3.25,2.31,5,3.9,52.1,Moderate
EMP_07554,Engineering,Democratic,3.61,3.64,4.75,3.69,3.29,2,1.6,30.2,Low
EMP_07555,Sales,Supportive,3.45,2.69,3.06,2.45,3.89,3,1.0,49.6,Moderate
EMP_07556,Product Management,Democratic,2.98,3.03,3.1,3.77,2.05,4,4.4,39.9,Low
EMP_07557,Engineering,Supportive,3.38,3.69,3.08,3.76,1.92,3,2.7,49.2,Moderate
EMP_07558,Marketing,Supportive,3.56,4.42,2.83,2.65,1.61,3,11.3,56.3,Moderate
EMP_07559,Engineering,Autocratic/Micromanagement,3.38,3.84,3.75,3.69,2.61,5,2.8,44.3,Low
EMP_07560,Engineering,Democratic,4.14,3.79,2.96,3.64,2.4,2,5.8,36.6,Low
EMP_07561,HR,Supportive,3.98,3.7,2.73,4.73,1.44,4,0.9,50.5,Moderate
EMP_07562,Data Science,Autocratic/Micromanagement,3.07,3.07,3.66,3.45,2.73,3,7.4,45.8,Moderate
EMP_07563,Marketing,Democratic,4.17,4.4,3.65,3.74,1.33,2,8.9,52.6,Moderate
EMP_07564,Marketing,Supportive,3.83,4.21,2.43,2.88,2.32,5,0.6,55.9,Moderate
EMP_07565,Marketing,Democratic,3.75,3.21,3.77,2.84,2.89,4,5.4,41.0,Low
EMP_07566,Engineering,Autocratic/Micromanagement,2.78,4.25,3.95,3.86,1.38,3,2.1,63.7,Moderate
EMP_07567,Engineering,Supportive,3.11,4.14,2.92,3.27,2.2,3,0.5,57.1,Moderate
EMP_07568,HR,Supportive,4.02,4.4,3.65,2.88,2.33,3,5.7,44.8,Low
EMP_07569,Product Management,Autocratic/Micromanagement,2.79,3.06,3.04,4.34,3.04,4,7.3,38.9,Low
EMP_07570,Sales,Supportive,4.31,4.31,2.97,3.06,2.93,3,11.6,49.7,Moderate
EMP_07571,Engineering,Democratic,3.36,4.11,3.08,2.92,3.37,5,4.7,45.3,Moderate
EMP_07572,Engineering,Autocratic/Micromanagement,3.6,4.85,3.65,2.29,2.54,1,1.0,46.8,Moderate
EMP_07573,Engineering,Supportive,4.28,4.31,2.41,3.76,1.41,4,1.0,68.0,Moderate
EMP_07574,Product Management,Democratic,4.37,3.61,2.98,4.09,3.48,5,3.7,38.3,Low
EMP_07575,Data Science,Supportive,2.77,4.25,3.88,4.34,1.29,1,8.5,74.8,Moderate
EMP_07576,Sales,Democratic,3.97,3.95,2.74,4.17,3.23,3,1.1,38.9,Low
EMP_07577,Engineering,Supportive,3.52,3.98,4.13,3.95,2.25,3,0.7,39.4,Low
EMP_07578,Marketing,Democratic,3.79,4.32,3.07,3.27,1.87,1,0.5,42.9,Low
EMP_07579,Engineering,Democratic,3.53,3.97,3.93,3.18,1.97,2,1.1,49.9,Moderate
EMP_07580,Data Science,Democratic,4.11,3.66,3.67,4.27,1.37,1,1.5,50.5,Moderate
EMP_07581,HR,Autocratic/Micromanagement,2.95,4.82,2.45,3.05,2.86,3,1.1,37.3,Low
EMP_07582,Marketing,Supportive,3.89,4.55,3.46,4.3,3.23,5,4.0,48.7,Moderate
EMP_07583,Data Science,Democratic,3.43,3.22,3.51,4.26,3.39,3,6.8,37.3,Low
EMP_07584,Engineering,Supportive,3.08,4.31,3.74,3.24,2.11,3,18.4,72.5,Moderate
EMP_07585,Engineering,Autocratic/Micromanagement,2.39,4.27,4.39,3.58,2.4,3,0.7,54.8,Moderate
EMP_07586,Data Science,Democratic,2.68,3.75,3.23,3.32,2.92,3,7.8,40.7,Low
EMP_07587,Product Management,Autocratic/Micromanagement,4.37,4.36,4.68,4.33,3.38,5,1.4,22.7,Low
EMP_07588,HR,Supportive,4.2,3.99,2.27,3.6,2.95,3,2.2,41.4,Low
EMP_07589,Engineering,Democratic,2.56,4.31,2.33,3.0,3.02,3,5.4,61.7,Moderate
EMP_07590,Sales,Autocratic/Micromanagement,2.98,4.55,3.26,3.98,3.13,1,1.5,41.6,Low
EMP_07591,Engineering,Autocratic/Micromanagement,3.27,3.89,3.21,4.14,1.26,3,0.8,51.3,Moderate
EMP_07592,Engineering,Supportive,3.71,3.67,3.66,3.19,2.93,5,13.5,53.2,Moderate
EMP_07593,Engineering,Supportive,3.53,3.67,2.12,4.36,2.73,5,0.5,50.6,Moderate
EMP_07594,Sales,Supportive,4.18,4.53,2.49,4.06,3.33,4,3.2,23.9,Low
EMP_07595,Product Management,Supportive,3.04,3.83,2.84,2.93,1.82,4,3.4,54.2,Moderate
EMP_07596,Engineering,Democratic,4.74,4.01,2.85,3.88,1.34,3,10.8,58.1,Moderate
EMP_07597,Marketing,Supportive,3.92,3.93,3.12,4.31,2.82,2,9.6,46.4,Moderate
EMP_07598,Sales,Democratic,3.23,3.42,2.21,2.7,2.72,4,3.2,18.9,Low
EMP_07599,Data Science,Supportive,2.58,4.97,1.56,3.22,2.07,4,8.0,71.6,Moderate
EMP_07600,Sales,Democratic,4.62,3.56,3.21,3.17,2.49,3,1.1,44.5,Low
EMP_07601,Data Science,Supportive,3.28,3.78,3.42,4.04,2.34,3,1.7,48.5,Moderate
EMP_07602,Engineering,Democratic,3.99,4.03,3.64,2.95,1.47,2,4.1,46.8,Moderate
EMP_07603,Data Science,Supportive,3.19,4.3,3.03,2.8,2.25,3,3.8,66.0,Moderate
EMP_07604,Product Management,Supportive,3.75,3.65,2.66,3.47,2.41,2,0.5,48.6,Moderate
EMP_07605,Data Science,Supportive,1.6,3.98,2.46,3.9,2.11,4,2.7,61.5,Moderate
EMP_07606,Sales,Supportive,3.28,3.64,3.72,4.04,2.59,3,2.7,51.8,Moderate
EMP_07607,Data Science,Democratic,3.21,3.95,3.82,4.04,1.48,3,5.5,49.4,Moderate
EMP_07608,Engineering,Supportive,4.43,4.17,3.65,2.81,2.55,3,8.5,43.5,Low
EMP_07609,Marketing,Democratic,3.39,4.49,3.31,3.29,2.21,3,2.8,37.7,Low
EMP_07610,Marketing,Democratic,2.65,4.21,2.68,3.88,2.06,1,0.5,48.3,Moderate
EMP_07611,Marketing,Supportive,3.83,4.54,2.24,4.72,2.23,3,4.2,52.9,Moderate
EMP_07612,HR,Democratic,3.8,4.53,3.4,4.12,2.21,5,3.6,45.3,Moderate
EMP_07613,Engineering,Democratic,3.44,3.88,2.61,4.07,4.45,4,8.3,33.2,Low
EMP_07614,Product Management,Supportive,3.33,4.11,3.14,3.86,3.17,3,0.5,48.8,Moderate
EMP_07615,Sales,Supportive,3.8,4.09,2.17,4.3,3.22,3,0.5,26.7,Low
EMP_07616,Sales,Autocratic/Micromanagement,3.85,3.45,2.49,3.47,2.94,4,12.8,23.1,Low
EMP_07617,Engineering,Autocratic/Micromanagement,4.77,3.05,3.1,3.95,2.0,2,0.6,18.3,Low
EMP_07618,Sales,Democratic,2.95,4.12,2.3,3.55,1.74,3,3.2,30.1,Low
EMP_07619,Engineering,Democratic,4.41,3.41,3.74,3.59,2.23,2,3.4,45.6,Moderate
EMP_07620,Sales,Democratic,2.95,3.29,2.27,3.87,5.0,2,0.7,16.2,Low
EMP_07621,Product Management,Democratic,3.7,4.01,2.42,3.16,2.08,5,2.3,44.7,Low
EMP_07622,Marketing,Supportive,3.44,4.31,1.72,4.11,1.33,1,2.1,62.4,Moderate
EMP_07623,Engineering,Autocratic/Micromanagement,2.92,4.15,3.01,3.92,1.98,2,2.7,44.0,Low
EMP_07624,Sales,Supportive,3.61,4.19,2.73,2.88,2.52,5,1.3,51.6,Moderate
EMP_07625,Marketing,Democratic,3.96,4.39,3.1,2.74,3.33,4,1.0,37.5,Low
EMP_07626,Sales,Supportive,4.49,3.54,3.25,4.03,2.47,3,0.5,61.3,Moderate
EMP_07627,Sales,Supportive,4.83,3.75,4.09,3.97,2.72,4,9.4,66.8,Moderate
EMP_07628,Product Management,Democratic,4.23,4.39,3.56,3.65,4.46,4,7.5,40.1,Low
EMP_07629,Data Science,Supportive,3.74,4.04,3.75,4.42,3.83,3,2.8,41.8,Low
EMP_07630,Data Science,Democratic,3.38,3.3,4.4,3.86,3.21,4,9.5,37.5,Low
EMP_07631,Engineering,Supportive,2.72,3.44,2.21,4.26,2.77,1,5.8,48.8,Moderate
EMP_07632,Marketing,Democratic,4.07,4.33,2.68,3.42,1.47,4,1.7,50.9,Moderate
EMP_07633,Engineering,Autocratic/Micromanagement,3.89,3.98,3.51,3.93,1.99,2,2.0,45.5,Moderate
EMP_07634,Product Management,Autocratic/Micromanagement,4.18,4.33,3.6,4.89,1.93,4,1.5,25.3,Low
EMP_07635,Product Management,Democratic,3.79,4.99,1.64,3.41,1.49,3,6.2,44.0,Low
EMP_07636,Marketing,Supportive,3.8,3.75,2.79,4.63,1.97,3,2.5,59.1,Moderate
EMP_07637,Product Management,Supportive,4.2,3.22,2.53,3.46,1.72,3,1.9,56.7,Moderate
EMP_07638,Sales,Supportive,4.3,4.12,3.07,2.86,3.13,4,5.4,49.7,Moderate
EMP_07639,Product Management,Democratic,3.19,3.6,3.79,3.09,4.49,4,0.5,34.3,Low
EMP_07640,Product Management,Supportive,3.35,3.72,3.58,3.46,3.44,3,1.9,45.8,Moderate
EMP_07641,Data Science,Democratic,3.62,5.0,2.84,3.76,2.91,3,1.4,54.0,Moderate
EMP_07642,Sales,Supportive,2.99,4.17,3.52,3.74,2.03,4,5.1,63.4,Moderate
EMP_07643,Marketing,Autocratic/Micromanagement,4.34,3.65,3.1,3.29,2.05,2,2.7,31.4,Low
EMP_07644,Data Science,Autocratic/Micromanagement,4.16,4.43,2.19,4.21,3.78,4,7.8,30.0,Low
EMP_07645,Data Science,Supportive,3.86,3.92,3.43,4.0,2.37,4,4.7,53.1,Moderate
EMP_07646,Marketing,Democratic,3.43,4.36,3.35,3.39,2.89,3,2.4,43.6,Low
EMP_07647,Engineering,Autocratic/Micromanagement,4.07,3.58,2.7,4.41,4.11,1,3.0,9.8,Low
EMP_07648,Data Science,Supportive,4.42,4.18,3.66,3.77,2.37,4,1.7,48.6,Moderate
EMP_07649,Engineering,Supportive,3.23,4.42,2.62,4.02,1.55,3,11.6,75.7,High
EMP_07650,Engineering,Supportive,4.8,4.05,3.03,3.58,2.53,4,1.7,45.9,Moderate
EMP_07651,Engineering,Supportive,3.32,3.99,2.67,4.07,3.44,4,0.5,37.9,Low
EMP_07652,Sales,Democratic,4.28,4.62,2.15,4.21,2.74,5,7.1,26.4,Low
EMP_07653,HR,Democratic,3.28,3.98,1.66,3.95,1.0,5,2.7,55.5,Moderate
EMP_07654,Sales,Supportive,3.57,3.73,2.47,3.25,2.18,4,2.6,44.5,Low
EMP_07655,Engineering,Supportive,3.99,3.54,2.13,3.7,3.59,4,3.0,50.5,Moderate
EMP_07656,Sales,Supportive,4.08,3.3,2.88,3.01,2.47,3,2.6,53.1,Moderate
EMP_07657,Engineering,Supportive,3.56,3.85,3.99,4.75,3.29,5,3.7,43.0,Low
EMP_07658,Product Management,Autocratic/Micromanagement,4.37,4.24,2.26,4.23,2.01,2,1.9,27.7,Low
EMP_07659,Product Management,Supportive,3.89,4.12,3.44,3.22,3.1,4,2.5,44.5,Low
EMP_07660,Data Science,Supportive,4.1,3.28,2.58,3.25,3.97,5,2.5,43.8,Low
EMP_07661,Product Management,Supportive,3.16,3.33,3.39,4.36,2.95,5,13.7,45.8,Moderate
EMP_07662,Marketing,Democratic,4.54,3.39,3.56,2.77,2.11,4,10.4,45.3,Moderate
EMP_07663,Sales,Supportive,4.69,3.74,3.61,4.6,3.14,4,0.5,53.1,Moderate
EMP_07664,Product Management,Supportive,4.09,4.04,3.57,3.73,1.5,5,1.2,46.5,Moderate
EMP_07665,Sales,Supportive,2.95,3.7,2.32,2.65,1.59,4,10.1,42.3,Low
EMP_07666,Engineering,Autocratic/Micromanagement,3.4,4.52,3.43,3.88,2.52,3,3.2,55.7,Moderate
EMP_07667,Product Management,Supportive,3.57,4.43,3.36,3.16,3.74,4,1.4,41.5,Low
EMP_07668,Sales,Supportive,4.73,4.14,4.32,3.72,3.46,3,5.3,58.9,Moderate
EMP_07669,Sales,Supportive,4.01,3.71,2.81,3.55,2.49,4,0.6,55.1,Moderate
EMP_07670,Sales,Supportive,4.41,3.85,2.57,3.56,1.92,4,2.5,60.9,Moderate
EMP_07671,Engineering,Democratic,3.65,3.98,3.07,3.43,2.29,2,0.5,40.3,Low
EMP_07672,Sales,Democratic,3.96,3.67,4.34,3.88,2.17,3,0.5,55.0,Moderate
EMP_07673,Sales,Supportive,3.39,3.69,2.29,4.03,2.96,4,0.5,35.6,Low
EMP_07674,Data Science,Democratic,3.58,4.14,4.34,4.45,3.06,3,0.5,35.8,Low
EMP_07675,Engineering,Supportive,3.76,4.08,3.29,3.47,2.15,4,3.4,59.0,Moderate
EMP_07676,Product Management,Democratic,3.72,4.18,3.56,4.41,1.23,3,1.5,49.3,Moderate
EMP_07677,HR,Autocratic/Micromanagement,3.24,4.02,2.98,3.67,2.52,1,9.1,38.3,Low
EMP_07678,Product Management,Autocratic/Micromanagement,4.34,4.04,2.92,3.47,4.07,4,1.8,17.1,Low
EMP_07679,Data Science,Supportive,3.49,3.65,3.72,3.17,4.24,4,12.4,35.6,Low
EMP_07680,Data Science,Democratic,4.08,3.88,2.99,3.52,2.61,4,6.4,42.3,Low
EMP_07681,Marketing,Autocratic/Micromanagement,2.8,4.77,3.29,3.35,3.6,4,1.9,32.9,Low
EMP_07682,Sales,Supportive,3.98,3.83,2.69,4.26,2.98,5,3.6,46.9,Moderate
EMP_07683,Engineering,Autocratic/Micromanagement,4.11,3.49,2.85,3.82,3.05,2,4.5,28.8,Low
EMP_07684,Data Science,Autocratic/Micromanagement,4.0,3.19,3.65,4.23,3.66,5,4.5,20.4,Low
EMP_07685,Marketing,Democratic,3.93,3.99,2.35,2.59,2.56,3,6.0,46.5,Moderate
EMP_07686,Engineering,Autocratic/Micromanagement,3.31,4.17,2.77,4.56,2.46,1,0.9,43.1,Low
EMP_07687,Engineering,Democratic,3.19,3.82,3.39,4.08,1.66,1,0.5,45.7,Moderate
EMP_07688,Marketing,Democratic,4.3,4.46,3.59,4.06,1.48,4,1.2,44.4,Low
EMP_07689,Marketing,Supportive,3.9,4.8,4.15,4.03,3.16,2,1.4,43.4,Low
EMP_07690,Data Science,Supportive,5.0,4.34,2.57,2.9,1.31,3,9.7,74.6,Moderate
EMP_07691,Sales,Autocratic/Micromanagement,3.24,3.76,5.0,4.63,1.0,5,1.5,65.7,Moderate
EMP_07692,Sales,Supportive,3.75,2.98,2.75,4.69,1.28,3,0.5,58.8,Moderate
EMP_07693,Product Management,Supportive,4.08,4.09,2.11,3.86,1.0,5,0.7,57.5,Moderate
EMP_07694,Marketing,Democratic,3.62,4.03,3.49,3.06,2.65,4,0.5,42.0,Low
EMP_07695,Data Science,Democratic,3.6,3.82,4.21,3.14,2.58,4,4.3,35.9,Low
EMP_07696,Marketing,Supportive,2.85,3.32,3.73,3.93,2.51,4,3.2,50.7,Moderate
EMP_07697,Marketing,Supportive,4.01,4.41,2.4,3.25,2.38,5,9.3,54.8,Moderate
EMP_07698,Engineering,Supportive,3.53,3.32,2.3,4.44,1.49,1,15.0,63.7,Moderate
EMP_07699,Sales,Supportive,4.26,3.54,3.33,3.64,1.43,3,14.8,61.8,Moderate
EMP_07700,Data Science,Supportive,3.85,4.02,2.65,4.19,4.22,4,3.2,43.8,Low
EMP_07701,Engineering,Autocratic/Micromanagement,3.25,3.4,3.27,3.8,2.82,4,2.5,29.8,Low
EMP_07702,Data Science,Autocratic/Micromanagement,3.08,4.17,3.57,3.61,3.49,5,20.0,30.5,Low
EMP_07703,Sales,Democratic,3.3,4.07,3.6,3.75,3.1,5,0.5,40.2,Low
EMP_07704,Data Science,Supportive,2.87,3.42,3.99,3.35,3.46,4,0.6,44.0,Low
EMP_07705,Engineering,Democratic,3.4,3.86,2.56,3.9,1.84,3,3.7,48.3,Moderate
EMP_07706,Sales,Autocratic/Micromanagement,4.32,3.87,2.94,4.68,2.87,3,4.6,21.7,Low
EMP_07707,Marketing,Democratic,3.89,4.42,4.75,3.32,1.75,5,0.5,43.6,Low
EMP_07708,Sales,Supportive,3.31,2.91,3.21,4.49,1.0,4,1.3,52.5,Moderate
EMP_07709,Sales,Autocratic/Micromanagement,3.12,4.23,3.04,3.4,2.91,1,1.4,38.2,Low
EMP_07710,Engineering,Democratic,3.82,4.89,4.03,2.99,3.01,3,1.5,51.5,Moderate
EMP_07711,Engineering,Democratic,4.02,4.19,3.87,3.62,1.44,3,0.8,37.4,Low
EMP_07712,Product Management,Democratic,3.7,2.7,4.2,4.01,2.39,4,1.0,40.1,Low
EMP_07713,Engineering,Democratic,4.17,3.49,2.88,4.17,3.54,4,0.5,36.7,Low
EMP_07714,Engineering,Supportive,3.17,4.08,2.83,2.72,2.57,4,3.8,48.9,Moderate
EMP_07715,HR,Supportive,4.2,4.2,3.62,4.09,1.95,2,2.3,51.3,Moderate
EMP_07716,Engineering,Supportive,2.34,4.05,2.71,3.62,4.36,4,2.7,39.6,Low
EMP_07717,Engineering,Supportive,3.64,4.85,4.38,2.93,3.38,5,1.8,62.7,Moderate
EMP_07718,Engineering,Democratic,4.22,3.94,3.94,2.65,2.73,3,1.0,43.0,Low
EMP_07719,Data Science,Supportive,3.3,4.16,3.0,3.94,2.85,5,4.5,44.9,Low
EMP_07720,Marketing,Democratic,4.38,4.1,3.12,3.61,1.46,1,5.5,45.0,Moderate
EMP_07721,Data Science,Autocratic/Micromanagement,3.9,5.0,2.59,3.75,2.72,5,0.5,54.4,Moderate
EMP_07722,Engineering,Democratic,3.03,3.97,2.16,4.7,1.46,5,2.8,51.6,Moderate
EMP_07723,Marketing,Supportive,3.88,4.0,3.37,2.71,2.43,5,17.3,50.8,Moderate
EMP_07724,Marketing,Supportive,3.58,4.23,3.21,3.44,1.77,1,5.1,44.1,Low
EMP_07725,Sales,Autocratic/Micromanagement,3.65,4.26,2.21,3.32,3.08,3,5.7,22.8,Low
EMP_07726,Engineering,Autocratic/Micromanagement,3.62,3.32,3.4,2.69,3.24,3,16.2,35.4,Low
EMP_07727,Marketing,Supportive,4.42,4.98,2.95,3.32,2.67,4,1.1,47.5,Moderate
EMP_07728,Data Science,Autocratic/Micromanagement,3.83,4.14,2.97,3.66,2.32,3,0.5,46.1,Moderate
EMP_07729,Sales,Democratic,3.78,3.28,3.18,3.58,2.62,3,0.5,42.1,Low
EMP_07730,Data Science,Autocratic/Micromanagement,4.34,4.12,2.59,2.69,1.48,3,1.9,25.1,Low
EMP_07731,Engineering,Supportive,3.96,3.76,2.59,3.6,3.28,4,0.8,55.2,Moderate
EMP_07732,Marketing,Supportive,3.14,3.92,3.78,3.95,2.41,2,2.5,50.5,Moderate
EMP_07733,Sales,Democratic,4.35,3.04,3.02,3.06,1.47,4,1.6,54.9,Moderate
EMP_07734,Engineering,Supportive,4.31,3.91,4.19,4.53,4.16,5,3.4,45.3,Moderate
EMP_07735,Sales,Democratic,3.93,4.45,3.03,3.36,3.2,4,0.5,39.9,Low
EMP_07736,Marketing,Supportive,4.26,4.13,3.83,3.81,3.34,4,0.5,47.5,Moderate
EMP_07737,Engineering,Supportive,3.86,4.17,2.65,3.76,1.97,4,2.6,44.7,Low
EMP_07738,Sales,Autocratic/Micromanagement,3.93,2.73,2.05,3.6,2.08,1,5.5,34.3,Low
EMP_07739,Product Management,Supportive,3.25,4.01,3.22,2.55,3.38,4,1.1,49.6,Moderate
EMP_07740,Data Science,Democratic,4.1,4.19,2.9,3.54,3.62,2,2.4,42.9,Low
EMP_07741,Product Management,Supportive,5.0,3.33,3.22,3.37,2.77,2,2.3,49.9,Moderate
EMP_07742,Marketing,Supportive,3.18,4.01,2.36,4.51,2.7,4,6.2,43.9,Low
EMP_07743,Engineering,Autocratic/Micromanagement,4.07,3.64,2.73,4.62,1.26,4,1.9,36.7,Low
EMP_07744,Data Science,Democratic,3.31,3.39,3.38,4.56,2.7,5,12.9,43.8,Low
EMP_07745,HR,Supportive,4.14,3.38,2.63,4.4,1.76,2,2.7,52.5,Moderate
EMP_07746,Data Science,Supportive,3.86,3.45,3.81,3.46,3.18,4,0.8,46.6,Moderate
EMP_07747,Engineering,Supportive,4.18,5.0,3.16,3.97,1.7,1,3.6,72.6,Moderate
EMP_07748,Engineering,Supportive,2.29,3.84,2.2,4.44,3.05,3,9.9,54.6,Moderate
EMP_07749,Sales,Supportive,4.48,4.17,1.73,3.95,2.05,4,20.0,35.4,Low
EMP_07750,Sales,Democratic,3.88,4.02,3.44,4.64,2.33,5,0.6,43.3,Low
EMP_07751,Data Science,Democratic,3.66,4.16,4.48,4.41,2.56,4,3.5,41.0,Low
EMP_07752,Sales,Democratic,3.33,3.57,2.32,3.4,3.21,4,8.2,22.4,Low
EMP_07753,Engineering,Autocratic/Micromanagement,4.17,4.37,2.91,3.43,3.59,5,3.6,31.1,Low
EMP_07754,Sales,Autocratic/Micromanagement,3.75,3.64,2.86,3.81,1.58,2,3.6,53.8,Moderate
EMP_07755,Engineering,Autocratic/Micromanagement,3.07,3.4,2.51,3.37,3.09,2,7.5,39.3,Low
EMP_07756,Engineering,Democratic,3.0,4.17,4.16,3.9,2.43,3,18.8,39.4,Low
EMP_07757,Product Management,Supportive,2.68,4.07,2.92,3.56,1.0,4,2.3,48.7,Moderate
EMP_07758,HR,Democratic,3.52,3.63,1.73,3.31,3.71,4,5.1,35.9,Low
EMP_07759,Data Science,Autocratic/Micromanagement,3.89,3.79,2.8,2.94,2.53,4,4.0,40.3,Low
EMP_07760,Sales,Supportive,3.84,3.01,2.69,2.51,2.73,4,2.3,51.1,Moderate
EMP_07761,Engineering,Supportive,4.28,3.0,3.56,3.83,1.12,4,5.9,54.6,Moderate
EMP_07762,HR,Autocratic/Micromanagement,4.0,4.45,4.52,3.49,1.8,4,1.3,27.2,Low
EMP_07763,Engineering,Autocratic/Micromanagement,4.6,4.41,3.4,2.49,2.34,3,1.7,34.6,Low
EMP_07764,Data Science,Democratic,2.99,4.71,2.91,5.0,3.04,3,10.2,51.3,Moderate
EMP_07765,Product Management,Supportive,3.82,3.79,2.57,4.27,3.06,4,2.7,45.3,Moderate
EMP_07766,Engineering,Democratic,3.29,3.52,2.9,4.17,2.62,3,3.5,41.2,Low
EMP_07767,Data Science,Supportive,3.74,3.81,1.45,3.17,2.87,3,2.8,44.2,Low
EMP_07768,Sales,Supportive,3.79,4.15,1.63,4.55,3.21,4,6.2,35.5,Low
EMP_07769,Sales,Supportive,3.52,4.11,3.36,4.49,1.0,4,3.2,60.3,Moderate
EMP_07770,Data Science,Democratic,4.95,4.23,3.69,3.94,1.72,3,2.9,54.7,Moderate
EMP_07771,Sales,Supportive,4.25,3.9,2.49,3.34,1.0,2,6.4,41.9,Low
EMP_07772,Engineering,Democratic,3.21,4.23,2.82,2.94,3.28,3,6.1,52.0,Moderate
EMP_07773,Sales,Supportive,3.77,3.97,2.54,3.29,3.11,5,3.1,45.2,Moderate
EMP_07774,Sales,Democratic,4.99,4.14,3.78,2.94,1.0,4,1.6,57.1,Moderate
EMP_07775,Data Science,Autocratic/Micromanagement,3.12,4.66,3.49,3.27,3.64,4,2.7,45.5,Moderate
EMP_07776,Marketing,Democratic,3.42,4.45,2.6,3.71,3.2,4,1.6,38.1,Low
EMP_07777,Engineering,Supportive,4.83,2.78,2.96,5.0,1.13,3,0.5,45.8,Moderate
EMP_07778,Engineering,Supportive,3.28,4.05,2.89,3.25,3.33,4,0.5,43.6,Low
EMP_07779,Product Management,Supportive,3.97,3.66,2.43,3.5,2.33,3,2.5,55.1,Moderate
EMP_07780,Product Management,Democratic,3.46,4.06,3.51,4.05,3.47,4,10.4,34.4,Low
EMP_07781,Engineering,Democratic,4.1,3.32,1.89,2.06,2.07,5,0.5,50.6,Moderate
EMP_07782,Engineering,Autocratic/Micromanagement,4.47,4.35,2.87,3.52,1.0,5,4.1,49.6,Moderate
EMP_07783,Sales,Supportive,3.65,4.18,3.76,2.9,1.65,2,4.2,56.8,Moderate
EMP_07784,Data Science,Democratic,4.09,3.94,4.0,2.86,2.27,1,1.6,41.4,Low
EMP_07785,Engineering,Autocratic/Micromanagement,3.26,3.59,3.68,4.07,2.3,5,3.9,44.2,Low
EMP_07786,Engineering,Democratic,2.32,4.53,3.13,3.67,3.7,5,0.5,46.1,Moderate
EMP_07787,Sales,Autocratic/Micromanagement,4.33,4.69,2.99,2.84,3.59,3,0.5,14.7,Low
EMP_07788,Sales,Supportive,4.06,3.21,3.19,2.72,1.12,2,2.9,52.9,Moderate
EMP_07789,Data Science,Democratic,3.71,3.33,3.04,3.94,2.61,4,17.5,50.5,Moderate
EMP_07790,Data Science,Democratic,3.52,3.65,2.71,3.38,2.51,5,3.0,49.3,Moderate
EMP_07791,Engineering,Autocratic/Micromanagement,3.76,3.77,5.0,4.31,4.72,3,0.5,32.9,Low
EMP_07792,HR,Supportive,3.42,4.29,2.18,3.45,2.61,2,3.1,42.0,Low
EMP_07793,Sales,Autocratic/Micromanagement,2.79,3.23,3.48,3.76,3.41,3,1.7,39.1,Low
EMP_07794,Marketing,Supportive,3.27,4.1,3.07,4.18,1.0,5,0.5,58.2,Moderate
EMP_07795,Engineering,Supportive,4.6,3.01,3.57,3.58,1.21,4,2.7,53.0,Moderate
EMP_07796,HR,Democratic,4.46,3.82,2.56,3.8,3.95,2,4.3,32.6,Low
EMP_07797,Engineering,Supportive,4.02,4.0,3.04,2.18,2.24,3,7.2,58.3,Moderate
EMP_07798,Marketing,Supportive,3.35,3.93,3.05,3.61,2.1,5,20.0,54.1,Moderate
EMP_07799,Product Management,Supportive,3.32,4.45,3.41,4.84,3.77,4,2.8,47.3,Moderate
EMP_07800,Engineering,Democratic,4.11,4.28,2.72,3.56,3.02,5,0.7,49.3,Moderate
EMP_07801,Data Science,Autocratic/Micromanagement,2.99,4.18,3.65,4.14,3.96,4,5.5,43.5,Low
EMP_07802,Engineering,Supportive,2.58,4.17,4.17,3.61,3.34,1,1.7,49.1,Moderate
EMP_07803,Data Science,Supportive,3.92,3.23,3.59,3.21,3.15,5,1.5,45.3,Moderate
EMP_07804,Sales,Autocratic/Micromanagement,4.12,4.72,2.91,4.45,2.14,1,9.0,15.8,Low
EMP_07805,Data Science,Autocratic/Micromanagement,4.72,4.67,3.91,3.95,1.96,3,1.5,35.1,Low
EMP_07806,Data Science,Autocratic/Micromanagement,4.01,3.78,2.57,2.4,2.44,4,0.9,21.5,Low
EMP_07807,Data Science,Democratic,3.17,3.54,3.09,3.95,2.41,3,2.6,40.9,Low
EMP_07808,Data Science,Democratic,3.51,4.19,3.68,3.44,3.22,4,5.0,40.2,Low
EMP_07809,Sales,Autocratic/Micromanagement,4.86,3.64,3.52,4.29,1.57,4,3.2,19.6,Low
EMP_07810,Marketing,Supportive,3.22,3.78,3.27,3.97,2.54,3,4.1,47.4,Moderate
EMP_07811,Marketing,Supportive,3.71,3.38,3.94,4.17,1.0,5,2.0,59.8,Moderate
EMP_07812,Data Science,Supportive,4.72,3.71,2.42,2.57,4.28,4,0.6,33.2,Low
EMP_07813,Sales,Supportive,5.0,3.95,2.6,4.45,1.67,5,10.5,55.8,Moderate
EMP_07814,Engineering,Autocratic/Micromanagement,3.21,3.23,3.12,4.48,2.9,2,0.7,42.2,Low
EMP_07815,Marketing,Democratic,4.29,4.75,3.64,4.84,4.06,4,3.4,31.7,Low
EMP_07816,Marketing,Supportive,4.15,3.49,4.23,4.05,2.8,3,3.4,54.4,Moderate
EMP_07817,Data Science,Autocratic/Micromanagement,3.21,3.76,2.9,2.54,2.8,1,1.9,41.4,Low
EMP_07818,Product Management,Supportive,3.47,3.92,3.24,3.67,2.3,1,4.8,49.9,Moderate
EMP_07819,HR,Democratic,2.51,3.96,2.47,4.27,1.97,5,10.4,45.1,Moderate
EMP_07820,Sales,Supportive,3.99,4.5,2.29,3.23,3.19,3,7.7,35.1,Low
EMP_07821,HR,Democratic,3.04,4.71,2.26,2.4,2.14,3,0.5,41.0,Low
EMP_07822,Data Science,Supportive,4.11,3.59,3.02,3.78,2.09,3,7.0,54.8,Moderate
EMP_07823,Data Science,Autocratic/Micromanagement,3.12,3.39,1.68,4.15,2.28,4,8.0,40.9,Low
EMP_07824,Engineering,Supportive,3.28,3.83,3.17,3.89,2.12,4,5.8,51.4,Moderate
EMP_07825,Data Science,Supportive,2.75,5.0,4.2,3.45,3.18,5,0.5,59.6,Moderate
EMP_07826,Product Management,Democratic,4.61,3.94,3.47,3.69,1.55,4,2.4,58.6,Moderate
EMP_07827,Data Science,Democratic,2.77,4.24,2.91,2.92,2.08,5,2.6,61.9,Moderate
EMP_07828,Engineering,Democratic,2.93,3.77,3.44,3.68,2.13,4,4.6,39.2,Low
EMP_07829,Marketing,Supportive,4.69,4.51,2.73,3.57,2.09,1,3.9,57.6,Moderate
EMP_07830,Product Management,Autocratic/Micromanagement,3.45,3.49,2.63,3.65,2.72,3,0.7,39.3,Low
EMP_07831,Data Science,Autocratic/Micromanagement,3.49,3.48,3.92,3.23,1.32,3,1.2,48.3,Moderate
EMP_07832,Product Management,Autocratic/Micromanagement,3.17,3.8,2.14,2.71,2.57,5,1.4,36.9,Low
EMP_07833,Product Management,Supportive,3.79,3.59,3.17,3.16,1.83,5,1.1,52.0,Moderate
EMP_07834,Sales,Autocratic/Micromanagement,4.45,4.13,2.8,3.66,3.91,2,0.8,19.1,Low
EMP_07835,Engineering,Democratic,4.29,3.11,2.52,4.49,2.92,5,0.7,42.5,Low
EMP_07836,Marketing,Democratic,4.24,4.01,3.5,3.14,2.18,3,0.8,35.9,Low
EMP_07837,Engineering,Autocratic/Micromanagement,3.51,2.83,3.57,3.34,2.9,4,16.9,45.2,Moderate
EMP_07838,Product Management,Supportive,3.8,2.87,2.84,3.7,1.53,1,2.2,56.3,Moderate
EMP_07839,Sales,Democratic,3.37,4.0,2.69,3.03,2.43,5,3.8,41.9,Low
EMP_07840,Product Management,Democratic,4.08,3.76,3.61,3.47,2.87,3,3.6,31.5,Low
EMP_07841,Sales,Supportive,2.19,3.8,2.71,3.82,2.66,5,0.7,48.3,Moderate
EMP_07842,Engineering,Supportive,3.53,4.29,2.85,3.73,1.32,3,1.6,68.2,Moderate
EMP_07843,Marketing,Democratic,4.08,3.99,3.12,3.89,2.29,5,7.9,48.3,Moderate
EMP_07844,Engineering,Democratic,3.64,3.5,3.09,3.98,2.36,2,0.5,40.6,Low
EMP_07845,Data Science,Supportive,3.74,4.65,3.68,4.38,3.42,2,0.7,60.1,Moderate
EMP_07846,Data Science,Supportive,4.2,3.33,2.58,3.0,2.47,4,0.5,60.2,Moderate
EMP_07847,Marketing,Supportive,3.58,3.87,1.9,3.32,1.19,4,1.1,54.5,Moderate
EMP_07848,Sales,Democratic,3.95,3.32,3.05,3.48,1.0,3,2.9,52.1,Moderate
EMP_07849,Marketing,Supportive,2.98,3.67,4.57,3.98,2.68,2,0.5,53.1,Moderate
EMP_07850,Data Science,Autocratic/Micromanagement,3.39,3.88,2.58,3.26,1.13,3,11.8,48.0,Moderate
EMP_07851,Sales,Democratic,4.06,2.92,2.35,4.19,3.0,3,0.5,23.8,Low
EMP_07852,Engineering,Autocratic/Micromanagement,3.72,3.76,3.92,3.94,3.18,2,3.6,41.2,Low
EMP_07853,Sales,Supportive,3.61,3.84,2.31,4.05,1.0,4,2.4,42.4,Low
EMP_07854,Product Management,Supportive,3.06,3.73,2.32,3.33,2.96,5,2.2,48.4,Moderate
EMP_07855,Data Science,Autocratic/Micromanagement,3.72,3.25,3.09,3.47,2.83,4,1.9,40.3,Low
EMP_07856,Engineering,Supportive,4.16,3.93,3.79,4.03,2.69,3,0.5,43.3,Low
EMP_07857,Sales,Autocratic/Micromanagement,3.26,4.78,2.83,3.54,2.02,3,1.1,39.1,Low
EMP_07858,Sales,Democratic,5.0,4.89,2.3,2.64,1.9,3,1.8,29.8,Low
EMP_07859,Sales,Supportive,3.08,4.23,2.25,3.36,1.83,2,1.3,38.6,Low
EMP_07860,Sales,Democratic,3.09,3.87,3.94,2.82,3.7,4,0.5,40.6,Low
EMP_07861,Sales,Democratic,3.68,3.78,3.19,2.76,3.13,4,0.8,35.8,Low
EMP_07862,HR,Autocratic/Micromanagement,3.0,3.66,2.26,3.31,2.35,4,2.4,41.2,Low
EMP_07863,Sales,Autocratic/Micromanagement,3.65,3.94,3.21,3.75,1.63,4,6.5,50.7,Moderate
EMP_07864,Data Science,Democratic,2.64,4.0,2.32,3.31,1.93,2,16.5,47.8,Moderate
EMP_07865,Sales,Democratic,3.76,3.57,3.44,3.36,2.91,4,13.0,38.7,Low
EMP_07866,Data Science,Supportive,3.05,3.92,3.26,4.27,3.04,5,1.2,45.0,Moderate
EMP_07867,HR,Democratic,4.74,4.45,2.87,4.13,3.75,3,5.0,37.2,Low
EMP_07868,Data Science,Autocratic/Micromanagement,4.79,3.94,3.43,3.21,2.54,3,0.5,20.2,Low
EMP_07869,Sales,Democratic,4.24,4.69,3.26,3.82,1.8,2,5.4,46.9,Moderate
EMP_07870,Product Management,Supportive,5.0,3.98,3.58,3.37,2.37,5,16.7,47.7,Moderate
EMP_07871,HR,Democratic,3.51,4.06,2.05,3.28,3.36,4,8.5,42.4,Low
EMP_07872,Data Science,Democratic,3.4,3.92,3.43,3.42,2.16,1,1.6,50.6,Moderate
EMP_07873,Marketing,Supportive,3.77,2.83,2.18,3.41,3.03,4,3.5,50.2,Moderate
EMP_07874,HR,Supportive,3.7,3.65,3.61,3.16,1.61,4,1.2,56.3,Moderate
EMP_07875,Data Science,Autocratic/Micromanagement,3.51,3.71,3.77,3.16,2.58,3,5.3,43.0,Low
EMP_07876,Data Science,Democratic,3.94,3.89,2.83,3.9,2.6,4,9.1,45.9,Moderate
EMP_07877,HR,Supportive,3.37,4.61,2.83,2.89,3.31,4,0.8,42.6,Low
EMP_07878,Engineering,Democratic,3.38,3.88,3.98,3.84,2.01,4,1.4,41.0,Low
EMP_07879,Sales,Democratic,2.56,3.32,2.6,3.11,3.02,3,2.8,46.2,Moderate
EMP_07880,Marketing,Autocratic/Micromanagement,4.3,3.93,4.23,3.08,2.67,3,2.3,30.2,Low
EMP_07881,Sales,Democratic,4.54,3.72,4.32,3.27,2.19,1,1.0,61.8,Moderate
EMP_07882,Product Management,Democratic,3.77,3.79,2.13,3.5,2.25,4,0.5,43.1,Low
EMP_07883,Engineering,Supportive,3.52,3.34,2.13,3.79,1.81,1,2.8,45.8,Moderate
EMP_07884,Data Science,Autocratic/Micromanagement,3.09,3.66,3.59,3.85,2.45,5,7.0,46.4,Moderate
EMP_07885,Engineering,Supportive,2.81,5.0,1.85,3.55,2.61,1,0.7,58.7,Moderate
EMP_07886,Product Management,Democratic,5.0,3.13,1.99,2.75,2.86,4,1.7,40.6,Low
EMP_07887,Sales,Supportive,4.14,3.57,2.23,3.42,2.46,5,1.8,28.8,Low
EMP_07888,Marketing,Supportive,3.63,3.89,3.0,3.25,3.51,3,3.8,49.8,Moderate
EMP_07889,Marketing,Supportive,3.47,4.29,3.44,3.25,1.65,3,1.0,47.3,Moderate
EMP_07890,Marketing,Democratic,2.67,3.75,2.47,3.1,1.0,4,13.5,44.8,Low
EMP_07891,Engineering,Supportive,4.04,4.35,3.04,3.54,2.01,3,3.4,62.8,Moderate
EMP_07892,Marketing,Supportive,3.32,3.45,3.36,3.57,1.95,5,3.2,55.6,Moderate
EMP_07893,Marketing,Autocratic/Micromanagement,3.24,4.31,3.92,1.95,1.63,5,3.7,55.7,Moderate
EMP_07894,Marketing,Supportive,4.26,3.94,3.68,2.74,2.25,2,0.5,49.6,Moderate
EMP_07895,Sales,Democratic,3.44,4.38,3.32,3.2,3.01,5,6.8,35.4,Low
EMP_07896,Product Management,Autocratic/Micromanagement,3.35,3.66,2.87,3.66,1.85,3,3.1,45.7,Moderate
EMP_07897,Sales,Autocratic/Micromanagement,4.13,3.74,2.97,2.83,2.59,5,4.2,21.0,Low
EMP_07898,Product Management,Democratic,3.56,3.78,2.56,3.41,1.0,5,0.5,51.8,Moderate
EMP_07899,Data Science,Autocratic/Micromanagement,3.65,4.05,4.16,3.0,1.97,4,5.8,52.8,Moderate
EMP_07900,Data Science,Supportive,3.87,3.72,3.02,3.62,2.68,5,2.2,41.2,Low
EMP_07901,Data Science,Democratic,3.45,4.0,4.23,3.2,3.1,5,2.4,39.3,Low
EMP_07902,HR,Democratic,3.17,3.11,2.6,4.13,2.68,4,0.5,42.8,Low
EMP_07903,Product Management,Supportive,3.52,3.8,3.0,3.83,4.59,4,0.5,51.0,Moderate
EMP_07904,Marketing,Supportive,3.91,4.1,2.06,3.56,2.27,3,4.2,51.6,Moderate
EMP_07905,Engineering,Supportive,3.8,2.79,2.53,3.48,3.16,1,4.8,25.4,Low
EMP_07906,Engineering,Supportive,3.1,4.05,2.87,4.36,2.33,4,3.4,53.5,Moderate
EMP_07907,Engineering,Supportive,3.34,3.95,3.64,3.33,2.36,4,4.0,51.8,Moderate
EMP_07908,HR,Democratic,3.27,3.54,3.76,1.71,3.0,4,10.6,38.1,Low
EMP_07909,Engineering,Supportive,3.89,4.01,2.6,3.2,3.57,3,20.0,40.6,Low
EMP_07910,Data Science,Supportive,3.55,4.07,3.22,4.17,3.28,2,0.9,49.5,Moderate
EMP_07911,HR,Supportive,4.08,4.48,3.64,3.98,3.35,4,1.7,41.2,Low
EMP_07912,Marketing,Supportive,4.1,3.5,4.1,4.07,1.61,1,1.6,51.8,Moderate
EMP_07913,HR,Autocratic/Micromanagement,4.0,3.94,3.6,3.19,1.67,4,11.8,27.3,Low
EMP_07914,Engineering,Democratic,2.6,4.23,2.18,3.73,4.25,5,8.8,53.0,Moderate
EMP_07915,Data Science,Democratic,3.7,4.75,2.5,3.17,2.36,4,4.6,54.2,Moderate
EMP_07916,Engineering,Democratic,3.2,3.52,1.53,4.8,2.64,4,6.4,43.5,Low
EMP_07917,Marketing,Autocratic/Micromanagement,2.92,4.09,3.25,2.76,3.4,2,6.0,37.5,Low
EMP_07918,Data Science,Supportive,2.97,3.87,2.72,3.46,2.84,1,1.7,46.0,Moderate
EMP_07919,Engineering,Supportive,4.14,4.13,3.49,4.41,2.27,3,3.0,51.3,Moderate
EMP_07920,Data Science,Supportive,4.69,4.15,3.36,4.04,2.32,3,5.9,53.3,Moderate
EMP_07921,Marketing,Supportive,2.86,4.17,2.97,3.12,2.04,3,1.8,56.8,Moderate
EMP_07922,Product Management,Autocratic/Micromanagement,3.22,3.62,3.2,3.47,1.85,4,0.8,47.8,Moderate
EMP_07923,Engineering,Democratic,4.18,3.32,3.08,3.72,1.98,4,1.6,45.6,Moderate
EMP_07924,Sales,Supportive,4.16,3.48,2.66,3.2,2.14,3,3.4,52.0,Moderate
EMP_07925,Sales,Democratic,4.64,3.06,4.34,4.39,3.51,5,3.1,55.5,Moderate
EMP_07926,Marketing,Autocratic/Micromanagement,3.52,3.27,3.28,2.94,2.73,4,3.1,46.3,Moderate
EMP_07927,Engineering,Democratic,3.31,3.89,2.78,4.65,1.45,4,3.6,51.8,Moderate
EMP_07928,Sales,Supportive,3.67,3.91,2.72,3.61,2.45,2,8.7,53.4,Moderate
EMP_07929,Data Science,Supportive,3.46,3.41,3.43,3.58,2.24,5,3.2,50.6,Moderate
EMP_07930,Sales,Supportive,4.23,4.44,4.53,4.43,1.79,5,3.0,64.2,Moderate
EMP_07931,Product Management,Democratic,3.5,4.43,3.18,4.02,2.38,4,9.9,43.2,Low
EMP_07932,Marketing,Democratic,4.22,3.57,3.12,4.59,1.25,3,1.4,52.6,Moderate
EMP_07933,Data Science,Democratic,2.79,3.22,3.04,3.9,1.08,4,5.6,46.0,Moderate
EMP_07934,Engineering,Supportive,3.8,3.63,3.16,4.34,2.26,3,2.3,50.3,Moderate
EMP_07935,Product Management,Supportive,4.06,4.07,3.28,3.46,3.38,3,5.1,47.7,Moderate
EMP_07936,Engineering,Democratic,2.91,3.65,2.47,3.69,2.71,3,1.4,39.3,Low
EMP_07937,Sales,Democratic,3.09,3.35,3.13,4.46,3.22,5,0.5,36.9,Low
EMP_07938,Engineering,Supportive,3.84,3.88,2.73,4.03,1.06,3,0.5,60.6,Moderate
EMP_07939,Data Science,Supportive,3.99,4.12,3.41,4.33,2.36,3,1.9,52.9,Moderate
EMP_07940,HR,Democratic,3.9,4.05,2.52,4.29,3.65,5,2.7,36.4,Low
EMP_07941,Product Management,Democratic,3.92,3.42,3.4,4.38,2.2,4,2.8,49.8,Moderate
EMP_07942,Product Management,Democratic,4.07,3.67,2.65,4.14,2.43,2,6.8,34.4,Low
EMP_07943,Marketing,Autocratic/Micromanagement,4.6,3.38,3.9,3.6,2.39,1,1.3,20.3,Low
EMP_07944,Engineering,Democratic,3.62,3.53,3.35,4.67,3.24,3,3.4,42.0,Low
EMP_07945,Engineering,Democratic,4.23,3.59,2.45,4.28,4.68,4,1.0,29.9,Low
EMP_07946,Marketing,Autocratic/Micromanagement,3.75,3.28,3.55,3.01,1.75,3,6.4,47.2,Moderate
EMP_07947,Marketing,Autocratic/Micromanagement,4.49,4.06,2.16,4.32,3.36,3,5.8,16.3,Low
EMP_07948,Marketing,Supportive,3.82,4.29,3.47,2.31,3.09,2,0.7,52.1,Moderate
EMP_07949,Sales,Democratic,4.96,3.42,2.61,3.7,1.78,5,1.8,53.2,Moderate
EMP_07950,Product Management,Supportive,4.01,4.67,3.16,3.98,3.59,2,0.5,42.6,Low
EMP_07951,Engineering,Democratic,4.04,3.61,4.03,4.16,1.82,4,6.8,44.9,Low
EMP_07952,Product Management,Autocratic/Micromanagement,3.05,3.75,3.96,2.64,2.17,4,4.4,48.3,Moderate
EMP_07953,Engineering,Supportive,3.15,4.2,2.91,3.12,2.07,2,7.8,71.7,Moderate
EMP_07954,Engineering,Democratic,3.52,4.31,2.65,3.28,3.38,3,0.5,59.4,Moderate
EMP_07955,Data Science,Supportive,4.09,4.1,3.13,2.82,3.2,4,0.6,50.7,Moderate
EMP_07956,Product Management,Supportive,3.31,3.35,3.83,5.0,1.63,1,12.0,51.8,Moderate
EMP_07957,Marketing,Democratic,3.83,4.02,2.49,3.88,1.96,4,3.0,48.5,Moderate
EMP_07958,Sales,Democratic,3.73,3.93,3.31,3.14,2.83,3,0.5,47.8,Moderate
EMP_07959,Marketing,Supportive,3.44,3.8,2.63,4.04,1.92,3,11.6,54.1,Moderate
EMP_07960,Engineering,Democratic,3.38,3.18,3.26,3.47,1.41,3,1.8,36.4,Low
EMP_07961,Engineering,Autocratic/Micromanagement,3.11,3.53,2.8,3.09,2.63,3,5.2,41.1,Low
EMP_07962,Data Science,Supportive,4.66,4.48,3.63,3.68,3.76,2,6.6,51.8,Moderate
EMP_07963,HR,Democratic,3.64,4.18,3.5,3.77,3.42,5,0.5,43.6,Low
EMP_07964,Data Science,Autocratic/Micromanagement,3.49,4.84,2.66,4.17,1.61,4,0.5,50.2,Moderate
EMP_07965,Engineering,Supportive,3.75,4.25,3.65,3.52,3.3,4,6.0,69.4,Moderate
EMP_07966,Sales,Supportive,4.12,4.13,3.18,3.3,2.26,3,7.4,50.9,Moderate
EMP_07967,Sales,Democratic,3.5,4.71,2.8,3.78,3.33,4,11.2,35.2,Low
EMP_07968,Data Science,Democratic,3.19,4.36,2.62,4.02,1.88,4,2.2,56.3,Moderate
EMP_07969,Marketing,Democratic,4.62,3.44,4.19,3.22,1.38,4,2.7,50.4,Moderate
EMP_07970,Engineering,Autocratic/Micromanagement,3.26,4.9,3.97,4.58,3.83,4,11.2,55.8,Moderate
EMP_07971,Engineering,Supportive,4.44,3.61,3.41,4.73,4.3,4,0.5,44.2,Low
EMP_07972,Marketing,Democratic,4.87,3.98,2.1,2.92,2.94,2,1.9,53.4,Moderate
EMP_07973,Engineering,Autocratic/Micromanagement,2.37,4.92,2.69,3.63,2.11,4,1.1,61.0,Moderate
EMP_07974,Product Management,Autocratic/Micromanagement,3.51,4.27,2.28,4.37,3.03,1,1.3,38.2,Low
EMP_07975,Product Management,Supportive,2.68,3.95,2.98,4.23,1.77,3,6.7,51.4,Moderate
EMP_07976,Marketing,Supportive,3.94,4.23,1.81,3.16,2.27,4,8.4,48.7,Moderate
EMP_07977,Sales,Supportive,3.43,4.25,2.36,3.0,3.92,3,3.7,29.4,Low
EMP_07978,Engineering,Supportive,3.63,4.46,3.23,2.8,2.57,4,12.4,61.0,Moderate
EMP_07979,Product Management,Democratic,3.48,3.56,2.84,3.03,1.39,5,2.1,48.4,Moderate
EMP_07980,Engineering,Supportive,4.5,3.3,2.2,3.72,2.16,5,3.4,54.4,Moderate
EMP_07981,Engineering,Supportive,3.52,4.2,2.79,3.14,2.51,4,0.9,62.3,Moderate
EMP_07982,Engineering,Autocratic/Micromanagement,4.03,3.14,3.36,2.67,2.22,1,4.3,22.6,Low
EMP_07983,Product Management,Supportive,4.63,3.31,4.24,3.77,2.18,5,1.9,55.4,Moderate
EMP_07984,Engineering,Supportive,5.0,3.91,3.73,3.37,2.47,2,0.5,48.0,Moderate
EMP_07985,Engineering,Autocratic/Micromanagement,3.1,2.98,2.53,3.33,2.78,4,1.9,39.7,Low
EMP_07986,Engineering,Supportive,3.82,3.43,3.44,3.2,2.67,3,12.8,55.2,Moderate
EMP_07987,Engineering,Democratic,3.07,2.92,2.46,3.07,2.67,5,2.5,36.4,Low
EMP_07988,Product Management,Autocratic/Micromanagement,3.87,4.25,2.82,2.62,3.12,4,1.2,43.8,Low
EMP_07989,Sales,Autocratic/Micromanagement,3.72,4.01,2.61,3.06,1.68,4,11.0,40.9,Low
EMP_07990,HR,Supportive,3.47,3.23,3.0,3.21,2.49,1,2.4,49.8,Moderate
EMP_07991,Engineering,Supportive,2.81,4.79,3.04,3.77,1.3,5,2.9,72.4,Moderate
EMP_07992,Product Management,Supportive,3.59,4.59,2.88,3.92,2.41,5,2.7,53.7,Moderate
EMP_07993,Marketing,Democratic,4.2,4.56,3.21,3.85,2.34,4,3.2,42.0,Low
EMP_07994,Sales,Supportive,3.7,3.69,2.78,2.64,1.57,5,1.9,57.0,Moderate
EMP_07995,Engineering,Autocratic/Micromanagement,3.39,4.35,3.42,4.38,3.43,5,0.5,59.8,Moderate
EMP_07996,Engineering,Autocratic/Micromanagement,3.24,3.62,2.83,3.39,2.59,4,1.0,37.6,Low
EMP_07997,Engineering,Democratic,4.02,4.36,1.53,4.29,2.24,1,5.7,52.2,Moderate
EMP_07998,Product Management,Democratic,3.01,3.29,3.04,3.34,2.86,5,1.4,36.7,Low
EMP_07999,Engineering,Supportive,4.16,4.62,2.34,4.05,1.4,4,4.2,74.6,Moderate
EMP_08000,Data Science,Supportive,4.2,3.94,2.35,4.71,3.68,5,0.7,52.6,Moderate
EMP_08001,Sales,Supportive,2.93,3.79,3.58,2.85,1.68,3,8.1,50.7,Moderate
EMP_08002,Engineering,Autocratic/Micromanagement,3.06,3.94,2.9,4.55,1.5,4,4.2,43.9,Low
EMP_08003,Data Science,Democratic,3.61,4.42,4.15,3.86,1.97,5,3.1,60.4,Moderate
EMP_08004,HR,Autocratic/Micromanagement,3.76,5.0,4.86,3.61,2.04,5,2.2,44.9,Low
EMP_08005,Data Science,Supportive,3.45,4.31,4.29,3.8,1.0,4,3.2,67.8,Moderate
EMP_08006,Marketing,Democratic,4.02,2.91,2.96,3.54,2.14,5,0.5,52.0,Moderate
EMP_08007,HR,Autocratic/Micromanagement,3.78,3.96,3.73,3.04,3.13,5,1.9,30.6,Low
EMP_08008,Engineering,Democratic,3.25,4.84,3.23,3.74,3.22,4,3.2,54.0,Moderate
EMP_08009,HR,Democratic,4.23,3.83,3.18,3.8,2.23,5,2.0,43.9,Low
EMP_08010,HR,Autocratic/Micromanagement,4.8,3.37,2.94,2.6,1.72,5,1.8,27.6,Low
EMP_08011,Sales,Supportive,3.36,4.11,2.41,3.56,2.5,5,0.5,38.0,Low
EMP_08012,Product Management,Democratic,4.48,4.29,3.41,4.48,3.02,2,1.6,35.7,Low
EMP_08013,Engineering,Democratic,3.51,3.7,2.43,4.0,3.26,3,1.4,40.2,Low
EMP_08014,Product Management,Democratic,3.83,4.15,3.39,4.96,4.06,5,1.9,32.4,Low
EMP_08015,Marketing,Democratic,4.13,3.92,1.75,4.5,3.35,5,4.3,35.8,Low
EMP_08016,Engineering,Supportive,1.58,4.32,3.09,3.25,2.03,3,8.4,64.9,Moderate
EMP_08017,Marketing,Supportive,4.02,4.67,3.35,3.15,1.67,2,0.5,55.7,Moderate
EMP_08018,Engineering,Democratic,3.8,4.31,2.21,3.9,1.07,3,0.5,64.3,Moderate
EMP_08019,Data Science,Democratic,2.6,4.48,2.19,3.86,2.29,3,3.4,57.6,Moderate
EMP_08020,Sales,Democratic,4.15,4.15,2.97,3.15,3.84,3,5.1,36.7,Low
EMP_08021,Product Management,Supportive,3.8,3.48,3.04,3.02,2.37,5,3.9,47.1,Moderate
EMP_08022,Data Science,Supportive,3.05,3.86,3.86,3.05,1.65,5,6.5,56.6,Moderate
EMP_08023,Engineering,Supportive,3.25,4.69,2.64,3.98,3.02,4,0.8,65.6,Moderate
EMP_08024,Sales,Autocratic/Micromanagement,3.06,3.54,2.42,3.48,2.95,4,0.5,23.1,Low
EMP_08025,Sales,Democratic,3.99,3.4,4.2,4.3,2.57,4,1.6,60.7,Moderate
EMP_08026,Product Management,Supportive,3.43,4.59,2.05,3.52,3.31,3,0.5,38.5,Low
EMP_08027,Engineering,Supportive,3.82,3.45,3.12,4.73,3.65,4,2.3,43.5,Low
EMP_08028,Engineering,Autocratic/Micromanagement,3.55,3.67,3.56,3.54,2.75,3,0.5,31.4,Low
EMP_08029,Sales,Supportive,3.67,3.72,2.17,3.83,2.17,5,4.5,36.4,Low
EMP_08030,Data Science,Autocratic/Micromanagement,4.05,3.52,3.25,3.67,2.14,4,7.4,24.6,Low
EMP_08031,Data Science,Supportive,2.12,3.82,3.24,3.71,2.38,4,1.2,46.9,Moderate
EMP_08032,Engineering,Supportive,4.26,3.71,3.24,3.82,1.85,3,0.5,52.0,Moderate
EMP_08033,Marketing,Supportive,3.51,2.97,2.78,3.37,2.26,4,0.7,44.7,Low
EMP_08034,Sales,Supportive,4.06,4.72,3.52,4.18,2.59,3,9.8,40.8,Low
EMP_08035,Marketing,Autocratic/Micromanagement,3.71,4.4,3.06,3.6,2.89,3,10.9,40.6,Low
EMP_08036,Engineering,Supportive,4.98,3.61,3.96,3.56,3.0,5,2.4,43.3,Low
EMP_08037,Engineering,Autocratic/Micromanagement,4.26,3.62,2.88,4.51,2.36,5,1.9,30.8,Low
EMP_08038,Data Science,Democratic,3.81,3.82,3.47,5.0,2.48,4,1.2,43.3,Low
EMP_08039,Engineering,Democratic,2.58,3.21,3.42,3.41,2.87,4,1.4,40.1,Low
EMP_08040,Product Management,Democratic,4.13,4.04,2.91,4.69,4.18,2,12.8,36.2,Low
EMP_08041,HR,Autocratic/Micromanagement,4.42,4.82,2.22,3.59,2.76,5,4.1,20.2,Low
EMP_08042,Data Science,Democratic,4.18,3.02,2.96,3.39,2.38,3,13.3,53.0,Moderate
EMP_08043,Marketing,Supportive,4.81,3.16,4.74,3.41,1.44,4,5.0,65.3,Moderate
EMP_08044,Engineering,Democratic,3.23,3.69,3.96,3.6,2.53,4,14.1,38.0,Low
EMP_08045,Product Management,Autocratic/Micromanagement,4.13,3.68,3.93,4.71,2.93,3,4.0,17.7,Low
EMP_08046,Sales,Autocratic/Micromanagement,4.58,4.16,1.94,3.85,2.24,4,12.2,7.0,Low
EMP_08047,HR,Democratic,3.8,4.09,3.18,2.88,1.59,3,2.2,48.4,Moderate
EMP_08048,Data Science,Supportive,2.28,3.42,3.16,3.98,2.46,5,8.0,54.2,Moderate
EMP_08049,Data Science,Autocratic/Micromanagement,3.1,4.73,4.39,3.52,3.35,4,0.8,53.5,Moderate
EMP_08050,Product Management,Autocratic/Micromanagement,3.23,3.18,2.89,4.04,2.9,4,4.3,46.5,Moderate
EMP_08051,Engineering,Supportive,4.07,3.59,2.43,3.87,1.23,4,3.4,61.1,Moderate
EMP_08052,Data Science,Democratic,4.83,4.32,2.89,4.76,2.83,3,0.7,55.5,Moderate
EMP_08053,Marketing,Supportive,4.7,3.81,2.47,3.11,3.02,5,6.6,53.1,Moderate
EMP_08054,Marketing,Supportive,3.58,3.98,3.29,4.11,3.59,4,6.3,48.9,Moderate
EMP_08055,Engineering,Supportive,4.12,3.26,3.45,4.93,2.38,5,0.6,49.8,Moderate
EMP_08056,Product Management,Autocratic/Micromanagement,3.42,2.83,3.26,3.87,2.71,3,5.2,48.7,Moderate
EMP_08057,HR,Supportive,2.71,3.11,3.33,3.25,2.87,3,0.6,46.5,Moderate
EMP_08058,Data Science,Democratic,4.32,3.84,2.33,2.68,3.98,4,1.5,39.1,Low
EMP_08059,Sales,Supportive,3.35,3.82,3.56,4.5,2.47,4,1.6,59.8,Moderate
EMP_08060,Sales,Supportive,4.58,3.87,2.37,3.16,2.55,5,0.7,34.7,Low
EMP_08061,Data Science,Supportive,3.55,4.65,2.96,2.7,1.75,5,0.7,67.8,Moderate
EMP_08062,Engineering,Supportive,4.03,3.88,2.86,3.81,3.34,5,4.0,50.9,Moderate
EMP_08063,Engineering,Supportive,3.89,3.64,3.52,3.83,1.95,3,4.3,57.2,Moderate
EMP_08064,Marketing,Autocratic/Micromanagement,4.56,4.28,4.17,2.83,3.11,4,3.1,11.8,Low
EMP_08065,Sales,Supportive,3.61,5.0,3.61,3.57,3.62,3,0.5,44.3,Low
EMP_08066,Product Management,Supportive,4.63,4.74,2.5,3.72,2.59,3,3.5,41.8,Low
EMP_08067,Data Science,Democratic,3.68,3.27,3.31,2.92,1.28,4,2.7,47.3,Moderate
EMP_08068,Sales,Democratic,4.08,4.04,3.44,3.53,2.76,4,2.4,36.6,Low
EMP_08069,Product Management,Autocratic/Micromanagement,3.86,3.54,3.79,3.99,3.35,3,6.5,39.5,Low
EMP_08070,Engineering,Democratic,4.01,4.02,4.5,4.38,3.49,1,1.8,35.8,Low
EMP_08071,Data Science,Autocratic/Micromanagement,3.3,3.96,2.96,3.43,2.45,3,10.7,41.6,Low
EMP_08072,Data Science,Supportive,5.0,3.93,3.15,4.65,2.27,3,1.9,51.6,Moderate
EMP_08073,HR,Democratic,3.34,4.08,3.28,4.5,3.52,2,6.3,42.1,Low
EMP_08074,Sales,Supportive,2.56,3.76,2.84,3.84,2.43,2,5.8,55.4,Moderate
EMP_08075,Engineering,Supportive,4.15,4.13,2.97,4.38,3.94,3,1.3,39.3,Low
EMP_08076,HR,Supportive,3.39,3.19,2.18,4.09,2.24,3,6.0,55.5,Moderate
EMP_08077,Engineering,Supportive,3.2,2.89,3.08,3.94,1.84,4,1.1,52.2,Moderate
EMP_08078,Sales,Supportive,4.41,3.51,3.52,3.68,3.04,4,3.6,38.9,Low
EMP_08079,Sales,Democratic,3.04,4.29,2.85,4.99,1.84,4,2.8,49.6,Moderate
EMP_08080,Product Management,Democratic,3.99,3.33,2.65,3.45,2.5,4,3.4,44.2,Low
EMP_08081,Marketing,Democratic,4.86,4.34,3.48,3.53,1.26,5,5.5,56.9,Moderate
EMP_08082,Engineering,Supportive,2.95,3.84,3.41,3.91,2.48,1,0.9,53.8,Moderate
EMP_08083,Engineering,Democratic,3.38,3.28,3.06,4.04,2.45,1,0.5,38.6,Low
EMP_08084,Product Management,Democratic,2.9,3.99,2.7,3.61,3.0,2,5.3,42.1,Low
EMP_08085,Sales,Democratic,4.12,4.41,3.05,3.23,2.64,4,2.8,45.0,Moderate
EMP_08086,HR,Autocratic/Micromanagement,3.91,3.22,2.43,2.63,1.68,4,2.5,50.3,Moderate
EMP_08087,Sales,Supportive,3.64,3.6,2.78,3.79,2.91,4,0.5,47.3,Moderate
EMP_08088,Sales,Autocratic/Micromanagement,4.35,3.7,2.89,2.94,2.11,5,5.9,20.9,Low
EMP_08089,Engineering,Supportive,3.42,3.36,4.31,2.97,2.49,4,4.8,49.1,Moderate
EMP_08090,Marketing,Autocratic/Micromanagement,4.11,3.53,3.82,4.22,2.7,3,8.0,21.1,Low
EMP_08091,Engineering,Autocratic/Micromanagement,4.03,3.99,3.34,3.0,2.03,2,8.0,24.9,Low
EMP_08092,Marketing,Supportive,3.22,3.67,1.86,3.61,2.51,2,0.5,55.1,Moderate
EMP_08093,Data Science,Supportive,3.5,3.75,3.66,3.43,3.07,5,2.4,50.7,Moderate
EMP_08094,Data Science,Supportive,5.0,3.33,4.06,4.84,2.24,4,0.5,58.5,Moderate
EMP_08095,HR,Supportive,3.24,4.33,2.51,4.15,2.37,3,7.3,53.9,Moderate
EMP_08096,Engineering,Democratic,5.0,3.82,3.46,4.05,1.0,4,0.6,46.1,Moderate
EMP_08097,Engineering,Democratic,4.05,3.46,2.59,3.29,1.02,4,7.1,44.9,Low
EMP_08098,Sales,Supportive,3.47,3.82,1.58,3.3,3.26,3,1.9,31.5,Low
EMP_08099,Product Management,Supportive,3.22,3.37,2.69,3.53,2.58,4,2.1,51.8,Moderate
EMP_08100,Marketing,Democratic,3.89,4.83,3.06,4.38,2.96,3,2.8,41.7,Low
EMP_08101,Sales,Supportive,3.96,4.26,3.42,3.59,3.13,4,2.3,44.5,Low
EMP_08102,Sales,Supportive,4.83,4.39,3.45,3.76,2.33,5,0.5,45.9,Moderate
EMP_08103,Engineering,Autocratic/Micromanagement,3.87,4.09,4.95,3.67,1.79,3,1.1,51.4,Moderate
EMP_08104,Marketing,Autocratic/Micromanagement,3.69,3.66,2.81,3.45,3.14,3,0.5,42.7,Low
EMP_08105,Sales,Supportive,3.12,3.97,2.34,5.0,2.59,5,1.9,23.2,Low
EMP_08106,HR,Autocratic/Micromanagement,4.37,2.8,3.21,3.92,2.57,4,1.9,15.9,Low
EMP_08107,Product Management,Autocratic/Micromanagement,2.62,3.91,3.15,3.73,2.8,4,2.2,41.7,Low
EMP_08108,Sales,Autocratic/Micromanagement,3.69,3.85,2.85,3.63,1.4,1,20.0,42.6,Low
EMP_08109,Engineering,Democratic,3.95,3.6,3.55,4.07,1.81,5,5.0,46.9,Moderate
EMP_08110,Data Science,Democratic,3.8,3.81,2.43,3.04,2.3,5,6.4,44.2,Low
EMP_08111,Marketing,Supportive,3.64,3.81,3.25,3.31,1.65,4,0.7,50.9,Moderate
EMP_08112,Engineering,Supportive,3.82,4.67,4.36,3.13,3.28,4,3.3,56.9,Moderate
EMP_08113,Data Science,Democratic,3.0,4.49,4.09,2.9,2.25,4,1.8,59.8,Moderate
EMP_08114,Engineering,Supportive,3.02,3.73,4.32,3.11,2.36,1,0.5,48.3,Moderate
EMP_08115,Marketing,Democratic,4.17,4.13,3.78,3.42,2.12,3,5.1,41.6,Low
EMP_08116,Data Science,Supportive,3.19,4.24,4.03,3.57,1.57,1,3.0,67.0,Moderate
EMP_08117,Sales,Supportive,2.94,3.57,3.37,3.1,2.92,3,14.6,50.1,Moderate
EMP_08118,Data Science,Supportive,3.62,4.39,4.3,3.37,2.12,4,2.3,67.6,Moderate
EMP_08119,Engineering,Democratic,3.27,4.21,2.2,3.81,1.84,1,1.1,54.7,Moderate
EMP_08120,Data Science,Supportive,3.6,3.75,1.93,3.92,2.17,2,0.8,52.4,Moderate
EMP_08121,Engineering,Democratic,3.74,3.57,3.99,3.58,2.82,5,7.6,38.6,Low
EMP_08122,Sales,Supportive,3.91,4.11,2.61,4.22,2.25,2,0.5,54.3,Moderate
EMP_08123,Sales,Autocratic/Micromanagement,4.25,3.92,3.18,4.35,2.15,2,0.5,28.2,Low
EMP_08124,Product Management,Democratic,3.4,3.95,3.15,3.29,3.18,4,2.6,40.9,Low
EMP_08125,Data Science,Democratic,2.69,3.62,3.82,4.26,3.28,1,6.1,33.1,Low
EMP_08126,Product Management,Autocratic/Micromanagement,3.09,4.46,2.68,2.87,3.8,3,1.8,30.3,Low
EMP_08127,Engineering,Supportive,2.72,4.14,2.49,4.68,1.12,2,10.6,60.4,Moderate
EMP_08128,Engineering,Democratic,3.57,4.26,3.49,4.26,2.63,3,6.7,59.4,Moderate
EMP_08129,Engineering,Supportive,3.26,3.08,4.4,2.94,1.44,4,2.2,54.6,Moderate
EMP_08130,Data Science,Supportive,4.58,4.64,2.89,3.81,2.2,5,4.0,68.4,Moderate
EMP_08131,Product Management,Autocratic/Micromanagement,3.38,3.82,3.7,3.93,3.34,5,4.1,39.7,Low
EMP_08132,Data Science,Autocratic/Micromanagement,3.56,3.61,3.68,3.65,2.07,4,1.0,51.0,Moderate
EMP_08133,Data Science,Autocratic/Micromanagement,3.0,3.45,3.36,3.3,2.74,4,1.3,36.7,Low
EMP_08134,Data Science,Supportive,3.44,4.5,3.01,3.73,2.35,5,0.5,57.8,Moderate
EMP_08135,Engineering,Supportive,3.1,3.35,2.17,3.39,2.18,5,3.0,46.6,Moderate
EMP_08136,Engineering,Supportive,2.72,3.86,2.68,3.4,2.62,4,1.8,42.6,Low
EMP_08137,Engineering,Supportive,4.02,4.35,4.28,4.05,1.47,4,0.5,73.5,Moderate
EMP_08138,Data Science,Supportive,3.03,4.34,2.86,3.42,2.35,1,2.5,63.0,Moderate
EMP_08139,Sales,Democratic,4.07,4.55,4.22,3.9,2.26,3,4.8,63.3,Moderate
EMP_08140,Data Science,Democratic,3.82,4.32,3.75,3.69,2.88,3,19.1,52.4,Moderate
EMP_08141,Data Science,Democratic,3.9,4.13,3.39,4.21,2.3,4,0.5,41.8,Low
EMP_08142,Sales,Democratic,4.08,4.06,4.67,3.97,2.71,5,1.2,57.2,Moderate
EMP_08143,Sales,Democratic,4.71,4.22,2.22,4.24,3.75,4,3.4,18.8,Low
EMP_08144,Product Management,Democratic,4.13,4.2,3.86,4.15,3.22,2,17.6,38.7,Low
EMP_08145,Product Management,Supportive,3.25,4.12,3.78,4.55,2.14,3,5.3,51.6,Moderate
EMP_08146,HR,Autocratic/Micromanagement,3.61,4.65,3.19,2.88,2.06,5,2.0,51.3,Moderate
EMP_08147,Sales,Democratic,4.11,3.9,3.38,2.59,1.0,5,0.5,61.1,Moderate
EMP_08148,Engineering,Supportive,3.23,4.65,3.55,3.73,1.14,3,0.5,60.4,Moderate
EMP_08149,Data Science,Supportive,3.85,3.38,4.18,3.44,2.28,2,3.8,52.7,Moderate
EMP_08150,Data Science,Democratic,3.55,3.71,3.17,4.25,2.2,4,0.5,45.4,Moderate
EMP_08151,Engineering,Supportive,3.46,3.47,2.87,3.32,2.04,1,3.7,50.8,Moderate
EMP_08152,Marketing,Supportive,3.87,4.29,2.49,2.98,2.46,1,2.1,56.0,Moderate
EMP_08153,Engineering,Democratic,4.06,3.73,3.31,3.25,1.87,4,0.5,46.5,Moderate
EMP_08154,Marketing,Supportive,3.61,3.74,4.85,3.72,3.02,4,0.5,49.9,Moderate
EMP_08155,Marketing,Autocratic/Micromanagement,3.18,3.69,3.03,4.07,1.0,5,4.3,59.0,Moderate
EMP_08156,Engineering,Supportive,3.66,3.56,2.74,3.57,1.79,3,8.9,57.7,Moderate
EMP_08157,Engineering,Democratic,3.78,3.15,3.3,3.28,2.16,2,4.3,48.7,Moderate
EMP_08158,Data Science,Democratic,3.52,3.38,2.87,3.87,2.74,2,0.9,34.4,Low
EMP_08159,Marketing,Autocratic/Micromanagement,3.21,3.11,1.7,4.04,2.99,3,3.5,40.4,Low
EMP_08160,Sales,Autocratic/Micromanagement,3.51,3.29,2.88,3.22,1.39,4,2.6,49.2,Moderate
EMP_08161,Marketing,Democratic,3.71,3.65,2.92,2.78,1.71,2,0.5,47.9,Moderate
EMP_08162,Sales,Supportive,3.25,4.51,3.46,4.2,2.0,3,14.0,56.0,Moderate
EMP_08163,HR,Democratic,4.43,3.52,3.08,2.7,3.02,3,5.2,34.8,Low
EMP_08164,Data Science,Democratic,4.37,3.7,3.95,3.99,2.49,4,10.2,38.5,Low
EMP_08165,HR,Supportive,2.63,4.61,2.36,4.71,2.33,3,1.0,55.5,Moderate
EMP_08166,Product Management,Supportive,3.52,4.68,3.2,3.75,2.11,3,0.6,53.9,Moderate
EMP_08167,Data Science,Democratic,3.89,3.65,3.57,3.27,2.04,4,1.9,45.0,Moderate
EMP_08168,Product Management,Supportive,3.21,3.94,2.15,4.31,2.79,4,0.9,53.0,Moderate
EMP_08169,Data Science,Autocratic/Micromanagement,4.09,3.85,5.0,3.56,2.98,4,1.1,11.1,Low
EMP_08170,Marketing,Supportive,2.8,3.59,3.36,3.15,1.75,1,6.9,51.2,Moderate
EMP_08171,Engineering,Democratic,3.25,3.9,3.16,4.09,1.66,5,4.5,43.1,Low
EMP_08172,Product Management,Supportive,4.06,3.12,2.42,3.95,2.61,5,1.7,56.0,Moderate
EMP_08173,Engineering,Democratic,4.39,3.93,2.55,2.6,3.1,5,0.5,41.6,Low
EMP_08174,HR,Supportive,3.76,3.94,3.74,4.05,1.84,3,0.6,58.8,Moderate
EMP_08175,Data Science,Supportive,3.81,3.74,2.46,4.13,3.34,3,8.3,40.6,Low
EMP_08176,Data Science,Democratic,3.51,3.78,2.81,3.15,1.31,4,6.4,53.5,Moderate
EMP_08177,Data Science,Autocratic/Micromanagement,4.44,3.91,3.75,4.28,2.72,5,3.0,23.5,Low
EMP_08178,Data Science,Democratic,3.42,4.78,4.07,3.23,2.34,1,0.7,62.5,Moderate
EMP_08179,Data Science,Democratic,4.81,3.76,4.85,4.17,1.71,3,0.5,48.6,Moderate
EMP_08180,Engineering,Autocratic/Micromanagement,4.14,4.08,2.73,4.22,2.58,4,5.8,17.6,Low
EMP_08181,HR,Supportive,2.95,3.6,3.96,4.18,2.97,1,4.2,43.0,Low
EMP_08182,Data Science,Supportive,3.79,3.63,2.79,3.19,2.47,4,11.5,53.1,Moderate
EMP_08183,Engineering,Supportive,3.29,3.11,3.39,3.3,2.05,3,1.5,54.9,Moderate
EMP_08184,Marketing,Supportive,4.22,4.69,3.12,3.87,3.15,5,7.1,48.3,Moderate
EMP_08185,Product Management,Democratic,3.61,4.41,3.3,2.87,1.8,5,1.6,42.9,Low
EMP_08186,Engineering,Supportive,2.75,3.87,3.28,4.48,2.48,3,2.6,50.5,Moderate
EMP_08187,Engineering,Supportive,2.25,3.78,3.19,3.2,2.37,4,12.2,47.0,Moderate
EMP_08188,Data Science,Democratic,3.36,3.56,2.42,2.88,1.82,5,2.7,42.9,Low
EMP_08189,Sales,Supportive,3.09,3.39,2.53,4.14,4.33,4,8.1,45.7,Moderate
EMP_08190,Sales,Autocratic/Micromanagement,4.24,4.16,3.99,3.52,3.33,4,0.5,17.8,Low
EMP_08191,Engineering,Supportive,3.82,4.49,2.93,4.02,2.21,2,7.0,71.0,Moderate
EMP_08192,Sales,Autocratic/Micromanagement,4.62,2.95,3.44,3.11,2.47,4,1.4,24.5,Low
EMP_08193,Engineering,Autocratic/Micromanagement,3.53,4.09,3.57,3.6,2.22,3,1.7,43.5,Low
EMP_08194,HR,Democratic,4.87,3.38,3.7,2.72,3.47,2,4.3,39.1,Low
EMP_08195,Sales,Supportive,4.82,4.04,2.86,3.84,2.33,4,7.6,45.4,Moderate
EMP_08196,Sales,Supportive,3.57,3.58,2.73,3.48,2.11,3,6.5,50.9,Moderate
EMP_08197,Engineering,Autocratic/Micromanagement,2.98,4.28,2.67,3.2,2.94,4,2.0,53.8,Moderate
EMP_08198,Engineering,Supportive,3.7,3.7,2.49,4.31,1.92,4,8.4,54.6,Moderate
EMP_08199,Product Management,Supportive,3.47,3.55,2.03,3.33,2.12,4,4.3,52.2,Moderate
EMP_08200,Marketing,Supportive,3.92,3.67,3.25,4.17,2.42,1,2.9,50.2,Moderate
EMP_08201,Marketing,Democratic,4.01,3.79,2.15,3.64,2.26,4,0.9,46.1,Moderate
EMP_08202,Sales,Democratic,4.43,4.43,3.39,3.88,2.86,4,8.6,40.4,Low
EMP_08203,Engineering,Democratic,3.52,3.84,2.73,3.11,2.44,5,1.1,39.7,Low
EMP_08204,Engineering,Supportive,2.72,3.17,2.62,3.54,3.76,5,1.1,40.1,Low
EMP_08205,Sales,Supportive,4.16,4.22,2.67,4.13,2.65,4,5.1,47.4,Moderate
EMP_08206,Engineering,Supportive,3.81,3.75,3.49,3.67,2.89,4,3.0,47.4,Moderate
EMP_08207,Data Science,Democratic,3.11,3.86,3.12,4.33,2.91,5,14.4,39.4,Low
EMP_08208,Engineering,Democratic,3.3,4.09,4.51,5.0,2.15,4,0.5,43.2,Low
EMP_08209,HR,Autocratic/Micromanagement,3.99,4.25,3.08,2.88,2.54,5,3.1,38.1,Low
EMP_08210,Marketing,Supportive,4.47,4.03,3.1,3.06,2.18,3,1.6,58.0,Moderate
EMP_08211,Engineering,Democratic,3.37,4.22,2.77,2.98,3.66,4,9.4,46.6,Moderate
EMP_08212,Marketing,Supportive,4.42,4.02,3.33,3.71,2.78,5,10.7,50.6,Moderate
EMP_08213,HR,Supportive,4.78,3.43,3.06,2.85,2.71,4,0.5,55.1,Moderate
EMP_08214,Data Science,Supportive,3.91,3.54,3.21,3.47,1.86,5,11.2,52.7,Moderate
EMP_08215,Data Science,Autocratic/Micromanagement,2.85,4.18,3.43,3.85,1.76,4,2.3,39.7,Low
EMP_08216,Sales,Democratic,4.06,3.85,2.46,4.35,2.38,2,0.8,33.6,Low
EMP_08217,Sales,Supportive,4.58,3.88,3.91,3.69,1.5,4,10.4,52.2,Moderate
EMP_08218,Engineering,Autocratic/Micromanagement,3.85,3.91,2.23,3.29,2.97,3,1.2,37.1,Low
EMP_08219,Sales,Democratic,3.7,4.09,4.46,3.79,2.23,5,4.4,62.8,Moderate
EMP_08220,Product Management,Supportive,4.69,3.84,3.4,3.48,2.37,4,0.6,54.2,Moderate
EMP_08221,Engineering,Autocratic/Micromanagement,4.34,4.61,3.08,3.32,1.0,4,7.1,43.4,Low
EMP_08222,Engineering,Democratic,4.77,4.11,2.27,2.8,3.63,5,7.7,35.7,Low
EMP_08223,Engineering,Democratic,3.88,3.73,1.21,3.46,2.36,3,9.1,35.9,Low
EMP_08224,Data Science,Supportive,2.96,4.53,4.06,3.08,2.69,4,0.5,63.0,Moderate
EMP_08225,Data Science,Autocratic/Micromanagement,4.57,3.75,1.73,3.07,3.4,4,18.1,22.9,Low
EMP_08226,Engineering,Supportive,4.27,3.46,3.38,3.06,2.06,1,2.5,50.1,Moderate
EMP_08227,Product Management,Autocratic/Micromanagement,3.75,3.21,3.64,4.44,3.16,4,0.5,39.8,Low
EMP_08228,Engineering,Democratic,3.66,3.57,2.88,4.64,1.98,3,0.8,39.4,Low
EMP_08229,Engineering,Supportive,4.12,4.13,3.46,3.88,1.81,4,2.5,53.6,Moderate
EMP_08230,Sales,Supportive,2.93,4.35,4.26,2.71,3.4,4,9.2,59.8,Moderate
EMP_08231,Product Management,Supportive,3.78,4.99,2.79,3.61,1.5,4,2.2,53.5,Moderate
EMP_08232,Data Science,Supportive,3.47,4.63,1.53,2.68,1.41,5,0.8,70.3,Moderate
EMP_08233,Marketing,Democratic,5.0,3.41,3.98,3.86,3.69,4,3.0,33.8,Low
EMP_08234,Engineering,Supportive,3.03,3.12,2.0,3.61,1.98,1,5.6,53.7,Moderate
EMP_08235,Marketing,Democratic,3.75,4.04,1.3,2.0,3.02,1,1.9,39.6,Low
EMP_08236,Marketing,Democratic,4.5,3.56,3.69,4.29,1.15,4,4.3,50.4,Moderate
EMP_08237,Sales,Democratic,5.0,2.7,2.64,2.44,1.9,1,0.5,45.0,Moderate
EMP_08238,Engineering,Supportive,4.77,4.29,3.69,3.99,1.17,4,4.8,74.0,Moderate
EMP_08239,Sales,Autocratic/Micromanagement,3.65,3.48,1.89,1.16,2.07,2,2.2,34.1,Low
EMP_08240,HR,Supportive,4.29,3.41,3.6,3.24,1.37,4,1.0,59.9,Moderate
EMP_08241,Product Management,Supportive,4.95,3.28,3.92,2.84,3.09,3,1.6,47.7,Moderate
EMP_08242,Sales,Democratic,3.87,4.21,3.26,3.48,3.15,2,1.8,43.2,Low
EMP_08243,Engineering,Democratic,3.42,3.34,2.32,3.97,2.03,3,0.5,43.4,Low
EMP_08244,Sales,Democratic,3.63,3.35,3.81,3.42,2.29,4,3.7,47.7,Moderate
EMP_08245,Marketing,Supportive,3.31,3.58,1.77,4.02,1.72,2,3.4,57.4,Moderate
EMP_08246,HR,Supportive,3.06,3.64,3.99,3.25,1.0,3,0.8,58.4,Moderate
EMP_08247,Engineering,Supportive,3.79,4.1,2.78,3.14,1.55,4,10.3,61.2,Moderate
EMP_08248,Engineering,Supportive,3.79,4.61,2.39,3.2,3.29,5,12.7,70.1,Moderate
EMP_08249,Engineering,Supportive,3.41,3.99,3.38,3.48,3.44,3,5.4,39.2,Low
EMP_08250,Engineering,Supportive,4.38,4.35,4.02,3.59,3.21,2,5.7,67.4,Moderate
EMP_08251,Sales,Supportive,4.27,3.65,4.72,2.88,1.35,3,12.7,68.0,Moderate
EMP_08252,Marketing,Supportive,4.81,2.79,3.73,3.12,2.58,1,6.6,45.9,Moderate
EMP_08253,HR,Supportive,3.79,3.79,3.36,2.93,3.42,5,10.3,40.1,Low
EMP_08254,Product Management,Autocratic/Micromanagement,4.19,3.02,3.32,3.57,3.58,4,0.5,16.7,Low
EMP_08255,Engineering,Autocratic/Micromanagement,3.41,4.33,4.08,5.0,2.04,5,3.0,58.3,Moderate
EMP_08256,Data Science,Supportive,4.19,4.54,3.69,3.52,1.55,4,5.2,70.1,Moderate
EMP_08257,Sales,Autocratic/Micromanagement,3.33,4.33,3.77,3.21,2.39,3,17.8,44.1,Low
EMP_08258,Marketing,Autocratic/Micromanagement,4.24,4.32,2.57,4.36,1.68,4,8.2,24.1,Low
EMP_08259,Sales,Supportive,3.7,3.66,3.42,4.12,2.77,4,2.1,49.1,Moderate
EMP_08260,Data Science,Autocratic/Micromanagement,3.01,3.72,4.07,3.39,1.78,1,2.2,50.0,Moderate
EMP_08261,Engineering,Democratic,3.17,2.81,5.0,3.19,4.48,2,0.9,32.3,Low
EMP_08262,Product Management,Democratic,3.74,4.09,2.3,3.6,2.57,4,0.5,35.9,Low
EMP_08263,Engineering,Supportive,3.11,3.91,2.92,2.71,1.0,1,0.9,51.0,Moderate
EMP_08264,Data Science,Supportive,3.99,3.83,2.29,3.98,2.39,4,1.3,57.5,Moderate
EMP_08265,Product Management,Supportive,4.66,4.89,3.0,3.29,1.5,4,0.5,54.4,Moderate
EMP_08266,Sales,Supportive,3.57,3.56,3.73,2.33,1.48,5,0.5,54.9,Moderate
EMP_08267,Data Science,Supportive,4.58,5.0,3.62,4.09,1.32,4,4.3,70.9,Moderate
EMP_08268,Product Management,Supportive,4.12,3.34,2.68,3.44,1.0,4,1.2,51.7,Moderate
EMP_08269,Data Science,Supportive,3.2,4.41,1.97,3.51,2.25,4,1.1,69.8,Moderate
EMP_08270,Data Science,Supportive,4.06,3.98,3.94,3.68,2.22,4,0.5,52.8,Moderate
EMP_08271,Marketing,Supportive,3.1,3.36,2.61,3.52,3.21,4,9.4,50.1,Moderate
EMP_08272,Engineering,Democratic,3.05,4.48,3.88,4.16,2.49,1,3.5,63.4,Moderate
EMP_08273,Engineering,Autocratic/Micromanagement,3.27,4.15,3.47,3.55,1.96,2,1.4,39.1,Low
EMP_08274,Sales,Supportive,2.95,3.41,2.62,3.88,1.0,3,0.5,55.4,Moderate
EMP_08275,Product Management,Democratic,1.9,4.32,3.16,4.19,3.25,3,1.8,30.4,Low
EMP_08276,Sales,Supportive,3.83,4.99,2.26,3.85,2.64,5,2.5,30.5,Low
EMP_08277,Data Science,Supportive,2.25,4.58,2.6,3.7,2.15,3,3.7,69.5,Moderate
EMP_08278,Sales,Autocratic/Micromanagement,3.87,4.28,3.63,2.48,4.24,4,2.4,39.4,Low
EMP_08279,Data Science,Supportive,3.18,3.34,2.76,3.37,2.49,4,1.1,49.8,Moderate
EMP_08280,Engineering,Autocratic/Micromanagement,4.11,3.28,2.46,3.32,3.17,4,1.4,22.9,Low
EMP_08281,Data Science,Democratic,3.08,3.3,2.77,2.52,1.41,4,7.8,49.2,Moderate
EMP_08282,Engineering,Supportive,4.23,4.0,3.61,4.34,2.59,3,3.5,46.8,Moderate
EMP_08283,Engineering,Autocratic/Micromanagement,3.54,4.29,4.26,3.24,1.37,1,0.8,67.5,Moderate
EMP_08284,Marketing,Democratic,3.59,4.16,2.88,4.55,1.92,4,7.7,48.5,Moderate
EMP_08285,Product Management,Democratic,4.55,3.51,4.46,3.39,2.21,4,20.0,37.4,Low
EMP_08286,Marketing,Supportive,4.39,3.83,1.53,3.35,2.39,3,6.9,48.9,Moderate
EMP_08287,Data Science,Supportive,3.98,4.63,3.73,4.05,3.2,1,1.4,56.8,Moderate
EMP_08288,Marketing,Supportive,3.83,4.09,2.72,2.65,1.3,5,0.5,60.6,Moderate
EMP_08289,Engineering,Autocratic/Micromanagement,4.12,3.71,3.69,3.31,3.1,2,6.5,15.5,Low
EMP_08290,HR,Democratic,3.56,3.18,2.67,3.72,2.33,4,3.0,44.3,Low
EMP_08291,Engineering,Autocratic/Micromanagement,4.71,4.26,3.98,3.62,2.62,2,17.1,28.2,Low
EMP_08292,Marketing,Supportive,3.31,3.65,3.68,3.29,3.01,3,0.8,49.7,Moderate
EMP_08293,Product Management,Democratic,3.48,4.11,3.6,4.24,2.82,5,2.9,40.4,Low
EMP_08294,Sales,Democratic,3.07,4.74,3.45,3.07,1.6,5,1.1,41.2,Low
EMP_08295,HR,Supportive,3.87,3.09,3.17,4.21,1.05,4,0.5,61.1,Moderate
EMP_08296,Engineering,Democratic,3.33,3.73,1.41,3.82,2.7,1,2.7,43.4,Low
EMP_08297,Sales,Supportive,3.88,3.75,3.62,3.46,2.72,4,3.5,51.2,Moderate
EMP_08298,Sales,Democratic,3.88,4.56,3.55,3.17,2.52,5,6.3,43.0,Low
EMP_08299,Marketing,Autocratic/Micromanagement,4.51,3.72,3.49,3.97,2.08,1,2.1,26.4,Low
EMP_08300,Engineering,Autocratic/Micromanagement,3.76,3.64,3.69,4.05,2.46,2,1.8,41.7,Low
EMP_08301,Sales,Supportive,4.13,4.29,5.0,4.07,3.05,5,0.5,63.5,Moderate
EMP_08302,Sales,Autocratic/Micromanagement,3.57,3.08,3.08,3.3,2.6,1,1.7,39.9,Low
EMP_08303,Engineering,Supportive,3.4,3.83,2.99,4.13,3.41,1,4.5,47.3,Moderate
EMP_08304,Engineering,Supportive,3.24,4.67,3.45,3.38,1.7,4,1.4,65.8,Moderate
EMP_08305,Data Science,Democratic,3.53,4.51,2.68,3.39,1.0,1,2.2,67.1,Moderate
EMP_08306,Sales,Democratic,3.92,3.86,2.79,3.08,2.24,4,3.9,41.0,Low
EMP_08307,Marketing,Democratic,2.65,3.55,4.52,3.69,2.61,3,0.5,54.3,Moderate
EMP_08308,HR,Supportive,3.18,3.99,3.32,3.12,2.16,4,8.1,54.0,Moderate
EMP_08309,Marketing,Democratic,4.5,3.96,3.65,2.69,2.06,3,4.5,43.8,Low
EMP_08310,HR,Democratic,3.56,4.16,4.0,3.67,3.23,1,2.3,39.8,Low
EMP_08311,Engineering,Supportive,5.0,3.59,3.84,3.4,2.73,5,3.4,50.2,Moderate
EMP_08312,Marketing,Democratic,2.62,3.07,2.72,2.8,1.3,3,4.1,49.2,Moderate
EMP_08313,Data Science,Democratic,4.03,4.29,2.6,3.31,2.18,1,1.1,58.8,Moderate
EMP_08314,Sales,Autocratic/Micromanagement,4.48,3.49,2.15,4.08,2.49,5,19.1,0.1,Low
EMP_08315,Engineering,Supportive,3.57,2.98,4.15,4.51,2.21,3,1.5,48.1,Moderate
EMP_08316,HR,Supportive,4.45,3.7,4.14,3.67,1.33,4,10.0,59.1,Moderate
EMP_08317,Marketing,Democratic,2.74,4.42,3.15,3.13,3.37,5,1.0,34.2,Low
EMP_08318,Sales,Supportive,3.64,4.05,3.47,3.99,2.06,4,14.0,50.3,Moderate
EMP_08319,Sales,Supportive,3.55,3.65,2.72,3.8,1.96,4,1.5,43.2,Low
EMP_08320,Engineering,Supportive,2.58,4.78,3.75,4.13,2.12,5,2.3,63.0,Moderate
EMP_08321,Engineering,Democratic,3.44,3.37,2.42,3.88,2.21,4,6.6,38.3,Low
EMP_08322,Sales,Supportive,3.49,4.18,4.43,3.54,2.99,4,0.5,72.6,Moderate
EMP_08323,Sales,Supportive,3.48,4.27,2.33,3.4,2.6,5,2.6,28.4,Low
EMP_08324,Engineering,Supportive,4.51,3.38,3.82,2.67,2.94,3,0.8,50.1,Moderate
EMP_08325,Sales,Supportive,3.07,4.45,3.59,4.11,2.08,3,2.6,51.1,Moderate
EMP_08326,Data Science,Autocratic/Micromanagement,4.35,3.3,2.38,4.28,3.76,1,1.4,15.2,Low
EMP_08327,Engineering,Democratic,4.36,4.17,2.69,2.73,1.64,2,6.0,44.9,Low
EMP_08328,Engineering,Supportive,4.24,4.22,3.75,3.13,1.88,4,5.0,61.0,Moderate
EMP_08329,Data Science,Supportive,4.06,4.97,3.78,3.72,1.75,5,0.5,69.2,Moderate
EMP_08330,Engineering,Supportive,3.51,3.89,2.93,2.89,2.18,4,17.0,44.6,Low
EMP_08331,Data Science,Supportive,4.04,3.28,3.49,4.01,2.35,5,1.3,43.1,Low
EMP_08332,Marketing,Supportive,3.48,3.83,2.46,3.72,1.76,4,3.0,53.6,Moderate
EMP_08333,Marketing,Supportive,3.15,3.31,2.91,3.6,3.87,5,15.9,42.5,Low
EMP_08334,Sales,Democratic,3.1,3.9,3.33,4.53,3.69,3,11.5,34.6,Low
EMP_08335,Engineering,Supportive,3.12,3.67,3.3,4.0,1.1,4,9.7,60.3,Moderate
EMP_08336,Engineering,Autocratic/Micromanagement,3.9,3.42,3.98,4.81,2.38,2,6.9,42.8,Low
EMP_08337,Product Management,Democratic,4.81,4.51,2.24,2.23,3.88,4,1.2,37.2,Low
EMP_08338,HR,Supportive,2.89,4.27,3.2,2.76,2.31,4,0.5,45.5,Moderate
EMP_08339,HR,Autocratic/Micromanagement,2.86,4.35,3.56,3.5,2.39,4,5.0,45.9,Moderate
EMP_08340,Sales,Democratic,2.43,3.65,1.31,2.73,3.62,2,0.5,22.5,Low
EMP_08341,Engineering,Supportive,3.35,4.06,3.35,3.1,2.42,3,2.6,47.4,Moderate
EMP_08342,Sales,Democratic,4.33,3.93,2.67,2.87,3.25,3,1.9,30.1,Low
EMP_08343,Sales,Democratic,3.26,3.5,3.03,5.0,3.16,2,1.1,39.2,Low
EMP_08344,Product Management,Supportive,4.29,4.19,2.95,3.52,1.38,1,4.3,59.1,Moderate
EMP_08345,Engineering,Supportive,4.29,5.0,3.18,3.93,3.95,4,5.2,62.1,Moderate
EMP_08346,Marketing,Autocratic/Micromanagement,4.12,3.83,3.64,2.74,3.92,1,8.1,12.1,Low
EMP_08347,Engineering,Supportive,3.18,3.33,1.89,4.39,2.46,5,0.5,57.9,Moderate
EMP_08348,Product Management,Democratic,4.6,4.08,4.34,3.03,1.08,3,2.2,48.6,Moderate
EMP_08349,Engineering,Democratic,3.79,3.98,2.84,4.45,1.46,4,1.4,45.0,Moderate
EMP_08350,Marketing,Autocratic/Micromanagement,3.57,3.89,3.19,3.25,1.0,4,0.5,55.2,Moderate
EMP_08351,Engineering,Democratic,4.28,4.03,2.36,3.26,1.81,5,1.1,45.7,Moderate
EMP_08352,Engineering,Supportive,3.7,4.13,3.14,2.88,2.39,2,3.9,50.6,Moderate
EMP_08353,Engineering,Democratic,4.38,4.41,3.0,3.84,2.76,4,4.2,55.6,Moderate
EMP_08354,Engineering,Democratic,4.32,3.44,2.21,3.89,2.78,3,1.9,40.3,Low
EMP_08355,Marketing,Supportive,4.55,3.34,3.47,3.99,1.96,3,0.5,46.3,Moderate
EMP_08356,Product Management,Supportive,3.04,3.82,2.11,4.4,1.61,4,2.2,57.0,Moderate
EMP_08357,Engineering,Autocratic/Micromanagement,3.47,3.91,3.11,3.44,2.94,2,3.1,32.8,Low
EMP_08358,Sales,Supportive,4.08,4.31,3.26,3.94,3.8,4,7.9,40.3,Low
EMP_08359,Marketing,Autocratic/Micromanagement,3.85,3.02,4.01,4.78,1.81,3,7.6,45.1,Moderate
EMP_08360,Sales,Supportive,4.93,3.74,2.81,2.49,3.83,4,1.4,46.0,Moderate
EMP_08361,Data Science,Supportive,4.64,4.49,2.41,3.21,3.36,3,2.6,60.5,Moderate
EMP_08362,Sales,Democratic,4.22,3.96,2.84,3.66,1.92,3,4.1,46.0,Moderate
EMP_08363,Engineering,Supportive,3.52,4.21,2.4,4.31,2.8,4,4.8,72.5,Moderate
EMP_08364,Marketing,Supportive,4.71,3.62,2.08,2.92,3.39,4,6.4,43.9,Low
EMP_08365,Product Management,Democratic,4.23,4.88,2.1,4.14,3.11,4,2.6,32.7,Low
EMP_08366,Sales,Democratic,4.35,3.88,2.95,3.41,1.0,4,10.8,48.6,Moderate
EMP_08367,Engineering,Democratic,2.84,3.84,3.88,3.9,1.0,4,2.9,45.3,Moderate
EMP_08368,Engineering,Autocratic/Micromanagement,4.5,3.36,3.43,3.35,3.48,3,0.5,21.1,Low
EMP_08369,Sales,Democratic,3.57,3.87,2.19,2.82,2.96,5,6.8,23.2,Low
EMP_08370,Engineering,Supportive,3.82,4.07,3.06,3.79,3.74,4,2.7,42.8,Low
EMP_08371,Engineering,Democratic,3.22,4.2,4.05,3.63,1.79,5,0.5,61.9,Moderate
EMP_08372,Data Science,Democratic,4.42,4.13,3.9,3.66,2.87,4,4.7,47.2,Moderate
EMP_08373,Engineering,Democratic,3.55,2.95,2.99,3.23,1.59,2,0.5,50.2,Moderate
EMP_08374,Sales,Autocratic/Micromanagement,3.78,3.74,4.27,3.08,2.77,4,4.3,55.1,Moderate
EMP_08375,HR,Supportive,3.31,4.79,2.37,2.96,2.59,3,7.9,46.2,Moderate
EMP_08376,HR,Democratic,3.69,4.78,4.39,3.56,2.31,1,0.5,41.1,Low
EMP_08377,Marketing,Supportive,3.98,3.41,3.95,3.78,1.41,4,3.7,47.7,Moderate
EMP_08378,Sales,Supportive,3.59,4.43,2.55,4.47,3.54,1,0.8,52.4,Moderate
EMP_08379,Product Management,Democratic,3.4,3.07,4.85,3.6,1.7,5,2.7,48.6,Moderate
EMP_08380,Data Science,Democratic,4.02,3.79,1.84,3.49,2.22,2,6.5,40.2,Low
EMP_08381,Marketing,Autocratic/Micromanagement,3.86,4.03,2.99,4.15,1.15,4,5.7,44.6,Low
EMP_08382,Sales,Democratic,3.31,4.0,3.75,2.83,3.5,4,6.3,28.5,Low
EMP_08383,Engineering,Democratic,2.76,3.51,2.63,3.71,1.95,1,11.7,43.8,Low
EMP_08384,Marketing,Autocratic/Micromanagement,3.35,3.77,3.13,3.36,3.35,4,1.1,40.3,Low
EMP_08385,Data Science,Democratic,4.02,3.95,3.81,1.69,2.25,2,0.5,50.2,Moderate
EMP_08386,Engineering,Democratic,3.45,4.02,2.43,5.0,3.71,3,9.4,41.1,Low
EMP_08387,Engineering,Autocratic/Micromanagement,2.58,3.23,2.19,3.58,2.76,3,1.0,48.5,Moderate
EMP_08388,Engineering,Supportive,3.0,3.24,4.13,2.46,2.27,4,0.6,55.8,Moderate
EMP_08389,Engineering,Autocratic/Micromanagement,3.76,3.54,2.68,4.28,1.59,1,1.2,43.6,Low
EMP_08390,Sales,Supportive,4.33,3.22,3.37,2.33,2.15,4,6.6,54.6,Moderate
EMP_08391,Marketing,Autocratic/Micromanagement,3.28,3.83,2.98,3.01,2.21,3,11.7,43.0,Low
EMP_08392,Data Science,Supportive,3.01,3.31,3.35,4.28,2.7,3,11.9,53.5,Moderate
EMP_08393,Data Science,Democratic,3.12,4.41,3.61,3.4,1.0,4,2.2,68.8,Moderate
EMP_08394,Engineering,Supportive,2.93,4.93,2.0,3.57,2.72,5,1.3,62.8,Moderate
EMP_08395,Sales,Democratic,3.7,3.5,3.63,3.42,1.8,4,0.5,36.6,Low
EMP_08396,Engineering,Supportive,3.7,4.0,2.53,3.57,2.22,2,0.9,54.2,Moderate
EMP_08397,Product Management,Democratic,3.63,3.48,2.74,3.14,2.83,1,5.2,43.7,Low
EMP_08398,Engineering,Supportive,3.65,3.69,3.53,3.67,2.24,4,5.6,50.1,Moderate
EMP_08399,Sales,Supportive,3.55,3.52,3.19,3.97,1.61,1,3.8,55.5,Moderate
EMP_08400,Engineering,Autocratic/Micromanagement,3.92,4.57,1.55,4.36,2.36,4,0.7,59.3,Moderate
EMP_08401,Engineering,Autocratic/Micromanagement,4.61,4.15,3.09,3.76,2.85,2,5.3,14.8,Low
EMP_08402,Product Management,Supportive,4.91,3.65,4.6,4.03,1.59,4,19.8,42.8,Low
EMP_08403,Marketing,Autocratic/Micromanagement,4.09,3.81,2.63,2.6,2.56,3,0.6,20.1,Low
EMP_08404,Engineering,Supportive,3.3,4.31,3.42,4.14,2.25,3,3.5,58.2,Moderate
EMP_08405,Engineering,Democratic,4.09,4.7,1.92,4.15,2.08,2,4.8,52.1,Moderate
EMP_08406,HR,Democratic,3.7,3.96,3.98,3.27,3.0,3,13.2,49.2,Moderate
EMP_08407,Sales,Autocratic/Micromanagement,3.86,3.59,2.25,4.06,1.82,5,7.1,37.4,Low
EMP_08408,Marketing,Supportive,3.65,3.29,2.89,3.51,1.03,2,1.0,53.0,Moderate
EMP_08409,HR,Democratic,3.96,3.42,4.13,3.94,2.73,3,5.4,44.3,Low
EMP_08410,Product Management,Democratic,5.0,4.17,3.05,2.42,1.42,3,4.2,56.9,Moderate
EMP_08411,Marketing,Supportive,4.45,3.8,3.36,4.4,3.06,4,5.3,40.6,Low
EMP_08412,Engineering,Democratic,2.64,3.67,2.67,3.07,2.31,3,7.9,56.7,Moderate
EMP_08413,Marketing,Autocratic/Micromanagement,3.48,3.77,3.55,3.36,2.33,4,0.5,39.8,Low
EMP_08414,Engineering,Supportive,4.55,3.57,3.42,3.39,3.51,5,4.4,48.8,Moderate
EMP_08415,Engineering,Supportive,4.01,3.56,2.64,2.93,3.33,3,1.3,50.2,Moderate
EMP_08416,Data Science,Supportive,3.27,4.26,4.1,3.18,3.04,4,4.1,66.8,Moderate
EMP_08417,Product Management,Supportive,3.27,3.77,1.88,3.89,1.0,1,0.5,52.1,Moderate
EMP_08418,Sales,Democratic,3.88,4.67,3.87,4.19,2.14,5,8.8,53.7,Moderate
EMP_08419,Marketing,Supportive,3.77,4.18,3.66,3.73,2.8,2,0.5,42.2,Low
EMP_08420,Product Management,Supportive,2.35,3.67,3.96,3.89,2.9,2,2.0,49.0,Moderate
EMP_08421,Product Management,Supportive,3.19,4.19,2.79,3.87,3.03,4,0.5,61.2,Moderate
EMP_08422,Product Management,Supportive,3.8,3.75,1.74,4.43,2.34,3,1.8,46.3,Moderate
EMP_08423,Sales,Autocratic/Micromanagement,3.99,4.27,2.88,3.62,3.02,4,5.6,41.9,Low
EMP_08424,Marketing,Supportive,4.02,4.09,2.83,4.13,1.77,3,7.8,57.4,Moderate
EMP_08425,Marketing,Supportive,3.29,3.53,2.27,4.26,2.92,4,3.9,60.9,Moderate
EMP_08426,Sales,Autocratic/Micromanagement,4.48,4.43,4.05,3.19,1.14,5,6.2,44.8,Low
EMP_08427,HR,Supportive,3.67,3.7,3.02,3.27,2.59,4,4.3,57.2,Moderate
EMP_08428,Engineering,Supportive,4.59,4.38,2.65,3.84,2.53,3,2.7,65.2,Moderate
EMP_08429,Engineering,Democratic,2.88,3.76,1.63,4.0,2.14,5,0.5,57.2,Moderate
EMP_08430,Marketing,Autocratic/Micromanagement,3.01,3.39,3.27,4.06,2.87,3,0.5,34.7,Low
EMP_08431,Engineering,Supportive,3.97,4.37,3.65,3.22,2.82,4,6.7,67.9,Moderate
EMP_08432,Marketing,Supportive,3.98,3.64,3.68,3.43,3.17,4,6.8,39.5,Low
EMP_08433,Marketing,Supportive,3.35,4.37,2.99,4.02,1.0,4,2.0,59.8,Moderate
EMP_08434,Product Management,Supportive,3.56,3.62,2.55,2.75,2.7,5,5.5,50.7,Moderate
EMP_08435,Engineering,Supportive,3.59,4.72,3.16,2.62,1.32,4,3.2,73.0,Moderate
EMP_08436,Sales,Supportive,3.95,3.26,3.06,3.44,1.0,3,1.8,62.3,Moderate
EMP_08437,Engineering,Autocratic/Micromanagement,3.87,3.6,3.0,4.69,2.98,2,4.8,44.2,Low
EMP_08438,Engineering,Democratic,3.52,3.81,3.84,3.14,3.24,4,8.4,32.9,Low
EMP_08439,Product Management,Supportive,3.86,4.08,1.99,3.29,3.85,5,1.5,38.0,Low
EMP_08440,Product Management,Democratic,4.22,4.0,3.25,4.1,3.38,3,9.9,40.5,Low
EMP_08441,Marketing,Supportive,3.38,3.67,3.05,2.61,2.12,3,0.5,47.4,Moderate
EMP_08442,Engineering,Autocratic/Micromanagement,3.87,3.24,3.43,3.94,3.25,5,1.7,38.1,Low
EMP_08443,Engineering,Democratic,1.92,2.99,1.58,3.14,3.89,3,2.4,28.1,Low
EMP_08444,Engineering,Autocratic/Micromanagement,4.46,4.15,2.24,4.48,2.5,4,14.0,21.4,Low
EMP_08445,Sales,Democratic,4.28,3.77,2.44,3.93,2.07,5,19.3,25.0,Low
EMP_08446,HR,Democratic,3.26,4.44,2.68,4.22,2.24,1,1.2,47.6,Moderate
EMP_08447,Sales,Supportive,4.1,4.18,2.42,3.49,2.64,4,0.6,38.3,Low
EMP_08448,Data Science,Autocratic/Micromanagement,4.22,4.58,2.78,3.72,3.47,2,3.2,34.6,Low
EMP_08449,Engineering,Supportive,4.18,3.66,3.15,4.37,2.55,3,0.6,51.6,Moderate
EMP_08450,Data Science,Democratic,3.85,4.51,2.03,3.4,1.47,3,0.5,60.2,Moderate
EMP_08451,Engineering,Supportive,4.71,4.17,3.17,2.83,2.28,4,1.8,50.4,Moderate
EMP_08452,Engineering,Supportive,4.47,3.53,2.12,3.56,2.08,5,2.0,56.2,Moderate
EMP_08453,Sales,Autocratic/Micromanagement,3.85,3.26,3.6,3.6,2.87,4,0.5,41.6,Low
EMP_08454,Marketing,Democratic,3.08,4.21,2.59,3.51,1.79,3,0.8,38.3,Low
EMP_08455,HR,Autocratic/Micromanagement,4.66,4.04,3.46,4.46,1.99,5,2.4,24.9,Low
EMP_08456,Marketing,Democratic,3.79,4.12,3.18,3.05,1.73,5,3.8,47.8,Moderate
EMP_08457,Data Science,Democratic,2.9,4.13,2.8,2.83,3.61,4,4.9,41.3,Low
EMP_08458,Engineering,Autocratic/Micromanagement,4.84,4.48,3.56,3.87,1.89,4,0.5,45.5,Moderate
EMP_08459,Sales,Democratic,4.05,3.98,2.14,3.56,1.87,4,0.6,31.9,Low
EMP_08460,Data Science,Democratic,3.11,3.27,2.19,4.0,3.44,3,1.9,23.2,Low
EMP_08461,Sales,Autocratic/Micromanagement,3.95,3.16,1.55,2.46,1.4,4,1.1,29.2,Low
EMP_08462,Engineering,Supportive,3.92,3.68,3.83,4.1,2.47,5,1.0,57.5,Moderate
EMP_08463,Engineering,Supportive,3.16,3.24,2.64,3.81,3.82,1,0.5,45.6,Moderate
EMP_08464,Engineering,Supportive,4.11,3.66,3.17,3.94,3.36,4,2.8,43.1,Low
EMP_08465,Engineering,Supportive,3.22,4.47,3.7,3.22,2.36,4,2.8,64.1,Moderate
EMP_08466,Sales,Supportive,2.91,3.61,2.71,3.42,1.92,4,7.7,58.1,Moderate
EMP_08467,Engineering,Autocratic/Micromanagement,3.11,4.22,2.01,3.57,2.54,3,0.5,51.2,Moderate
EMP_08468,Product Management,Autocratic/Micromanagement,3.07,3.56,4.08,3.56,2.29,5,6.0,46.4,Moderate
EMP_08469,Sales,Supportive,3.18,3.01,3.41,3.57,2.89,2,4.7,47.4,Moderate
EMP_08470,Data Science,Autocratic/Micromanagement,4.17,4.17,3.56,3.77,1.29,4,14.9,22.8,Low
EMP_08471,Engineering,Democratic,3.58,4.19,2.66,4.12,1.0,5,5.3,49.9,Moderate
EMP_08472,Engineering,Democratic,4.07,4.51,3.45,4.76,1.69,5,6.9,57.3,Moderate
EMP_08473,Data Science,Democratic,4.01,3.86,1.15,3.48,1.82,5,1.2,38.7,Low
EMP_08474,Engineering,Supportive,3.54,4.05,3.14,4.29,3.01,3,0.5,54.4,Moderate
EMP_08475,Product Management,Democratic,2.28,4.7,3.05,4.23,4.58,3,2.1,29.3,Low
EMP_08476,Engineering,Democratic,3.12,2.41,2.33,3.94,2.3,3,0.5,34.6,Low
EMP_08477,HR,Autocratic/Micromanagement,3.77,3.59,2.53,3.7,2.94,5,7.2,39.0,Low
EMP_08478,Sales,Supportive,4.05,3.19,3.78,3.29,2.57,4,2.8,44.6,Low
EMP_08479,Product Management,Democratic,3.82,4.13,2.65,3.58,2.9,4,0.7,46.5,Moderate
EMP_08480,Sales,Supportive,3.96,4.34,2.74,3.06,2.52,3,4.7,53.4,Moderate
EMP_08481,Product Management,Autocratic/Micromanagement,4.85,3.0,3.19,3.19,1.55,2,0.5,23.2,Low
EMP_08482,Engineering,Democratic,4.9,4.17,2.2,3.21,1.0,1,3.8,57.0,Moderate
EMP_08483,Data Science,Supportive,4.01,4.12,2.54,4.08,2.26,3,1.5,55.5,Moderate
EMP_08484,Data Science,Democratic,3.3,3.41,4.86,4.02,4.02,5,0.6,25.2,Low
EMP_08485,Engineering,Supportive,3.16,3.07,2.98,3.8,2.67,4,0.8,45.1,Moderate
EMP_08486,Data Science,Supportive,3.9,3.15,3.0,3.83,1.87,2,0.6,58.1,Moderate
EMP_08487,Engineering,Supportive,2.82,4.08,2.81,3.09,3.24,5,3.3,51.3,Moderate
EMP_08488,Sales,Supportive,3.73,3.58,3.03,2.56,2.56,3,5.8,59.1,Moderate
EMP_08489,Product Management,Democratic,2.86,3.6,3.89,3.65,3.45,5,0.7,33.7,Low
EMP_08490,Sales,Democratic,5.0,3.93,3.2,3.66,3.02,4,4.0,47.2,Moderate
EMP_08491,Engineering,Autocratic/Micromanagement,3.65,3.49,2.8,3.45,2.74,5,3.7,37.2,Low
EMP_08492,Marketing,Supportive,4.13,3.24,1.67,3.08,2.48,4,6.9,54.6,Moderate
EMP_08493,HR,Supportive,4.26,3.24,2.05,2.92,1.45,5,4.7,44.4,Low
EMP_08494,Product Management,Autocratic/Micromanagement,4.84,3.38,3.73,4.19,2.07,3,4.3,30.7,Low
EMP_08495,Marketing,Autocratic/Micromanagement,4.74,4.0,2.38,4.07,2.99,4,2.8,18.1,Low
EMP_08496,Sales,Autocratic/Micromanagement,3.66,3.57,2.9,2.89,2.83,5,4.6,31.6,Low
EMP_08497,Engineering,Supportive,2.9,2.94,3.69,2.94,3.04,5,20.0,47.9,Moderate
EMP_08498,Product Management,Democratic,3.43,3.41,2.68,4.01,1.28,3,2.9,49.0,Moderate
EMP_08499,Marketing,Supportive,4.55,4.07,4.1,3.57,1.72,3,2.8,54.4,Moderate
EMP_08500,HR,Supportive,3.83,3.75,4.18,3.23,3.21,1,5.6,37.3,Low
EMP_08501,HR,Autocratic/Micromanagement,4.49,4.81,3.9,3.54,2.8,2,5.1,25.6,Low
EMP_08502,Sales,Autocratic/Micromanagement,2.97,4.44,3.51,3.92,1.97,3,0.5,46.8,Moderate
EMP_08503,Engineering,Supportive,3.71,4.05,2.19,3.24,2.58,3,0.5,51.2,Moderate
EMP_08504,Engineering,Supportive,4.18,3.89,3.1,3.49,1.32,2,1.8,55.4,Moderate
EMP_08505,Product Management,Supportive,3.28,3.56,2.92,3.3,1.51,1,6.3,51.3,Moderate
EMP_08506,Marketing,Supportive,3.51,3.22,3.41,3.3,2.49,4,6.7,49.7,Moderate
EMP_08507,Sales,Democratic,3.41,4.0,3.24,3.95,2.97,4,1.4,45.8,Moderate
EMP_08508,Data Science,Autocratic/Micromanagement,2.85,3.78,3.6,3.98,1.56,4,2.0,49.0,Moderate
EMP_08509,Sales,Supportive,4.28,3.82,3.52,3.31,1.97,2,2.4,59.1,Moderate
EMP_08510,Engineering,Supportive,4.42,3.56,2.96,3.73,2.78,3,2.0,42.0,Low
EMP_08511,Marketing,Supportive,3.87,4.09,3.34,3.67,2.1,2,2.5,50.4,Moderate
EMP_08512,Product Management,Democratic,4.39,2.57,2.93,3.17,2.52,2,0.9,43.6,Low
EMP_08513,Engineering,Democratic,2.99,3.97,3.0,2.81,2.49,4,1.6,36.3,Low
EMP_08514,Product Management,Supportive,3.54,3.69,3.88,4.13,1.78,4,3.2,55.9,Moderate
EMP_08515,Engineering,Supportive,3.55,4.5,4.08,4.85,2.77,5,5.2,68.7,Moderate
EMP_08516,Sales,Autocratic/Micromanagement,3.35,4.67,3.02,2.99,3.73,4,0.5,34.9,Low
EMP_08517,Engineering,Autocratic/Micromanagement,3.58,3.66,2.75,3.19,2.21,3,1.0,45.6,Moderate
EMP_08518,Data Science,Supportive,4.52,3.29,1.32,3.21,1.9,4,9.6,55.0,Moderate
EMP_08519,Marketing,Supportive,4.1,3.73,3.79,4.39,2.61,5,0.7,52.6,Moderate
EMP_08520,Product Management,Supportive,3.07,4.46,3.47,3.68,1.0,2,2.5,52.2,Moderate
EMP_08521,Engineering,Autocratic/Micromanagement,4.12,2.97,4.23,4.37,3.74,4,1.1,12.7,Low
EMP_08522,Engineering,Supportive,3.53,4.82,3.05,3.36,3.21,4,4.6,66.4,Moderate
EMP_08523,HR,Supportive,3.77,3.42,3.39,4.36,3.95,3,3.3,44.5,Low
EMP_08524,Marketing,Supportive,4.23,3.69,4.22,3.68,4.12,1,1.2,41.7,Low
EMP_08525,Marketing,Democratic,3.74,3.39,1.53,3.64,2.55,1,5.9,42.0,Low
EMP_08526,Sales,Supportive,3.84,3.22,3.62,3.69,1.0,5,4.1,59.4,Moderate
EMP_08527,Sales,Supportive,3.84,4.2,3.24,4.02,1.0,2,4.1,53.1,Moderate
EMP_08528,Data Science,Democratic,3.54,3.84,2.75,3.77,1.14,3,2.2,43.9,Low
EMP_08529,Product Management,Autocratic/Micromanagement,4.13,3.39,5.0,3.88,2.27,4,4.3,16.0,Low
EMP_08530,Engineering,Democratic,4.26,5.0,4.28,4.6,2.67,2,0.5,57.4,Moderate
EMP_08531,Marketing,Supportive,3.21,3.72,2.23,3.2,1.71,4,10.6,54.3,Moderate
EMP_08532,Sales,Democratic,4.35,4.43,3.23,3.38,2.28,4,1.1,43.3,Low
EMP_08533,Engineering,Supportive,3.91,3.78,2.76,3.86,3.22,3,6.2,58.0,Moderate
EMP_08534,Sales,Supportive,3.61,3.86,2.94,3.65,2.07,4,0.5,50.8,Moderate
EMP_08535,HR,Autocratic/Micromanagement,3.83,3.77,2.76,4.51,3.7,5,6.4,29.3,Low
EMP_08536,Engineering,Supportive,3.21,3.72,3.05,2.39,2.31,4,0.5,50.0,Moderate
EMP_08537,Engineering,Supportive,4.68,2.9,3.65,3.59,3.12,3,2.1,53.1,Moderate
EMP_08538,Sales,Supportive,3.8,3.46,3.22,2.83,1.41,3,3.4,59.6,Moderate
EMP_08539,Marketing,Autocratic/Micromanagement,4.1,4.34,3.27,3.27,3.08,4,0.6,26.8,Low
EMP_08540,Engineering,Democratic,3.28,4.07,2.68,3.36,1.91,3,0.5,35.2,Low
EMP_08541,Marketing,Democratic,4.4,4.09,1.6,4.66,4.2,5,3.3,34.9,Low
EMP_08542,Engineering,Supportive,2.72,4.05,2.25,3.12,3.6,3,18.4,43.7,Low
EMP_08543,Engineering,Supportive,3.95,4.67,2.34,3.67,3.02,4,0.7,63.0,Moderate
EMP_08544,Data Science,Democratic,2.62,4.07,3.46,2.84,3.27,3,0.8,34.7,Low
EMP_08545,Marketing,Supportive,3.95,3.88,1.84,2.9,3.04,3,3.5,51.8,Moderate
EMP_08546,Engineering,Supportive,3.54,3.49,2.86,3.46,2.32,1,7.4,57.0,Moderate
EMP_08547,Marketing,Supportive,3.96,3.04,3.65,3.57,3.8,4,6.8,44.0,Low
EMP_08548,Sales,Supportive,3.83,4.21,3.73,3.46,2.42,4,0.6,48.6,Moderate
EMP_08549,Sales,Democratic,3.87,3.87,3.64,3.92,1.85,3,1.3,40.3,Low
EMP_08550,Data Science,Supportive,3.64,3.95,3.19,3.45,3.69,3,5.8,45.6,Moderate
EMP_08551,Engineering,Democratic,3.29,3.27,1.28,3.35,2.07,4,1.8,42.3,Low
EMP_08552,Engineering,Democratic,4.09,3.81,3.05,3.23,1.51,3,7.4,57.4,Moderate
EMP_08553,HR,Supportive,3.59,3.64,2.79,3.66,2.83,1,6.8,46.4,Moderate
EMP_08554,Sales,Autocratic/Micromanagement,3.77,3.87,3.56,3.65,3.2,5,8.3,39.4,Low
EMP_08555,Product Management,Supportive,3.57,3.94,3.31,2.98,3.13,5,2.1,42.8,Low
EMP_08556,Engineering,Democratic,2.65,3.91,2.96,3.23,3.42,3,5.6,36.7,Low
EMP_08557,Product Management,Democratic,4.05,4.0,3.59,3.75,1.9,1,3.6,47.0,Moderate
EMP_08558,HR,Autocratic/Micromanagement,3.17,3.53,2.59,3.4,1.22,2,0.5,55.3,Moderate
EMP_08559,Engineering,Democratic,4.17,4.15,3.14,3.55,2.21,3,0.5,43.0,Low
EMP_08560,Product Management,Autocratic/Micromanagement,3.87,4.11,2.4,3.1,1.74,1,10.4,40.7,Low
EMP_08561,Engineering,Supportive,3.84,3.54,2.61,2.2,1.47,3,7.7,50.0,Moderate
EMP_08562,Engineering,Supportive,4.42,3.8,1.63,2.03,3.56,3,4.7,44.1,Low
EMP_08563,Marketing,Supportive,3.96,3.71,3.37,3.35,2.41,5,1.5,53.5,Moderate
EMP_08564,Marketing,Democratic,4.57,3.93,1.29,3.59,1.25,4,2.1,46.1,Moderate
EMP_08565,Product Management,Democratic,3.72,4.6,2.33,3.16,4.46,3,0.6,29.4,Low
EMP_08566,Engineering,Autocratic/Micromanagement,3.45,3.59,2.79,3.43,1.43,2,1.8,51.4,Moderate
EMP_08567,HR,Supportive,3.82,4.21,1.46,4.62,3.95,4,10.6,54.2,Moderate
EMP_08568,Marketing,Supportive,4.17,4.65,2.47,3.06,1.82,4,2.8,52.7,Moderate
EMP_08569,Marketing,Supportive,3.29,3.53,2.59,4.0,1.8,4,0.6,52.8,Moderate
EMP_08570,Engineering,Supportive,4.49,3.27,2.79,3.89,1.6,1,13.2,57.4,Moderate
EMP_08571,Engineering,Democratic,4.07,4.54,3.7,3.51,1.43,2,3.7,60.0,Moderate
EMP_08572,Engineering,Autocratic/Micromanagement,4.09,3.16,3.02,2.92,3.01,3,7.4,18.8,Low
EMP_08573,Engineering,Democratic,3.34,3.69,3.4,2.66,2.34,4,3.0,44.9,Low
EMP_08574,Sales,Autocratic/Micromanagement,3.24,3.62,3.86,3.98,1.94,4,0.8,46.2,Moderate
EMP_08575,Marketing,Autocratic/Micromanagement,3.85,4.76,2.26,4.16,2.46,4,2.8,47.7,Moderate
EMP_08576,Marketing,Democratic,3.35,3.32,1.55,3.09,2.66,4,3.8,33.1,Low
EMP_08577,Sales,Autocratic/Micromanagement,3.73,3.73,3.91,3.66,1.0,4,11.8,53.3,Moderate
EMP_08578,Marketing,Autocratic/Micromanagement,2.98,2.8,3.47,3.45,3.47,2,1.5,32.5,Low
EMP_08579,Data Science,Democratic,3.75,3.6,2.46,3.62,4.39,4,4.7,30.0,Low
EMP_08580,Engineering,Supportive,3.42,3.46,2.82,4.19,3.33,5,0.5,54.1,Moderate
EMP_08581,Engineering,Supportive,4.07,3.58,4.52,3.65,2.09,3,6.6,56.0,Moderate
EMP_08582,Product Management,Supportive,4.22,2.52,2.75,3.51,3.4,5,0.5,46.8,Moderate
EMP_08583,HR,Supportive,3.69,4.78,4.04,2.42,3.61,3,0.5,38.8,Low
EMP_08584,Marketing,Supportive,3.24,3.65,2.45,4.63,3.67,2,4.2,44.8,Low
EMP_08585,Engineering,Autocratic/Micromanagement,3.48,4.11,3.07,4.08,3.9,4,2.9,30.9,Low
EMP_08586,Sales,Autocratic/Micromanagement,4.06,4.59,3.02,4.22,2.42,5,2.7,28.9,Low
EMP_08587,Data Science,Democratic,3.64,4.65,2.35,4.88,1.0,2,0.5,57.4,Moderate
EMP_08588,Engineering,Supportive,2.38,4.18,3.76,2.51,1.33,4,0.5,53.8,Moderate
EMP_08589,Product Management,Democratic,4.24,3.27,2.74,4.38,2.17,4,9.0,45.8,Moderate
EMP_08590,HR,Democratic,3.42,1.93,3.35,3.82,2.85,4,1.1,46.3,Moderate
EMP_08591,Sales,Supportive,4.05,3.4,3.37,3.83,2.62,3,0.5,53.0,Moderate
EMP_08592,Sales,Supportive,3.92,4.18,2.27,4.42,1.73,3,2.0,31.8,Low
EMP_08593,Marketing,Democratic,4.35,3.65,3.41,3.71,2.85,3,2.8,34.5,Low
EMP_08594,Sales,Supportive,3.89,3.64,3.35,2.79,2.13,3,0.5,49.7,Moderate
EMP_08595,Data Science,Democratic,3.57,3.76,3.12,3.29,3.94,4,2.9,35.5,Low
EMP_08596,Sales,Autocratic/Micromanagement,3.5,3.13,3.51,2.6,2.1,2,0.6,43.1,Low
EMP_08597,Engineering,Democratic,3.11,4.47,1.78,4.0,2.65,2,9.2,65.1,Moderate
EMP_08598,Data Science,Supportive,3.2,3.76,3.62,4.2,3.37,4,1.3,38.6,Low
EMP_08599,Engineering,Democratic,3.16,3.1,3.17,3.99,2.6,3,2.2,37.4,Low
EMP_08600,Product Management,Democratic,4.48,4.0,3.61,2.93,2.72,2,4.3,45.2,Moderate
EMP_08601,Sales,Supportive,3.23,3.28,2.95,4.16,2.74,3,10.3,45.6,Moderate
EMP_08602,Data Science,Supportive,4.38,4.29,4.11,3.65,3.64,2,0.5,58.9,Moderate
EMP_08603,Data Science,Democratic,3.03,4.11,3.98,3.17,2.7,2,0.9,39.7,Low
EMP_08604,Sales,Autocratic/Micromanagement,3.1,3.37,3.97,3.5,4.11,3,2.0,34.4,Low
EMP_08605,Engineering,Supportive,4.14,3.63,2.48,3.05,1.96,5,2.4,48.3,Moderate
EMP_08606,HR,Supportive,2.9,3.71,3.34,3.51,3.54,5,0.5,34.0,Low
EMP_08607,Sales,Democratic,4.05,4.32,2.33,2.87,2.64,4,0.5,33.6,Low
EMP_08608,Engineering,Supportive,3.94,3.5,3.15,3.72,1.73,3,0.6,48.0,Moderate
EMP_08609,Marketing,Supportive,3.48,4.0,1.39,4.65,2.62,2,1.1,50.2,Moderate
EMP_08610,Engineering,Autocratic/Micromanagement,4.13,3.46,4.52,3.52,2.04,4,3.6,25.0,Low
EMP_08611,Marketing,Supportive,4.44,4.37,3.32,3.42,3.92,4,0.6,37.9,Low
EMP_08612,Engineering,Supportive,3.7,4.07,3.65,3.08,2.05,3,2.2,43.8,Low
EMP_08613,Product Management,Supportive,3.78,4.1,3.17,3.58,1.83,1,0.5,51.8,Moderate
EMP_08614,Marketing,Democratic,2.72,3.49,3.55,3.63,2.7,5,1.0,45.9,Moderate
EMP_08615,Product Management,Autocratic/Micromanagement,3.76,3.68,3.63,3.87,2.8,2,3.3,40.6,Low
EMP_08616,Sales,Democratic,4.8,4.4,3.47,4.24,1.09,4,2.3,55.0,Moderate
EMP_08617,Sales,Supportive,3.57,4.89,3.53,3.58,1.87,5,1.8,46.9,Moderate
EMP_08618,Engineering,Autocratic/Micromanagement,3.17,4.02,3.55,3.6,1.29,4,5.2,46.0,Moderate
EMP_08619,Engineering,Autocratic/Micromanagement,4.08,4.62,3.87,3.82,1.8,5,6.1,39.7,Low
EMP_08620,Engineering,Supportive,3.51,3.28,3.04,3.97,2.54,4,0.5,47.4,Moderate
EMP_08621,Engineering,Autocratic/Micromanagement,3.98,3.52,4.76,2.96,2.16,5,3.5,51.1,Moderate
EMP_08622,Engineering,Democratic,3.69,4.51,3.03,2.27,2.2,5,0.5,65.3,Moderate
EMP_08623,Marketing,Democratic,3.02,3.97,2.98,3.2,2.36,1,3.5,39.8,Low
EMP_08624,Sales,Supportive,5.0,3.77,2.88,3.32,3.53,3,1.1,52.7,Moderate
EMP_08625,Sales,Autocratic/Micromanagement,2.78,3.56,3.85,3.82,3.36,2,2.1,43.2,Low
EMP_08626,Engineering,Supportive,4.03,4.34,2.62,4.99,2.06,5,0.5,63.4,Moderate
EMP_08627,Engineering,Democratic,5.0,4.07,3.42,3.91,2.97,2,3.1,53.0,Moderate
EMP_08628,Sales,Democratic,4.22,3.68,3.48,3.47,2.74,2,8.6,28.1,Low
EMP_08629,Engineering,Democratic,3.27,3.54,2.46,3.99,2.57,4,0.5,37.4,Low
EMP_08630,Engineering,Democratic,2.87,4.24,3.59,4.21,1.73,3,0.7,61.6,Moderate
EMP_08631,Engineering,Supportive,4.14,3.95,2.7,3.76,4.43,4,0.9,37.2,Low
EMP_08632,Sales,Democratic,3.89,4.0,4.29,3.27,1.58,3,0.5,59.2,Moderate
EMP_08633,Marketing,Autocratic/Micromanagement,3.74,4.01,2.54,3.33,3.81,5,3.4,37.8,Low
EMP_08634,Data Science,Supportive,4.11,3.3,3.5,3.32,3.97,2,4.7,45.6,Moderate
EMP_08635,Engineering,Supportive,2.87,3.83,3.05,3.25,3.39,5,1.8,45.0,Moderate
EMP_08636,Sales,Democratic,2.94,3.51,2.27,3.82,3.76,3,7.6,23.5,Low
EMP_08637,Product Management,Supportive,3.57,3.4,3.96,3.86,2.92,4,2.9,57.9,Moderate
EMP_08638,Sales,Autocratic/Micromanagement,3.37,4.25,4.47,3.6,3.2,5,11.1,53.0,Moderate
EMP_08639,Data Science,Supportive,3.04,3.85,1.66,3.4,2.76,4,0.9,43.9,Low
EMP_08640,Marketing,Democratic,4.08,3.86,3.71,4.18,2.39,3,5.7,37.8,Low
EMP_08641,Engineering,Supportive,3.3,4.54,2.4,2.86,1.67,1,2.7,65.1,Moderate
EMP_08642,Data Science,Supportive,3.21,4.36,2.9,3.52,3.05,1,11.7,60.6,Moderate
EMP_08643,Engineering,Democratic,4.57,4.82,2.68,3.94,1.53,4,14.8,61.1,Moderate
EMP_08644,Sales,Supportive,4.07,3.62,1.9,3.11,2.38,4,0.5,37.7,Low
EMP_08645,Engineering,Supportive,3.14,3.7,2.78,2.97,2.95,3,7.2,47.7,Moderate
EMP_08646,Data Science,Supportive,4.29,3.19,3.24,3.83,2.41,5,1.0,47.7,Moderate
EMP_08647,Data Science,Autocratic/Micromanagement,5.0,3.97,2.51,3.87,1.19,5,1.5,30.8,Low
EMP_08648,Sales,Democratic,2.97,4.4,3.86,3.62,2.77,5,2.9,42.4,Low
EMP_08649,Sales,Supportive,5.0,4.01,2.79,4.17,2.11,3,5.2,48.4,Moderate
EMP_08650,Data Science,Supportive,3.25,3.61,2.99,3.21,3.61,3,0.5,50.9,Moderate
EMP_08651,Sales,Supportive,3.63,3.75,2.88,3.19,1.0,4,2.4,53.7,Moderate
EMP_08652,Product Management,Democratic,4.3,3.12,4.11,3.92,2.64,3,13.0,41.9,Low
EMP_08653,Data Science,Supportive,3.37,4.53,3.58,4.03,3.1,1,0.9,52.5,Moderate
EMP_08654,Marketing,Supportive,4.32,4.96,2.52,3.77,4.04,2,2.5,41.3,Low
EMP_08655,Engineering,Autocratic/Micromanagement,3.03,3.47,3.49,2.94,3.6,3,3.4,36.1,Low
EMP_08656,Product Management,Supportive,3.17,3.84,3.24,2.86,2.98,3,0.5,46.9,Moderate
EMP_08657,Engineering,Democratic,4.67,4.11,4.75,3.31,1.79,1,2.4,47.9,Moderate
EMP_08658,Product Management,Democratic,2.7,3.8,1.83,3.53,1.97,4,15.8,46.1,Moderate
EMP_08659,Marketing,Supportive,3.36,3.98,3.59,4.01,3.22,4,1.7,48.1,Moderate
EMP_08660,Data Science,Democratic,4.06,4.08,4.0,4.18,4.15,4,10.0,34.7,Low
EMP_08661,Data Science,Democratic,3.13,4.23,3.62,2.8,1.49,2,8.3,58.2,Moderate
EMP_08662,Engineering,Democratic,4.18,3.77,2.49,3.79,2.85,5,0.5,35.0,Low
EMP_08663,Product Management,Autocratic/Micromanagement,3.62,4.43,1.81,3.38,2.77,4,5.7,37.0,Low
EMP_08664,Sales,Democratic,3.75,3.92,2.0,3.55,2.51,4,4.4,30.6,Low
EMP_08665,Marketing,Democratic,3.71,3.78,4.41,3.53,2.42,5,0.5,35.8,Low
EMP_08666,Engineering,Autocratic/Micromanagement,3.37,4.46,2.86,2.48,2.01,4,7.2,56.1,Moderate
EMP_08667,Sales,Supportive,4.25,3.17,3.45,2.37,4.33,4,2.0,32.4,Low
EMP_08668,HR,Supportive,4.09,4.67,2.39,4.56,4.17,5,3.7,49.3,Moderate
EMP_08669,Engineering,Supportive,3.88,4.56,2.97,3.08,2.31,4,2.9,70.0,Moderate
EMP_08670,Product Management,Autocratic/Micromanagement,3.48,3.81,3.18,4.18,3.12,3,1.7,32.6,Low
EMP_08671,Data Science,Supportive,3.61,4.72,2.42,3.03,2.86,4,13.6,71.6,Moderate
EMP_08672,Product Management,Democratic,2.8,4.43,2.76,2.75,3.26,3,0.5,42.8,Low
EMP_08673,Marketing,Democratic,2.69,4.23,3.76,3.84,2.34,4,1.9,40.0,Low
EMP_08674,HR,Supportive,3.86,3.56,2.9,3.62,2.03,4,6.8,49.5,Moderate
EMP_08675,Engineering,Autocratic/Micromanagement,3.66,4.2,2.87,3.31,3.22,4,0.5,56.6,Moderate
EMP_08676,Data Science,Autocratic/Micromanagement,3.67,4.55,3.45,3.2,2.33,5,4.3,52.6,Moderate
EMP_08677,Marketing,Supportive,3.57,3.7,2.65,3.38,2.42,2,8.5,52.8,Moderate
EMP_08678,Marketing,Democratic,2.58,3.6,3.38,3.78,1.93,5,2.6,39.1,Low
EMP_08679,Engineering,Autocratic/Micromanagement,3.0,3.52,4.58,3.21,3.88,3,3.7,38.1,Low
EMP_08680,Sales,Democratic,3.53,3.97,2.92,2.52,2.65,5,20.0,39.1,Low
EMP_08681,Marketing,Supportive,4.01,3.48,3.01,2.98,1.86,1,5.0,53.4,Moderate
EMP_08682,Sales,Democratic,2.88,4.43,2.5,3.8,1.0,5,0.5,52.8,Moderate
EMP_08683,HR,Democratic,3.41,4.21,3.57,3.63,3.3,5,3.0,44.4,Low
EMP_08684,HR,Autocratic/Micromanagement,3.26,3.35,2.05,3.89,3.3,1,5.2,35.5,Low
EMP_08685,Marketing,Democratic,3.62,3.05,3.08,2.97,3.15,5,11.0,44.1,Low
EMP_08686,HR,Autocratic/Micromanagement,3.66,3.38,4.23,3.89,3.2,5,1.5,36.0,Low
EMP_08687,Sales,Supportive,3.5,4.06,2.47,3.52,2.42,4,2.9,33.2,Low
EMP_08688,Engineering,Democratic,4.54,4.44,4.7,4.24,3.03,3,3.5,47.8,Moderate
EMP_08689,HR,Supportive,3.89,3.61,3.52,3.38,2.61,4,3.3,60.6,Moderate
EMP_08690,Engineering,Supportive,3.7,3.63,3.19,2.24,1.59,5,0.7,49.9,Moderate
EMP_08691,Engineering,Democratic,4.51,3.99,3.56,3.83,3.07,1,14.4,35.6,Low
EMP_08692,Sales,Supportive,4.75,3.47,3.81,4.2,2.26,4,4.6,55.4,Moderate
EMP_08693,Marketing,Supportive,3.18,3.6,3.67,3.8,2.91,5,3.5,54.9,Moderate
EMP_08694,HR,Supportive,3.76,3.6,3.19,2.43,3.39,3,1.5,54.0,Moderate
EMP_08695,Product Management,Supportive,3.26,3.89,2.49,3.03,1.72,2,20.0,47.1,Moderate
EMP_08696,Data Science,Democratic,4.15,4.56,2.1,3.75,2.83,3,1.7,46.0,Moderate
EMP_08697,Sales,Autocratic/Micromanagement,3.88,3.89,3.33,3.35,3.29,5,0.7,39.7,Low
EMP_08698,Marketing,Democratic,2.63,4.38,5.0,3.68,1.76,5,0.7,41.5,Low
EMP_08699,Engineering,Democratic,2.5,3.67,3.49,3.88,2.89,5,0.5,37.3,Low
EMP_08700,Data Science,Autocratic/Micromanagement,3.46,4.36,2.67,3.67,1.09,5,4.3,71.1,Moderate
EMP_08701,Data Science,Supportive,4.98,3.52,3.17,2.87,1.64,3,2.2,55.9,Moderate
EMP_08702,Product Management,Supportive,3.9,4.04,2.32,4.21,2.68,5,10.2,51.2,Moderate
EMP_08703,Marketing,Supportive,2.91,3.69,3.88,4.3,2.46,2,8.2,58.0,Moderate
EMP_08704,Engineering,Democratic,3.47,3.57,4.38,3.81,2.71,4,3.2,50.0,Moderate
EMP_08705,Data Science,Supportive,3.29,4.06,3.25,2.78,3.5,3,0.5,44.7,Low
EMP_08706,Product Management,Supportive,4.45,3.78,3.49,3.9,1.87,3,11.5,48.6,Moderate
EMP_08707,Engineering,Supportive,3.95,3.94,1.47,2.85,3.04,4,2.4,47.0,Moderate
EMP_08708,Product Management,Supportive,2.83,4.2,2.29,3.58,2.4,2,1.4,57.0,Moderate
EMP_08709,HR,Autocratic/Micromanagement,3.85,4.11,3.14,3.33,1.09,1,10.5,56.5,Moderate
EMP_08710,Product Management,Supportive,3.57,4.42,2.74,3.15,2.46,4,8.2,51.0,Moderate
EMP_08711,Sales,Autocratic/Micromanagement,3.16,3.86,3.98,2.52,2.16,3,9.3,42.8,Low
EMP_08712,Sales,Supportive,3.44,3.21,2.41,3.52,3.83,3,5.6,27.4,Low
EMP_08713,Product Management,Autocratic/Micromanagement,3.31,3.83,3.33,2.51,1.86,2,4.4,43.0,Low
EMP_08714,Engineering,Democratic,3.49,3.86,2.86,4.05,2.17,1,0.5,42.5,Low
EMP_08715,Data Science,Supportive,4.56,3.96,2.68,3.89,2.75,4,3.8,45.9,Moderate
EMP_08716,Engineering,Supportive,2.8,3.82,4.22,4.42,3.19,5,9.1,49.1,Moderate
EMP_08717,Engineering,Democratic,3.54,4.07,2.27,3.38,1.0,4,15.4,48.1,Moderate
EMP_08718,HR,Autocratic/Micromanagement,2.68,5.0,2.54,4.19,2.53,3,5.8,46.6,Moderate
EMP_08719,Engineering,Autocratic/Micromanagement,3.97,3.56,3.37,3.69,5.0,5,15.7,28.7,Low
EMP_08720,Sales,Democratic,3.56,4.49,3.46,3.77,2.33,3,9.1,40.3,Low
EMP_08721,Data Science,Autocratic/Micromanagement,3.28,2.92,3.31,4.45,2.6,4,1.5,39.9,Low
EMP_08722,Product Management,Supportive,3.35,3.93,4.23,3.19,1.14,1,3.6,53.7,Moderate
EMP_08723,Engineering,Supportive,4.29,3.89,2.74,2.79,2.79,4,1.2,43.4,Low
EMP_08724,Sales,Democratic,3.72,3.94,3.17,2.63,1.0,5,1.1,43.3,Low
EMP_08725,Engineering,Supportive,4.02,2.99,4.32,4.28,1.91,3,1.0,47.7,Moderate
EMP_08726,Sales,Supportive,4.64,4.18,2.57,4.04,2.36,5,1.4,51.6,Moderate
EMP_08727,Engineering,Supportive,3.5,4.26,3.7,2.72,2.22,2,0.9,65.3,Moderate
EMP_08728,Data Science,Supportive,4.31,4.38,3.28,4.13,2.12,4,2.9,66.6,Moderate
EMP_08729,Data Science,Supportive,4.69,3.72,2.98,2.9,1.0,4,1.9,60.5,Moderate
EMP_08730,Marketing,Autocratic/Micromanagement,4.12,3.6,2.83,3.52,1.54,5,3.9,25.1,Low
EMP_08731,HR,Democratic,3.38,3.54,3.81,3.56,1.28,2,1.2,50.4,Moderate
EMP_08732,Engineering,Supportive,3.52,4.13,2.01,2.74,3.77,4,4.6,46.5,Moderate
EMP_08733,HR,Supportive,3.64,3.68,3.79,3.74,2.27,4,3.0,45.2,Moderate
EMP_08734,Marketing,Democratic,3.55,2.82,2.67,3.25,3.06,3,3.0,35.6,Low
EMP_08735,Engineering,Supportive,4.2,3.33,2.85,3.08,4.04,2,16.6,35.2,Low
EMP_08736,Engineering,Supportive,3.97,4.17,4.27,3.85,1.57,4,0.9,52.1,Moderate
EMP_08737,Marketing,Supportive,3.13,4.16,3.41,3.02,2.28,4,0.7,53.7,Moderate
EMP_08738,Marketing,Democratic,3.89,4.03,3.08,2.48,1.65,4,0.5,53.8,Moderate
EMP_08739,Sales,Supportive,4.21,3.64,2.89,3.93,2.99,2,2.4,42.1,Low
EMP_08740,HR,Democratic,3.57,3.76,3.05,3.7,2.35,5,1.6,51.4,Moderate
EMP_08741,Marketing,Supportive,3.24,4.22,3.56,3.13,2.5,4,0.5,40.2,Low
EMP_08742,Engineering,Democratic,5.0,3.52,3.38,3.16,2.89,1,0.5,43.7,Low
EMP_08743,Sales,Democratic,3.41,4.98,3.17,3.04,3.38,5,12.3,40.4,Low
EMP_08744,Engineering,Democratic,3.44,4.76,3.41,2.38,1.66,4,9.2,65.9,Moderate
EMP_08745,Data Science,Autocratic/Micromanagement,4.19,3.94,2.03,3.78,1.66,3,3.7,35.8,Low
EMP_08746,Product Management,Supportive,3.93,3.38,1.75,3.06,1.44,3,0.5,56.1,Moderate
EMP_08747,Engineering,Supportive,2.95,3.89,2.61,3.28,1.98,2,2.3,51.4,Moderate
EMP_08748,HR,Democratic,2.5,3.79,4.06,3.13,2.49,3,6.2,47.2,Moderate
EMP_08749,Sales,Autocratic/Micromanagement,3.54,3.94,3.26,3.46,1.0,4,10.2,54.5,Moderate
EMP_08750,Data Science,Supportive,3.82,4.28,3.69,3.09,2.56,3,4.6,72.7,Moderate
EMP_08751,Marketing,Supportive,3.75,3.56,3.63,4.44,2.08,4,4.3,48.2,Moderate
EMP_08752,Engineering,Autocratic/Micromanagement,2.93,4.34,3.65,3.22,2.14,4,2.0,56.5,Moderate
EMP_08753,Sales,Supportive,3.61,4.14,1.0,4.33,2.86,2,2.4,37.5,Low
EMP_08754,Product Management,Supportive,4.0,4.34,3.32,3.41,3.38,4,0.5,47.4,Moderate
EMP_08755,Marketing,Supportive,4.02,2.52,3.08,4.59,2.83,5,4.3,40.8,Low
EMP_08756,Sales,Supportive,4.04,3.64,2.79,3.48,1.29,5,6.6,57.8,Moderate
EMP_08757,Data Science,Supportive,4.63,3.88,2.6,3.48,3.84,3,2.0,44.7,Low
EMP_08758,Engineering,Supportive,4.27,3.35,4.15,3.07,2.99,4,1.1,48.7,Moderate
EMP_08759,HR,Supportive,4.06,3.86,2.49,2.81,2.72,3,7.1,53.9,Moderate
EMP_08760,Product Management,Democratic,4.78,4.31,3.23,3.04,2.76,4,0.5,39.1,Low
EMP_08761,Marketing,Supportive,3.99,3.8,4.75,4.31,2.32,1,1.5,54.0,Moderate
EMP_08762,Data Science,Supportive,3.12,3.46,2.95,3.71,2.29,2,3.5,52.6,Moderate
EMP_08763,Engineering,Supportive,3.85,4.04,2.93,4.63,4.09,3,5.4,40.9,Low
EMP_08764,Engineering,Supportive,3.61,2.76,2.77,3.63,2.0,3,8.9,31.5,Low
EMP_08765,Data Science,Democratic,4.03,3.77,2.97,4.38,1.52,4,1.5,43.1,Low
EMP_08766,Sales,Supportive,3.56,4.47,3.96,4.94,3.18,4,1.4,52.0,Moderate
EMP_08767,Marketing,Democratic,3.71,4.04,1.94,3.67,1.51,3,10.3,48.6,Moderate
EMP_08768,Engineering,Supportive,4.02,4.12,3.0,4.31,1.27,5,0.6,52.3,Moderate
EMP_08769,HR,Democratic,3.82,3.8,2.87,3.44,3.42,3,1.0,40.1,Low
EMP_08770,Engineering,Supportive,3.22,3.17,3.58,4.41,2.28,5,0.9,58.7,Moderate
EMP_08771,Sales,Democratic,3.33,3.2,2.31,3.19,2.8,5,3.3,13.3,Low
EMP_08772,Marketing,Autocratic/Micromanagement,4.19,3.58,2.96,3.15,3.37,5,1.7,19.1,Low
EMP_08773,Sales,Autocratic/Micromanagement,3.8,3.69,3.29,2.6,2.25,3,9.1,42.4,Low
EMP_08774,Sales,Supportive,3.2,3.24,2.7,2.97,1.95,3,4.6,48.8,Moderate
EMP_08775,Data Science,Supportive,5.0,4.37,2.62,3.72,1.53,3,5.2,73.4,Moderate
EMP_08776,Engineering,Democratic,3.39,4.24,3.15,3.55,2.2,3,7.1,59.9,Moderate
EMP_08777,Product Management,Supportive,4.78,4.28,4.45,4.82,3.44,3,1.7,50.3,Moderate
EMP_08778,Data Science,Supportive,4.27,4.73,3.28,3.24,2.1,2,4.5,62.7,Moderate
EMP_08779,Engineering,Supportive,3.3,3.71,3.36,3.89,1.51,3,0.7,59.2,Moderate
EMP_08780,Product Management,Democratic,3.2,4.22,2.72,3.25,1.8,3,0.5,50.0,Moderate
EMP_08781,Product Management,Democratic,3.82,4.07,4.14,3.46,3.82,3,2.9,43.3,Low
EMP_08782,Engineering,Autocratic/Micromanagement,1.75,4.38,2.64,3.63,2.45,5,0.5,52.8,Moderate
EMP_08783,HR,Autocratic/Micromanagement,3.17,3.72,3.45,3.55,3.86,4,1.1,28.9,Low
EMP_08784,HR,Democratic,3.5,4.04,3.71,3.2,3.01,4,0.7,44.4,Low
EMP_08785,Sales,Supportive,3.61,4.09,3.19,2.58,1.11,3,5.6,56.5,Moderate
EMP_08786,Engineering,Supportive,3.49,3.54,2.56,4.8,2.85,4,5.1,45.8,Moderate
EMP_08787,Sales,Supportive,4.15,2.57,3.39,4.55,1.36,3,0.9,52.8,Moderate
EMP_08788,HR,Supportive,2.11,4.42,2.35,3.47,1.44,3,1.9,59.4,Moderate
EMP_08789,Engineering,Autocratic/Micromanagement,4.04,4.15,2.72,3.53,3.07,5,0.7,14.8,Low
EMP_08790,Engineering,Democratic,3.17,3.69,3.12,3.75,3.81,3,4.6,38.2,Low
EMP_08791,Engineering,Democratic,4.61,3.62,3.03,3.76,2.06,5,0.5,41.1,Low
EMP_08792,Engineering,Democratic,3.83,4.16,1.56,2.56,1.8,3,6.7,43.2,Low
EMP_08793,HR,Supportive,4.57,4.05,3.66,3.61,1.68,2,2.3,48.4,Moderate
EMP_08794,Data Science,Democratic,3.46,3.56,1.93,3.8,2.71,2,2.5,45.2,Moderate
EMP_08795,Engineering,Supportive,4.04,3.77,3.38,4.58,1.48,5,8.5,58.8,Moderate
EMP_08796,Sales,Supportive,3.73,2.88,2.68,3.72,3.51,4,13.7,50.2,Moderate
EMP_08797,Product Management,Democratic,3.59,3.29,3.04,3.62,2.38,1,1.2,31.4,Low
EMP_08798,Engineering,Democratic,4.72,4.34,2.08,3.57,2.95,4,1.5,52.4,Moderate
EMP_08799,Sales,Autocratic/Micromanagement,4.55,3.75,4.07,3.76,1.08,5,6.2,43.4,Low
EMP_08800,Marketing,Autocratic/Micromanagement,3.24,4.09,2.83,3.64,3.06,4,3.4,42.3,Low
EMP_08801,Sales,Democratic,3.34,3.99,3.16,3.66,2.14,4,3.6,49.9,Moderate
EMP_08802,Engineering,Supportive,3.51,3.63,4.01,4.3,2.78,2,1.1,45.6,Moderate
EMP_08803,Data Science,Supportive,3.03,2.74,3.58,4.11,2.31,4,2.6,22.4,Low
EMP_08804,Engineering,Democratic,2.66,3.45,3.12,2.87,3.07,4,1.0,41.2,Low
EMP_08805,Data Science,Supportive,3.48,4.12,2.87,4.18,1.68,5,0.5,54.6,Moderate
EMP_08806,Engineering,Supportive,3.68,4.07,3.73,3.03,2.83,4,0.5,47.3,Moderate
EMP_08807,Marketing,Supportive,3.79,4.23,2.27,3.56,1.26,3,2.5,60.1,Moderate
EMP_08808,Engineering,Supportive,3.58,4.0,1.8,4.41,3.44,2,4.9,45.2,Moderate
EMP_08809,Sales,Democratic,2.66,4.77,3.88,3.09,3.57,3,1.4,34.5,Low
EMP_08810,Engineering,Supportive,4.7,3.2,2.78,3.7,1.73,4,3.2,57.5,Moderate
EMP_08811,Sales,Democratic,3.73,3.58,3.1,3.38,1.5,2,3.2,47.5,Moderate
EMP_08812,Sales,Democratic,3.77,3.45,3.24,3.54,1.94,1,0.5,35.6,Low
EMP_08813,Engineering,Autocratic/Micromanagement,3.22,2.78,1.83,3.04,1.7,4,1.2,26.4,Low
EMP_08814,Engineering,Supportive,4.25,3.44,4.22,3.07,2.41,4,5.3,54.9,Moderate
EMP_08815,Engineering,Democratic,2.86,3.45,2.93,4.11,1.61,4,9.1,46.6,Moderate
EMP_08816,Sales,Supportive,4.44,4.49,3.5,2.99,3.0,5,2.8,45.0,Moderate
EMP_08817,Sales,Supportive,4.24,3.6,2.18,3.74,3.22,3,15.4,32.8,Low
EMP_08818,Engineering,Supportive,4.27,2.77,2.47,2.71,1.84,2,1.1,32.0,Low
EMP_08819,Product Management,Democratic,3.97,4.19,3.14,4.11,2.83,2,6.2,39.9,Low
EMP_08820,Marketing,Supportive,4.21,4.22,2.12,3.66,2.19,2,2.6,53.2,Moderate
EMP_08821,Product Management,Democratic,4.26,4.14,2.44,3.02,4.08,4,0.5,38.1,Low
EMP_08822,Sales,Supportive,3.9,4.64,2.98,4.69,1.5,4,1.4,51.0,Moderate
EMP_08823,Engineering,Democratic,3.32,4.17,3.67,4.04,1.0,2,0.8,46.6,Moderate
EMP_08824,Data Science,Supportive,5.0,3.85,3.23,4.68,2.93,4,11.2,54.6,Moderate
EMP_08825,Engineering,Democratic,3.78,4.3,2.59,3.29,1.9,4,5.7,52.9,Moderate
EMP_08826,Engineering,Democratic,3.89,3.9,3.17,3.03,3.13,3,2.2,33.1,Low
EMP_08827,Engineering,Autocratic/Micromanagement,3.88,3.61,4.32,3.44,1.54,4,0.5,38.2,Low
EMP_08828,Marketing,Supportive,5.0,4.32,3.47,4.05,1.72,2,0.6,50.5,Moderate
EMP_08829,Marketing,Supportive,3.59,3.75,3.12,3.62,3.06,5,7.0,46.4,Moderate
EMP_08830,Sales,Autocratic/Micromanagement,3.94,4.8,4.9,3.85,2.7,3,1.4,50.8,Moderate
EMP_08831,HR,Autocratic/Micromanagement,3.37,2.8,2.01,3.92,1.05,4,16.9,53.5,Moderate
EMP_08832,Engineering,Supportive,3.1,4.31,2.73,3.43,3.62,5,7.8,55.0,Moderate
EMP_08833,Engineering,Supportive,3.64,3.37,3.67,3.57,4.43,5,9.4,46.0,Moderate
EMP_08834,Product Management,Supportive,2.97,3.95,3.95,2.88,2.33,3,0.5,52.9,Moderate
EMP_08835,Engineering,Democratic,4.76,4.57,3.22,3.54,2.69,4,3.2,60.9,Moderate
EMP_08836,Product Management,Democratic,2.51,3.87,3.96,3.47,2.78,4,3.8,33.5,Low
EMP_08837,Sales,Democratic,3.69,3.23,3.66,4.38,2.77,3,3.4,41.7,Low
EMP_08838,Engineering,Supportive,3.68,4.46,3.96,4.15,2.61,3,2.8,67.2,Moderate
EMP_08839,Sales,Supportive,3.57,4.4,1.78,3.54,2.11,3,3.6,41.0,Low
EMP_08840,Engineering,Supportive,3.85,4.55,3.37,4.12,2.04,2,5.6,61.9,Moderate
EMP_08841,Engineering,Democratic,3.48,3.99,3.23,3.78,2.87,4,13.9,40.2,Low
EMP_08842,Engineering,Democratic,4.16,2.94,2.58,4.06,2.54,3,3.0,41.9,Low
EMP_08843,Sales,Autocratic/Micromanagement,3.39,4.8,3.0,3.54,1.5,2,0.5,48.1,Moderate
EMP_08844,Sales,Supportive,3.65,3.52,3.81,3.63,3.32,3,3.5,54.9,Moderate
EMP_08845,Data Science,Democratic,4.42,3.87,3.55,3.14,2.39,3,5.6,43.5,Low
EMP_08846,Engineering,Supportive,4.65,3.84,3.81,2.25,2.58,5,6.5,48.6,Moderate
EMP_08847,Product Management,Supportive,4.01,3.36,3.0,4.21,1.08,3,0.5,51.8,Moderate
EMP_08848,Engineering,Supportive,3.17,4.46,3.51,3.42,3.57,4,1.4,63.5,Moderate
EMP_08849,Data Science,Democratic,4.49,3.78,2.76,3.98,3.06,3,7.7,37.9,Low
EMP_08850,Sales,Autocratic/Micromanagement,3.8,4.36,2.62,3.19,2.05,4,1.4,37.5,Low
EMP_08851,Sales,Supportive,3.31,3.28,2.33,3.55,2.1,4,5.6,36.2,Low
EMP_08852,Product Management,Supportive,3.93,3.66,2.73,3.56,2.86,3,1.4,52.3,Moderate
EMP_08853,Marketing,Supportive,3.35,4.41,2.7,4.04,2.55,3,5.9,46.9,Moderate
EMP_08854,Sales,Autocratic/Micromanagement,2.93,4.12,3.43,4.32,2.45,4,15.6,38.8,Low
EMP_08855,Data Science,Supportive,3.84,3.82,3.03,3.36,2.58,5,8.0,58.4,Moderate
EMP_08856,Engineering,Democratic,4.25,3.83,2.87,3.87,2.11,4,0.5,38.5,Low
EMP_08857,Sales,Democratic,3.07,3.64,3.87,4.51,1.81,4,17.4,42.7,Low
EMP_08858,Sales,Supportive,3.2,3.89,3.67,3.83,1.4,5,10.1,53.7,Moderate
EMP_08859,Engineering,Supportive,3.55,4.87,5.0,2.76,2.55,1,0.5,61.9,Moderate
EMP_08860,Engineering,Democratic,3.18,4.63,2.92,2.96,2.11,4,7.4,56.4,Moderate
EMP_08861,Product Management,Democratic,4.49,4.53,4.74,4.14,3.37,5,2.1,35.8,Low
EMP_08862,Sales,Democratic,3.61,3.88,2.76,2.94,2.71,5,0.7,36.5,Low
EMP_08863,HR,Democratic,4.5,4.45,3.2,3.87,3.52,5,6.5,33.2,Low
EMP_08864,Sales,Autocratic/Micromanagement,4.0,4.91,2.89,3.82,2.5,2,5.4,24.0,Low
EMP_08865,Product Management,Supportive,3.21,3.6,3.63,3.6,1.98,4,3.0,55.3,Moderate
EMP_08866,Sales,Democratic,3.5,4.56,2.17,3.48,2.13,3,7.4,28.6,Low
EMP_08867,Sales,Supportive,2.3,4.21,2.98,3.72,2.47,2,0.5,51.2,Moderate
EMP_08868,Engineering,Democratic,4.81,4.42,3.2,3.62,3.33,4,3.7,56.8,Moderate
EMP_08869,Engineering,Supportive,3.62,3.44,2.43,3.12,2.17,1,3.9,52.6,Moderate
EMP_08870,Engineering,Democratic,3.65,4.09,2.05,2.82,2.49,4,5.1,37.0,Low
EMP_08871,Sales,Democratic,4.42,3.65,2.15,3.87,2.61,3,3.4,25.4,Low
EMP_08872,Sales,Democratic,3.28,3.65,4.1,4.43,2.99,3,10.5,51.9,Moderate
EMP_08873,Marketing,Autocratic/Micromanagement,3.27,4.18,3.24,4.1,1.91,1,2.8,49.6,Moderate
EMP_08874,HR,Supportive,3.78,3.67,2.48,3.0,2.21,3,0.5,53.3,Moderate
EMP_08875,Engineering,Autocratic/Micromanagement,4.1,4.35,2.83,4.1,1.28,3,3.1,49.4,Moderate
EMP_08876,Sales,Democratic,3.46,4.48,2.67,4.04,3.1,4,2.5,39.5,Low
EMP_08877,Marketing,Democratic,4.14,3.18,3.75,2.86,2.73,3,5.9,46.9,Moderate
EMP_08878,Engineering,Supportive,4.06,3.47,3.15,2.84,1.95,4,6.5,57.5,Moderate
EMP_08879,Data Science,Democratic,3.73,3.87,2.52,3.82,1.17,3,1.6,58.7,Moderate
EMP_08880,Data Science,Supportive,3.84,4.0,3.31,2.73,2.75,4,5.8,47.1,Moderate
EMP_08881,Data Science,Democratic,3.82,3.48,1.09,3.03,2.66,3,4.2,41.9,Low
EMP_08882,Marketing,Supportive,3.43,4.1,4.37,2.8,1.89,4,4.9,52.2,Moderate
EMP_08883,Engineering,Democratic,2.38,3.55,1.06,3.49,1.7,2,20.0,40.0,Low
EMP_08884,Engineering,Supportive,4.35,3.93,2.65,2.91,1.79,4,16.8,62.4,Moderate
EMP_08885,Sales,Supportive,3.18,3.24,2.3,4.4,2.86,4,0.5,36.0,Low
EMP_08886,Engineering,Autocratic/Micromanagement,4.34,3.72,3.9,3.13,1.55,2,1.6,24.6,Low
EMP_08887,Marketing,Democratic,3.75,4.26,2.22,3.36,4.15,5,6.8,38.2,Low
EMP_08888,Data Science,Democratic,3.6,3.24,3.09,3.85,3.13,4,2.5,45.4,Moderate
EMP_08889,Engineering,Supportive,4.14,3.31,4.12,3.23,1.27,5,5.0,59.2,Moderate
EMP_08890,Engineering,Democratic,2.94,4.08,3.94,4.53,2.28,2,0.5,45.3,Moderate
EMP_08891,HR,Autocratic/Micromanagement,3.51,4.01,2.35,4.05,2.36,4,20.0,37.1,Low
EMP_08892,Product Management,Supportive,4.58,4.33,3.71,3.31,2.26,4,4.0,43.0,Low
EMP_08893,Engineering,Supportive,3.9,5.0,3.99,5.0,2.73,2,1.6,65.2,Moderate
EMP_08894,HR,Autocratic/Micromanagement,4.73,3.33,3.44,3.95,3.14,1,1.6,23.6,Low
EMP_08895,Engineering,Democratic,3.62,3.54,2.72,4.3,1.0,3,4.5,52.7,Moderate
EMP_08896,Data Science,Supportive,4.98,3.63,2.88,3.69,4.72,4,6.5,39.4,Low
EMP_08897,Engineering,Autocratic/Micromanagement,4.36,4.78,3.23,3.77,2.81,4,9.6,26.6,Low
EMP_08898,Sales,Autocratic/Micromanagement,3.94,4.78,3.08,4.03,2.32,3,1.5,39.4,Low
EMP_08899,Product Management,Autocratic/Micromanagement,3.04,3.81,3.54,3.67,2.59,2,4.9,39.4,Low
EMP_08900,Engineering,Autocratic/Micromanagement,4.09,3.66,3.63,4.88,1.67,3,4.3,31.7,Low
EMP_08901,Data Science,Democratic,3.2,3.05,3.26,4.12,2.9,4,6.5,44.5,Low
EMP_08902,Sales,Supportive,3.86,4.2,2.86,4.03,1.67,5,7.8,59.2,Moderate
EMP_08903,Engineering,Supportive,3.83,3.17,3.21,3.25,2.71,3,9.0,53.9,Moderate
EMP_08904,Engineering,Democratic,3.07,4.04,1.92,3.28,1.55,5,2.5,42.3,Low
EMP_08905,Engineering,Democratic,3.49,3.76,2.78,3.28,2.3,4,0.5,40.8,Low
EMP_08906,Marketing,Supportive,3.13,4.43,4.26,3.32,1.41,4,1.6,52.9,Moderate
EMP_08907,Marketing,Supportive,4.91,3.48,4.09,2.75,2.05,4,2.6,44.7,Low
EMP_08908,Marketing,Supportive,3.3,3.62,2.28,3.6,2.43,5,4.6,43.8,Low
EMP_08909,Product Management,Democratic,3.99,4.68,2.7,4.31,3.14,4,0.8,36.5,Low
EMP_08910,Engineering,Supportive,2.89,3.41,3.24,3.47,2.45,3,1.9,44.3,Low
EMP_08911,Sales,Supportive,2.66,4.09,2.58,3.15,1.99,5,20.0,49.3,Moderate
EMP_08912,Marketing,Democratic,3.47,3.83,2.15,4.22,2.92,4,2.0,36.4,Low
EMP_08913,Sales,Supportive,3.21,3.5,2.96,3.42,2.01,5,0.5,53.7,Moderate
EMP_08914,Engineering,Supportive,2.9,3.27,3.24,4.29,1.57,3,1.0,47.5,Moderate
EMP_08915,Data Science,Democratic,3.71,4.27,3.4,3.94,2.34,2,8.3,58.4,Moderate
EMP_08916,Product Management,Democratic,3.92,4.04,1.61,3.21,2.76,3,3.6,42.1,Low
EMP_08917,Sales,Supportive,2.98,4.07,2.22,4.14,2.98,3,4.6,25.3,Low
EMP_08918,Marketing,Supportive,2.63,3.35,2.05,3.86,3.56,3,7.1,42.1,Low
EMP_08919,Data Science,Supportive,3.45,4.05,2.94,4.19,1.0,4,8.5,59.8,Moderate
EMP_08920,Sales,Supportive,5.0,3.42,2.13,4.11,3.55,4,11.1,28.7,Low
EMP_08921,Engineering,Democratic,4.53,4.3,3.2,3.25,2.3,4,2.7,58.5,Moderate
EMP_08922,Sales,Supportive,4.42,3.43,2.09,3.68,1.72,4,2.9,38.8,Low
EMP_08923,Marketing,Supportive,3.99,3.18,3.08,3.41,1.31,3,2.4,55.0,Moderate
EMP_08924,Engineering,Supportive,3.97,4.25,2.89,3.56,1.73,3,7.4,69.3,Moderate
EMP_08925,Data Science,Supportive,3.0,4.36,3.1,3.23,2.97,5,11.9,57.2,Moderate
EMP_08926,Sales,Democratic,3.8,4.21,2.57,3.49,2.89,5,3.4,44.6,Low
EMP_08927,Marketing,Autocratic/Micromanagement,2.66,3.61,3.25,3.25,4.22,5,1.7,32.5,Low
EMP_08928,Data Science,Democratic,2.06,3.85,2.12,2.96,2.71,4,0.9,37.0,Low
EMP_08929,Engineering,Democratic,4.03,3.58,3.67,3.43,1.54,5,5.1,49.6,Moderate
EMP_08930,Marketing,Autocratic/Micromanagement,2.51,3.76,3.4,2.86,1.9,5,0.5,41.1,Low
EMP_08931,HR,Democratic,3.5,4.4,3.33,3.12,3.13,4,17.2,43.1,Low
EMP_08932,Engineering,Supportive,4.77,3.46,3.26,3.09,2.36,5,11.0,53.1,Moderate
EMP_08933,Marketing,Supportive,3.43,3.95,3.91,3.06,3.77,4,1.9,43.2,Low
EMP_08934,Marketing,Supportive,5.0,5.0,3.53,3.25,2.62,4,0.7,49.7,Moderate
EMP_08935,Sales,Democratic,3.87,3.79,2.37,2.44,1.93,2,4.3,29.8,Low
EMP_08936,Marketing,Supportive,3.74,3.97,3.4,3.53,2.31,3,9.1,46.3,Moderate
EMP_08937,Marketing,Democratic,3.67,3.25,3.18,4.39,1.52,4,4.5,40.1,Low
EMP_08938,Engineering,Democratic,4.26,3.72,4.13,2.55,1.74,4,5.1,45.8,Moderate
EMP_08939,Marketing,Autocratic/Micromanagement,3.26,3.91,4.04,3.64,1.64,5,0.5,42.1,Low
EMP_08940,Sales,Supportive,3.34,3.28,2.39,2.58,1.96,3,3.2,45.2,Moderate
EMP_08941,Product Management,Supportive,3.23,3.59,2.33,1.84,3.25,4,1.7,47.2,Moderate
EMP_08942,Marketing,Autocratic/Micromanagement,3.65,4.18,3.25,2.73,1.91,5,3.4,48.4,Moderate
EMP_08943,Engineering,Supportive,3.34,4.98,1.75,3.83,3.85,4,0.8,56.9,Moderate
EMP_08944,Sales,Autocratic/Micromanagement,3.97,2.96,1.97,3.45,2.3,5,7.6,32.1,Low
EMP_08945,Engineering,Democratic,3.69,4.74,2.87,3.5,3.29,3,1.6,56.2,Moderate
EMP_08946,Engineering,Democratic,4.26,4.02,3.64,2.52,2.31,3,1.7,44.0,Low
EMP_08947,Sales,Supportive,3.45,3.82,2.45,3.96,1.72,3,12.5,34.4,Low
EMP_08948,Data Science,Democratic,3.21,3.94,3.17,4.2,1.0,2,5.5,48.7,Moderate
EMP_08949,Marketing,Supportive,3.79,3.1,4.08,2.99,2.78,4,4.5,42.7,Low
EMP_08950,Product Management,Autocratic/Micromanagement,3.48,3.93,3.8,4.14,4.38,4,3.8,32.4,Low
EMP_08951,Product Management,Autocratic/Micromanagement,4.64,5.0,1.52,4.05,1.59,3,9.7,27.4,Low
EMP_08952,Sales,Supportive,4.56,3.7,1.58,3.79,2.7,2,1.6,25.9,Low
EMP_08953,Sales,Supportive,3.41,3.76,3.98,3.21,2.38,5,8.1,51.9,Moderate
EMP_08954,Sales,Autocratic/Micromanagement,3.77,3.99,3.62,3.81,3.82,3,6.5,32.8,Low
EMP_08955,Engineering,Autocratic/Micromanagement,3.96,4.02,3.95,3.71,4.05,3,0.5,33.7,Low
EMP_08956,HR,Supportive,3.46,4.23,3.42,2.94,2.94,4,11.8,49.2,Moderate
EMP_08957,HR,Supportive,3.78,3.8,2.37,3.85,2.63,5,2.2,44.1,Low
EMP_08958,Engineering,Autocratic/Micromanagement,3.37,3.65,2.33,3.84,1.81,5,2.4,46.8,Moderate
EMP_08959,Product Management,Democratic,4.09,4.0,2.21,3.35,2.28,1,1.1,40.3,Low
EMP_08960,Product Management,Democratic,2.99,3.22,2.87,2.9,2.31,3,7.9,36.9,Low
EMP_08961,Sales,Supportive,3.97,2.95,2.93,4.86,2.39,4,2.7,50.2,Moderate
EMP_08962,HR,Autocratic/Micromanagement,3.47,3.74,3.23,3.55,2.24,4,1.5,36.7,Low
EMP_08963,Data Science,Democratic,4.34,4.06,1.61,3.62,2.39,5,6.2,41.6,Low
EMP_08964,Sales,Supportive,3.48,3.96,2.91,3.14,3.13,4,1.3,40.7,Low
EMP_08965,Product Management,Supportive,3.47,3.76,1.83,3.49,2.71,2,0.5,47.0,Moderate
EMP_08966,Engineering,Supportive,3.93,4.33,2.75,4.22,2.26,4,0.5,66.2,Moderate
EMP_08967,Data Science,Autocratic/Micromanagement,3.39,3.99,3.17,3.78,1.73,3,0.8,46.1,Moderate
EMP_08968,Engineering,Supportive,3.44,4.82,3.74,3.88,2.55,5,0.5,74.2,Moderate
EMP_08969,Engineering,Democratic,4.33,3.53,4.14,3.47,3.8,3,3.5,31.9,Low
EMP_08970,Product Management,Democratic,3.77,3.52,3.5,3.2,2.19,4,8.3,47.0,Moderate
EMP_08971,Product Management,Supportive,4.37,3.98,3.61,3.29,2.38,4,3.2,48.5,Moderate
EMP_08972,Engineering,Supportive,2.96,3.92,3.24,4.17,2.13,5,2.9,54.9,Moderate
EMP_08973,Engineering,Democratic,4.72,4.42,4.21,3.21,2.0,4,13.8,57.2,Moderate
EMP_08974,Engineering,Democratic,2.3,3.64,4.39,2.61,2.15,4,1.3,39.5,Low
EMP_08975,Data Science,Democratic,4.69,3.45,2.08,2.91,2.26,2,1.7,52.4,Moderate
EMP_08976,Engineering,Democratic,3.48,3.85,3.0,3.01,2.92,4,0.8,35.5,Low
EMP_08977,Sales,Democratic,2.89,3.63,2.65,4.36,1.94,1,2.9,42.6,Low
EMP_08978,Marketing,Democratic,3.34,4.04,3.25,2.83,1.46,4,2.7,51.6,Moderate
EMP_08979,Sales,Democratic,4.31,4.61,3.26,3.6,1.24,4,2.0,53.3,Moderate
EMP_08980,Data Science,Supportive,4.05,3.34,3.5,3.87,3.53,5,0.5,53.8,Moderate
EMP_08981,Data Science,Supportive,4.22,3.92,1.63,3.46,1.14,5,9.9,59.8,Moderate
EMP_08982,Sales,Supportive,3.17,3.75,3.58,4.47,1.02,3,1.1,61.5,Moderate
EMP_08983,Engineering,Supportive,3.84,3.6,2.84,4.49,2.46,2,2.9,49.2,Moderate
EMP_08984,Sales,Supportive,4.21,3.49,3.4,5.0,2.55,1,3.3,56.7,Moderate
EMP_08985,Data Science,Democratic,3.83,3.36,3.34,3.19,2.53,4,12.9,39.8,Low
EMP_08986,Engineering,Democratic,3.6,4.64,2.73,4.62,1.61,3,3.3,62.4,Moderate
EMP_08987,Engineering,Democratic,4.87,4.12,2.58,2.89,3.1,4,5.3,37.6,Low
EMP_08988,HR,Democratic,3.05,3.35,3.37,4.15,2.89,4,7.3,40.8,Low
EMP_08989,Product Management,Supportive,3.98,4.12,2.89,3.18,3.21,5,0.5,48.8,Moderate
EMP_08990,Sales,Autocratic/Micromanagement,3.64,4.48,3.0,4.03,2.59,2,3.8,46.0,Moderate
EMP_08991,HR,Autocratic/Micromanagement,3.03,4.31,3.56,4.43,2.77,5,20.0,40.4,Low
EMP_08992,Marketing,Democratic,3.27,2.66,2.6,3.07,1.69,2,5.5,35.7,Low
EMP_08993,Product Management,Democratic,3.08,3.95,1.63,3.93,2.53,3,3.2,42.8,Low
EMP_08994,Sales,Autocratic/Micromanagement,3.88,4.56,1.88,2.86,2.68,3,2.4,24.3,Low
EMP_08995,HR,Autocratic/Micromanagement,3.46,4.46,4.71,4.09,3.42,3,5.2,32.3,Low
EMP_08996,Engineering,Autocratic/Micromanagement,4.44,3.91,2.33,2.69,3.3,4,2.4,18.5,Low
EMP_08997,Engineering,Democratic,2.54,3.3,3.29,3.72,3.65,5,20.0,41.9,Low
EMP_08998,Engineering,Autocratic/Micromanagement,3.64,4.36,2.81,4.09,3.73,4,1.7,53.4,Moderate
EMP_08999,Engineering,Supportive,3.76,4.34,2.92,2.67,2.05,2,1.1,62.1,Moderate
EMP_09000,Engineering,Democratic,4.85,3.7,4.07,3.65,2.45,2,3.9,48.2,Moderate
EMP_09001,Sales,Democratic,3.59,4.4,2.73,3.88,2.02,5,0.9,45.5,Moderate
EMP_09002,Engineering,Democratic,3.49,4.85,2.43,4.07,2.5,4,1.2,68.5,Moderate
EMP_09003,Sales,Autocratic/Micromanagement,2.87,3.62,2.37,3.73,2.82,5,1.9,30.2,Low
EMP_09004,Data Science,Autocratic/Micromanagement,3.18,2.55,3.51,4.25,1.49,3,1.0,27.6,Low
EMP_09005,Engineering,Democratic,4.23,4.16,2.32,3.31,2.57,3,8.5,44.3,Low
EMP_09006,Engineering,Autocratic/Micromanagement,4.22,4.18,1.88,4.17,1.51,4,1.4,28.1,Low
EMP_09007,Sales,Autocratic/Micromanagement,4.04,3.97,3.29,2.79,3.7,4,0.5,10.5,Low
EMP_09008,Data Science,Autocratic/Micromanagement,4.11,3.86,3.3,2.95,2.09,3,1.2,24.2,Low
EMP_09009,Product Management,Democratic,3.72,4.57,3.31,2.43,1.93,4,11.3,38.3,Low
EMP_09010,Data Science,Supportive,2.97,2.66,3.32,2.78,2.03,4,3.7,32.8,Low
EMP_09011,Engineering,Democratic,3.9,4.51,1.36,4.07,2.81,4,2.0,50.6,Moderate
EMP_09012,Engineering,Autocratic/Micromanagement,4.16,4.76,3.73,4.17,1.53,3,5.5,56.9,Moderate
EMP_09013,Sales,Democratic,2.04,3.43,2.35,2.47,2.67,4,3.2,31.2,Low
EMP_09014,Engineering,Supportive,3.29,3.04,3.05,3.25,3.12,5,4.7,44.6,Low
EMP_09015,Sales,Supportive,4.28,4.21,4.01,3.12,2.37,5,4.9,63.0,Moderate
EMP_09016,Sales,Democratic,3.51,3.85,3.79,3.3,1.17,3,1.3,48.3,Moderate
EMP_09017,Sales,Democratic,3.44,4.03,3.05,3.73,1.79,4,0.5,44.5,Low
EMP_09018,Engineering,Supportive,4.74,2.93,3.69,3.7,3.19,2,5.8,39.1,Low
EMP_09019,Sales,Autocratic/Micromanagement,3.64,3.54,1.94,3.05,1.13,2,1.3,34.2,Low
EMP_09020,Engineering,Supportive,4.48,3.71,3.95,3.54,1.0,3,5.7,54.6,Moderate
EMP_09021,Marketing,Democratic,3.26,4.39,2.94,3.68,2.17,3,4.6,34.1,Low
EMP_09022,HR,Democratic,3.47,4.91,2.24,4.52,2.28,5,18.7,43.3,Low
EMP_09023,Engineering,Autocratic/Micromanagement,3.4,3.86,2.93,4.15,2.28,5,10.2,43.9,Low
EMP_09024,Sales,Democratic,3.84,4.13,3.38,3.51,2.33,5,7.9,39.2,Low
EMP_09025,Engineering,Democratic,4.54,4.39,3.13,2.84,1.64,1,1.2,63.3,Moderate
EMP_09026,Sales,Autocratic/Micromanagement,2.65,3.8,3.77,3.76,1.06,3,0.5,56.3,Moderate
EMP_09027,Data Science,Supportive,4.08,3.64,2.39,3.08,2.7,1,5.8,58.1,Moderate
EMP_09028,Data Science,Supportive,2.54,3.39,3.03,2.9,2.83,1,12.0,48.4,Moderate
EMP_09029,Data Science,Democratic,1.9,4.27,2.77,3.53,3.76,1,3.9,48.4,Moderate
EMP_09030,HR,Supportive,3.63,4.41,3.5,3.77,1.63,1,4.4,54.9,Moderate
EMP_09031,Engineering,Autocratic/Micromanagement,3.25,4.65,3.16,3.78,2.96,5,3.5,57.9,Moderate
EMP_09032,Sales,Autocratic/Micromanagement,3.22,3.78,2.79,3.36,2.83,4,2.5,36.9,Low
EMP_09033,Engineering,Supportive,2.95,3.8,3.2,4.4,2.3,3,2.4,52.4,Moderate
EMP_09034,Engineering,Democratic,2.83,4.32,2.19,4.16,2.67,4,2.6,56.6,Moderate
EMP_09035,HR,Supportive,2.32,3.63,2.84,4.14,3.92,3,0.5,33.2,Low
EMP_09036,Engineering,Supportive,3.43,3.81,2.66,3.3,2.49,4,9.0,40.1,Low
EMP_09037,Engineering,Democratic,3.12,3.74,3.34,4.11,1.72,5,0.8,39.2,Low
EMP_09038,Marketing,Democratic,3.27,3.61,3.62,3.36,2.87,4,1.5,38.6,Low
EMP_09039,Engineering,Supportive,4.17,4.43,3.58,3.07,2.29,4,7.7,69.1,Moderate
EMP_09040,Sales,Supportive,4.43,3.19,1.72,4.47,3.16,2,0.5,25.9,Low
EMP_09041,Engineering,Supportive,4.2,4.53,2.63,4.12,2.39,5,13.6,69.2,Moderate
EMP_09042,Sales,Supportive,4.15,4.57,2.51,3.71,1.65,4,13.9,57.7,Moderate
EMP_09043,Sales,Autocratic/Micromanagement,2.79,4.42,2.92,3.97,2.15,2,0.5,42.4,Low
EMP_09044,Sales,Supportive,3.48,4.4,3.32,3.53,1.94,4,10.0,56.9,Moderate
EMP_09045,Sales,Supportive,4.27,4.12,4.0,3.58,3.25,5,7.2,58.3,Moderate
EMP_09046,Engineering,Democratic,2.79,4.27,2.55,2.66,2.8,4,4.2,55.0,Moderate
EMP_09047,Engineering,Democratic,3.97,4.05,3.59,2.97,3.14,3,2.7,39.1,Low
EMP_09048,HR,Supportive,2.31,3.94,3.03,4.31,2.57,2,0.5,52.4,Moderate
EMP_09049,Engineering,Democratic,3.76,4.35,3.29,3.46,2.86,4,5.4,59.1,Moderate
EMP_09050,Sales,Supportive,3.37,3.29,2.49,4.37,2.27,2,3.4,42.2,Low
EMP_09051,Sales,Supportive,3.69,3.36,1.72,4.3,2.06,4,2.2,27.5,Low
EMP_09052,Sales,Supportive,3.39,5.0,3.15,4.0,1.9,1,0.6,53.1,Moderate
EMP_09053,HR,Democratic,4.35,3.83,3.69,3.65,3.2,4,1.1,42.9,Low
EMP_09054,HR,Autocratic/Micromanagement,3.49,3.97,3.55,4.18,1.54,3,3.7,44.0,Low
EMP_09055,Data Science,Democratic,3.42,3.81,3.28,4.36,2.94,4,4.7,43.3,Low
EMP_09056,Sales,Supportive,2.88,3.38,2.99,3.66,4.07,3,6.5,40.9,Low
EMP_09057,Marketing,Democratic,3.79,4.32,2.3,3.36,3.37,2,5.9,49.6,Moderate
EMP_09058,Data Science,Supportive,3.65,3.81,2.78,2.39,2.16,4,0.5,56.3,Moderate
EMP_09059,Engineering,Supportive,3.47,3.03,2.5,3.63,3.06,3,1.1,47.0,Moderate
EMP_09060,Marketing,Autocratic/Micromanagement,4.61,4.28,3.23,4.28,2.2,4,11.2,26.2,Low
EMP_09061,Marketing,Democratic,3.9,3.15,4.15,4.11,2.95,5,0.5,37.5,Low
EMP_09062,Marketing,Supportive,3.32,3.26,2.95,3.08,1.74,4,2.6,47.3,Moderate
EMP_09063,Engineering,Supportive,4.46,4.76,3.25,3.19,2.12,1,1.0,64.2,Moderate
EMP_09064,Marketing,Democratic,4.4,3.69,3.22,3.59,2.46,5,2.9,41.8,Low
EMP_09065,Sales,Supportive,3.12,3.35,3.86,4.26,2.84,5,0.5,50.8,Moderate
EMP_09066,Sales,Supportive,3.7,4.64,4.04,3.06,1.51,4,4.2,66.5,Moderate
EMP_09067,Sales,Supportive,2.87,3.95,4.55,3.78,3.6,4,5.1,60.5,Moderate
EMP_09068,HR,Democratic,3.42,4.08,4.52,3.44,4.3,4,1.2,39.4,Low
EMP_09069,Marketing,Democratic,4.36,4.21,2.28,3.22,1.17,2,10.2,49.8,Moderate
EMP_09070,Engineering,Supportive,4.0,3.47,3.48,2.8,3.07,5,14.1,43.0,Low
EMP_09071,Sales,Democratic,4.42,4.65,3.71,3.05,2.07,4,0.6,39.2,Low
EMP_09072,Sales,Democratic,3.26,4.1,2.11,2.53,1.31,1,18.5,30.2,Low
EMP_09073,Product Management,Supportive,2.71,3.86,3.59,4.19,2.65,2,2.8,50.0,Moderate
EMP_09074,Engineering,Supportive,2.74,3.86,2.98,3.5,3.56,4,3.2,42.9,Low
EMP_09075,Engineering,Supportive,3.93,3.19,3.66,3.44,3.17,2,0.5,47.3,Moderate
EMP_09076,Marketing,Democratic,3.41,2.98,2.93,3.33,1.77,3,1.8,40.9,Low
EMP_09077,Marketing,Supportive,4.45,4.56,4.11,3.45,3.51,3,20.0,48.0,Moderate
EMP_09078,Marketing,Democratic,3.63,4.69,2.73,3.36,1.22,1,2.5,42.1,Low
EMP_09079,Marketing,Supportive,3.69,4.05,2.31,3.41,2.81,4,4.3,43.5,Low
EMP_09080,Marketing,Supportive,3.52,3.88,2.65,4.36,2.61,2,0.7,46.2,Moderate
EMP_09081,Product Management,Democratic,2.88,4.66,3.41,4.03,1.6,2,8.4,47.2,Moderate
EMP_09082,Marketing,Democratic,3.02,3.7,2.36,2.78,2.75,5,3.0,54.1,Moderate
EMP_09083,Engineering,Democratic,4.02,3.92,3.51,3.81,3.8,5,3.5,28.5,Low
EMP_09084,Data Science,Supportive,4.76,3.85,3.28,3.11,2.44,2,14.2,48.8,Moderate
EMP_09085,Product Management,Supportive,3.96,3.95,3.73,4.12,3.79,3,3.6,41.8,Low
EMP_09086,Engineering,Supportive,3.68,4.38,3.02,4.11,2.53,5,0.7,64.6,Moderate
EMP_09087,Data Science,Democratic,4.08,4.04,3.15,3.0,1.92,3,2.1,41.0,Low
EMP_09088,Engineering,Supportive,3.73,4.13,3.01,2.87,1.64,4,5.6,56.8,Moderate
EMP_09089,Sales,Supportive,3.14,4.1,3.82,4.16,2.31,3,0.7,50.3,Moderate
EMP_09090,Engineering,Democratic,3.86,4.71,1.9,4.06,2.23,4,1.2,57.7,Moderate
EMP_09091,Sales,Autocratic/Micromanagement,2.96,4.28,4.25,2.7,4.78,4,10.9,44.1,Low
EMP_09092,HR,Democratic,4.35,4.12,3.79,2.91,2.24,1,1.6,45.5,Moderate
EMP_09093,Engineering,Democratic,3.89,3.26,4.23,4.4,2.02,4,0.7,55.2,Moderate
EMP_09094,Engineering,Supportive,3.59,4.4,4.13,3.7,2.32,2,7.1,68.8,Moderate
EMP_09095,Marketing,Supportive,4.77,3.66,3.5,4.28,2.35,1,4.6,47.8,Moderate
EMP_09096,Sales,Democratic,3.33,3.6,2.8,3.15,3.6,4,1.5,38.5,Low
EMP_09097,Sales,Autocratic/Micromanagement,3.33,4.09,2.57,3.61,3.01,4,1.5,34.4,Low
EMP_09098,HR,Democratic,5.0,3.85,2.47,2.97,2.22,5,1.8,52.8,Moderate
EMP_09099,Sales,Democratic,3.51,3.57,3.14,4.85,2.1,3,4.3,44.8,Low
EMP_09100,Engineering,Autocratic/Micromanagement,4.47,3.69,2.98,3.73,2.57,3,7.0,18.1,Low
EMP_09101,Engineering,Supportive,3.11,4.14,1.66,3.19,4.7,1,5.3,37.8,Low
EMP_09102,Engineering,Supportive,3.75,4.01,3.29,3.59,1.44,5,3.7,48.3,Moderate
EMP_09103,Marketing,Autocratic/Micromanagement,4.05,3.65,2.52,4.69,2.6,5,2.6,31.3,Low
EMP_09104,Marketing,Supportive,4.1,4.22,1.43,4.91,1.32,5,0.9,60.5,Moderate
EMP_09105,Sales,Autocratic/Micromanagement,5.0,3.93,3.55,4.13,2.44,5,2.3,23.6,Low
EMP_09106,Data Science,Supportive,3.59,3.65,3.56,3.78,2.12,5,2.7,64.5,Moderate
EMP_09107,Engineering,Democratic,2.94,3.39,3.98,3.83,2.57,4,1.8,35.8,Low
EMP_09108,Product Management,Supportive,4.05,3.15,3.11,4.32,1.58,4,1.1,58.5,Moderate
EMP_09109,Engineering,Supportive,3.29,3.93,3.35,4.21,2.64,4,0.6,53.9,Moderate
EMP_09110,Engineering,Supportive,3.74,4.42,2.95,3.88,1.73,1,5.1,60.2,Moderate
EMP_09111,Engineering,Supportive,4.57,4.0,3.29,3.75,3.3,3,1.1,49.0,Moderate
EMP_09112,Engineering,Democratic,2.18,3.25,1.94,3.44,1.95,3,5.6,41.7,Low
EMP_09113,Data Science,Democratic,3.25,3.92,2.88,4.36,3.49,3,3.3,40.3,Low
EMP_09114,Data Science,Democratic,3.66,4.01,3.54,3.62,2.25,4,3.2,32.7,Low
EMP_09115,Data Science,Democratic,3.43,3.25,1.92,4.43,1.95,3,7.8,39.5,Low
EMP_09116,HR,Supportive,3.24,4.42,2.35,2.67,3.25,5,4.8,50.6,Moderate
EMP_09117,Product Management,Democratic,4.8,4.05,2.4,3.11,2.14,5,5.8,39.7,Low
EMP_09118,Engineering,Supportive,3.68,4.87,2.23,4.04,2.81,4,2.3,56.7,Moderate
EMP_09119,Data Science,Supportive,4.57,3.89,3.49,2.38,1.0,1,1.6,59.0,Moderate
EMP_09120,Sales,Autocratic/Micromanagement,4.37,3.45,3.31,4.29,1.0,4,5.9,32.3,Low
EMP_09121,Data Science,Democratic,4.46,4.7,3.25,5.0,2.08,3,1.9,51.5,Moderate
EMP_09122,Sales,Supportive,3.43,3.59,3.49,3.76,1.71,3,16.6,59.5,Moderate
EMP_09123,HR,Autocratic/Micromanagement,3.56,2.85,2.23,3.07,2.56,5,0.5,31.3,Low
EMP_09124,Sales,Democratic,4.5,4.38,2.82,3.25,3.09,4,9.0,41.2,Low
EMP_09125,Engineering,Supportive,4.02,3.66,2.96,4.18,2.54,4,9.0,47.6,Moderate
EMP_09126,Sales,Autocratic/Micromanagement,4.03,3.99,3.29,2.78,2.05,4,0.5,21.1,Low
EMP_09127,Engineering,Supportive,4.41,4.26,3.34,3.81,4.44,3,5.8,55.4,Moderate
EMP_09128,Sales,Supportive,3.98,2.57,4.28,3.39,1.29,4,0.5,68.3,Moderate
EMP_09129,Sales,Autocratic/Micromanagement,3.65,4.5,3.12,5.0,2.52,3,3.1,40.1,Low
EMP_09130,Marketing,Supportive,3.78,3.9,4.02,3.09,2.18,5,0.8,51.3,Moderate
EMP_09131,Marketing,Democratic,2.4,3.68,3.68,4.14,1.09,4,5.1,55.5,Moderate
EMP_09132,Data Science,Democratic,4.36,4.17,2.43,4.14,1.1,3,0.5,52.2,Moderate
EMP_09133,Data Science,Autocratic/Micromanagement,4.35,5.0,2.12,3.86,3.21,4,1.3,40.5,Low
EMP_09134,Data Science,Democratic,4.46,4.08,4.28,3.13,2.81,4,3.1,41.6,Low
EMP_09135,Marketing,Democratic,4.02,3.74,3.26,3.54,3.53,1,3.6,34.6,Low
EMP_09136,Data Science,Supportive,3.76,3.64,3.01,4.33,1.96,5,3.3,55.4,Moderate
EMP_09137,Marketing,Supportive,3.5,3.69,3.73,3.82,3.22,4,20.0,48.9,Moderate
EMP_09138,Data Science,Democratic,3.57,4.27,3.27,3.61,2.5,3,3.9,62.9,Moderate
EMP_09139,HR,Supportive,4.15,4.23,3.34,3.64,3.65,2,2.8,45.4,Moderate
EMP_09140,Product Management,Democratic,2.92,3.91,2.33,2.83,2.84,1,2.1,47.7,Moderate
EMP_09141,Sales,Autocratic/Micromanagement,4.0,4.22,2.69,2.88,3.64,3,0.5,20.6,Low
EMP_09142,Sales,Autocratic/Micromanagement,4.67,3.34,3.3,3.74,2.79,3,3.4,12.1,Low
EMP_09143,Engineering,Democratic,4.0,4.32,2.92,4.07,2.81,3,3.7,52.9,Moderate
EMP_09144,Engineering,Democratic,2.77,4.2,2.2,3.94,2.49,5,4.7,62.7,Moderate
EMP_09145,Marketing,Autocratic/Micromanagement,2.96,3.32,2.66,2.46,2.7,4,2.7,46.2,Moderate
EMP_09146,Sales,Democratic,2.62,3.35,2.66,3.75,1.54,3,10.5,45.5,Moderate
EMP_09147,HR,Autocratic/Micromanagement,2.53,4.49,3.43,3.02,4.58,4,15.4,26.6,Low
EMP_09148,Engineering,Democratic,4.93,3.73,1.81,4.35,4.07,3,3.4,34.3,Low
EMP_09149,Engineering,Autocratic/Micromanagement,2.54,3.38,5.0,3.06,2.1,4,4.3,51.9,Moderate
EMP_09150,Engineering,Supportive,3.79,3.98,3.09,2.79,4.12,1,6.3,36.0,Low
EMP_09151,Marketing,Democratic,2.9,3.43,2.88,4.14,3.37,4,0.5,35.4,Low
EMP_09152,Data Science,Supportive,4.39,4.8,3.88,3.47,1.86,3,0.5,68.8,Moderate
EMP_09153,HR,Supportive,3.8,3.62,2.86,3.92,1.95,4,1.0,53.4,Moderate
EMP_09154,Sales,Democratic,3.42,3.58,2.63,3.33,2.61,5,12.6,36.7,Low
EMP_09155,Marketing,Autocratic/Micromanagement,4.01,3.69,2.92,3.97,1.09,1,11.3,33.8,Low
EMP_09156,Data Science,Autocratic/Micromanagement,3.75,3.81,3.85,3.61,2.96,4,3.1,39.2,Low
EMP_09157,Engineering,Democratic,5.0,3.52,3.36,3.28,1.6,3,4.5,42.4,Low
EMP_09158,HR,Autocratic/Micromanagement,4.46,3.73,3.13,3.09,2.29,4,4.4,21.3,Low
EMP_09159,Data Science,Supportive,4.93,2.05,2.27,3.82,1.22,5,5.2,44.3,Low
EMP_09160,Sales,Supportive,4.4,3.43,3.05,4.34,2.4,4,0.5,52.4,Moderate
EMP_09161,Data Science,Supportive,3.65,3.35,3.84,3.17,2.22,3,2.0,54.6,Moderate
EMP_09162,Engineering,Autocratic/Micromanagement,3.12,3.86,2.46,4.28,2.48,5,3.6,39.9,Low
EMP_09163,Engineering,Supportive,4.48,3.18,2.22,3.0,2.28,3,3.0,48.9,Moderate
EMP_09164,Engineering,Democratic,4.02,4.06,3.25,3.41,3.49,4,8.1,40.4,Low
EMP_09165,Engineering,Autocratic/Micromanagement,4.44,4.43,3.13,3.54,1.97,5,2.9,38.1,Low
EMP_09166,Engineering,Autocratic/Micromanagement,3.6,4.04,3.48,4.62,3.05,4,1.5,36.5,Low
EMP_09167,Engineering,Supportive,3.05,4.16,2.2,3.21,2.87,4,4.0,47.6,Moderate
EMP_09168,Engineering,Supportive,3.28,4.17,3.01,3.28,3.18,4,1.6,46.2,Moderate
EMP_09169,Sales,Democratic,4.63,3.51,1.98,3.11,2.06,3,9.7,29.0,Low
EMP_09170,HR,Democratic,3.14,3.96,2.4,3.39,3.97,4,0.8,36.1,Low
EMP_09171,Product Management,Supportive,2.77,3.59,4.02,3.96,3.6,3,3.2,34.5,Low
EMP_09172,Product Management,Autocratic/Micromanagement,3.86,3.95,3.26,3.61,1.95,1,5.4,37.4,Low
EMP_09173,Marketing,Autocratic/Micromanagement,2.81,3.66,3.06,3.51,2.73,2,2.2,46.7,Moderate
EMP_09174,Engineering,Autocratic/Micromanagement,3.74,4.1,2.0,3.24,2.04,3,8.0,42.0,Low
EMP_09175,Marketing,Autocratic/Micromanagement,3.17,5.0,2.32,3.6,3.24,5,5.7,37.1,Low
EMP_09176,Product Management,Democratic,3.32,3.17,3.86,4.15,1.79,3,8.5,42.5,Low
EMP_09177,Product Management,Supportive,4.01,3.71,2.97,3.38,1.75,5,2.1,54.1,Moderate
EMP_09178,Engineering,Democratic,3.85,3.18,2.71,3.54,3.06,3,0.6,36.9,Low
EMP_09179,Engineering,Supportive,3.37,3.78,3.46,3.44,1.88,5,6.9,65.1,Moderate
EMP_09180,Engineering,Autocratic/Micromanagement,3.37,3.44,1.93,3.58,2.5,5,0.7,36.8,Low
EMP_09181,Engineering,Democratic,1.84,4.25,2.58,4.1,2.35,1,6.0,54.5,Moderate
EMP_09182,Data Science,Supportive,3.77,4.04,2.53,4.32,1.9,3,2.6,52.1,Moderate
EMP_09183,Engineering,Democratic,3.86,4.43,4.41,2.87,3.41,2,0.5,49.7,Moderate
EMP_09184,Engineering,Autocratic/Micromanagement,4.24,3.04,3.4,3.62,1.12,4,5.9,24.4,Low
EMP_09185,Sales,Supportive,3.55,3.78,2.29,4.44,2.18,3,3.1,33.3,Low
EMP_09186,Engineering,Democratic,4.46,4.65,3.84,4.86,1.82,3,8.3,60.8,Moderate
EMP_09187,Marketing,Supportive,4.05,4.23,3.42,2.94,1.68,5,5.5,53.6,Moderate
EMP_09188,Data Science,Supportive,4.02,3.11,2.44,3.07,3.23,3,5.0,49.1,Moderate
EMP_09189,HR,Supportive,3.83,4.02,2.28,4.03,1.19,2,0.8,48.1,Moderate
EMP_09190,Sales,Democratic,1.85,4.49,2.89,3.72,3.3,4,9.0,43.8,Low
EMP_09191,HR,Supportive,3.93,3.66,3.19,2.55,2.54,4,4.5,54.3,Moderate
EMP_09192,Engineering,Supportive,2.95,3.84,2.57,3.67,2.8,5,0.5,48.8,Moderate
EMP_09193,Product Management,Democratic,4.45,4.23,3.53,2.2,1.34,3,2.2,45.8,Moderate
EMP_09194,Engineering,Supportive,5.0,4.13,3.23,4.07,2.71,4,0.9,48.8,Moderate
EMP_09195,Engineering,Democratic,3.89,4.0,3.26,3.74,3.11,3,6.5,42.5,Low
EMP_09196,Sales,Autocratic/Micromanagement,4.21,3.57,3.51,3.23,1.54,1,2.8,35.5,Low
EMP_09197,Engineering,Democratic,4.03,3.74,2.96,2.6,3.69,2,1.9,27.8,Low
EMP_09198,Engineering,Democratic,3.92,4.42,2.51,3.6,3.27,2,11.2,48.1,Moderate
EMP_09199,Sales,Autocratic/Micromanagement,3.37,3.99,3.37,3.58,3.17,4,4.8,38.7,Low
EMP_09200,Data Science,Autocratic/Micromanagement,3.17,4.13,2.18,3.21,3.29,4,1.9,33.8,Low
EMP_09201,Marketing,Autocratic/Micromanagement,4.1,3.37,3.52,4.02,2.66,1,1.0,25.8,Low
EMP_09202,Data Science,Supportive,4.23,4.35,3.32,3.81,1.61,3,6.7,77.3,High
EMP_09203,Data Science,Democratic,3.59,4.31,3.47,4.03,2.66,1,0.5,62.4,Moderate
EMP_09204,Sales,Supportive,3.59,2.54,4.04,3.0,2.48,3,8.0,65.9,Moderate
EMP_09205,HR,Supportive,3.62,3.48,3.06,2.85,3.09,3,2.5,46.9,Moderate
EMP_09206,Product Management,Democratic,3.15,4.03,2.41,3.52,2.94,4,0.9,29.3,Low
EMP_09207,Marketing,Supportive,3.71,2.92,1.67,2.96,2.04,4,0.6,50.6,Moderate
EMP_09208,Engineering,Democratic,2.5,3.28,2.81,2.83,2.7,4,12.1,45.1,Moderate
EMP_09209,Engineering,Democratic,3.24,4.24,2.64,3.3,2.63,5,2.8,57.5,Moderate
EMP_09210,Engineering,Supportive,3.1,3.74,1.78,3.78,3.4,2,0.5,45.0,Moderate
EMP_09211,Data Science,Autocratic/Micromanagement,5.0,4.5,2.38,3.87,2.92,3,4.5,32.0,Low
EMP_09212,Marketing,Democratic,3.95,4.69,2.31,3.85,2.99,4,4.8,38.5,Low
EMP_09213,Sales,Supportive,3.79,3.34,2.77,4.36,2.19,3,1.5,55.7,Moderate
EMP_09214,Marketing,Democratic,4.65,4.41,2.68,3.79,3.26,5,2.1,32.4,Low
EMP_09215,Engineering,Democratic,4.9,4.27,3.53,3.95,3.07,3,6.7,56.9,Moderate
EMP_09216,Engineering,Supportive,3.98,3.8,2.71,2.85,3.48,4,8.5,56.8,Moderate
EMP_09217,Data Science,Democratic,3.2,4.17,2.45,4.09,3.09,2,0.5,42.4,Low
EMP_09218,Marketing,Autocratic/Micromanagement,2.53,4.11,3.64,3.86,2.71,4,0.5,38.9,Low
EMP_09219,Sales,Democratic,3.15,3.21,3.03,3.22,2.41,3,1.3,38.8,Low
EMP_09220,Sales,Democratic,3.58,3.75,3.24,3.43,3.56,3,3.2,41.3,Low
EMP_09221,HR,Supportive,5.0,3.55,3.97,3.92,1.84,4,4.2,43.2,Low
EMP_09222,Sales,Autocratic/Micromanagement,3.43,2.71,1.77,3.03,2.97,2,8.2,28.7,Low
EMP_09223,Engineering,Autocratic/Micromanagement,2.73,3.0,1.84,2.97,3.28,2,0.5,40.7,Low
EMP_09224,Engineering,Democratic,3.61,4.43,3.47,1.65,2.82,3,0.5,46.1,Moderate
EMP_09225,Engineering,Democratic,2.97,4.65,3.12,3.84,1.71,3,2.1,60.2,Moderate
EMP_09226,Sales,Democratic,2.52,4.21,2.59,3.4,3.14,5,2.9,39.2,Low
EMP_09227,Marketing,Democratic,3.7,3.31,2.52,3.27,1.13,5,3.7,51.0,Moderate
EMP_09228,Data Science,Supportive,3.48,3.84,3.04,4.32,2.11,5,2.6,51.3,Moderate
EMP_09229,Engineering,Democratic,3.55,4.02,2.77,2.41,2.05,4,1.9,42.8,Low
EMP_09230,Product Management,Democratic,4.72,3.27,3.7,4.5,2.89,3,5.0,43.7,Low
EMP_09231,Data Science,Autocratic/Micromanagement,3.89,4.63,4.55,4.25,3.3,4,0.5,58.2,Moderate
EMP_09232,Marketing,Autocratic/Micromanagement,3.51,3.37,3.01,3.77,2.71,2,0.5,45.1,Moderate
EMP_09233,Engineering,Democratic,3.52,3.94,2.69,3.07,3.34,4,5.3,46.1,Moderate
EMP_09234,Marketing,Democratic,4.05,4.05,2.97,3.52,1.0,1,0.9,50.0,Moderate
EMP_09235,Data Science,Autocratic/Micromanagement,3.52,4.04,3.17,3.55,3.11,3,3.4,41.9,Low
EMP_09236,Product Management,Autocratic/Micromanagement,3.68,3.76,3.05,3.2,1.97,3,5.7,38.3,Low
EMP_09237,HR,Democratic,3.08,3.62,2.29,3.81,1.88,3,3.4,46.4,Moderate
EMP_09238,Marketing,Democratic,3.05,4.28,3.15,3.61,2.89,3,0.6,45.6,Moderate
EMP_09239,Engineering,Supportive,3.53,3.6,1.9,4.04,1.45,5,5.2,62.6,Moderate
EMP_09240,Marketing,Democratic,2.86,3.61,2.82,3.4,1.79,3,5.3,44.8,Low
EMP_09241,Sales,Democratic,3.48,4.12,3.31,3.03,2.19,4,0.5,46.5,Moderate
EMP_09242,Engineering,Democratic,4.05,3.71,2.66,2.04,2.13,3,9.4,43.6,Low
EMP_09243,Engineering,Supportive,2.99,3.28,3.35,2.38,1.66,1,1.4,49.4,Moderate
EMP_09244,Data Science,Democratic,3.23,4.01,3.19,4.11,2.87,4,0.5,37.6,Low
EMP_09245,Marketing,Autocratic/Micromanagement,3.29,4.34,2.67,3.5,4.17,3,1.3,32.1,Low
EMP_09246,Data Science,Supportive,3.01,4.35,3.7,4.11,2.35,4,7.8,54.3,Moderate
EMP_09247,Sales,Supportive,4.25,2.68,2.44,3.49,3.74,3,0.7,34.5,Low
EMP_09248,Marketing,Supportive,3.67,4.21,2.55,3.26,2.67,2,0.6,57.1,Moderate
EMP_09249,Engineering,Supportive,3.82,3.74,2.08,4.14,2.93,2,0.8,46.1,Moderate
EMP_09250,Product Management,Autocratic/Micromanagement,3.84,4.58,4.6,3.95,3.67,4,0.5,31.0,Low
EMP_09251,Engineering,Supportive,2.6,3.99,1.88,3.48,2.72,5,7.0,50.0,Moderate
EMP_09252,Engineering,Democratic,3.82,3.85,3.51,4.1,2.2,4,0.5,43.8,Low
EMP_09253,Marketing,Democratic,3.17,4.49,2.04,4.16,1.73,4,2.6,52.3,Moderate
EMP_09254,Sales,Supportive,3.52,4.24,3.77,2.82,2.69,4,4.1,49.5,Moderate
EMP_09255,HR,Democratic,4.66,3.53,1.93,3.17,3.29,5,7.7,28.6,Low
EMP_09256,Data Science,Supportive,4.17,3.76,2.95,3.18,3.53,2,2.0,47.1,Moderate
EMP_09257,HR,Democratic,3.64,3.64,2.39,3.14,4.05,5,10.5,27.8,Low
EMP_09258,HR,Autocratic/Micromanagement,4.28,4.37,2.78,4.2,3.16,4,0.5,14.2,Low
EMP_09259,Engineering,Democratic,3.57,4.85,3.33,2.78,2.39,3,0.9,61.7,Moderate
EMP_09260,HR,Supportive,3.49,3.71,2.36,3.76,1.93,3,5.3,52.2,Moderate
EMP_09261,Sales,Supportive,4.13,4.7,2.7,3.05,3.23,4,3.3,42.3,Low
EMP_09262,Product Management,Supportive,3.71,3.5,2.67,4.84,3.95,4,6.6,45.8,Moderate
EMP_09263,Sales,Supportive,5.0,3.99,2.24,3.68,2.18,4,1.0,31.7,Low
EMP_09264,Engineering,Democratic,3.44,3.81,3.95,3.02,2.58,3,4.3,33.8,Low
EMP_09265,Marketing,Democratic,3.64,3.31,2.48,2.71,2.27,3,0.5,45.6,Moderate
EMP_09266,Sales,Autocratic/Micromanagement,2.87,3.74,2.87,3.89,2.1,4,2.9,42.4,Low
EMP_09267,Engineering,Supportive,4.12,3.67,4.09,3.33,1.78,3,0.5,41.9,Low
EMP_09268,HR,Autocratic/Micromanagement,4.46,4.48,3.08,3.23,2.31,4,3.4,27.1,Low
EMP_09269,HR,Supportive,2.63,4.63,2.28,3.57,4.25,3,5.3,37.3,Low
EMP_09270,Sales,Supportive,2.52,3.68,2.56,4.82,1.65,4,6.0,52.5,Moderate
EMP_09271,Data Science,Democratic,3.57,4.11,3.08,3.3,2.32,4,1.2,43.5,Low
EMP_09272,Data Science,Supportive,3.31,4.5,4.12,3.76,1.03,4,6.1,75.0,High
EMP_09273,HR,Supportive,3.89,2.7,3.36,3.47,2.89,1,4.0,47.3,Moderate
EMP_09274,Marketing,Democratic,3.41,4.29,2.62,4.51,1.0,2,6.7,46.7,Moderate
EMP_09275,Product Management,Autocratic/Micromanagement,3.97,4.08,1.11,2.74,3.32,3,0.7,41.4,Low
EMP_09276,Engineering,Supportive,5.0,4.77,2.89,2.96,1.35,5,2.1,64.7,Moderate
EMP_09277,Data Science,Supportive,3.64,3.68,2.75,3.01,3.04,3,1.3,45.3,Moderate
EMP_09278,Engineering,Supportive,4.33,3.6,2.61,3.47,3.21,3,5.5,58.8,Moderate
EMP_09279,Marketing,Supportive,4.33,4.26,2.5,3.56,1.86,4,4.3,49.5,Moderate
EMP_09280,Data Science,Autocratic/Micromanagement,3.5,3.87,3.01,3.18,3.09,3,3.1,40.2,Low
EMP_09281,Sales,Supportive,4.01,4.48,3.72,3.47,2.36,5,4.4,55.2,Moderate
EMP_09282,Product Management,Democratic,1.87,4.31,3.62,3.98,3.63,1,0.5,40.2,Low
EMP_09283,Engineering,Supportive,3.16,3.51,3.09,3.23,2.75,3,8.4,52.4,Moderate
EMP_09284,Product Management,Democratic,4.23,3.42,4.76,3.55,2.84,4,13.9,35.7,Low
EMP_09285,Sales,Democratic,3.31,3.95,4.54,4.89,2.14,3,0.5,60.9,Moderate
EMP_09286,Sales,Autocratic/Micromanagement,3.84,3.96,2.33,3.42,2.05,2,0.5,28.3,Low
EMP_09287,Sales,Democratic,3.4,3.95,3.34,3.21,1.67,4,3.0,45.4,Moderate
EMP_09288,Marketing,Supportive,3.92,4.9,3.07,3.52,2.82,5,2.5,44.4,Low
EMP_09289,Sales,Supportive,3.89,3.78,2.08,3.73,1.84,5,0.9,34.3,Low
EMP_09290,Engineering,Democratic,3.49,4.35,2.44,3.8,3.43,1,0.5,52.4,Moderate
EMP_09291,Engineering,Supportive,3.17,3.9,2.37,5.0,1.69,3,0.8,45.9,Moderate
EMP_09292,Sales,Supportive,3.21,3.76,3.87,3.55,3.17,3,4.4,49.9,Moderate
EMP_09293,Sales,Democratic,2.76,4.23,2.93,2.41,2.28,3,2.2,44.1,Low
EMP_09294,Engineering,Democratic,3.49,3.64,2.19,4.26,2.92,4,12.7,36.5,Low
EMP_09295,Sales,Autocratic/Micromanagement,3.74,4.58,2.1,3.11,3.06,3,2.4,31.7,Low
EMP_09296,HR,Supportive,3.87,3.4,2.04,3.99,2.24,4,3.0,53.2,Moderate
EMP_09297,Sales,Supportive,4.62,3.69,1.89,3.85,3.64,3,0.5,31.1,Low
EMP_09298,Engineering,Supportive,3.64,4.13,2.12,4.05,2.41,3,9.2,54.2,Moderate
EMP_09299,HR,Democratic,3.85,3.52,3.12,3.87,2.28,3,2.6,30.9,Low
EMP_09300,Marketing,Democratic,4.92,3.97,4.23,3.77,1.11,5,5.9,50.6,Moderate
EMP_09301,Sales,Democratic,3.56,4.31,4.64,4.1,1.38,3,1.5,59.7,Moderate
EMP_09302,HR,Autocratic/Micromanagement,3.86,3.39,2.47,3.48,2.78,3,0.8,40.7,Low
EMP_09303,Data Science,Democratic,3.35,3.93,2.88,4.45,1.52,3,3.7,44.7,Low
EMP_09304,Engineering,Autocratic/Micromanagement,4.61,3.79,2.54,3.22,2.64,3,7.2,26.7,Low
EMP_09305,Engineering,Supportive,2.53,2.82,3.25,2.69,2.25,2,11.6,49.2,Moderate
EMP_09306,Engineering,Autocratic/Micromanagement,4.88,3.96,2.06,3.34,2.97,5,1.2,25.6,Low
EMP_09307,Engineering,Supportive,4.72,3.41,3.35,4.47,1.74,5,1.6,50.7,Moderate
EMP_09308,Engineering,Autocratic/Micromanagement,3.71,3.34,2.8,3.2,2.26,5,0.6,45.1,Moderate
EMP_09309,Engineering,Democratic,3.62,5.0,2.99,4.18,1.0,2,1.2,70.4,Moderate
EMP_09310,Engineering,Autocratic/Micromanagement,2.85,4.06,3.75,3.69,2.12,4,8.3,51.1,Moderate
EMP_09311,Product Management,Autocratic/Micromanagement,5.0,4.0,3.71,3.09,1.57,3,1.0,25.8,Low
EMP_09312,Engineering,Autocratic/Micromanagement,2.55,3.99,4.29,3.24,1.45,4,0.7,55.8,Moderate
EMP_09313,Engineering,Autocratic/Micromanagement,3.11,3.47,3.89,2.89,2.64,4,11.9,49.4,Moderate
EMP_09314,Marketing,Supportive,3.77,4.6,3.95,3.74,2.5,3,0.5,46.7,Moderate
EMP_09315,Sales,Democratic,3.63,4.48,2.85,3.58,3.73,5,4.5,37.9,Low
EMP_09316,Engineering,Supportive,3.42,4.26,3.02,3.95,3.3,4,0.5,64.6,Moderate
EMP_09317,Sales,Democratic,3.85,3.9,3.52,4.24,1.66,5,0.5,48.5,Moderate
EMP_09318,Sales,Democratic,3.19,3.58,3.54,2.96,2.19,4,5.1,49.5,Moderate
EMP_09319,Engineering,Democratic,2.89,4.34,2.84,2.81,1.64,2,2.5,59.4,Moderate
EMP_09320,Product Management,Democratic,3.49,4.28,4.05,3.53,1.0,4,4.1,46.7,Moderate
EMP_09321,Engineering,Autocratic/Micromanagement,3.5,3.8,3.1,2.68,2.42,1,3.4,41.0,Low
EMP_09322,Marketing,Democratic,3.87,3.69,1.67,4.71,4.14,2,4.2,38.6,Low
EMP_09323,Product Management,Supportive,3.38,4.92,2.36,2.99,2.74,4,1.8,52.0,Moderate
EMP_09324,Engineering,Supportive,3.27,3.7,3.47,3.61,2.0,5,3.0,60.0,Moderate
EMP_09325,Marketing,Democratic,3.12,3.92,2.04,3.88,3.33,2,2.7,39.7,Low
EMP_09326,Product Management,Democratic,3.04,4.31,3.08,2.82,3.67,4,4.1,43.5,Low
EMP_09327,HR,Democratic,3.72,3.56,3.03,3.27,2.45,2,3.3,44.7,Low
EMP_09328,HR,Supportive,3.9,4.51,3.36,4.27,2.59,3,0.7,49.8,Moderate
EMP_09329,Marketing,Autocratic/Micromanagement,3.34,4.12,2.46,4.23,3.42,4,2.8,49.1,Moderate
EMP_09330,HR,Autocratic/Micromanagement,2.97,3.69,2.8,2.86,1.92,4,2.2,43.9,Low
EMP_09331,Data Science,Supportive,3.52,3.03,2.28,3.6,3.3,4,1.7,50.2,Moderate
EMP_09332,Sales,Supportive,3.69,3.87,3.48,3.26,4.08,3,1.6,43.6,Low
EMP_09333,Data Science,Democratic,3.79,3.03,3.68,3.65,2.32,4,2.8,48.2,Moderate
EMP_09334,Data Science,Supportive,3.65,4.17,1.87,3.51,1.94,2,0.5,50.8,Moderate
EMP_09335,Sales,Democratic,4.42,3.19,3.49,4.04,3.75,1,5.6,36.4,Low
EMP_09336,Data Science,Supportive,2.74,5.0,2.28,3.09,2.42,4,1.1,70.9,Moderate
EMP_09337,Engineering,Democratic,2.72,3.33,3.98,3.94,2.4,4,7.1,39.1,Low
EMP_09338,Sales,Democratic,2.97,3.49,3.09,4.32,2.34,4,7.0,38.2,Low
EMP_09339,Product Management,Democratic,3.67,4.28,1.96,2.76,2.18,4,0.6,42.9,Low
EMP_09340,Engineering,Autocratic/Micromanagement,3.98,3.2,1.36,3.51,2.58,5,2.6,48.4,Moderate
EMP_09341,HR,Supportive,4.23,3.38,2.3,4.75,1.99,4,1.8,53.7,Moderate
EMP_09342,Sales,Autocratic/Micromanagement,3.87,3.21,3.44,3.59,3.93,3,1.8,40.7,Low
EMP_09343,HR,Autocratic/Micromanagement,3.26,3.83,3.28,3.71,2.05,4,0.6,43.7,Low
EMP_09344,Sales,Autocratic/Micromanagement,4.61,3.22,2.98,3.88,1.32,3,3.2,32.3,Low
EMP_09345,Sales,Democratic,3.57,3.58,3.15,4.03,2.54,5,1.3,46.7,Moderate
EMP_09346,Marketing,Democratic,4.47,4.72,2.46,3.22,1.94,2,5.9,44.7,Low
EMP_09347,HR,Supportive,2.33,4.81,3.9,3.75,2.51,4,5.1,45.9,Moderate
EMP_09348,Marketing,Democratic,4.67,3.12,4.48,3.61,2.01,4,10.9,46.3,Moderate
EMP_09349,Product Management,Democratic,4.35,3.24,2.44,3.5,3.43,4,9.2,40.2,Low
EMP_09350,Engineering,Autocratic/Micromanagement,2.83,3.27,4.28,4.7,1.71,3,6.7,42.4,Low
EMP_09351,Engineering,Autocratic/Micromanagement,4.57,4.82,3.41,3.11,3.13,2,4.7,37.0,Low
EMP_09352,Engineering,Supportive,4.06,4.48,2.4,2.45,1.88,4,4.5,64.9,Moderate
EMP_09353,Engineering,Supportive,3.28,4.8,3.98,4.15,1.63,4,1.7,69.3,Moderate
EMP_09354,Product Management,Supportive,3.42,3.94,1.94,2.69,2.27,4,2.3,44.2,Low
EMP_09355,Product Management,Supportive,4.26,4.3,3.27,3.64,3.27,5,12.0,51.9,Moderate
EMP_09356,Engineering,Democratic,2.7,2.69,3.43,3.96,1.85,5,2.3,24.1,Low
EMP_09357,Engineering,Supportive,4.43,3.39,1.83,3.17,2.16,1,4.4,64.0,Moderate
EMP_09358,Engineering,Autocratic/Micromanagement,3.56,3.54,3.25,3.81,2.48,4,1.7,38.5,Low
EMP_09359,Product Management,Supportive,4.53,4.33,2.6,3.76,1.48,2,0.5,50.8,Moderate
EMP_09360,Engineering,Democratic,3.93,3.76,3.0,2.71,3.35,4,0.8,36.7,Low
EMP_09361,Sales,Democratic,3.53,4.28,3.3,2.36,2.35,2,1.2,40.8,Low
EMP_09362,Marketing,Supportive,3.58,3.89,3.76,3.95,1.72,4,7.0,51.6,Moderate
EMP_09363,Data Science,Democratic,4.41,3.84,2.84,3.38,3.09,3,2.7,33.1,Low
EMP_09364,Engineering,Supportive,4.29,3.99,3.26,3.29,2.66,2,2.5,50.8,Moderate
EMP_09365,Sales,Democratic,3.59,4.51,3.72,3.4,2.68,1,3.6,41.7,Low
EMP_09366,Data Science,Supportive,3.6,4.44,3.91,4.36,3.13,3,4.9,58.1,Moderate
EMP_09367,Product Management,Autocratic/Micromanagement,3.64,3.44,3.01,3.17,3.28,3,2.0,37.2,Low
EMP_09368,Marketing,Supportive,4.08,3.34,3.08,3.67,2.46,3,1.9,48.9,Moderate
EMP_09369,Engineering,Supportive,4.94,3.56,2.21,4.17,2.2,2,0.5,53.2,Moderate
EMP_09370,Engineering,Autocratic/Micromanagement,3.9,3.85,3.01,2.77,2.83,4,1.3,39.0,Low
EMP_09371,Engineering,Autocratic/Micromanagement,3.42,4.39,3.47,4.05,2.42,4,2.7,51.4,Moderate
EMP_09372,Engineering,Autocratic/Micromanagement,4.14,3.69,3.18,3.89,2.15,3,4.7,28.6,Low
EMP_09373,Data Science,Democratic,4.55,3.47,4.05,3.88,3.71,2,0.7,36.6,Low
EMP_09374,Engineering,Supportive,2.73,3.96,2.63,2.89,2.93,3,6.8,55.4,Moderate
EMP_09375,Engineering,Supportive,4.21,4.15,2.98,4.68,2.77,3,2.2,54.2,Moderate
EMP_09376,Sales,Democratic,3.17,3.93,2.77,3.55,3.91,4,6.9,36.7,Low
EMP_09377,Engineering,Democratic,4.29,4.65,2.4,3.91,2.98,4,3.4,58.7,Moderate
EMP_09378,Product Management,Democratic,3.94,2.97,1.95,3.97,2.83,5,1.0,47.3,Moderate
EMP_09379,Engineering,Autocratic/Micromanagement,3.61,4.28,4.07,3.54,1.05,2,7.7,61.4,Moderate
EMP_09380,Sales,Democratic,2.87,3.0,3.28,3.15,2.1,5,4.0,46.4,Moderate
EMP_09381,Sales,Democratic,3.54,3.87,3.87,4.13,2.78,2,4.4,41.0,Low
EMP_09382,Marketing,Democratic,3.25,3.34,3.31,3.54,1.0,1,1.7,48.2,Moderate
EMP_09383,Marketing,Autocratic/Micromanagement,2.15,4.0,2.89,3.44,3.06,1,0.5,32.2,Low
EMP_09384,Product Management,Supportive,3.76,3.53,2.3,4.27,4.44,3,8.6,40.0,Low
EMP_09385,HR,Supportive,3.37,4.36,3.34,3.5,2.53,2,3.5,48.1,Moderate
EMP_09386,Engineering,Supportive,3.59,4.04,2.09,3.13,2.57,2,2.1,48.0,Moderate
EMP_09387,Sales,Supportive,4.48,4.18,2.91,4.13,1.97,5,2.8,49.1,Moderate
EMP_09388,Engineering,Supportive,3.35,3.56,2.09,2.7,3.51,1,3.1,52.7,Moderate
EMP_09389,Engineering,Democratic,3.32,3.37,2.93,3.5,2.08,3,9.5,54.0,Moderate
EMP_09390,Marketing,Supportive,3.77,3.96,4.55,3.22,1.69,4,7.1,58.8,Moderate
EMP_09391,Product Management,Autocratic/Micromanagement,4.15,3.61,2.73,3.67,2.94,4,5.8,10.5,Low
EMP_09392,Sales,Democratic,4.36,3.82,2.67,3.65,2.34,4,0.5,40.7,Low
EMP_09393,HR,Democratic,4.35,3.7,3.63,3.03,1.47,4,1.7,47.4,Moderate
EMP_09394,Marketing,Supportive,3.18,3.75,3.56,1.64,3.47,3,0.5,40.6,Low
EMP_09395,Marketing,Democratic,3.94,3.59,2.7,4.01,1.55,2,0.5,48.0,Moderate
EMP_09396,Marketing,Autocratic/Micromanagement,3.62,4.54,3.0,4.08,2.65,5,3.7,44.7,Low
EMP_09397,Marketing,Democratic,4.07,3.52,2.6,3.92,3.98,4,1.9,34.9,Low
EMP_09398,Marketing,Supportive,3.35,4.96,3.09,3.78,2.77,5,0.8,53.5,Moderate
EMP_09399,Marketing,Supportive,3.04,4.11,2.54,4.01,1.67,1,2.9,56.0,Moderate
EMP_09400,HR,Supportive,3.92,4.61,3.27,4.03,2.24,4,13.0,59.0,Moderate
EMP_09401,Engineering,Democratic,3.01,3.71,2.85,4.14,3.03,3,1.4,41.8,Low
EMP_09402,Data Science,Supportive,2.78,4.5,3.23,4.97,1.65,2,1.0,70.6,Moderate
EMP_09403,Data Science,Democratic,3.87,3.82,2.08,2.81,2.32,4,9.9,49.3,Moderate
EMP_09404,Sales,Supportive,3.98,3.51,3.69,3.01,2.2,5,13.0,57.6,Moderate
EMP_09405,Data Science,Democratic,4.75,3.61,3.64,4.15,3.32,3,2.1,39.6,Low
EMP_09406,Product Management,Democratic,3.92,3.56,3.47,3.65,2.33,3,6.6,45.8,Moderate
EMP_09407,Product Management,Democratic,3.05,4.25,3.22,4.1,1.26,4,1.4,45.2,Moderate
EMP_09408,Product Management,Supportive,3.3,4.01,2.96,4.29,3.06,2,4.1,42.2,Low
EMP_09409,Marketing,Democratic,4.11,2.85,2.24,3.18,1.75,5,1.1,48.5,Moderate
EMP_09410,Sales,Supportive,4.29,4.31,3.29,3.31,3.37,4,0.5,38.9,Low
EMP_09411,Engineering,Supportive,3.27,3.09,2.88,3.42,2.16,4,5.0,57.4,Moderate
EMP_09412,Marketing,Supportive,3.08,3.21,3.74,3.8,3.35,3,6.5,52.2,Moderate
EMP_09413,Sales,Democratic,3.56,4.15,4.06,3.68,3.74,3,0.5,47.5,Moderate
EMP_09414,Engineering,Autocratic/Micromanagement,3.57,3.85,2.75,4.72,2.77,5,4.9,33.5,Low
EMP_09415,Sales,Supportive,4.67,4.44,4.31,2.77,2.0,5,2.1,71.6,Moderate
EMP_09416,Engineering,Autocratic/Micromanagement,2.43,3.65,3.6,3.89,2.83,3,4.1,37.5,Low
EMP_09417,Sales,Democratic,3.41,3.16,3.19,4.27,2.12,2,1.8,51.3,Moderate
EMP_09418,Product Management,Supportive,5.0,4.39,2.81,2.86,3.27,3,7.0,48.1,Moderate
EMP_09419,Engineering,Autocratic/Micromanagement,3.23,3.51,3.57,3.26,1.12,3,1.8,40.8,Low
EMP_09420,Data Science,Democratic,3.18,3.42,3.23,3.3,1.65,3,4.2,54.5,Moderate
EMP_09421,Product Management,Supportive,3.82,4.25,3.13,3.13,3.9,2,0.9,48.7,Moderate
EMP_09422,Engineering,Supportive,4.13,2.95,3.43,4.25,3.19,3,4.9,51.1,Moderate
EMP_09423,Marketing,Supportive,3.39,3.71,3.58,3.21,2.32,3,0.5,52.7,Moderate
EMP_09424,Marketing,Autocratic/Micromanagement,3.94,3.56,3.61,3.13,2.97,3,1.5,45.6,Moderate
EMP_09425,Sales,Supportive,4.39,3.57,2.02,3.21,2.33,2,0.9,37.7,Low
EMP_09426,Data Science,Supportive,5.0,3.93,3.0,2.02,1.3,5,1.3,51.4,Moderate
EMP_09427,Sales,Supportive,2.71,3.12,3.82,4.12,3.41,5,1.4,45.8,Moderate
EMP_09428,Engineering,Autocratic/Micromanagement,3.28,3.55,1.9,3.21,2.68,4,8.2,42.7,Low
EMP_09429,Product Management,Democratic,4.24,4.25,3.54,3.9,3.71,4,1.9,29.6,Low
EMP_09430,Marketing,Autocratic/Micromanagement,3.73,4.51,3.28,3.42,3.64,4,2.4,37.1,Low
EMP_09431,Marketing,Democratic,3.83,3.64,3.72,4.09,4.01,4,2.5,43.0,Low
EMP_09432,Marketing,Supportive,3.5,4.06,3.59,4.45,2.62,3,1.2,50.5,Moderate
EMP_09433,Marketing,Supportive,3.67,4.58,2.78,3.57,2.14,2,0.9,59.4,Moderate
EMP_09434,Engineering,Autocratic/Micromanagement,3.04,3.65,3.71,4.17,2.97,4,2.0,27.5,Low
EMP_09435,Engineering,Supportive,3.81,4.47,3.36,3.45,1.78,5,2.3,77.0,High
EMP_09436,Engineering,Supportive,3.83,4.59,3.73,3.16,2.52,4,0.7,71.8,Moderate
EMP_09437,Sales,Democratic,3.52,4.74,2.47,2.62,3.28,4,4.5,18.4,Low
EMP_09438,HR,Autocratic/Micromanagement,3.62,3.72,3.87,4.46,2.06,4,4.2,36.1,Low
EMP_09439,Engineering,Democratic,2.86,4.08,3.27,3.18,2.81,2,4.9,41.2,Low
EMP_09440,Sales,Democratic,4.19,4.5,3.5,4.25,2.84,4,0.5,32.1,Low
EMP_09441,Engineering,Autocratic/Micromanagement,4.2,4.17,1.92,2.23,1.79,4,3.7,17.5,Low
EMP_09442,Sales,Democratic,3.49,3.51,2.0,3.57,1.99,5,0.8,27.3,Low
EMP_09443,Sales,Supportive,2.9,4.59,2.52,2.85,2.71,1,2.2,51.2,Moderate
EMP_09444,Sales,Democratic,3.11,4.56,2.72,3.2,2.57,2,2.6,41.5,Low
EMP_09445,Engineering,Democratic,3.36,3.66,3.24,3.9,2.86,3,2.9,35.3,Low
EMP_09446,Engineering,Democratic,2.7,4.53,3.37,3.45,2.27,3,5.0,60.3,Moderate
EMP_09447,Product Management,Democratic,2.75,4.71,3.53,2.9,2.12,5,4.4,42.0,Low
EMP_09448,Engineering,Democratic,3.96,3.59,3.14,3.44,2.2,1,9.5,45.2,Moderate
EMP_09449,Engineering,Supportive,4.4,3.64,4.09,3.88,1.72,4,1.7,46.7,Moderate
EMP_09450,Product Management,Democratic,2.69,4.2,3.86,3.26,1.56,1,10.5,45.9,Moderate
EMP_09451,Engineering,Supportive,3.52,4.99,1.65,2.85,2.42,4,1.1,64.8,Moderate
EMP_09452,Marketing,Democratic,3.54,4.92,3.89,4.52,2.5,1,9.7,36.3,Low
EMP_09453,Data Science,Supportive,3.89,3.47,1.36,3.28,2.45,4,4.9,51.0,Moderate
EMP_09454,Product Management,Autocratic/Micromanagement,3.92,3.84,3.39,3.33,2.17,3,0.5,43.2,Low
EMP_09455,Engineering,Democratic,3.18,3.74,2.72,2.95,1.64,2,9.7,53.8,Moderate
EMP_09456,Data Science,Democratic,2.73,4.0,2.61,3.79,2.56,3,8.1,46.2,Moderate
EMP_09457,Engineering,Democratic,3.02,3.49,3.4,3.34,2.57,5,1.0,36.9,Low
EMP_09458,HR,Democratic,3.56,4.08,3.76,4.41,2.22,5,1.9,36.8,Low
EMP_09459,Sales,Supportive,4.21,3.65,3.32,3.98,2.84,2,3.6,46.7,Moderate
EMP_09460,Sales,Supportive,3.67,3.97,2.92,4.06,2.14,3,1.7,56.0,Moderate
EMP_09461,Sales,Democratic,3.76,3.33,3.77,4.01,3.7,4,4.4,39.2,Low
EMP_09462,HR,Supportive,3.94,3.54,3.98,3.69,2.32,4,4.8,46.9,Moderate
EMP_09463,Sales,Autocratic/Micromanagement,3.15,3.52,3.52,4.14,1.44,5,1.7,44.5,Low
EMP_09464,Engineering,Democratic,4.36,3.91,3.46,3.43,2.41,3,4.7,47.1,Moderate
EMP_09465,Engineering,Autocratic/Micromanagement,3.34,3.8,4.82,4.26,2.98,4,1.2,41.7,Low
EMP_09466,Product Management,Democratic,3.04,3.4,3.13,3.14,1.96,5,6.5,42.5,Low
EMP_09467,Sales,Supportive,2.98,3.8,3.75,4.48,1.84,4,6.7,49.6,Moderate
EMP_09468,Marketing,Autocratic/Micromanagement,3.19,4.81,3.53,3.98,1.27,5,3.8,51.2,Moderate
EMP_09469,Data Science,Democratic,3.36,3.39,2.48,3.25,2.59,3,1.2,47.8,Moderate
EMP_09470,Data Science,Democratic,3.96,4.96,2.29,2.55,2.46,5,5.2,59.8,Moderate
EMP_09471,Engineering,Democratic,3.55,3.62,2.58,3.64,3.45,2,2.5,38.7,Low
EMP_09472,HR,Supportive,4.43,4.33,2.68,3.16,3.89,1,0.5,43.5,Low
EMP_09473,Marketing,Democratic,3.94,3.61,2.39,4.95,2.41,4,0.5,49.6,Moderate
EMP_09474,Sales,Supportive,4.39,2.78,3.61,3.67,2.36,5,1.5,56.7,Moderate
EMP_09475,Product Management,Supportive,3.52,3.68,3.97,2.84,2.95,2,0.5,39.8,Low
EMP_09476,Engineering,Supportive,2.59,4.36,3.77,2.77,3.56,4,0.7,54.8,Moderate
EMP_09477,Sales,Supportive,3.31,2.97,3.61,1.92,1.05,3,4.5,62.7,Moderate
EMP_09478,Product Management,Democratic,3.82,4.4,2.08,2.82,3.17,5,0.5,43.7,Low
EMP_09479,Sales,Democratic,4.81,3.47,3.69,2.89,2.38,1,0.5,39.1,Low
EMP_09480,Engineering,Supportive,4.07,3.64,3.27,4.08,2.61,5,0.9,48.6,Moderate
EMP_09481,Data Science,Supportive,3.99,4.35,3.49,3.34,2.03,4,0.5,70.6,Moderate
EMP_09482,HR,Democratic,4.05,3.23,3.7,3.52,3.67,4,0.7,33.8,Low
EMP_09483,Sales,Autocratic/Micromanagement,3.77,4.1,3.4,4.3,3.42,4,5.1,44.8,Low
EMP_09484,Engineering,Democratic,3.36,4.41,2.74,4.25,2.5,4,2.0,53.0,Moderate
EMP_09485,Data Science,Supportive,4.89,3.89,3.02,3.63,1.84,5,13.8,55.4,Moderate
EMP_09486,Data Science,Supportive,3.81,4.33,2.01,3.27,2.58,2,3.1,66.9,Moderate
EMP_09487,Marketing,Democratic,4.25,4.4,2.17,3.02,3.32,4,4.1,33.3,Low
EMP_09488,Marketing,Democratic,3.91,3.5,2.65,4.21,2.51,3,0.5,44.3,Low
EMP_09489,Engineering,Supportive,4.01,3.3,3.04,3.6,3.53,3,20.0,40.0,Low
EMP_09490,Engineering,Democratic,3.31,3.89,2.57,4.21,3.24,4,9.8,47.7,Moderate
EMP_09491,Data Science,Supportive,3.91,4.75,2.65,3.46,3.68,4,0.5,59.7,Moderate
EMP_09492,Product Management,Supportive,3.74,4.16,1.39,2.76,3.45,2,3.1,41.8,Low
EMP_09493,Data Science,Autocratic/Micromanagement,3.76,3.67,2.5,3.72,2.69,5,1.7,38.7,Low
EMP_09494,Sales,Supportive,4.35,4.26,3.2,4.76,3.97,5,1.6,48.8,Moderate
EMP_09495,Product Management,Autocratic/Micromanagement,3.51,3.69,3.87,3.57,2.45,5,2.5,44.0,Low
EMP_09496,Engineering,Democratic,3.3,3.8,4.55,2.98,3.2,5,6.1,44.1,Low
EMP_09497,Marketing,Democratic,2.66,3.99,3.29,3.65,2.37,1,5.5,42.0,Low
EMP_09498,Sales,Democratic,2.2,3.59,1.57,3.09,2.91,4,5.2,26.0,Low
EMP_09499,Engineering,Supportive,4.21,3.94,1.63,4.23,2.9,1,1.6,53.6,Moderate
EMP_09500,Marketing,Supportive,3.23,3.82,2.61,3.29,2.01,5,2.1,50.8,Moderate
EMP_09501,Engineering,Autocratic/Micromanagement,4.75,4.04,2.25,3.28,3.51,2,3.1,16.9,Low
EMP_09502,Marketing,Supportive,3.04,3.46,3.27,3.32,3.12,4,4.6,44.2,Low
EMP_09503,Engineering,Democratic,3.12,4.0,2.26,3.82,3.85,5,3.1,36.3,Low
EMP_09504,Engineering,Democratic,2.97,3.91,2.93,2.9,1.32,2,4.3,44.5,Low
EMP_09505,Engineering,Democratic,3.11,3.56,3.68,4.2,2.01,4,0.7,48.5,Moderate
EMP_09506,Data Science,Supportive,2.85,4.19,3.89,3.98,2.45,1,8.6,47.1,Moderate
EMP_09507,Marketing,Democratic,3.22,3.79,1.36,2.82,1.75,4,1.5,43.8,Low
EMP_09508,Engineering,Supportive,5.0,4.27,3.62,3.21,1.69,5,1.5,63.0,Moderate
EMP_09509,Sales,Democratic,3.49,4.28,2.91,4.48,2.12,5,0.5,48.9,Moderate
EMP_09510,Engineering,Autocratic/Micromanagement,3.41,3.82,2.94,3.59,3.41,4,1.7,31.6,Low
EMP_09511,Data Science,Supportive,4.04,4.83,2.86,3.77,1.8,4,11.0,71.5,Moderate
EMP_09512,Engineering,Autocratic/Micromanagement,3.56,3.38,2.47,2.98,2.59,4,1.0,41.6,Low
EMP_09513,Engineering,Democratic,4.53,3.99,4.35,3.65,3.68,3,1.8,33.4,Low
EMP_09514,Sales,Supportive,4.21,3.32,3.96,4.0,2.5,5,0.8,52.2,Moderate
EMP_09515,Product Management,Democratic,4.01,4.72,4.28,4.14,1.44,4,6.4,49.1,Moderate
EMP_09516,Marketing,Autocratic/Micromanagement,3.08,4.37,3.3,3.73,2.25,5,1.0,46.4,Moderate
EMP_09517,Product Management,Democratic,2.57,4.75,3.46,3.51,3.24,5,4.1,40.8,Low
EMP_09518,Marketing,Democratic,3.59,3.94,3.16,4.41,2.45,1,6.6,48.5,Moderate
EMP_09519,Engineering,Democratic,2.84,3.87,3.1,3.8,1.68,4,4.6,35.0,Low
EMP_09520,Engineering,Supportive,2.38,3.73,2.15,2.76,1.1,5,2.4,61.4,Moderate
EMP_09521,Engineering,Autocratic/Micromanagement,4.85,3.94,3.74,3.45,1.56,5,2.0,28.6,Low
EMP_09522,Engineering,Supportive,2.96,4.03,3.25,3.21,2.47,4,1.4,44.6,Low
EMP_09523,Marketing,Supportive,4.07,4.14,3.26,4.0,2.75,2,2.5,49.3,Moderate
EMP_09524,Engineering,Supportive,3.97,3.08,2.69,3.96,2.1,4,2.6,46.5,Moderate
EMP_09525,Engineering,Supportive,4.15,4.4,4.02,4.42,1.77,4,7.7,63.0,Moderate
EMP_09526,Marketing,Supportive,2.99,4.1,2.16,3.74,2.75,2,7.0,52.6,Moderate
EMP_09527,Marketing,Supportive,4.25,4.02,3.29,3.12,3.13,2,4.4,44.3,Low
EMP_09528,Marketing,Democratic,3.42,3.67,3.37,3.69,1.51,3,15.4,42.2,Low
EMP_09529,Sales,Democratic,3.8,4.66,2.77,4.27,2.52,5,6.2,47.6,Moderate
EMP_09530,Sales,Autocratic/Micromanagement,4.16,4.09,3.63,3.1,1.67,3,4.4,21.9,Low
EMP_09531,Sales,Democratic,5.0,4.01,2.79,4.64,3.49,3,0.5,40.7,Low
EMP_09532,Product Management,Supportive,2.66,3.73,4.14,3.78,2.24,1,2.5,53.6,Moderate
EMP_09533,Engineering,Supportive,4.12,3.51,2.85,3.4,2.87,5,1.4,51.3,Moderate
EMP_09534,Data Science,Supportive,2.24,4.28,3.92,2.53,3.2,5,0.7,63.0,Moderate
EMP_09535,Engineering,Supportive,4.1,4.32,2.62,4.3,2.96,4,2.8,64.3,Moderate
EMP_09536,Engineering,Supportive,2.87,2.66,4.64,2.87,3.26,5,6.6,30.4,Low
EMP_09537,Marketing,Democratic,3.1,3.5,2.77,3.31,3.47,3,0.9,34.9,Low
EMP_09538,Sales,Democratic,3.89,4.29,1.76,4.27,2.56,5,5.8,26.4,Low
EMP_09539,Data Science,Democratic,3.06,2.74,2.93,3.73,3.4,5,1.5,14.8,Low
EMP_09540,Sales,Supportive,4.38,3.98,3.74,3.15,3.68,4,0.5,42.8,Low
EMP_09541,Data Science,Supportive,3.85,4.0,3.19,4.4,3.06,2,3.0,48.0,Moderate
EMP_09542,Sales,Supportive,3.22,2.68,3.94,3.12,1.15,4,11.6,54.3,Moderate
EMP_09543,Engineering,Autocratic/Micromanagement,3.88,4.51,3.18,3.12,3.15,4,1.6,51.7,Moderate
EMP_09544,Marketing,Supportive,3.68,4.21,2.96,3.77,1.2,4,1.0,52.3,Moderate
EMP_09545,HR,Supportive,4.22,4.42,3.67,3.48,1.34,4,1.5,59.1,Moderate
EMP_09546,Engineering,Autocratic/Micromanagement,3.43,3.66,2.57,3.58,3.37,2,2.6,43.0,Low
EMP_09547,Engineering,Autocratic/Micromanagement,4.5,3.73,2.76,2.99,2.68,3,8.1,22.9,Low
EMP_09548,Sales,Autocratic/Micromanagement,3.97,4.0,2.74,3.3,2.26,3,0.5,47.9,Moderate
EMP_09549,Data Science,Supportive,3.31,3.75,2.1,4.43,2.5,5,0.5,49.2,Moderate
EMP_09550,Marketing,Supportive,4.12,3.42,4.15,4.14,2.4,4,3.4,53.1,Moderate
EMP_09551,Data Science,Democratic,4.16,3.38,2.53,4.06,1.43,3,4.2,53.6,Moderate
EMP_09552,Product Management,Supportive,3.15,4.05,3.2,3.27,2.88,4,8.1,43.9,Low
EMP_09553,Engineering,Democratic,3.35,3.35,3.95,3.24,1.56,4,5.7,59.5,Moderate
EMP_09554,Sales,Autocratic/Micromanagement,4.7,4.05,3.08,3.9,1.88,4,0.5,23.2,Low
EMP_09555,Sales,Autocratic/Micromanagement,3.85,4.15,2.43,3.18,1.92,4,3.7,35.9,Low
EMP_09556,Sales,Supportive,4.23,3.76,3.68,2.97,1.93,4,0.7,48.6,Moderate
EMP_09557,Engineering,Democratic,3.27,4.67,4.25,3.59,1.35,4,2.0,61.2,Moderate
EMP_09558,Engineering,Democratic,2.92,2.97,4.16,3.42,1.0,4,1.0,56.2,Moderate
EMP_09559,Product Management,Democratic,3.71,4.12,2.89,3.57,1.38,4,5.2,49.5,Moderate
EMP_09560,Marketing,Democratic,3.78,4.29,3.01,2.68,3.37,3,16.3,31.5,Low
EMP_09561,Marketing,Autocratic/Micromanagement,2.9,3.49,3.39,2.02,1.74,3,1.7,45.9,Moderate
EMP_09562,Product Management,Autocratic/Micromanagement,3.65,4.17,3.23,3.16,3.01,4,3.5,47.7,Moderate
EMP_09563,Product Management,Supportive,4.17,3.61,2.46,5.0,3.65,5,0.5,44.0,Low
EMP_09564,Product Management,Democratic,3.56,3.93,2.26,3.55,1.95,5,0.6,47.6,Moderate
EMP_09565,Marketing,Democratic,3.25,3.18,2.97,3.09,2.69,4,4.0,41.5,Low
EMP_09566,Data Science,Democratic,3.91,4.17,4.43,3.73,1.46,4,0.5,45.8,Moderate
EMP_09567,Data Science,Supportive,3.41,3.89,2.72,3.18,2.3,3,2.6,57.0,Moderate
EMP_09568,Sales,Autocratic/Micromanagement,2.89,3.92,3.63,3.86,1.93,1,1.6,42.2,Low
EMP_09569,Marketing,Autocratic/Micromanagement,3.35,5.0,3.5,3.07,2.87,3,0.7,37.4,Low
EMP_09570,Data Science,Supportive,4.93,4.51,2.11,2.47,3.89,3,1.9,54.9,Moderate
EMP_09571,Engineering,Supportive,3.55,4.01,2.41,3.65,2.88,4,20.0,45.3,Moderate
EMP_09572,Marketing,Democratic,4.17,3.18,2.47,3.34,1.83,4,6.7,41.0,Low
EMP_09573,Engineering,Democratic,3.74,3.63,3.25,3.9,2.44,5,4.1,44.8,Low
EMP_09574,Marketing,Supportive,3.26,3.39,3.13,4.37,3.24,5,6.4,54.6,Moderate
EMP_09575,Engineering,Autocratic/Micromanagement,3.81,3.93,3.21,4.68,3.67,3,0.8,28.9,Low
EMP_09576,Engineering,Democratic,3.09,3.83,3.71,3.42,1.25,1,15.9,40.8,Low
EMP_09577,Product Management,Supportive,3.28,4.61,2.68,3.16,3.05,2,3.6,48.5,Moderate
EMP_09578,Sales,Supportive,4.39,3.96,2.89,3.41,3.26,1,0.9,38.3,Low
EMP_09579,Sales,Democratic,3.67,4.43,3.54,4.2,1.65,3,20.0,44.8,Low
EMP_09580,Product Management,Supportive,3.01,3.29,2.23,3.23,1.88,1,6.7,52.0,Moderate
EMP_09581,Sales,Supportive,3.65,3.47,2.53,4.07,2.78,3,0.5,51.7,Moderate
EMP_09582,Sales,Supportive,3.44,4.31,3.22,2.44,3.13,3,3.6,48.7,Moderate
EMP_09583,Sales,Supportive,3.03,4.03,3.61,3.09,2.42,4,0.5,50.1,Moderate
EMP_09584,Engineering,Supportive,3.82,4.0,2.53,2.97,3.16,3,10.8,43.5,Low
EMP_09585,Sales,Supportive,4.85,4.14,3.45,3.63,2.67,4,6.6,51.4,Moderate
EMP_09586,Sales,Supportive,3.26,3.97,3.56,4.22,2.47,1,0.5,53.2,Moderate
EMP_09587,Marketing,Democratic,3.29,3.75,3.43,2.67,2.04,2,3.6,47.4,Moderate
EMP_09588,Sales,Autocratic/Micromanagement,3.67,3.51,2.48,4.68,2.34,3,4.2,29.0,Low
EMP_09589,Marketing,Autocratic/Micromanagement,3.13,4.46,3.17,3.12,4.14,4,1.6,34.6,Low
EMP_09590,Data Science,Democratic,3.57,3.81,4.38,2.69,3.45,5,0.5,38.4,Low
EMP_09591,Sales,Supportive,3.61,3.68,2.34,4.09,3.11,3,2.3,34.8,Low
EMP_09592,Sales,Autocratic/Micromanagement,2.85,4.43,1.69,4.13,3.34,4,0.5,21.1,Low
EMP_09593,Engineering,Autocratic/Micromanagement,3.85,4.43,4.05,3.61,2.42,3,0.8,53.1,Moderate
EMP_09594,HR,Democratic,3.27,3.51,3.3,3.53,1.0,5,1.7,50.7,Moderate
EMP_09595,Sales,Supportive,3.6,3.8,4.28,2.8,3.71,3,2.1,56.2,Moderate
EMP_09596,Sales,Democratic,3.11,3.23,3.21,4.66,1.81,1,10.7,45.3,Moderate
EMP_09597,Sales,Democratic,4.1,3.62,3.16,2.92,3.18,4,0.5,31.5,Low
EMP_09598,Engineering,Democratic,3.83,4.42,2.92,3.64,2.79,5,0.5,49.0,Moderate
EMP_09599,Product Management,Democratic,4.41,3.75,2.89,3.47,2.61,4,2.0,35.8,Low
EMP_09600,Engineering,Autocratic/Micromanagement,3.7,3.21,3.11,4.34,1.92,4,0.5,45.0,Moderate
EMP_09601,Engineering,Autocratic/Micromanagement,3.82,3.21,3.52,3.23,3.3,4,0.5,48.0,Moderate
EMP_09602,Sales,Supportive,4.64,3.37,2.97,4.35,1.86,5,9.4,50.5,Moderate
EMP_09603,Data Science,Democratic,3.67,3.65,4.75,4.39,1.18,4,8.5,51.4,Moderate
EMP_09604,Sales,Supportive,3.46,4.37,2.42,2.64,1.59,4,3.7,30.2,Low
EMP_09605,Product Management,Supportive,2.82,4.78,2.52,3.37,2.19,4,4.7,52.9,Moderate
EMP_09606,Engineering,Autocratic/Micromanagement,3.48,3.52,3.36,3.29,2.7,5,16.2,44.6,Low
EMP_09607,Data Science,Supportive,3.63,3.34,3.65,3.05,1.78,4,20.0,54.6,Moderate
EMP_09608,Product Management,Autocratic/Micromanagement,2.24,3.57,2.1,3.73,2.57,2,5.8,45.0,Moderate
EMP_09609,Engineering,Supportive,4.54,3.36,4.48,3.69,2.43,4,8.2,49.5,Moderate
EMP_09610,Engineering,Democratic,4.38,3.71,2.68,3.7,2.11,4,4.3,42.7,Low
EMP_09611,Data Science,Supportive,2.86,4.08,2.7,4.19,2.66,2,0.5,49.1,Moderate
EMP_09612,Data Science,Supportive,3.53,3.05,3.34,4.12,3.59,1,3.8,45.6,Moderate
EMP_09613,HR,Democratic,3.34,4.67,3.02,3.21,2.49,4,1.6,40.9,Low
EMP_09614,Marketing,Democratic,3.37,2.63,3.28,3.86,2.37,5,2.7,42.5,Low
EMP_09615,Sales,Democratic,3.88,4.15,4.44,3.75,2.09,2,1.7,61.4,Moderate
EMP_09616,Engineering,Autocratic/Micromanagement,4.63,3.79,4.06,4.57,3.12,4,0.8,16.4,Low
EMP_09617,Sales,Democratic,3.77,3.31,1.88,4.31,1.96,2,0.8,16.9,Low
EMP_09618,HR,Supportive,3.98,3.5,2.88,3.33,1.75,4,8.4,55.1,Moderate
EMP_09619,Data Science,Supportive,3.88,3.78,2.5,2.89,2.22,5,0.5,54.8,Moderate
EMP_09620,Sales,Democratic,3.81,3.95,3.9,2.22,3.43,4,4.9,39.4,Low
EMP_09621,Marketing,Democratic,4.29,4.16,3.45,3.46,1.08,5,3.9,54.3,Moderate
EMP_09622,Data Science,Democratic,3.24,3.93,3.36,3.41,2.17,5,2.1,36.0,Low
EMP_09623,Engineering,Autocratic/Micromanagement,3.22,3.91,3.24,3.03,2.9,4,10.1,52.8,Moderate
EMP_09624,Sales,Supportive,2.96,3.91,3.77,3.12,2.39,3,0.5,50.4,Moderate
EMP_09625,Marketing,Supportive,3.9,4.71,4.12,3.82,1.96,4,0.5,56.7,Moderate
EMP_09626,Engineering,Autocratic/Micromanagement,3.89,5.0,3.92,3.63,1.63,2,4.8,60.8,Moderate
EMP_09627,Engineering,Autocratic/Micromanagement,3.46,2.77,3.12,4.19,1.92,3,3.1,28.5,Low
EMP_09628,Engineering,Supportive,2.9,4.16,3.66,4.24,1.67,5,3.1,41.8,Low
EMP_09629,Data Science,Democratic,5.0,4.11,2.34,2.1,3.1,1,8.1,39.4,Low
EMP_09630,HR,Supportive,2.96,4.59,1.38,4.06,2.21,4,5.0,46.5,Moderate
EMP_09631,HR,Supportive,4.07,4.14,4.72,4.89,1.0,5,2.6,58.7,Moderate
EMP_09632,Sales,Supportive,4.0,4.34,3.42,3.21,1.77,4,1.7,54.9,Moderate
EMP_09633,Sales,Democratic,4.18,3.66,2.32,2.81,2.91,1,1.9,29.5,Low
EMP_09634,Engineering,Supportive,2.86,3.82,4.05,4.25,3.14,2,16.3,49.7,Moderate
EMP_09635,Sales,Autocratic/Micromanagement,3.15,3.34,3.06,3.05,2.9,3,1.3,45.8,Moderate
EMP_09636,Engineering,Supportive,2.7,3.94,1.96,3.55,1.5,5,8.1,56.6,Moderate
EMP_09637,Engineering,Supportive,3.89,3.51,2.8,3.21,2.7,4,9.1,40.1,Low
EMP_09638,Marketing,Democratic,4.8,5.0,3.51,4.47,1.09,5,0.8,49.5,Moderate
EMP_09639,Engineering,Democratic,2.88,3.18,2.95,3.25,2.23,5,2.0,47.2,Moderate
EMP_09640,Data Science,Autocratic/Micromanagement,4.42,4.43,3.88,4.02,3.09,3,11.3,34.7,Low
EMP_09641,Marketing,Supportive,4.25,3.61,3.33,2.91,2.62,4,2.9,49.3,Moderate
EMP_09642,Engineering,Democratic,4.53,3.77,3.08,4.84,2.56,4,2.6,45.9,Moderate
EMP_09643,HR,Supportive,4.08,3.75,2.74,3.2,1.61,3,2.2,54.4,Moderate
EMP_09644,Data Science,Supportive,3.6,3.97,2.51,2.85,3.18,2,1.0,48.4,Moderate
EMP_09645,Engineering,Democratic,3.77,5.0,2.39,2.95,1.79,2,7.7,65.1,Moderate
EMP_09646,Engineering,Democratic,4.47,3.55,1.78,3.88,2.13,3,6.7,44.8,Low
EMP_09647,Marketing,Democratic,4.65,3.4,3.59,2.51,2.32,4,3.6,48.0,Moderate
EMP_09648,Engineering,Autocratic/Micromanagement,4.39,3.25,3.54,2.71,3.39,2,1.5,15.1,Low
EMP_09649,Sales,Supportive,4.03,3.69,3.73,3.22,2.22,3,13.3,46.6,Moderate
EMP_09650,HR,Autocratic/Micromanagement,3.58,4.52,2.67,3.98,2.87,4,4.3,40.8,Low
EMP_09651,Product Management,Democratic,3.53,4.29,2.92,4.18,2.24,4,1.8,43.5,Low
EMP_09652,Engineering,Autocratic/Micromanagement,3.26,3.86,3.49,4.09,1.68,2,2.7,50.2,Moderate
EMP_09653,Sales,Democratic,3.76,3.57,2.58,3.01,2.16,3,0.8,51.5,Moderate
EMP_09654,Sales,Supportive,4.76,4.03,3.7,3.02,2.84,4,0.5,43.9,Low
EMP_09655,Engineering,Democratic,3.92,3.47,3.11,3.45,2.1,4,3.3,39.3,Low
EMP_09656,Sales,Supportive,4.45,3.07,3.43,4.75,2.38,4,0.5,46.1,Moderate
EMP_09657,Data Science,Supportive,4.1,3.25,3.53,4.03,2.34,3,0.6,55.7,Moderate
EMP_09658,Sales,Autocratic/Micromanagement,3.09,4.0,3.58,3.59,2.48,5,6.9,43.9,Low
EMP_09659,Marketing,Supportive,4.48,5.0,2.12,3.89,3.37,4,2.3,52.3,Moderate
EMP_09660,Marketing,Democratic,3.66,4.18,4.18,4.94,2.13,1,1.5,44.3,Low
EMP_09661,Engineering,Democratic,3.11,3.02,2.76,3.26,2.61,4,1.2,43.7,Low
EMP_09662,Product Management,Democratic,3.43,3.84,4.9,3.64,2.6,5,11.7,41.1,Low
EMP_09663,Data Science,Supportive,3.59,4.78,2.54,4.42,2.42,4,5.9,69.4,Moderate
EMP_09664,Engineering,Supportive,3.58,4.17,2.13,3.81,2.28,3,2.4,44.8,Low
EMP_09665,HR,Supportive,3.21,3.22,2.81,3.8,2.46,1,0.5,51.0,Moderate
EMP_09666,Engineering,Supportive,3.77,3.14,2.65,3.71,2.71,4,1.8,52.4,Moderate
EMP_09667,Marketing,Democratic,3.57,2.66,1.81,3.83,4.3,4,2.1,35.6,Low
EMP_09668,Sales,Democratic,5.0,3.95,1.83,3.46,1.0,3,3.1,33.7,Low
EMP_09669,Engineering,Democratic,2.82,4.37,2.51,3.96,2.54,3,1.9,62.5,Moderate
EMP_09670,Engineering,Supportive,3.95,3.85,3.29,4.59,3.63,3,0.5,48.0,Moderate
EMP_09671,Sales,Autocratic/Micromanagement,3.78,4.18,3.53,4.19,2.92,2,2.8,46.3,Moderate
EMP_09672,Engineering,Autocratic/Micromanagement,3.41,3.81,2.71,3.53,2.04,4,0.8,43.6,Low
EMP_09673,Marketing,Supportive,2.3,4.18,3.03,3.56,1.0,4,11.2,58.7,Moderate
EMP_09674,Marketing,Supportive,2.79,4.46,3.52,2.81,2.53,3,0.5,50.0,Moderate
EMP_09675,Engineering,Supportive,3.35,5.0,3.63,2.66,3.34,4,1.1,58.4,Moderate
EMP_09676,Engineering,Supportive,4.26,2.98,3.89,4.3,1.11,4,2.0,57.8,Moderate
EMP_09677,Product Management,Supportive,3.42,3.34,3.8,2.82,2.52,5,4.1,49.4,Moderate
EMP_09678,Engineering,Autocratic/Micromanagement,3.12,3.9,3.46,4.07,4.68,4,0.5,26.2,Low
EMP_09679,Sales,Supportive,2.83,4.72,4.0,2.97,1.9,4,4.4,65.7,Moderate
EMP_09680,Engineering,Autocratic/Micromanagement,2.16,4.91,3.46,3.72,1.63,4,8.3,64.5,Moderate
EMP_09681,Sales,Supportive,2.91,3.89,2.28,3.07,3.23,1,5.1,31.6,Low
EMP_09682,Marketing,Democratic,3.13,4.39,3.7,3.93,2.7,2,3.1,44.8,Low
EMP_09683,Marketing,Supportive,3.46,3.89,3.63,3.0,2.33,1,0.5,55.5,Moderate
EMP_09684,Engineering,Supportive,3.82,3.51,2.9,3.87,1.44,3,8.7,52.7,Moderate
EMP_09685,HR,Democratic,3.86,3.63,2.9,3.0,2.86,4,4.9,36.6,Low
EMP_09686,Marketing,Supportive,3.14,3.72,2.69,3.6,2.98,4,2.9,41.7,Low
EMP_09687,Marketing,Supportive,4.17,3.94,3.87,3.94,1.83,4,5.8,58.5,Moderate
EMP_09688,Product Management,Democratic,4.13,4.2,4.08,3.68,3.09,5,11.7,32.9,Low
EMP_09689,Sales,Democratic,3.43,3.73,4.05,2.67,2.55,4,0.5,55.6,Moderate
EMP_09690,Product Management,Supportive,2.95,2.8,3.9,3.96,1.0,1,1.7,59.2,Moderate
EMP_09691,Data Science,Supportive,2.84,3.19,4.44,3.91,3.1,5,4.1,46.6,Moderate
EMP_09692,Marketing,Autocratic/Micromanagement,3.03,4.34,3.21,4.06,1.95,4,1.8,41.7,Low
EMP_09693,Sales,Democratic,3.11,4.87,4.09,4.37,3.62,5,17.5,47.9,Moderate
EMP_09694,Product Management,Democratic,4.64,3.92,3.02,3.97,3.07,5,3.5,36.6,Low
EMP_09695,Data Science,Supportive,3.26,3.97,3.25,2.34,2.83,4,6.2,49.6,Moderate
EMP_09696,Sales,Supportive,3.9,4.43,2.9,3.63,1.78,5,1.5,56.8,Moderate
EMP_09697,Engineering,Supportive,3.03,3.82,3.4,3.15,3.14,3,0.5,49.5,Moderate
EMP_09698,HR,Democratic,2.58,3.75,3.39,3.05,2.57,1,1.7,43.1,Low
EMP_09699,Data Science,Supportive,3.71,3.81,3.89,2.06,2.14,5,0.5,52.8,Moderate
EMP_09700,Sales,Supportive,3.21,4.68,3.69,3.24,3.46,5,2.8,48.3,Moderate
EMP_09701,Sales,Democratic,3.85,5.0,4.12,2.59,2.94,4,2.6,52.3,Moderate
EMP_09702,Engineering,Democratic,4.2,3.33,3.59,3.57,2.77,5,6.9,34.4,Low
EMP_09703,Engineering,Autocratic/Micromanagement,4.06,4.15,3.16,3.21,1.46,5,0.9,32.0,Low
EMP_09704,Engineering,Autocratic/Micromanagement,3.22,3.33,3.32,3.16,4.04,3,0.8,27.5,Low
EMP_09705,Product Management,Supportive,4.17,3.73,2.7,3.49,2.23,4,6.6,53.3,Moderate
EMP_09706,Product Management,Supportive,2.85,4.21,3.59,3.99,1.57,5,1.7,57.2,Moderate
EMP_09707,Engineering,Democratic,4.08,3.61,3.82,3.15,2.74,3,0.7,46.6,Moderate
EMP_09708,Data Science,Supportive,3.93,3.77,3.8,3.65,3.24,5,3.5,40.6,Low
EMP_09709,Product Management,Autocratic/Micromanagement,5.0,4.51,4.16,3.25,3.94,5,6.9,10.1,Low
EMP_09710,Data Science,Supportive,2.48,4.64,3.27,2.71,1.95,2,0.9,63.4,Moderate
EMP_09711,Engineering,Democratic,2.95,3.25,3.97,2.96,1.94,4,11.4,48.5,Moderate
EMP_09712,Marketing,Democratic,4.04,3.79,3.03,4.0,2.01,5,11.3,44.2,Low
EMP_09713,HR,Supportive,3.68,3.77,3.39,3.24,2.06,4,1.3,51.2,Moderate
EMP_09714,Data Science,Supportive,3.56,3.26,2.89,4.12,2.71,5,9.1,57.7,Moderate
EMP_09715,Engineering,Supportive,3.39,4.69,3.81,2.93,1.56,4,0.9,64.9,Moderate
EMP_09716,Sales,Autocratic/Micromanagement,3.36,2.92,2.31,2.66,3.15,4,1.6,23.7,Low
EMP_09717,Product Management,Supportive,4.16,3.68,3.33,3.81,2.81,4,14.1,46.9,Moderate
EMP_09718,Engineering,Supportive,3.19,4.46,3.49,3.4,2.36,5,0.5,72.2,Moderate
EMP_09719,Sales,Autocratic/Micromanagement,4.01,3.7,3.16,4.12,3.31,3,0.5,20.4,Low
EMP_09720,Sales,Democratic,4.21,3.32,2.83,3.02,2.0,2,1.8,48.4,Moderate
EMP_09721,Sales,Supportive,4.58,3.47,3.6,3.68,3.73,4,1.9,39.3,Low
EMP_09722,Engineering,Democratic,4.44,5.0,2.97,3.12,4.34,4,3.6,53.4,Moderate
EMP_09723,Engineering,Supportive,3.59,4.36,1.59,3.95,2.28,5,2.1,68.5,Moderate
EMP_09724,Data Science,Autocratic/Micromanagement,3.82,3.33,3.01,4.34,1.65,2,0.5,46.6,Moderate
EMP_09725,Data Science,Supportive,3.31,3.97,3.3,3.26,3.51,3,4.4,44.6,Low
EMP_09726,HR,Democratic,2.85,4.09,3.43,3.51,1.55,4,12.7,43.0,Low
EMP_09727,Engineering,Supportive,3.98,3.66,3.0,3.02,1.96,1,1.0,47.7,Moderate
EMP_09728,Engineering,Democratic,3.04,4.56,1.5,2.87,3.08,5,10.9,55.4,Moderate
EMP_09729,Engineering,Supportive,3.87,4.37,3.21,2.5,1.45,1,3.4,66.5,Moderate
EMP_09730,Sales,Democratic,3.85,4.17,2.92,3.81,2.33,3,7.3,43.3,Low
EMP_09731,Marketing,Supportive,2.61,4.51,1.91,3.36,3.01,2,11.7,42.3,Low
EMP_09732,HR,Autocratic/Micromanagement,3.5,3.8,3.15,4.27,1.52,3,10.0,42.2,Low
EMP_09733,Marketing,Supportive,3.55,4.34,4.73,3.57,2.99,4,0.5,51.7,Moderate
EMP_09734,Engineering,Supportive,2.97,3.91,2.76,3.0,4.29,1,3.6,51.0,Moderate
EMP_09735,Engineering,Democratic,4.39,3.49,4.05,2.68,2.29,3,2.3,45.9,Moderate
EMP_09736,Engineering,Democratic,3.3,4.42,4.24,4.3,3.14,4,2.5,56.4,Moderate
EMP_09737,Marketing,Autocratic/Micromanagement,3.28,4.9,2.5,4.12,3.1,1,1.1,39.4,Low
EMP_09738,Engineering,Supportive,3.05,3.32,3.94,5.0,1.84,4,16.8,48.9,Moderate
EMP_09739,Engineering,Supportive,4.43,4.28,1.54,3.99,2.67,5,3.8,66.0,Moderate
EMP_09740,Product Management,Supportive,3.08,4.08,3.74,3.36,2.78,1,12.2,52.2,Moderate
EMP_09741,Product Management,Supportive,3.64,3.29,3.02,4.02,2.41,4,15.5,53.9,Moderate
EMP_09742,Sales,Supportive,2.99,2.86,2.27,4.09,1.34,3,7.3,35.9,Low
EMP_09743,Product Management,Democratic,4.47,3.31,2.58,3.57,1.1,5,11.3,53.6,Moderate
EMP_09744,Marketing,Democratic,3.92,3.79,2.86,3.25,2.36,2,5.3,38.8,Low
EMP_09745,Sales,Democratic,3.86,4.27,3.96,4.83,3.22,1,15.8,49.0,Moderate
EMP_09746,Sales,Democratic,3.55,3.9,2.6,3.41,3.46,4,1.7,36.9,Low
EMP_09747,Data Science,Democratic,2.51,3.56,3.81,2.85,1.47,2,2.2,56.4,Moderate
EMP_09748,Product Management,Democratic,2.4,4.06,2.17,4.14,2.79,4,3.0,36.2,Low
EMP_09749,HR,Democratic,3.77,2.86,3.04,4.47,2.24,3,5.4,43.2,Low
EMP_09750,Marketing,Supportive,3.93,2.9,3.42,3.05,1.79,3,4.6,52.7,Moderate
EMP_09751,Marketing,Democratic,4.56,3.86,3.51,4.46,3.46,4,2.2,36.5,Low
EMP_09752,Product Management,Autocratic/Micromanagement,2.14,3.04,4.63,4.28,2.18,5,0.6,41.2,Low
EMP_09753,Engineering,Autocratic/Micromanagement,3.81,3.89,3.25,3.9,3.1,4,2.9,43.9,Low
EMP_09754,Engineering,Democratic,3.04,3.75,3.86,3.19,4.38,3,0.5,33.3,Low
EMP_09755,Engineering,Democratic,2.77,3.76,2.75,3.31,2.19,2,2.8,45.6,Moderate
EMP_09756,Product Management,Supportive,3.44,3.67,3.5,4.05,3.31,2,1.7,50.5,Moderate
EMP_09757,Marketing,Democratic,4.21,4.54,3.01,3.71,1.0,4,9.3,51.8,Moderate
EMP_09758,Data Science,Supportive,4.45,4.47,3.91,4.63,2.1,3,7.1,66.3,Moderate
EMP_09759,Product Management,Supportive,3.14,4.25,3.74,3.61,1.31,4,5.8,49.5,Moderate
EMP_09760,Product Management,Autocratic/Micromanagement,3.26,4.75,3.18,3.13,2.43,4,1.7,42.9,Low
EMP_09761,Sales,Supportive,2.72,3.79,1.93,2.93,2.13,3,4.1,32.9,Low
EMP_09762,Marketing,Supportive,3.5,4.41,3.13,3.25,3.96,4,8.1,49.7,Moderate
EMP_09763,Sales,Democratic,3.94,3.98,2.98,2.96,2.89,1,6.4,31.5,Low
EMP_09764,Data Science,Democratic,3.42,3.65,2.47,3.23,1.13,5,0.9,51.2,Moderate
EMP_09765,Product Management,Democratic,3.21,4.11,3.33,2.24,2.68,4,0.8,30.6,Low
EMP_09766,Data Science,Supportive,2.91,4.33,1.61,3.09,2.59,4,0.5,68.6,Moderate
EMP_09767,Marketing,Supportive,4.61,3.92,3.11,4.6,1.0,3,0.5,62.7,Moderate
EMP_09768,Engineering,Democratic,3.3,3.91,2.96,2.61,1.79,4,3.7,54.8,Moderate
EMP_09769,Engineering,Democratic,2.62,3.78,3.87,4.23,2.03,2,8.1,44.1,Low
EMP_09770,Sales,Democratic,3.87,3.92,3.18,4.33,1.86,3,0.5,43.8,Low
EMP_09771,Engineering,Supportive,3.55,3.64,1.35,2.7,2.23,4,3.3,60.8,Moderate
EMP_09772,HR,Supportive,4.68,4.69,2.85,3.62,1.53,4,3.9,57.3,Moderate
EMP_09773,Engineering,Supportive,3.25,4.27,2.25,3.51,1.79,4,10.6,61.3,Moderate
EMP_09774,Sales,Supportive,3.74,4.23,4.04,3.23,3.65,4,10.1,52.6,Moderate
EMP_09775,HR,Democratic,4.74,4.55,2.68,3.5,2.05,3,1.4,50.9,Moderate
EMP_09776,Engineering,Autocratic/Micromanagement,3.55,3.28,3.7,3.74,3.96,4,1.7,34.4,Low
EMP_09777,HR,Democratic,2.98,3.65,3.1,3.69,2.36,3,0.5,43.3,Low
EMP_09778,Engineering,Autocratic/Micromanagement,4.53,3.64,3.02,3.15,2.35,1,13.4,21.0,Low
EMP_09779,Sales,Democratic,3.39,4.06,3.74,3.94,2.6,4,5.7,43.4,Low
EMP_09780,Product Management,Supportive,3.41,4.35,2.76,3.92,3.1,2,0.5,52.8,Moderate
EMP_09781,Data Science,Autocratic/Micromanagement,3.07,3.7,3.73,4.66,3.46,3,5.8,35.3,Low
EMP_09782,Engineering,Supportive,3.82,3.6,2.5,3.84,1.0,4,9.1,58.0,Moderate
EMP_09783,Engineering,Democratic,3.14,3.23,2.59,4.0,3.41,4,7.9,37.3,Low
EMP_09784,Engineering,Autocratic/Micromanagement,4.2,3.96,2.28,3.6,2.57,3,0.7,11.6,Low
EMP_09785,Engineering,Democratic,4.54,4.93,2.35,3.44,2.03,5,0.9,60.3,Moderate
EMP_09786,Product Management,Democratic,4.99,4.35,2.27,4.35,2.37,4,8.8,37.9,Low
EMP_09787,Engineering,Democratic,3.94,3.82,2.64,2.93,2.6,3,0.5,39.4,Low
EMP_09788,Sales,Supportive,3.69,3.89,4.16,4.41,2.19,3,7.9,65.8,Moderate
EMP_09789,Engineering,Supportive,4.02,4.23,4.04,4.1,2.58,3,5.5,63.5,Moderate
EMP_09790,HR,Supportive,4.05,3.43,3.27,3.13,1.57,2,2.5,60.6,Moderate
EMP_09791,Marketing,Democratic,3.79,3.61,4.65,3.88,2.31,4,4.8,44.6,Low
EMP_09792,Engineering,Autocratic/Micromanagement,4.2,3.21,3.03,3.66,2.8,4,2.9,24.6,Low
EMP_09793,Marketing,Democratic,3.17,3.38,1.82,2.74,3.7,3,4.5,41.0,Low
EMP_09794,Data Science,Autocratic/Micromanagement,3.99,3.27,3.89,4.46,2.52,1,2.5,48.8,Moderate
EMP_09795,Data Science,Supportive,4.45,4.05,2.42,3.43,2.83,1,4.8,43.0,Low
EMP_09796,Marketing,Democratic,4.14,3.92,4.52,3.31,2.94,1,8.9,42.0,Low
EMP_09797,Sales,Democratic,3.72,3.24,2.62,3.52,3.71,5,1.3,38.1,Low
EMP_09798,Engineering,Supportive,2.99,4.47,3.64,3.4,2.13,2,0.5,60.4,Moderate
EMP_09799,Data Science,Democratic,3.43,3.75,1.92,3.32,3.81,4,3.0,35.8,Low
EMP_09800,Data Science,Democratic,3.89,2.85,2.27,3.75,2.24,4,5.5,51.6,Moderate
EMP_09801,Sales,Democratic,3.11,4.21,3.5,4.61,1.94,2,3.4,52.4,Moderate
EMP_09802,Product Management,Supportive,2.67,4.13,2.75,3.92,1.49,5,2.0,56.7,Moderate
EMP_09803,Product Management,Supportive,3.41,4.55,4.47,4.38,2.19,3,0.5,53.1,Moderate
EMP_09804,Engineering,Democratic,3.08,3.1,2.67,4.21,1.13,2,4.7,41.7,Low
EMP_09805,Engineering,Supportive,3.09,3.58,4.06,4.37,3.3,2,7.8,45.2,Moderate
EMP_09806,Data Science,Supportive,4.41,3.94,4.76,4.32,3.22,3,1.4,37.7,Low
EMP_09807,Sales,Supportive,3.74,3.48,3.51,3.21,2.33,5,3.5,47.2,Moderate
EMP_09808,Engineering,Supportive,3.15,3.16,2.57,3.48,2.89,5,0.5,37.3,Low
EMP_09809,Data Science,Supportive,4.18,4.3,1.93,3.37,1.99,5,1.3,70.8,Moderate
EMP_09810,Product Management,Democratic,4.76,4.74,3.02,3.32,2.07,3,12.2,47.8,Moderate
EMP_09811,Data Science,Democratic,3.43,3.56,3.41,4.35,1.27,4,4.0,49.2,Moderate
EMP_09812,Engineering,Democratic,3.19,4.39,3.04,2.94,2.14,5,1.7,54.4,Moderate
EMP_09813,Engineering,Supportive,2.38,3.92,2.58,3.28,2.85,3,2.8,41.9,Low
EMP_09814,Data Science,Democratic,3.53,3.52,3.69,3.08,3.33,5,11.5,28.3,Low
EMP_09815,Engineering,Democratic,3.79,4.29,2.77,3.81,3.37,4,8.5,43.4,Low
EMP_09816,Engineering,Supportive,4.0,4.09,2.68,4.34,4.86,4,3.3,41.5,Low
EMP_09817,Engineering,Supportive,4.84,4.08,3.72,4.04,1.03,3,7.5,60.6,Moderate
EMP_09818,Product Management,Supportive,4.04,3.9,2.86,3.95,2.76,3,9.5,46.2,Moderate
EMP_09819,Data Science,Supportive,4.37,3.4,2.99,3.95,2.33,4,1.0,53.1,Moderate
EMP_09820,Data Science,Democratic,3.36,3.88,2.8,3.84,2.05,5,6.1,36.7,Low
EMP_09821,Data Science,Supportive,3.86,3.84,2.35,4.39,2.25,5,4.5,46.8,Moderate
EMP_09822,Sales,Democratic,3.97,4.06,2.73,3.91,2.86,3,0.5,38.7,Low
EMP_09823,Engineering,Supportive,3.04,4.24,2.89,3.6,2.46,2,2.9,65.7,Moderate
EMP_09824,Product Management,Democratic,3.93,3.68,2.53,2.59,3.03,4,4.7,40.3,Low
EMP_09825,Data Science,Supportive,3.19,4.7,2.75,2.16,1.0,3,0.8,73.5,Moderate
EMP_09826,Engineering,Autocratic/Micromanagement,3.65,3.69,2.32,3.54,1.91,3,0.5,37.4,Low
EMP_09827,Data Science,Democratic,3.01,4.87,1.89,3.15,3.29,3,0.5,51.5,Moderate
EMP_09828,Product Management,Democratic,3.59,3.7,2.84,3.7,1.36,3,12.6,45.0,Moderate
EMP_09829,HR,Autocratic/Micromanagement,2.67,5.0,1.29,3.74,1.0,2,0.5,56.1,Moderate
EMP_09830,Product Management,Supportive,4.11,3.38,2.0,3.93,1.0,4,0.5,57.6,Moderate
EMP_09831,Marketing,Supportive,2.6,4.32,4.14,3.08,2.28,2,4.7,57.8,Moderate
EMP_09832,Engineering,Supportive,3.57,3.23,2.96,4.13,2.73,3,1.6,47.1,Moderate
EMP_09833,Sales,Supportive,3.95,3.44,3.39,3.28,3.87,3,8.3,45.1,Moderate
EMP_09834,Engineering,Autocratic/Micromanagement,4.88,4.89,3.51,2.83,2.22,5,4.7,33.1,Low
EMP_09835,Engineering,Autocratic/Micromanagement,3.69,4.12,3.46,3.24,2.48,5,0.7,46.1,Moderate
EMP_09836,Engineering,Supportive,4.44,4.16,4.25,2.88,2.84,3,4.5,42.5,Low
EMP_09837,Sales,Supportive,3.02,4.07,2.68,3.65,2.82,5,8.3,51.1,Moderate
EMP_09838,Engineering,Democratic,3.44,4.33,3.74,3.28,1.0,1,0.5,65.4,Moderate
EMP_09839,Engineering,Autocratic/Micromanagement,3.78,4.16,1.32,3.33,2.53,3,4.5,33.6,Low
EMP_09840,Marketing,Supportive,4.36,4.87,2.82,4.33,2.26,3,0.5,54.8,Moderate
EMP_09841,Engineering,Democratic,3.77,3.34,2.41,3.99,3.22,4,7.0,40.6,Low
EMP_09842,Engineering,Supportive,2.45,3.78,3.25,2.29,1.45,3,7.5,56.9,Moderate
EMP_09843,Marketing,Supportive,3.67,4.21,2.97,2.86,2.41,4,5.1,52.8,Moderate
EMP_09844,Sales,Supportive,4.21,3.56,3.43,3.85,2.66,3,0.5,42.4,Low
EMP_09845,Data Science,Supportive,3.99,4.14,3.43,2.55,3.13,5,4.7,45.7,Moderate
EMP_09846,Sales,Supportive,5.0,4.71,4.4,3.57,3.06,3,4.1,57.8,Moderate
EMP_09847,Sales,Supportive,5.0,2.87,2.07,3.48,3.39,3,0.9,33.8,Low
EMP_09848,Data Science,Autocratic/Micromanagement,2.95,3.54,3.8,3.23,3.21,2,1.4,38.6,Low
EMP_09849,Engineering,Democratic,2.55,3.34,2.45,3.33,2.62,5,2.2,38.7,Low
EMP_09850,Engineering,Supportive,3.29,3.07,2.48,3.99,1.79,4,13.0,52.8,Moderate
EMP_09851,Engineering,Supportive,4.53,3.87,3.14,3.01,2.6,5,0.5,51.8,Moderate
EMP_09852,Sales,Supportive,4.61,4.19,3.05,3.49,3.33,3,2.3,42.8,Low
EMP_09853,Data Science,Supportive,3.99,3.09,3.41,3.1,2.1,4,4.5,54.2,Moderate
EMP_09854,Engineering,Supportive,5.0,4.31,2.27,3.12,2.08,4,1.4,58.2,Moderate
EMP_09855,Product Management,Democratic,3.3,3.52,4.83,3.63,1.51,4,2.0,49.3,Moderate
EMP_09856,HR,Democratic,4.13,4.13,4.74,4.55,3.29,4,1.2,31.8,Low
EMP_09857,Engineering,Supportive,4.46,4.89,3.75,4.59,4.11,2,11.0,43.8,Low
EMP_09858,Sales,Autocratic/Micromanagement,3.81,4.22,3.73,3.11,2.57,5,2.4,45.7,Moderate
EMP_09859,Sales,Democratic,2.87,3.64,2.56,3.76,1.21,4,8.3,52.4,Moderate
EMP_09860,Product Management,Democratic,3.34,3.54,3.48,4.36,2.47,2,0.9,44.1,Low
EMP_09861,Product Management,Democratic,4.58,4.01,1.82,2.43,2.44,5,3.0,38.5,Low
EMP_09862,HR,Supportive,3.61,3.24,2.97,4.12,3.09,3,3.4,46.4,Moderate
EMP_09863,Sales,Supportive,4.28,4.47,3.2,3.4,2.84,4,1.6,53.6,Moderate
EMP_09864,HR,Autocratic/Micromanagement,4.01,3.79,2.21,3.86,2.8,3,0.5,23.2,Low
EMP_09865,Engineering,Supportive,3.53,4.39,2.9,4.57,1.02,2,8.8,67.4,Moderate
EMP_09866,Sales,Supportive,3.44,4.14,4.02,4.85,2.7,5,2.4,65.1,Moderate
EMP_09867,Sales,Democratic,2.64,3.32,2.25,2.64,1.0,1,1.6,28.2,Low
EMP_09868,Product Management,Supportive,4.13,3.61,3.71,3.99,2.87,4,0.5,50.4,Moderate
EMP_09869,Engineering,Supportive,3.3,3.8,3.12,3.01,3.35,4,3.6,44.7,Low
EMP_09870,Sales,Autocratic/Micromanagement,4.19,4.19,2.24,3.61,1.3,4,0.5,21.4,Low
EMP_09871,HR,Democratic,3.95,3.84,3.49,3.57,2.57,4,16.2,49.5,Moderate
EMP_09872,Marketing,Autocratic/Micromanagement,4.1,4.35,3.83,3.55,3.69,1,1.4,16.8,Low
EMP_09873,Engineering,Supportive,2.21,3.52,2.33,3.35,1.59,4,1.0,56.7,Moderate
EMP_09874,Product Management,Supportive,3.72,4.39,2.86,4.0,2.83,4,2.3,48.2,Moderate
EMP_09875,Sales,Supportive,4.02,3.92,2.35,3.31,2.73,5,2.0,30.0,Low
EMP_09876,Sales,Supportive,3.3,3.76,3.51,3.76,3.34,5,7.7,45.7,Moderate
EMP_09877,Data Science,Supportive,3.9,3.73,3.56,2.82,2.95,5,16.3,42.7,Low
EMP_09878,Sales,Autocratic/Micromanagement,4.45,3.3,3.55,4.05,1.85,4,1.0,29.1,Low
EMP_09879,Data Science,Supportive,3.7,4.42,3.6,3.43,2.78,3,1.0,63.4,Moderate
EMP_09880,HR,Supportive,2.95,3.57,2.08,4.13,3.08,3,1.8,49.7,Moderate
EMP_09881,Sales,Democratic,3.51,2.88,2.96,4.47,2.7,5,0.5,40.3,Low
EMP_09882,Data Science,Supportive,3.94,3.51,1.93,2.21,2.51,4,3.8,50.5,Moderate
EMP_09883,Marketing,Democratic,3.84,4.08,2.68,3.87,3.46,5,1.3,44.3,Low
EMP_09884,Sales,Democratic,3.45,4.01,2.66,3.65,3.3,5,2.1,42.8,Low
EMP_09885,Engineering,Democratic,3.08,4.52,2.68,3.22,1.55,5,3.8,61.7,Moderate
EMP_09886,Sales,Supportive,4.63,4.84,2.4,3.06,2.28,1,3.1,31.1,Low
EMP_09887,Marketing,Supportive,5.0,3.75,3.61,4.39,2.29,4,0.5,59.8,Moderate
EMP_09888,Sales,Supportive,3.32,3.84,4.81,4.16,2.58,3,4.5,64.5,Moderate
EMP_09889,Engineering,Supportive,4.23,4.38,3.13,3.76,2.56,3,0.9,69.6,Moderate
EMP_09890,Engineering,Democratic,3.89,3.36,2.31,4.34,2.23,2,2.2,42.1,Low
EMP_09891,Data Science,Autocratic/Micromanagement,4.28,3.6,1.53,3.69,2.06,3,8.2,22.3,Low
EMP_09892,Product Management,Democratic,3.42,3.36,2.38,3.46,3.55,4,2.8,41.3,Low
EMP_09893,Engineering,Supportive,2.95,3.87,2.91,2.68,2.96,2,0.9,51.5,Moderate
EMP_09894,Marketing,Supportive,3.9,4.61,4.28,4.53,2.18,2,0.8,49.2,Moderate
EMP_09895,Product Management,Supportive,3.31,3.92,2.49,2.62,3.82,4,8.9,40.9,Low
EMP_09896,Engineering,Democratic,3.1,3.85,3.46,4.66,3.67,1,0.8,38.1,Low
EMP_09897,HR,Autocratic/Micromanagement,2.58,4.1,3.12,2.72,2.85,2,1.8,39.6,Low
EMP_09898,Engineering,Democratic,3.9,3.2,1.88,2.87,2.68,3,0.5,39.2,Low
EMP_09899,Sales,Democratic,4.3,3.83,2.22,3.83,2.95,3,0.7,24.3,Low
EMP_09900,Data Science,Autocratic/Micromanagement,4.24,3.31,3.72,3.7,2.19,5,5.5,23.6,Low
EMP_09901,Data Science,Democratic,3.97,4.21,2.85,2.77,1.0,3,2.8,70.7,Moderate
EMP_09902,Product Management,Autocratic/Micromanagement,4.32,3.42,3.34,3.97,2.26,4,12.3,18.4,Low
EMP_09903,Product Management,Supportive,4.23,4.56,3.52,4.23,2.93,2,2.9,44.5,Low
EMP_09904,Engineering,Autocratic/Micromanagement,4.2,3.53,3.5,2.31,2.68,4,4.5,28.8,Low
EMP_09905,Sales,Supportive,3.32,4.3,2.23,3.18,2.6,3,13.8,32.2,Low
EMP_09906,Sales,Supportive,3.38,4.57,3.07,2.7,2.02,2,3.8,59.1,Moderate
EMP_09907,Engineering,Democratic,5.0,3.36,3.02,3.55,4.13,2,3.3,38.6,Low
EMP_09908,Marketing,Democratic,3.34,3.06,1.0,3.93,3.86,2,5.3,36.1,Low
EMP_09909,Engineering,Democratic,3.44,4.27,2.61,3.01,1.86,1,9.2,57.4,Moderate
EMP_09910,Data Science,Democratic,3.06,3.68,3.65,3.27,2.53,2,0.5,35.1,Low
EMP_09911,Engineering,Autocratic/Micromanagement,2.98,3.7,2.5,3.49,2.92,3,1.7,39.1,Low
EMP_09912,Engineering,Supportive,4.6,3.44,2.23,4.55,3.32,3,4.5,47.0,Moderate
EMP_09913,Marketing,Democratic,5.0,3.15,3.29,4.06,3.1,3,5.2,48.8,Moderate
EMP_09914,Marketing,Democratic,2.97,2.91,3.35,4.17,4.01,3,4.6,36.9,Low
EMP_09915,Engineering,Democratic,4.52,2.62,3.36,4.38,2.41,3,3.9,24.5,Low
EMP_09916,Data Science,Democratic,3.63,4.31,2.85,3.43,3.29,3,10.9,61.2,Moderate
EMP_09917,Product Management,Supportive,3.76,4.15,2.89,3.71,1.87,4,6.3,48.3,Moderate
EMP_09918,HR,Democratic,4.45,4.3,2.83,4.26,3.32,2,2.4,36.1,Low
EMP_09919,Product Management,Democratic,2.96,4.6,3.58,2.92,3.88,4,14.5,36.0,Low
EMP_09920,Engineering,Autocratic/Micromanagement,4.71,3.77,3.38,4.07,2.8,2,0.6,22.8,Low
EMP_09921,Engineering,Autocratic/Micromanagement,4.73,3.15,2.75,4.56,2.95,4,7.5,17.1,Low
EMP_09922,Engineering,Democratic,4.02,3.78,3.77,3.77,1.73,1,0.7,49.4,Moderate
EMP_09923,Marketing,Supportive,3.21,4.28,3.64,4.8,2.97,4,5.7,47.1,Moderate
EMP_09924,Engineering,Democratic,3.01,4.08,3.8,3.54,3.51,5,4.4,33.4,Low
EMP_09925,Marketing,Democratic,3.01,5.0,3.08,4.91,3.88,4,3.2,38.3,Low
EMP_09926,Engineering,Democratic,3.47,4.3,2.28,3.96,3.11,4,18.4,62.5,Moderate
EMP_09927,Data Science,Democratic,3.09,4.19,3.24,2.72,2.56,4,0.5,40.8,Low
EMP_09928,Engineering,Supportive,3.41,3.81,4.96,2.74,3.39,2,3.1,46.0,Moderate
EMP_09929,Engineering,Democratic,3.66,4.19,3.81,2.25,2.27,1,2.8,46.5,Moderate
EMP_09930,HR,Supportive,3.63,3.89,2.99,3.1,2.59,3,6.6,50.2,Moderate
EMP_09931,Engineering,Democratic,3.55,4.1,2.25,3.69,2.73,3,2.4,44.6,Low
EMP_09932,HR,Democratic,4.37,4.3,3.01,3.17,2.91,2,0.5,40.9,Low
EMP_09933,Engineering,Autocratic/Micromanagement,3.6,4.71,2.55,3.59,2.32,3,11.3,59.9,Moderate
EMP_09934,Marketing,Supportive,3.59,4.12,3.18,3.9,3.45,4,6.1,41.7,Low
EMP_09935,Sales,Democratic,3.71,4.41,2.1,4.51,1.12,4,1.3,31.8,Low
EMP_09936,Engineering,Supportive,3.03,3.26,2.96,3.04,1.88,3,7.5,51.5,Moderate
EMP_09937,Sales,Autocratic/Micromanagement,4.96,3.99,5.0,3.74,2.95,3,3.0,36.4,Low
EMP_09938,Data Science,Democratic,4.06,3.54,3.69,3.08,1.0,5,10.3,47.4,Moderate
EMP_09939,Data Science,Supportive,3.71,3.98,2.59,3.17,1.4,5,7.8,63.0,Moderate
EMP_09940,Marketing,Democratic,3.58,3.9,1.88,2.78,4.34,1,11.2,24.4,Low
EMP_09941,Sales,Autocratic/Micromanagement,4.21,4.06,2.5,3.3,3.15,4,1.6,21.8,Low
EMP_09942,Engineering,Autocratic/Micromanagement,3.82,3.35,3.08,2.98,3.44,4,5.1,40.0,Low
EMP_09943,HR,Democratic,3.78,4.43,4.27,2.43,2.76,4,5.9,37.9,Low
EMP_09944,Marketing,Supportive,3.11,4.62,3.89,4.76,2.15,4,4.5,50.6,Moderate
EMP_09945,Product Management,Democratic,4.07,3.99,2.03,2.95,1.64,4,1.5,41.8,Low
EMP_09946,Data Science,Democratic,3.65,4.24,2.21,3.64,2.89,3,3.0,55.3,Moderate
EMP_09947,Marketing,Supportive,2.54,4.58,3.98,3.67,1.34,5,5.8,53.6,Moderate
EMP_09948,Sales,Supportive,3.51,4.03,2.91,3.11,2.68,3,0.5,40.9,Low
EMP_09949,Marketing,Supportive,3.88,4.14,2.48,5.0,2.86,3,4.1,49.9,Moderate
EMP_09950,Data Science,Democratic,3.53,3.97,2.29,4.35,2.16,4,2.9,44.0,Low
EMP_09951,Sales,Autocratic/Micromanagement,4.48,4.37,3.17,3.36,2.23,3,1.0,24.0,Low
EMP_09952,Sales,Autocratic/Micromanagement,3.9,3.84,3.21,2.14,1.38,4,3.1,54.6,Moderate
EMP_09953,Product Management,Democratic,3.79,3.58,3.85,3.63,2.64,3,2.4,45.6,Moderate
EMP_09954,Product Management,Democratic,3.65,4.39,3.43,3.47,1.82,4,10.5,42.5,Low
EMP_09955,Product Management,Autocratic/Micromanagement,2.96,4.2,3.38,4.09,3.46,4,0.5,36.1,Low
EMP_09956,Data Science,Democratic,4.14,4.11,2.5,3.22,2.32,3,1.6,44.3,Low
EMP_09957,Engineering,Supportive,3.69,3.63,4.05,4.12,2.5,4,8.8,62.2,Moderate
EMP_09958,Marketing,Democratic,2.81,3.84,4.34,3.41,3.91,2,1.3,33.9,Low
EMP_09959,Marketing,Autocratic/Micromanagement,3.49,3.96,2.05,2.72,1.9,4,0.5,45.3,Moderate
EMP_09960,Engineering,Democratic,3.64,4.18,2.89,4.41,2.39,3,2.1,42.3,Low
EMP_09961,HR,Democratic,3.76,4.23,3.14,4.25,2.64,4,4.8,42.7,Low
EMP_09962,Marketing,Democratic,4.02,3.76,2.81,4.02,1.12,2,6.0,44.1,Low
EMP_09963,HR,Democratic,4.31,4.06,2.03,4.49,2.36,5,5.6,43.4,Low
EMP_09964,Product Management,Democratic,3.71,4.71,2.15,3.78,2.33,3,0.9,42.7,Low
EMP_09965,Product Management,Supportive,4.38,3.35,3.97,4.27,1.0,4,10.5,57.1,Moderate
EMP_09966,HR,Autocratic/Micromanagement,4.13,4.53,3.15,3.32,2.2,5,2.5,25.2,Low
EMP_09967,Engineering,Supportive,3.66,3.86,3.27,3.0,3.2,4,3.1,42.8,Low
EMP_09968,Engineering,Autocratic/Micromanagement,3.14,3.38,3.21,3.31,2.56,2,6.4,33.2,Low
EMP_09969,Product Management,Democratic,2.99,4.57,4.42,3.16,1.6,3,3.6,45.2,Moderate
EMP_09970,Sales,Democratic,3.41,3.12,2.47,4.14,2.11,4,7.3,28.2,Low
EMP_09971,Sales,Supportive,4.47,3.41,3.16,3.28,1.37,4,0.5,60.5,Moderate
EMP_09972,Product Management,Autocratic/Micromanagement,3.96,4.05,3.44,3.62,3.38,2,4.8,40.8,Low
EMP_09973,Engineering,Democratic,4.62,3.91,2.96,3.66,3.6,2,5.5,36.9,Low
EMP_09974,Sales,Democratic,3.13,3.9,2.49,3.59,3.69,1,2.9,20.5,Low
EMP_09975,Sales,Supportive,3.25,3.84,2.08,3.19,1.0,3,3.1,45.7,Moderate
EMP_09976,Engineering,Democratic,4.93,3.57,4.01,3.25,2.75,5,0.8,42.2,Low
EMP_09977,HR,Democratic,3.72,4.16,2.43,4.06,4.12,4,4.2,27.8,Low
EMP_09978,Engineering,Democratic,4.12,3.83,1.82,4.24,2.17,3,4.7,45.5,Moderate
EMP_09979,HR,Autocratic/Micromanagement,3.24,4.04,2.97,2.76,2.76,2,3.4,40.7,Low
EMP_09980,Engineering,Supportive,2.83,4.09,2.16,4.49,2.86,3,1.6,49.4,Moderate
EMP_09981,Engineering,Autocratic/Micromanagement,4.23,3.44,4.12,3.97,1.11,1,0.5,29.6,Low
EMP_09982,Engineering,Supportive,3.02,4.04,4.21,4.31,2.22,4,0.7,42.5,Low
EMP_09983,Engineering,Democratic,2.64,3.88,3.09,3.7,3.31,4,2.4,36.3,Low
EMP_09984,Product Management,Democratic,2.53,3.93,2.94,3.61,2.18,3,5.8,40.2,Low
EMP_09985,Engineering,Democratic,3.61,4.72,2.8,2.96,2.17,5,2.0,64.9,Moderate
EMP_09986,Engineering,Democratic,3.89,3.14,3.76,3.19,3.4,4,3.9,37.9,Low
EMP_09987,HR,Supportive,4.32,4.48,3.3,2.55,2.24,2,2.8,60.5,Moderate
EMP_09988,Product Management,Democratic,3.21,3.27,3.04,4.11,1.72,2,2.2,41.3,Low
EMP_09989,Engineering,Supportive,3.58,3.91,3.05,3.63,1.36,2,7.7,47.5,Moderate
EMP_09990,Engineering,Supportive,4.09,4.17,3.85,3.06,1.97,4,1.9,52.8,Moderate
EMP_09991,Sales,Supportive,3.53,4.48,2.73,3.88,4.61,2,0.5,44.2,Low
EMP_09992,Engineering,Supportive,2.95,4.45,1.86,4.23,3.07,4,5.6,67.9,Moderate
EMP_09993,Data Science,Democratic,3.57,4.05,3.17,2.59,3.02,4,5.0,45.1,Moderate
EMP_09994,Data Science,Supportive,2.32,5.0,1.75,3.69,1.21,4,3.5,79.4,High
EMP_09995,Data Science,Supportive,3.51,3.98,3.02,3.38,3.31,5,4.1,41.6,Low
EMP_09996,Marketing,Autocratic/Micromanagement,4.61,3.77,3.24,3.88,3.69,2,4.9,17.7,Low
EMP_09997,Data Science,Autocratic/Micromanagement,3.1,3.48,2.35,3.11,1.0,1,0.8,55.8,Moderate
EMP_09998,Product Management,Supportive,3.59,3.32,3.28,3.18,2.61,2,0.5,55.4,Moderate
EMP_09999,Data Science,Democratic,3.91,4.74,4.62,3.47,3.99,3,1.6,44.5,Low
EMP_10000,Engineering,Democratic,4.55,4.18,2.65,4.05,2.25,4,0.5,47.5,Moderate
